#
#  TPCParam_0
#______________________________________________________________________________
#
# Layer	Row	ATY	p0	p1
#
########################################
# TPC ADC : cde = (de-p0)*p1           #
########################################
0	0	0	0.00000000	1.00000000
0	1	0	0.00000000	1.00000000
0	2	0	0.00000000	1.00000000
0	3	0	0.00000000	1.00000000
0	4	0	0.00000000	1.00000000
0	5	0	0.00000000	1.00000000
0	6	0	0.00000000	1.00000000
0	7	0	0.00000000	1.00000000
0	8	0	0.00000000	1.00000000
0	9	0	0.00000000	1.00000000
0	10	0	0.00000000	1.00000000
0	11	0	0.00000000	1.00000000
0	12	0	0.00000000	1.00000000
0	13	0	0.00000000	1.00000000
0	14	0	0.00000000	1.00000000
0	15	0	0.00000000	1.00000000
0	16	0	0.00000000	1.00000000
0	17	0	0.00000000	1.00000000
0	18	0	0.00000000	1.00000000
0	19	0	0.00000000	1.00000000
0	20	0	0.00000000	1.00000000
0	21	0	0.00000000	1.00000000
0	22	0	0.00000000	1.00000000
0	23	0	0.00000000	1.00000000
0	24	0	0.00000000	1.00000000
0	25	0	0.00000000	1.00000000
0	26	0	0.00000000	1.00000000
0	27	0	0.00000000	1.00000000
0	28	0	0.00000000	1.00000000
0	29	0	0.00000000	1.00000000
0	30	0	0.00000000	1.00000000
0	31	0	0.00000000	1.00000000
0	32	0	0.00000000	1.00000000
0	33	0	0.00000000	1.00000000
0	34	0	0.00000000	1.00000000
0	35	0	0.00000000	1.00000000
0	36	0	0.00000000	1.00000000
0	37	0	0.00000000	1.00000000
0	38	0	0.00000000	1.00000000
0	39	0	0.00000000	1.00000000
0	40	0	0.00000000	1.00000000
0	41	0	0.00000000	1.00000000
0	42	0	0.00000000	1.00000000
0	43	0	0.00000000	1.00000000
0	44	0	0.00000000	1.00000000
0	45	0	0.00000000	1.00000000
0	46	0	0.00000000	1.00000000
0	47	0	0.00000000	1.00000000
1	0	0	0.00000000	1.00000000
1	1	0	0.00000000	1.00000000
1	2	0	0.00000000	1.00000000
1	3	0	0.00000000	1.00000000
1	4	0	0.00000000	1.00000000
1	5	0	0.00000000	1.00000000
1	6	0	0.00000000	1.00000000
1	7	0	0.00000000	1.00000000
1	8	0	0.00000000	1.00000000
1	9	0	0.00000000	1.00000000
1	10	0	0.00000000	1.00000000
1	11	0	0.00000000	1.00000000
1	12	0	0.00000000	1.00000000
1	13	0	0.00000000	1.00000000
1	14	0	0.00000000	1.00000000
1	15	0	0.00000000	1.00000000
1	16	0	0.00000000	1.00000000
1	17	0	0.00000000	1.00000000
1	18	0	0.00000000	1.00000000
1	19	0	0.00000000	1.00000000
1	20	0	0.00000000	1.00000000
1	21	0	0.00000000	1.00000000
1	22	0	0.00000000	1.00000000
1	23	0	0.00000000	1.00000000
1	24	0	0.00000000	1.00000000
1	25	0	0.00000000	1.00000000
1	26	0	0.00000000	1.00000000
1	27	0	0.00000000	1.00000000
1	28	0	0.00000000	1.00000000
1	29	0	0.00000000	1.00000000
1	30	0	0.00000000	1.00000000
1	31	0	0.00000000	1.00000000
1	32	0	0.00000000	1.00000000
1	33	0	0.00000000	1.00000000
1	34	0	0.00000000	1.00000000
1	35	0	0.00000000	1.00000000
1	36	0	0.00000000	1.00000000
1	37	0	0.00000000	1.00000000
1	38	0	0.00000000	1.00000000
1	39	0	0.00000000	1.00000000
1	40	0	0.00000000	1.00000000
1	41	0	0.00000000	1.00000000
1	42	0	0.00000000	1.00000000
1	43	0	0.00000000	1.00000000
1	44	0	0.00000000	1.00000000
1	45	0	0.00000000	1.00000000
1	46	0	0.00000000	1.00000000
1	47	0	0.00000000	1.00000000
2	0	0	0.00000000	1.00000000
2	1	0	0.00000000	1.00000000
2	2	0	0.00000000	1.00000000
2	3	0	0.00000000	1.00000000
2	4	0	0.00000000	1.00000000
2	5	0	0.00000000	1.00000000
2	6	0	0.00000000	1.00000000
2	7	0	0.00000000	1.00000000
2	8	0	0.00000000	1.00000000
2	9	0	0.00000000	1.00000000
2	10	0	0.00000000	1.00000000
2	11	0	0.00000000	1.00000000
2	12	0	0.00000000	1.00000000
2	13	0	0.00000000	1.00000000
2	14	0	0.00000000	1.00000000
2	15	0	0.00000000	1.00000000
2	16	0	0.00000000	1.00000000
2	17	0	0.00000000	1.00000000
2	18	0	0.00000000	1.00000000
2	19	0	0.00000000	1.00000000
2	20	0	0.00000000	1.00000000
2	21	0	0.00000000	1.00000000
2	22	0	0.00000000	1.00000000
2	23	0	0.00000000	1.00000000
2	24	0	0.00000000	1.00000000
2	25	0	0.00000000	1.00000000
2	26	0	0.00000000	1.00000000
2	27	0	0.00000000	1.00000000
2	28	0	0.00000000	1.00000000
2	29	0	0.00000000	1.00000000
2	30	0	0.00000000	1.00000000
2	31	0	0.00000000	1.00000000
2	32	0	0.00000000	1.00000000
2	33	0	0.00000000	1.00000000
2	34	0	0.00000000	1.00000000
2	35	0	0.00000000	1.00000000
2	36	0	0.00000000	1.00000000
2	37	0	0.00000000	1.00000000
2	38	0	0.00000000	1.00000000
2	39	0	0.00000000	1.00000000
2	40	0	0.00000000	1.00000000
2	41	0	0.00000000	1.00000000
2	42	0	0.00000000	1.00000000
2	43	0	0.00000000	1.00000000
2	44	0	0.00000000	1.00000000
2	45	0	0.00000000	1.00000000
2	46	0	0.00000000	1.00000000
2	47	0	0.00000000	1.00000000
2	48	0	0.00000000	1.00000000
2	49	0	0.00000000	1.00000000
2	50	0	0.00000000	1.00000000
2	51	0	0.00000000	1.00000000
2	52	0	0.00000000	1.00000000
2	53	0	0.00000000	1.00000000
2	54	0	0.00000000	1.00000000
2	55	0	0.00000000	1.00000000
2	56	0	0.00000000	1.00000000
2	57	0	0.00000000	1.00000000
2	58	0	0.00000000	1.00000000
2	59	0	0.00000000	1.00000000
2	60	0	0.00000000	1.00000000
2	61	0	0.00000000	1.00000000
2	62	0	0.00000000	1.00000000
2	63	0	0.00000000	1.00000000
2	64	0	0.00000000	1.00000000
2	65	0	0.00000000	1.00000000
2	66	0	0.00000000	1.00000000
2	67	0	0.00000000	1.00000000
2	68	0	0.00000000	1.00000000
2	69	0	0.00000000	1.00000000
2	70	0	0.00000000	1.00000000
2	71	0	0.00000000	1.00000000
3	0	0	0.00000000	1.00000000
3	1	0	0.00000000	1.00000000
3	2	0	0.00000000	1.00000000
3	3	0	0.00000000	1.00000000
3	4	0	0.00000000	1.00000000
3	5	0	0.00000000	1.00000000
3	6	0	0.00000000	1.00000000
3	7	0	0.00000000	1.00000000
3	8	0	0.00000000	1.00000000
3	9	0	0.00000000	1.00000000
3	10	0	0.00000000	1.00000000
3	11	0	0.00000000	1.00000000
3	12	0	0.00000000	1.00000000
3	13	0	0.00000000	1.00000000
3	14	0	0.00000000	1.00000000
3	15	0	0.00000000	1.00000000
3	16	0	0.00000000	1.00000000
3	17	0	0.00000000	1.00000000
3	18	0	0.00000000	1.00000000
3	19	0	0.00000000	1.00000000
3	20	0	0.00000000	1.00000000
3	21	0	0.00000000	1.00000000
3	22	0	0.00000000	1.00000000
3	23	0	0.00000000	1.00000000
3	24	0	0.00000000	1.00000000
3	25	0	0.00000000	1.00000000
3	26	0	0.00000000	1.00000000
3	27	0	0.00000000	1.00000000
3	28	0	0.00000000	1.00000000
3	29	0	0.00000000	1.00000000
3	30	0	0.00000000	1.00000000
3	31	0	0.00000000	1.00000000
3	32	0	0.00000000	1.00000000
3	33	0	0.00000000	1.00000000
3	34	0	0.00000000	1.00000000
3	35	0	0.00000000	1.00000000
3	36	0	0.00000000	1.00000000
3	37	0	0.00000000	1.00000000
3	38	0	0.00000000	1.00000000
3	39	0	0.00000000	1.00000000
3	40	0	0.00000000	1.00000000
3	41	0	0.00000000	1.00000000
3	42	0	0.00000000	1.00000000
3	43	0	0.00000000	1.00000000
3	44	0	0.00000000	1.00000000
3	45	0	0.00000000	1.00000000
3	46	0	0.00000000	1.00000000
3	47	0	0.00000000	1.00000000
3	48	0	0.00000000	1.00000000
3	49	0	0.00000000	1.00000000
3	50	0	0.00000000	1.00000000
3	51	0	0.00000000	1.00000000
3	52	0	0.00000000	1.00000000
3	53	0	0.00000000	1.00000000
3	54	0	0.00000000	1.00000000
3	55	0	0.00000000	1.00000000
3	56	0	0.00000000	1.00000000
3	57	0	0.00000000	1.00000000
3	58	0	0.00000000	1.00000000
3	59	0	0.00000000	1.00000000
3	60	0	0.00000000	1.00000000
3	61	0	0.00000000	1.00000000
3	62	0	0.00000000	1.00000000
3	63	0	0.00000000	1.00000000
3	64	0	0.00000000	1.00000000
3	65	0	0.00000000	1.00000000
3	66	0	0.00000000	1.00000000
3	67	0	0.00000000	1.00000000
3	68	0	0.00000000	1.00000000
3	69	0	0.00000000	1.00000000
3	70	0	0.00000000	1.00000000
3	71	0	0.00000000	1.00000000
3	72	0	0.00000000	1.00000000
3	73	0	0.00000000	1.00000000
3	74	0	0.00000000	1.00000000
3	75	0	0.00000000	1.00000000
3	76	0	0.00000000	1.00000000
3	77	0	0.00000000	1.00000000
3	78	0	0.00000000	1.00000000
3	79	0	0.00000000	1.00000000
3	80	0	0.00000000	1.00000000
3	81	0	0.00000000	1.00000000
3	82	0	0.00000000	1.00000000
3	83	0	0.00000000	1.00000000
3	84	0	0.00000000	1.00000000
3	85	0	0.00000000	1.00000000
3	86	0	0.00000000	1.00000000
3	87	0	0.00000000	1.00000000
3	88	0	0.00000000	1.00000000
3	89	0	0.00000000	1.00000000
3	90	0	0.00000000	1.00000000
3	91	0	0.00000000	1.00000000
3	92	0	0.00000000	1.00000000
3	93	0	0.00000000	1.00000000
3	94	0	0.00000000	1.00000000
3	95	0	0.00000000	1.00000000
4	0	0	0.00000000	1.00000000
4	1	0	0.00000000	1.00000000
4	2	0	0.00000000	1.00000000
4	3	0	0.00000000	1.00000000
4	4	0	0.00000000	1.00000000
4	5	0	0.00000000	1.00000000
4	6	0	0.00000000	1.00000000
4	7	0	0.00000000	1.00000000
4	8	0	0.00000000	1.00000000
4	9	0	0.00000000	1.00000000
4	10	0	0.00000000	1.00000000
4	11	0	0.00000000	1.00000000
4	12	0	0.00000000	1.00000000
4	13	0	0.00000000	1.00000000
4	14	0	0.00000000	1.00000000
4	15	0	0.00000000	1.00000000
4	16	0	0.00000000	1.00000000
4	17	0	0.00000000	1.00000000
4	18	0	0.00000000	1.00000000
4	19	0	0.00000000	1.00000000
4	20	0	0.00000000	1.00000000
4	21	0	0.00000000	1.00000000
4	22	0	0.00000000	1.00000000
4	23	0	0.00000000	1.00000000
4	24	0	0.00000000	1.00000000
4	25	0	0.00000000	1.00000000
4	26	0	0.00000000	1.00000000
4	27	0	0.00000000	1.00000000
4	28	0	0.00000000	1.00000000
4	29	0	0.00000000	1.00000000
4	30	0	0.00000000	1.00000000
4	31	0	0.00000000	1.00000000
4	32	0	0.00000000	1.00000000
4	33	0	0.00000000	1.00000000
4	34	0	0.00000000	1.00000000
4	35	0	0.00000000	1.00000000
4	36	0	0.00000000	1.00000000
4	37	0	0.00000000	1.00000000
4	38	0	0.00000000	1.00000000
4	39	0	0.00000000	1.00000000
4	40	0	0.00000000	1.00000000
4	41	0	0.00000000	1.00000000
4	42	0	0.00000000	1.00000000
4	43	0	0.00000000	1.00000000
4	44	0	0.00000000	1.00000000
4	45	0	0.00000000	1.00000000
4	46	0	0.00000000	1.00000000
4	47	0	0.00000000	1.00000000
4	48	0	0.00000000	1.00000000
4	49	0	0.00000000	1.00000000
4	50	0	0.00000000	1.00000000
4	51	0	0.00000000	1.00000000
4	52	0	0.00000000	1.00000000
4	53	0	0.00000000	1.00000000
4	54	0	0.00000000	1.00000000
4	55	0	0.00000000	1.00000000
4	56	0	0.00000000	1.00000000
4	57	0	0.00000000	1.00000000
4	58	0	0.00000000	1.00000000
4	59	0	0.00000000	1.00000000
4	60	0	0.00000000	1.00000000
4	61	0	0.00000000	1.00000000
4	62	0	0.00000000	1.00000000
4	63	0	0.00000000	1.00000000
4	64	0	0.00000000	1.00000000
4	65	0	0.00000000	1.00000000
4	66	0	0.00000000	1.00000000
4	67	0	0.00000000	1.00000000
4	68	0	0.00000000	1.00000000
4	69	0	0.00000000	1.00000000
4	70	0	0.00000000	1.00000000
4	71	0	0.00000000	1.00000000
4	72	0	0.00000000	1.00000000
4	73	0	0.00000000	1.00000000
4	74	0	0.00000000	1.00000000
4	75	0	0.00000000	1.00000000
4	76	0	0.00000000	1.00000000
4	77	0	0.00000000	1.00000000
4	78	0	0.00000000	1.00000000
4	79	0	0.00000000	1.00000000
4	80	0	0.00000000	1.00000000
4	81	0	0.00000000	1.00000000
4	82	0	0.00000000	1.00000000
4	83	0	0.00000000	1.00000000
4	84	0	0.00000000	1.00000000
4	85	0	0.00000000	1.00000000
4	86	0	0.00000000	1.00000000
4	87	0	0.00000000	1.00000000
4	88	0	0.00000000	1.00000000
4	89	0	0.00000000	1.00000000
4	90	0	0.00000000	1.00000000
4	91	0	0.00000000	1.00000000
4	92	0	0.00000000	1.00000000
4	93	0	0.00000000	1.00000000
4	94	0	0.00000000	1.00000000
4	95	0	0.00000000	1.00000000
4	96	0	0.00000000	1.00000000
4	97	0	0.00000000	1.00000000
4	98	0	0.00000000	1.00000000
4	99	0	0.00000000	1.00000000
4	100	0	0.00000000	1.00000000
4	101	0	0.00000000	1.00000000
4	102	0	0.00000000	1.00000000
4	103	0	0.00000000	1.00000000
4	104	0	0.00000000	1.00000000
4	105	0	0.00000000	1.00000000
4	106	0	0.00000000	1.00000000
4	107	0	0.00000000	1.00000000
4	108	0	0.00000000	1.00000000
4	109	0	0.00000000	1.00000000
4	110	0	0.00000000	1.00000000
4	111	0	0.00000000	1.00000000
4	112	0	0.00000000	1.00000000
4	113	0	0.00000000	1.00000000
4	114	0	0.00000000	1.00000000
4	115	0	0.00000000	1.00000000
4	116	0	0.00000000	1.00000000
4	117	0	0.00000000	1.00000000
4	118	0	0.00000000	1.00000000
4	119	0	0.00000000	1.00000000
5	0	0	0.00000000	1.00000000
5	1	0	0.00000000	1.00000000
5	2	0	0.00000000	1.00000000
5	3	0	0.00000000	1.00000000
5	4	0	0.00000000	1.00000000
5	5	0	0.00000000	1.00000000
5	6	0	0.00000000	1.00000000
5	7	0	0.00000000	1.00000000
5	8	0	0.00000000	1.00000000
5	9	0	0.00000000	1.00000000
5	10	0	0.00000000	1.00000000
5	11	0	0.00000000	1.00000000
5	12	0	0.00000000	1.00000000
5	13	0	0.00000000	1.00000000
5	14	0	0.00000000	1.00000000
5	15	0	0.00000000	1.00000000
5	16	0	0.00000000	1.00000000
5	17	0	0.00000000	1.00000000
5	18	0	0.00000000	1.00000000
5	19	0	0.00000000	1.00000000
5	20	0	0.00000000	1.00000000
5	21	0	0.00000000	1.00000000
5	22	0	0.00000000	1.00000000
5	23	0	0.00000000	1.00000000
5	24	0	0.00000000	1.00000000
5	25	0	0.00000000	1.00000000
5	26	0	0.00000000	1.00000000
5	27	0	0.00000000	1.00000000
5	28	0	0.00000000	1.00000000
5	29	0	0.00000000	1.00000000
5	30	0	0.00000000	1.00000000
5	31	0	0.00000000	1.00000000
5	32	0	0.00000000	1.00000000
5	33	0	0.00000000	1.00000000
5	34	0	0.00000000	1.00000000
5	35	0	0.00000000	1.00000000
5	36	0	0.00000000	1.00000000
5	37	0	0.00000000	1.00000000
5	38	0	0.00000000	1.00000000
5	39	0	0.00000000	1.00000000
5	40	0	0.00000000	1.00000000
5	41	0	0.00000000	1.00000000
5	42	0	0.00000000	1.00000000
5	43	0	0.00000000	1.00000000
5	44	0	0.00000000	1.00000000
5	45	0	0.00000000	1.00000000
5	46	0	0.00000000	1.00000000
5	47	0	0.00000000	1.00000000
5	48	0	0.00000000	1.00000000
5	49	0	0.00000000	1.00000000
5	50	0	0.00000000	1.00000000
5	51	0	0.00000000	1.00000000
5	52	0	0.00000000	1.00000000
5	53	0	0.00000000	1.00000000
5	54	0	0.00000000	1.00000000
5	55	0	0.00000000	1.00000000
5	56	0	0.00000000	1.00000000
5	57	0	0.00000000	1.00000000
5	58	0	0.00000000	1.00000000
5	59	0	0.00000000	1.00000000
5	60	0	0.00000000	1.00000000
5	61	0	0.00000000	1.00000000
5	62	0	0.00000000	1.00000000
5	63	0	0.00000000	1.00000000
5	64	0	0.00000000	1.00000000
5	65	0	0.00000000	1.00000000
5	66	0	0.00000000	1.00000000
5	67	0	0.00000000	1.00000000
5	68	0	0.00000000	1.00000000
5	69	0	0.00000000	1.00000000
5	70	0	0.00000000	1.00000000
5	71	0	0.00000000	1.00000000
5	72	0	0.00000000	1.00000000
5	73	0	0.00000000	1.00000000
5	74	0	0.00000000	1.00000000
5	75	0	0.00000000	1.00000000
5	76	0	0.00000000	1.00000000
5	77	0	0.00000000	1.00000000
5	78	0	0.00000000	1.00000000
5	79	0	0.00000000	1.00000000
5	80	0	0.00000000	1.00000000
5	81	0	0.00000000	1.00000000
5	82	0	0.00000000	1.00000000
5	83	0	0.00000000	1.00000000
5	84	0	0.00000000	1.00000000
5	85	0	0.00000000	1.00000000
5	86	0	0.00000000	1.00000000
5	87	0	0.00000000	1.00000000
5	88	0	0.00000000	1.00000000
5	89	0	0.00000000	1.00000000
5	90	0	0.00000000	1.00000000
5	91	0	0.00000000	1.00000000
5	92	0	0.00000000	1.00000000
5	93	0	0.00000000	1.00000000
5	94	0	0.00000000	1.00000000
5	95	0	0.00000000	1.00000000
5	96	0	0.00000000	1.00000000
5	97	0	0.00000000	1.00000000
5	98	0	0.00000000	1.00000000
5	99	0	0.00000000	1.00000000
5	100	0	0.00000000	1.00000000
5	101	0	0.00000000	1.00000000
5	102	0	0.00000000	1.00000000
5	103	0	0.00000000	1.00000000
5	104	0	0.00000000	1.00000000
5	105	0	0.00000000	1.00000000
5	106	0	0.00000000	1.00000000
5	107	0	0.00000000	1.00000000
5	108	0	0.00000000	1.00000000
5	109	0	0.00000000	1.00000000
5	110	0	0.00000000	1.00000000
5	111	0	0.00000000	1.00000000
5	112	0	0.00000000	1.00000000
5	113	0	0.00000000	1.00000000
5	114	0	0.00000000	1.00000000
5	115	0	0.00000000	1.00000000
5	116	0	0.00000000	1.00000000
5	117	0	0.00000000	1.00000000
5	118	0	0.00000000	1.00000000
5	119	0	0.00000000	1.00000000
5	120	0	0.00000000	1.00000000
5	121	0	0.00000000	1.00000000
5	122	0	0.00000000	1.00000000
5	123	0	0.00000000	1.00000000
5	124	0	0.00000000	1.00000000
5	125	0	0.00000000	1.00000000
5	126	0	0.00000000	1.00000000
5	127	0	0.00000000	1.00000000
5	128	0	0.00000000	1.00000000
5	129	0	0.00000000	1.00000000
5	130	0	0.00000000	1.00000000
5	131	0	0.00000000	1.00000000
5	132	0	0.00000000	1.00000000
5	133	0	0.00000000	1.00000000
5	134	0	0.00000000	1.00000000
5	135	0	0.00000000	1.00000000
5	136	0	0.00000000	1.00000000
5	137	0	0.00000000	1.00000000
5	138	0	0.00000000	1.00000000
5	139	0	0.00000000	1.00000000
5	140	0	0.00000000	1.00000000
5	141	0	0.00000000	1.00000000
5	142	0	0.00000000	1.00000000
5	143	0	0.00000000	1.00000000
6	0	0	0.00000000	1.00000000
6	1	0	0.00000000	1.00000000
6	2	0	0.00000000	1.00000000
6	3	0	0.00000000	1.00000000
6	4	0	0.00000000	1.00000000
6	5	0	0.00000000	1.00000000
6	6	0	0.00000000	1.00000000
6	7	0	0.00000000	1.00000000
6	8	0	0.00000000	1.00000000
6	9	0	0.00000000	1.00000000
6	10	0	0.00000000	1.00000000
6	11	0	0.00000000	1.00000000
6	12	0	0.00000000	1.00000000
6	13	0	0.00000000	1.00000000
6	14	0	0.00000000	1.00000000
6	15	0	0.00000000	1.00000000
6	16	0	0.00000000	1.00000000
6	17	0	0.00000000	1.00000000
6	18	0	0.00000000	1.00000000
6	19	0	0.00000000	1.00000000
6	20	0	0.00000000	1.00000000
6	21	0	0.00000000	1.00000000
6	22	0	0.00000000	1.00000000
6	23	0	0.00000000	1.00000000
6	24	0	0.00000000	1.00000000
6	25	0	0.00000000	1.00000000
6	26	0	0.00000000	1.00000000
6	27	0	0.00000000	1.00000000
6	28	0	0.00000000	1.00000000
6	29	0	0.00000000	1.00000000
6	30	0	0.00000000	1.00000000
6	31	0	0.00000000	1.00000000
6	32	0	0.00000000	1.00000000
6	33	0	0.00000000	1.00000000
6	34	0	0.00000000	1.00000000
6	35	0	0.00000000	1.00000000
6	36	0	0.00000000	1.00000000
6	37	0	0.00000000	1.00000000
6	38	0	0.00000000	1.00000000
6	39	0	0.00000000	1.00000000
6	40	0	0.00000000	1.00000000
6	41	0	0.00000000	1.00000000
6	42	0	0.00000000	1.00000000
6	43	0	0.00000000	1.00000000
6	44	0	0.00000000	1.00000000
6	45	0	0.00000000	1.00000000
6	46	0	0.00000000	1.00000000
6	47	0	0.00000000	1.00000000
6	48	0	0.00000000	1.00000000
6	49	0	0.00000000	1.00000000
6	50	0	0.00000000	1.00000000
6	51	0	0.00000000	1.00000000
6	52	0	0.00000000	1.00000000
6	53	0	0.00000000	1.00000000
6	54	0	0.00000000	1.00000000
6	55	0	0.00000000	1.00000000
6	56	0	0.00000000	1.00000000
6	57	0	0.00000000	1.00000000
6	58	0	0.00000000	1.00000000
6	59	0	0.00000000	1.00000000
6	60	0	0.00000000	1.00000000
6	61	0	0.00000000	1.00000000
6	62	0	0.00000000	1.00000000
6	63	0	0.00000000	1.00000000
6	64	0	0.00000000	1.00000000
6	65	0	0.00000000	1.00000000
6	66	0	0.00000000	1.00000000
6	67	0	0.00000000	1.00000000
6	68	0	0.00000000	1.00000000
6	69	0	0.00000000	1.00000000
6	70	0	0.00000000	1.00000000
6	71	0	0.00000000	1.00000000
6	72	0	0.00000000	1.00000000
6	73	0	0.00000000	1.00000000
6	74	0	0.00000000	1.00000000
6	75	0	0.00000000	1.00000000
6	76	0	0.00000000	1.00000000
6	77	0	0.00000000	1.00000000
6	78	0	0.00000000	1.00000000
6	79	0	0.00000000	1.00000000
6	80	0	0.00000000	1.00000000
6	81	0	0.00000000	1.00000000
6	82	0	0.00000000	1.00000000
6	83	0	0.00000000	1.00000000
6	84	0	0.00000000	1.00000000
6	85	0	0.00000000	1.00000000
6	86	0	0.00000000	1.00000000
6	87	0	0.00000000	1.00000000
6	88	0	0.00000000	1.00000000
6	89	0	0.00000000	1.00000000
6	90	0	0.00000000	1.00000000
6	91	0	0.00000000	1.00000000
6	92	0	0.00000000	1.00000000
6	93	0	0.00000000	1.00000000
6	94	0	0.00000000	1.00000000
6	95	0	0.00000000	1.00000000
6	96	0	0.00000000	1.00000000
6	97	0	0.00000000	1.00000000
6	98	0	0.00000000	1.00000000
6	99	0	0.00000000	1.00000000
6	100	0	0.00000000	1.00000000
6	101	0	0.00000000	1.00000000
6	102	0	0.00000000	1.00000000
6	103	0	0.00000000	1.00000000
6	104	0	0.00000000	1.00000000
6	105	0	0.00000000	1.00000000
6	106	0	0.00000000	1.00000000
6	107	0	0.00000000	1.00000000
6	108	0	0.00000000	1.00000000
6	109	0	0.00000000	1.00000000
6	110	0	0.00000000	1.00000000
6	111	0	0.00000000	1.00000000
6	112	0	0.00000000	1.00000000
6	113	0	0.00000000	1.00000000
6	114	0	0.00000000	1.00000000
6	115	0	0.00000000	1.00000000
6	116	0	0.00000000	1.00000000
6	117	0	0.00000000	1.00000000
6	118	0	0.00000000	1.00000000
6	119	0	0.00000000	1.00000000
6	120	0	0.00000000	1.00000000
6	121	0	0.00000000	1.00000000
6	122	0	0.00000000	1.00000000
6	123	0	0.00000000	1.00000000
6	124	0	0.00000000	1.00000000
6	125	0	0.00000000	1.00000000
6	126	0	0.00000000	1.00000000
6	127	0	0.00000000	1.00000000
6	128	0	0.00000000	1.00000000
6	129	0	0.00000000	1.00000000
6	130	0	0.00000000	1.00000000
6	131	0	0.00000000	1.00000000
6	132	0	0.00000000	1.00000000
6	133	0	0.00000000	1.00000000
6	134	0	0.00000000	1.00000000
6	135	0	0.00000000	1.00000000
6	136	0	0.00000000	1.00000000
6	137	0	0.00000000	1.00000000
6	138	0	0.00000000	1.00000000
6	139	0	0.00000000	1.00000000
6	140	0	0.00000000	1.00000000
6	141	0	0.00000000	1.00000000
6	142	0	0.00000000	1.00000000
6	143	0	0.00000000	1.00000000
6	144	0	0.00000000	1.00000000
6	145	0	0.00000000	1.00000000
6	146	0	0.00000000	1.00000000
6	147	0	0.00000000	1.00000000
6	148	0	0.00000000	1.00000000
6	149	0	0.00000000	1.00000000
6	150	0	0.00000000	1.00000000
6	151	0	0.00000000	1.00000000
6	152	0	0.00000000	1.00000000
6	153	0	0.00000000	1.00000000
6	154	0	0.00000000	1.00000000
6	155	0	0.00000000	1.00000000
6	156	0	0.00000000	1.00000000
6	157	0	0.00000000	1.00000000
6	158	0	0.00000000	1.00000000
6	159	0	0.00000000	1.00000000
6	160	0	0.00000000	1.00000000
6	161	0	0.00000000	1.00000000
6	162	0	0.00000000	1.00000000
6	163	0	0.00000000	1.00000000
6	164	0	0.00000000	1.00000000
6	165	0	0.00000000	1.00000000
6	166	0	0.00000000	1.00000000
6	167	0	0.00000000	1.00000000
7	0	0	0.00000000	1.00000000
7	1	0	0.00000000	1.00000000
7	2	0	0.00000000	1.00000000
7	3	0	0.00000000	1.00000000
7	4	0	0.00000000	1.00000000
7	5	0	0.00000000	1.00000000
7	6	0	0.00000000	1.00000000
7	7	0	0.00000000	1.00000000
7	8	0	0.00000000	1.00000000
7	9	0	0.00000000	1.00000000
7	10	0	0.00000000	1.00000000
7	11	0	0.00000000	1.00000000
7	12	0	0.00000000	1.00000000
7	13	0	0.00000000	1.00000000
7	14	0	0.00000000	1.00000000
7	15	0	0.00000000	1.00000000
7	16	0	0.00000000	1.00000000
7	17	0	0.00000000	1.00000000
7	18	0	0.00000000	1.00000000
7	19	0	0.00000000	1.00000000
7	20	0	0.00000000	1.00000000
7	21	0	0.00000000	1.00000000
7	22	0	0.00000000	1.00000000
7	23	0	0.00000000	1.00000000
7	24	0	0.00000000	1.00000000
7	25	0	0.00000000	1.00000000
7	26	0	0.00000000	1.00000000
7	27	0	0.00000000	1.00000000
7	28	0	0.00000000	1.00000000
7	29	0	0.00000000	1.00000000
7	30	0	0.00000000	1.00000000
7	31	0	0.00000000	1.00000000
7	32	0	0.00000000	1.00000000
7	33	0	0.00000000	1.00000000
7	34	0	0.00000000	1.00000000
7	35	0	0.00000000	1.00000000
7	36	0	0.00000000	1.00000000
7	37	0	0.00000000	1.00000000
7	38	0	0.00000000	1.00000000
7	39	0	0.00000000	1.00000000
7	40	0	0.00000000	1.00000000
7	41	0	0.00000000	1.00000000
7	42	0	0.00000000	1.00000000
7	43	0	0.00000000	1.00000000
7	44	0	0.00000000	1.00000000
7	45	0	0.00000000	1.00000000
7	46	0	0.00000000	1.00000000
7	47	0	0.00000000	1.00000000
7	48	0	0.00000000	1.00000000
7	49	0	0.00000000	1.00000000
7	50	0	0.00000000	1.00000000
7	51	0	0.00000000	1.00000000
7	52	0	0.00000000	1.00000000
7	53	0	0.00000000	1.00000000
7	54	0	0.00000000	1.00000000
7	55	0	0.00000000	1.00000000
7	56	0	0.00000000	1.00000000
7	57	0	0.00000000	1.00000000
7	58	0	0.00000000	1.00000000
7	59	0	0.00000000	1.00000000
7	60	0	0.00000000	1.00000000
7	61	0	0.00000000	1.00000000
7	62	0	0.00000000	1.00000000
7	63	0	0.00000000	1.00000000
7	64	0	0.00000000	1.00000000
7	65	0	0.00000000	1.00000000
7	66	0	0.00000000	1.00000000
7	67	0	0.00000000	1.00000000
7	68	0	0.00000000	1.00000000
7	69	0	0.00000000	1.00000000
7	70	0	0.00000000	1.00000000
7	71	0	0.00000000	1.00000000
7	72	0	0.00000000	1.00000000
7	73	0	0.00000000	1.00000000
7	74	0	0.00000000	1.00000000
7	75	0	0.00000000	1.00000000
7	76	0	0.00000000	1.00000000
7	77	0	0.00000000	1.00000000
7	78	0	0.00000000	1.00000000
7	79	0	0.00000000	1.00000000
7	80	0	0.00000000	1.00000000
7	81	0	0.00000000	1.00000000
7	82	0	0.00000000	1.00000000
7	83	0	0.00000000	1.00000000
7	84	0	0.00000000	1.00000000
7	85	0	0.00000000	1.00000000
7	86	0	0.00000000	1.00000000
7	87	0	0.00000000	1.00000000
7	88	0	0.00000000	1.00000000
7	89	0	0.00000000	1.00000000
7	90	0	0.00000000	1.00000000
7	91	0	0.00000000	1.00000000
7	92	0	0.00000000	1.00000000
7	93	0	0.00000000	1.00000000
7	94	0	0.00000000	1.00000000
7	95	0	0.00000000	1.00000000
7	96	0	0.00000000	1.00000000
7	97	0	0.00000000	1.00000000
7	98	0	0.00000000	1.00000000
7	99	0	0.00000000	1.00000000
7	100	0	0.00000000	1.00000000
7	101	0	0.00000000	1.00000000
7	102	0	0.00000000	1.00000000
7	103	0	0.00000000	1.00000000
7	104	0	0.00000000	1.00000000
7	105	0	0.00000000	1.00000000
7	106	0	0.00000000	1.00000000
7	107	0	0.00000000	1.00000000
7	108	0	0.00000000	1.00000000
7	109	0	0.00000000	1.00000000
7	110	0	0.00000000	1.00000000
7	111	0	0.00000000	1.00000000
7	112	0	0.00000000	1.00000000
7	113	0	0.00000000	1.00000000
7	114	0	0.00000000	1.00000000
7	115	0	0.00000000	1.00000000
7	116	0	0.00000000	1.00000000
7	117	0	0.00000000	1.00000000
7	118	0	0.00000000	1.00000000
7	119	0	0.00000000	1.00000000
7	120	0	0.00000000	1.00000000
7	121	0	0.00000000	1.00000000
7	122	0	0.00000000	1.00000000
7	123	0	0.00000000	1.00000000
7	124	0	0.00000000	1.00000000
7	125	0	0.00000000	1.00000000
7	126	0	0.00000000	1.00000000
7	127	0	0.00000000	1.00000000
7	128	0	0.00000000	1.00000000
7	129	0	0.00000000	1.00000000
7	130	0	0.00000000	1.00000000
7	131	0	0.00000000	1.00000000
7	132	0	0.00000000	1.00000000
7	133	0	0.00000000	1.00000000
7	134	0	0.00000000	1.00000000
7	135	0	0.00000000	1.00000000
7	136	0	0.00000000	1.00000000
7	137	0	0.00000000	1.00000000
7	138	0	0.00000000	1.00000000
7	139	0	0.00000000	1.00000000
7	140	0	0.00000000	1.00000000
7	141	0	0.00000000	1.00000000
7	142	0	0.00000000	1.00000000
7	143	0	0.00000000	1.00000000
7	144	0	0.00000000	1.00000000
7	145	0	0.00000000	1.00000000
7	146	0	0.00000000	1.00000000
7	147	0	0.00000000	1.00000000
7	148	0	0.00000000	1.00000000
7	149	0	0.00000000	1.00000000
7	150	0	0.00000000	1.00000000
7	151	0	0.00000000	1.00000000
7	152	0	0.00000000	1.00000000
7	153	0	0.00000000	1.00000000
7	154	0	0.00000000	1.00000000
7	155	0	0.00000000	1.00000000
7	156	0	0.00000000	1.00000000
7	157	0	0.00000000	1.00000000
7	158	0	0.00000000	1.00000000
7	159	0	0.00000000	1.00000000
7	160	0	0.00000000	1.00000000
7	161	0	0.00000000	1.00000000
7	162	0	0.00000000	1.00000000
7	163	0	0.00000000	1.00000000
7	164	0	0.00000000	1.00000000
7	165	0	0.00000000	1.00000000
7	166	0	0.00000000	1.00000000
7	167	0	0.00000000	1.00000000
7	168	0	0.00000000	1.00000000
7	169	0	0.00000000	1.00000000
7	170	0	0.00000000	1.00000000
7	171	0	0.00000000	1.00000000
7	172	0	0.00000000	1.00000000
7	173	0	0.00000000	1.00000000
7	174	0	0.00000000	1.00000000
7	175	0	0.00000000	1.00000000
7	176	0	0.00000000	1.00000000
7	177	0	0.00000000	1.00000000
7	178	0	0.00000000	1.00000000
7	179	0	0.00000000	1.00000000
7	180	0	0.00000000	1.00000000
7	181	0	0.00000000	1.00000000
7	182	0	0.00000000	1.00000000
7	183	0	0.00000000	1.00000000
7	184	0	0.00000000	1.00000000
7	185	0	0.00000000	1.00000000
7	186	0	0.00000000	1.00000000
7	187	0	0.00000000	1.00000000
7	188	0	0.00000000	1.00000000
7	189	0	0.00000000	1.00000000
7	190	0	0.00000000	1.00000000
7	191	0	0.00000000	1.00000000
8	0	0	0.00000000	1.00000000
8	1	0	0.00000000	1.00000000
8	2	0	0.00000000	1.00000000
8	3	0	0.00000000	1.00000000
8	4	0	0.00000000	1.00000000
8	5	0	0.00000000	1.00000000
8	6	0	0.00000000	1.00000000
8	7	0	0.00000000	1.00000000
8	8	0	0.00000000	1.00000000
8	9	0	0.00000000	1.00000000
8	10	0	0.00000000	1.00000000
8	11	0	0.00000000	1.00000000
8	12	0	0.00000000	1.00000000
8	13	0	0.00000000	1.00000000
8	14	0	0.00000000	1.00000000
8	15	0	0.00000000	1.00000000
8	16	0	0.00000000	1.00000000
8	17	0	0.00000000	1.00000000
8	18	0	0.00000000	1.00000000
8	19	0	0.00000000	1.00000000
8	20	0	0.00000000	1.00000000
8	21	0	0.00000000	1.00000000
8	22	0	0.00000000	1.00000000
8	23	0	0.00000000	1.00000000
8	24	0	0.00000000	1.00000000
8	25	0	0.00000000	1.00000000
8	26	0	0.00000000	1.00000000
8	27	0	0.00000000	1.00000000
8	28	0	0.00000000	1.00000000
8	29	0	0.00000000	1.00000000
8	30	0	0.00000000	1.00000000
8	31	0	0.00000000	1.00000000
8	32	0	0.00000000	1.00000000
8	33	0	0.00000000	1.00000000
8	34	0	0.00000000	1.00000000
8	35	0	0.00000000	1.00000000
8	36	0	0.00000000	1.00000000
8	37	0	0.00000000	1.00000000
8	38	0	0.00000000	1.00000000
8	39	0	0.00000000	1.00000000
8	40	0	0.00000000	1.00000000
8	41	0	0.00000000	1.00000000
8	42	0	0.00000000	1.00000000
8	43	0	0.00000000	1.00000000
8	44	0	0.00000000	1.00000000
8	45	0	0.00000000	1.00000000
8	46	0	0.00000000	1.00000000
8	47	0	0.00000000	1.00000000
8	48	0	0.00000000	1.00000000
8	49	0	0.00000000	1.00000000
8	50	0	0.00000000	1.00000000
8	51	0	0.00000000	1.00000000
8	52	0	0.00000000	1.00000000
8	53	0	0.00000000	1.00000000
8	54	0	0.00000000	1.00000000
8	55	0	0.00000000	1.00000000
8	56	0	0.00000000	1.00000000
8	57	0	0.00000000	1.00000000
8	58	0	0.00000000	1.00000000
8	59	0	0.00000000	1.00000000
8	60	0	0.00000000	1.00000000
8	61	0	0.00000000	1.00000000
8	62	0	0.00000000	1.00000000
8	63	0	0.00000000	1.00000000
8	64	0	0.00000000	1.00000000
8	65	0	0.00000000	1.00000000
8	66	0	0.00000000	1.00000000
8	67	0	0.00000000	1.00000000
8	68	0	0.00000000	1.00000000
8	69	0	0.00000000	1.00000000
8	70	0	0.00000000	1.00000000
8	71	0	0.00000000	1.00000000
8	72	0	0.00000000	1.00000000
8	73	0	0.00000000	1.00000000
8	74	0	0.00000000	1.00000000
8	75	0	0.00000000	1.00000000
8	76	0	0.00000000	1.00000000
8	77	0	0.00000000	1.00000000
8	78	0	0.00000000	1.00000000
8	79	0	0.00000000	1.00000000
8	80	0	0.00000000	1.00000000
8	81	0	0.00000000	1.00000000
8	82	0	0.00000000	1.00000000
8	83	0	0.00000000	1.00000000
8	84	0	0.00000000	1.00000000
8	85	0	0.00000000	1.00000000
8	86	0	0.00000000	1.00000000
8	87	0	0.00000000	1.00000000
8	88	0	0.00000000	1.00000000
8	89	0	0.00000000	1.00000000
8	90	0	0.00000000	1.00000000
8	91	0	0.00000000	1.00000000
8	92	0	0.00000000	1.00000000
8	93	0	0.00000000	1.00000000
8	94	0	0.00000000	1.00000000
8	95	0	0.00000000	1.00000000
8	96	0	0.00000000	1.00000000
8	97	0	0.00000000	1.00000000
8	98	0	0.00000000	1.00000000
8	99	0	0.00000000	1.00000000
8	100	0	0.00000000	1.00000000
8	101	0	0.00000000	1.00000000
8	102	0	0.00000000	1.00000000
8	103	0	0.00000000	1.00000000
8	104	0	0.00000000	1.00000000
8	105	0	0.00000000	1.00000000
8	106	0	0.00000000	1.00000000
8	107	0	0.00000000	1.00000000
8	108	0	0.00000000	1.00000000
8	109	0	0.00000000	1.00000000
8	110	0	0.00000000	1.00000000
8	111	0	0.00000000	1.00000000
8	112	0	0.00000000	1.00000000
8	113	0	0.00000000	1.00000000
8	114	0	0.00000000	1.00000000
8	115	0	0.00000000	1.00000000
8	116	0	0.00000000	1.00000000
8	117	0	0.00000000	1.00000000
8	118	0	0.00000000	1.00000000
8	119	0	0.00000000	1.00000000
8	120	0	0.00000000	1.00000000
8	121	0	0.00000000	1.00000000
8	122	0	0.00000000	1.00000000
8	123	0	0.00000000	1.00000000
8	124	0	0.00000000	1.00000000
8	125	0	0.00000000	1.00000000
8	126	0	0.00000000	1.00000000
8	127	0	0.00000000	1.00000000
8	128	0	0.00000000	1.00000000
8	129	0	0.00000000	1.00000000
8	130	0	0.00000000	1.00000000
8	131	0	0.00000000	1.00000000
8	132	0	0.00000000	1.00000000
8	133	0	0.00000000	1.00000000
8	134	0	0.00000000	1.00000000
8	135	0	0.00000000	1.00000000
8	136	0	0.00000000	1.00000000
8	137	0	0.00000000	1.00000000
8	138	0	0.00000000	1.00000000
8	139	0	0.00000000	1.00000000
8	140	0	0.00000000	1.00000000
8	141	0	0.00000000	1.00000000
8	142	0	0.00000000	1.00000000
8	143	0	0.00000000	1.00000000
8	144	0	0.00000000	1.00000000
8	145	0	0.00000000	1.00000000
8	146	0	0.00000000	1.00000000
8	147	0	0.00000000	1.00000000
8	148	0	0.00000000	1.00000000
8	149	0	0.00000000	1.00000000
8	150	0	0.00000000	1.00000000
8	151	0	0.00000000	1.00000000
8	152	0	0.00000000	1.00000000
8	153	0	0.00000000	1.00000000
8	154	0	0.00000000	1.00000000
8	155	0	0.00000000	1.00000000
8	156	0	0.00000000	1.00000000
8	157	0	0.00000000	1.00000000
8	158	0	0.00000000	1.00000000
8	159	0	0.00000000	1.00000000
8	160	0	0.00000000	1.00000000
8	161	0	0.00000000	1.00000000
8	162	0	0.00000000	1.00000000
8	163	0	0.00000000	1.00000000
8	164	0	0.00000000	1.00000000
8	165	0	0.00000000	1.00000000
8	166	0	0.00000000	1.00000000
8	167	0	0.00000000	1.00000000
8	168	0	0.00000000	1.00000000
8	169	0	0.00000000	1.00000000
8	170	0	0.00000000	1.00000000
8	171	0	0.00000000	1.00000000
8	172	0	0.00000000	1.00000000
8	173	0	0.00000000	1.00000000
8	174	0	0.00000000	1.00000000
8	175	0	0.00000000	1.00000000
8	176	0	0.00000000	1.00000000
8	177	0	0.00000000	1.00000000
8	178	0	0.00000000	1.00000000
8	179	0	0.00000000	1.00000000
8	180	0	0.00000000	1.00000000
8	181	0	0.00000000	1.00000000
8	182	0	0.00000000	1.00000000
8	183	0	0.00000000	1.00000000
8	184	0	0.00000000	1.00000000
8	185	0	0.00000000	1.00000000
8	186	0	0.00000000	1.00000000
8	187	0	0.00000000	1.00000000
8	188	0	0.00000000	1.00000000
8	189	0	0.00000000	1.00000000
8	190	0	0.00000000	1.00000000
8	191	0	0.00000000	1.00000000
8	192	0	0.00000000	1.00000000
8	193	0	0.00000000	1.00000000
8	194	0	0.00000000	1.00000000
8	195	0	0.00000000	1.00000000
8	196	0	0.00000000	1.00000000
8	197	0	0.00000000	1.00000000
8	198	0	0.00000000	1.00000000
8	199	0	0.00000000	1.00000000
8	200	0	0.00000000	1.00000000
8	201	0	0.00000000	1.00000000
8	202	0	0.00000000	1.00000000
8	203	0	0.00000000	1.00000000
8	204	0	0.00000000	1.00000000
8	205	0	0.00000000	1.00000000
8	206	0	0.00000000	1.00000000
8	207	0	0.00000000	1.00000000
8	208	0	0.00000000	1.00000000
8	209	0	0.00000000	1.00000000
8	210	0	0.00000000	1.00000000
8	211	0	0.00000000	1.00000000
8	212	0	0.00000000	1.00000000
8	213	0	0.00000000	1.00000000
8	214	0	0.00000000	1.00000000
8	215	0	0.00000000	1.00000000
9	0	0	0.00000000	1.00000000
9	1	0	0.00000000	1.00000000
9	2	0	0.00000000	1.00000000
9	3	0	0.00000000	1.00000000
9	4	0	0.00000000	1.00000000
9	5	0	0.00000000	1.00000000
9	6	0	0.00000000	1.00000000
9	7	0	0.00000000	1.00000000
9	8	0	0.00000000	1.00000000
9	9	0	0.00000000	1.00000000
9	10	0	0.00000000	1.00000000
9	11	0	0.00000000	1.00000000
9	12	0	0.00000000	1.00000000
9	13	0	0.00000000	1.00000000
9	14	0	0.00000000	1.00000000
9	15	0	0.00000000	1.00000000
9	16	0	0.00000000	1.00000000
9	17	0	0.00000000	1.00000000
9	18	0	0.00000000	1.00000000
9	19	0	0.00000000	1.00000000
9	20	0	0.00000000	1.00000000
9	21	0	0.00000000	1.00000000
9	22	0	0.00000000	1.00000000
9	23	0	0.00000000	1.00000000
9	24	0	0.00000000	1.00000000
9	25	0	0.00000000	1.00000000
9	26	0	0.00000000	1.00000000
9	27	0	0.00000000	1.00000000
9	28	0	0.00000000	1.00000000
9	29	0	0.00000000	1.00000000
9	30	0	0.00000000	1.00000000
9	31	0	0.00000000	1.00000000
9	32	0	0.00000000	1.00000000
9	33	0	0.00000000	1.00000000
9	34	0	0.00000000	1.00000000
9	35	0	0.00000000	1.00000000
9	36	0	0.00000000	1.00000000
9	37	0	0.00000000	1.00000000
9	38	0	0.00000000	1.00000000
9	39	0	0.00000000	1.00000000
9	40	0	0.00000000	1.00000000
9	41	0	0.00000000	1.00000000
9	42	0	0.00000000	1.00000000
9	43	0	0.00000000	1.00000000
9	44	0	0.00000000	1.00000000
9	45	0	0.00000000	1.00000000
9	46	0	0.00000000	1.00000000
9	47	0	0.00000000	1.00000000
9	48	0	0.00000000	1.00000000
9	49	0	0.00000000	1.00000000
9	50	0	0.00000000	1.00000000
9	51	0	0.00000000	1.00000000
9	52	0	0.00000000	1.00000000
9	53	0	0.00000000	1.00000000
9	54	0	0.00000000	1.00000000
9	55	0	0.00000000	1.00000000
9	56	0	0.00000000	1.00000000
9	57	0	0.00000000	1.00000000
9	58	0	0.00000000	1.00000000
9	59	0	0.00000000	1.00000000
9	60	0	0.00000000	1.00000000
9	61	0	0.00000000	1.00000000
9	62	0	0.00000000	1.00000000
9	63	0	0.00000000	1.00000000
9	64	0	0.00000000	1.00000000
9	65	0	0.00000000	1.00000000
9	66	0	0.00000000	1.00000000
9	67	0	0.00000000	1.00000000
9	68	0	0.00000000	1.00000000
9	69	0	0.00000000	1.00000000
9	70	0	0.00000000	1.00000000
9	71	0	0.00000000	1.00000000
9	72	0	0.00000000	1.00000000
9	73	0	0.00000000	1.00000000
9	74	0	0.00000000	1.00000000
9	75	0	0.00000000	1.00000000
9	76	0	0.00000000	1.00000000
9	77	0	0.00000000	1.00000000
9	78	0	0.00000000	1.00000000
9	79	0	0.00000000	1.00000000
9	80	0	0.00000000	1.00000000
9	81	0	0.00000000	1.00000000
9	82	0	0.00000000	1.00000000
9	83	0	0.00000000	1.00000000
9	84	0	0.00000000	1.00000000
9	85	0	0.00000000	1.00000000
9	86	0	0.00000000	1.00000000
9	87	0	0.00000000	1.00000000
9	88	0	0.00000000	1.00000000
9	89	0	0.00000000	1.00000000
9	90	0	0.00000000	1.00000000
9	91	0	0.00000000	1.00000000
9	92	0	0.00000000	1.00000000
9	93	0	0.00000000	1.00000000
9	94	0	0.00000000	1.00000000
9	95	0	0.00000000	1.00000000
9	96	0	0.00000000	1.00000000
9	97	0	0.00000000	1.00000000
9	98	0	0.00000000	1.00000000
9	99	0	0.00000000	1.00000000
9	100	0	0.00000000	1.00000000
9	101	0	0.00000000	1.00000000
9	102	0	0.00000000	1.00000000
9	103	0	0.00000000	1.00000000
9	104	0	0.00000000	1.00000000
9	105	0	0.00000000	1.00000000
9	106	0	0.00000000	1.00000000
9	107	0	0.00000000	1.00000000
9	108	0	0.00000000	1.00000000
9	109	0	0.00000000	1.00000000
9	110	0	0.00000000	1.00000000
9	111	0	0.00000000	1.00000000
9	112	0	0.00000000	1.00000000
9	113	0	0.00000000	1.00000000
9	114	0	0.00000000	1.00000000
9	115	0	0.00000000	1.00000000
9	116	0	0.00000000	1.00000000
9	117	0	0.00000000	1.00000000
9	118	0	0.00000000	1.00000000
9	119	0	0.00000000	1.00000000
9	120	0	0.00000000	1.00000000
9	121	0	0.00000000	1.00000000
9	122	0	0.00000000	1.00000000
9	123	0	0.00000000	1.00000000
9	124	0	0.00000000	1.00000000
9	125	0	0.00000000	1.00000000
9	126	0	0.00000000	1.00000000
9	127	0	0.00000000	1.00000000
9	128	0	0.00000000	1.00000000
9	129	0	0.00000000	1.00000000
9	130	0	0.00000000	1.00000000
9	131	0	0.00000000	1.00000000
9	132	0	0.00000000	1.00000000
9	133	0	0.00000000	1.00000000
9	134	0	0.00000000	1.00000000
9	135	0	0.00000000	1.00000000
9	136	0	0.00000000	1.00000000
9	137	0	0.00000000	1.00000000
9	138	0	0.00000000	1.00000000
9	139	0	0.00000000	1.00000000
9	140	0	0.00000000	1.00000000
9	141	0	0.00000000	1.00000000
9	142	0	0.00000000	1.00000000
9	143	0	0.00000000	1.00000000
9	144	0	0.00000000	1.00000000
9	145	0	0.00000000	1.00000000
9	146	0	0.00000000	1.00000000
9	147	0	0.00000000	1.00000000
9	148	0	0.00000000	1.00000000
9	149	0	0.00000000	1.00000000
9	150	0	0.00000000	1.00000000
9	151	0	0.00000000	1.00000000
9	152	0	0.00000000	1.00000000
9	153	0	0.00000000	1.00000000
9	154	0	0.00000000	1.00000000
9	155	0	0.00000000	1.00000000
9	156	0	0.00000000	1.00000000
9	157	0	0.00000000	1.00000000
9	158	0	0.00000000	1.00000000
9	159	0	0.00000000	1.00000000
9	160	0	0.00000000	1.00000000
9	161	0	0.00000000	1.00000000
9	162	0	0.00000000	1.00000000
9	163	0	0.00000000	1.00000000
9	164	0	0.00000000	1.00000000
9	165	0	0.00000000	1.00000000
9	166	0	0.00000000	1.00000000
9	167	0	0.00000000	1.00000000
9	168	0	0.00000000	1.00000000
9	169	0	0.00000000	1.00000000
9	170	0	0.00000000	1.00000000
9	171	0	0.00000000	1.00000000
9	172	0	0.00000000	1.00000000
9	173	0	0.00000000	1.00000000
9	174	0	0.00000000	1.00000000
9	175	0	0.00000000	1.00000000
9	176	0	0.00000000	1.00000000
9	177	0	0.00000000	1.00000000
9	178	0	0.00000000	1.00000000
9	179	0	0.00000000	1.00000000
9	180	0	0.00000000	1.00000000
9	181	0	0.00000000	1.00000000
9	182	0	0.00000000	1.00000000
9	183	0	0.00000000	1.00000000
9	184	0	0.00000000	1.00000000
9	185	0	0.00000000	1.00000000
9	186	0	0.00000000	1.00000000
9	187	0	0.00000000	1.00000000
9	188	0	0.00000000	1.00000000
9	189	0	0.00000000	1.00000000
9	190	0	0.00000000	1.00000000
9	191	0	0.00000000	1.00000000
9	192	0	0.00000000	1.00000000
9	193	0	0.00000000	1.00000000
9	194	0	0.00000000	1.00000000
9	195	0	0.00000000	1.00000000
9	196	0	0.00000000	1.00000000
9	197	0	0.00000000	1.00000000
9	198	0	0.00000000	1.00000000
9	199	0	0.00000000	1.00000000
9	200	0	0.00000000	1.00000000
9	201	0	0.00000000	1.00000000
9	202	0	0.00000000	1.00000000
9	203	0	0.00000000	1.00000000
9	204	0	0.00000000	1.00000000
9	205	0	0.00000000	1.00000000
9	206	0	0.00000000	1.00000000
9	207	0	0.00000000	1.00000000
9	208	0	0.00000000	1.00000000
9	209	0	0.00000000	1.00000000
9	210	0	0.00000000	1.00000000
9	211	0	0.00000000	1.00000000
9	212	0	0.00000000	1.00000000
9	213	0	0.00000000	1.00000000
9	214	0	0.00000000	1.00000000
9	215	0	0.00000000	1.00000000
9	216	0	0.00000000	1.00000000
9	217	0	0.00000000	1.00000000
9	218	0	0.00000000	1.00000000
9	219	0	0.00000000	1.00000000
9	220	0	0.00000000	1.00000000
9	221	0	0.00000000	1.00000000
9	222	0	0.00000000	1.00000000
9	223	0	0.00000000	1.00000000
9	224	0	0.00000000	1.00000000
9	225	0	0.00000000	1.00000000
9	226	0	0.00000000	1.00000000
9	227	0	0.00000000	1.00000000
9	228	0	0.00000000	1.00000000
9	229	0	0.00000000	1.00000000
9	230	0	0.00000000	1.00000000
9	231	0	0.00000000	1.00000000
9	232	0	0.00000000	1.00000000
9	233	0	0.00000000	1.00000000
9	234	0	0.00000000	1.00000000
9	235	0	0.00000000	1.00000000
9	236	0	0.00000000	1.00000000
9	237	0	0.00000000	1.00000000
9	238	0	0.00000000	1.00000000
9	239	0	0.00000000	1.00000000
10	0	0	0.00000000	1.00000000
10	1	0	0.00000000	1.00000000
10	2	0	0.00000000	1.00000000
10	3	0	0.00000000	1.00000000
10	4	0	0.00000000	1.00000000
10	5	0	0.00000000	1.00000000
10	6	0	0.00000000	1.00000000
10	7	0	0.00000000	1.00000000
10	8	0	0.00000000	1.00000000
10	9	0	0.00000000	1.00000000
10	10	0	0.00000000	1.00000000
10	11	0	0.00000000	1.00000000
10	12	0	0.00000000	1.00000000
10	13	0	0.00000000	1.00000000
10	14	0	0.00000000	1.00000000
10	15	0	0.00000000	1.00000000
10	16	0	0.00000000	1.00000000
10	17	0	0.00000000	1.00000000
10	18	0	0.00000000	1.00000000
10	19	0	0.00000000	1.00000000
10	20	0	0.00000000	1.00000000
10	21	0	0.00000000	1.00000000
10	22	0	0.00000000	1.00000000
10	23	0	0.00000000	1.00000000
10	24	0	0.00000000	1.00000000
10	25	0	0.00000000	1.00000000
10	26	0	0.00000000	1.00000000
10	27	0	0.00000000	1.00000000
10	28	0	0.00000000	1.00000000
10	29	0	0.00000000	1.00000000
10	30	0	0.00000000	1.00000000
10	31	0	0.00000000	1.00000000
10	32	0	0.00000000	1.00000000
10	33	0	0.00000000	1.00000000
10	34	0	0.00000000	1.00000000
10	35	0	0.00000000	1.00000000
10	36	0	0.00000000	1.00000000
10	37	0	0.00000000	1.00000000
10	38	0	0.00000000	1.00000000
10	39	0	0.00000000	1.00000000
10	40	0	0.00000000	1.00000000
10	41	0	0.00000000	1.00000000
10	42	0	0.00000000	1.00000000
10	43	0	0.00000000	1.00000000
10	44	0	0.00000000	1.00000000
10	45	0	0.00000000	1.00000000
10	46	0	0.00000000	1.00000000
10	47	0	0.00000000	1.00000000
10	48	0	0.00000000	1.00000000
10	49	0	0.00000000	1.00000000
10	50	0	0.00000000	1.00000000
10	51	0	0.00000000	1.00000000
10	52	0	0.00000000	1.00000000
10	53	0	0.00000000	1.00000000
10	54	0	0.00000000	1.00000000
10	55	0	0.00000000	1.00000000
10	56	0	0.00000000	1.00000000
10	57	0	0.00000000	1.00000000
10	58	0	0.00000000	1.00000000
10	59	0	0.00000000	1.00000000
10	60	0	0.00000000	1.00000000
10	61	0	0.00000000	1.00000000
10	62	0	0.00000000	1.00000000
10	63	0	0.00000000	1.00000000
10	64	0	0.00000000	1.00000000
10	65	0	0.00000000	1.00000000
10	66	0	0.00000000	1.00000000
10	67	0	0.00000000	1.00000000
10	68	0	0.00000000	1.00000000
10	69	0	0.00000000	1.00000000
10	70	0	0.00000000	1.00000000
10	71	0	0.00000000	1.00000000
10	72	0	0.00000000	1.00000000
10	73	0	0.00000000	1.00000000
10	74	0	0.00000000	1.00000000
10	75	0	0.00000000	1.00000000
10	76	0	0.00000000	1.00000000
10	77	0	0.00000000	1.00000000
10	78	0	0.00000000	1.00000000
10	79	0	0.00000000	1.00000000
10	80	0	0.00000000	1.00000000
10	81	0	0.00000000	1.00000000
10	82	0	0.00000000	1.00000000
10	83	0	0.00000000	1.00000000
10	84	0	0.00000000	1.00000000
10	85	0	0.00000000	1.00000000
10	86	0	0.00000000	1.00000000
10	87	0	0.00000000	1.00000000
10	88	0	0.00000000	1.00000000
10	89	0	0.00000000	1.00000000
10	90	0	0.00000000	1.00000000
10	91	0	0.00000000	1.00000000
10	92	0	0.00000000	1.00000000
10	93	0	0.00000000	1.00000000
10	94	0	0.00000000	1.00000000
10	95	0	0.00000000	1.00000000
10	96	0	0.00000000	1.00000000
10	97	0	0.00000000	1.00000000
10	98	0	0.00000000	1.00000000
10	99	0	0.00000000	1.00000000
10	100	0	0.00000000	1.00000000
10	101	0	0.00000000	1.00000000
10	102	0	0.00000000	1.00000000
10	103	0	0.00000000	1.00000000
10	104	0	0.00000000	1.00000000
10	105	0	0.00000000	1.00000000
10	106	0	0.00000000	1.00000000
10	107	0	0.00000000	1.00000000
10	108	0	0.00000000	1.00000000
10	109	0	0.00000000	1.00000000
10	110	0	0.00000000	1.00000000
10	111	0	0.00000000	1.00000000
10	112	0	0.00000000	1.00000000
10	113	0	0.00000000	1.00000000
10	114	0	0.00000000	1.00000000
10	115	0	0.00000000	1.00000000
10	116	0	0.00000000	1.00000000
10	117	0	0.00000000	1.00000000
10	118	0	0.00000000	1.00000000
10	119	0	0.00000000	1.00000000
10	120	0	0.00000000	1.00000000
10	121	0	0.00000000	1.00000000
10	122	0	0.00000000	1.00000000
10	123	0	0.00000000	1.00000000
10	124	0	0.00000000	1.00000000
10	125	0	0.00000000	1.00000000
10	126	0	0.00000000	1.00000000
10	127	0	0.00000000	1.00000000
10	128	0	0.00000000	1.00000000
10	129	0	0.00000000	1.00000000
10	130	0	0.00000000	1.00000000
10	131	0	0.00000000	1.00000000
10	132	0	0.00000000	1.00000000
10	133	0	0.00000000	1.00000000
10	134	0	0.00000000	1.00000000
10	135	0	0.00000000	1.00000000
10	136	0	0.00000000	1.00000000
10	137	0	0.00000000	1.00000000
10	138	0	0.00000000	1.00000000
10	139	0	0.00000000	1.00000000
10	140	0	0.00000000	1.00000000
10	141	0	0.00000000	1.00000000
10	142	0	0.00000000	1.00000000
10	143	0	0.00000000	1.00000000
10	144	0	0.00000000	1.00000000
10	145	0	0.00000000	1.00000000
10	146	0	0.00000000	1.00000000
10	147	0	0.00000000	1.00000000
10	148	0	0.00000000	1.00000000
10	149	0	0.00000000	1.00000000
10	150	0	0.00000000	1.00000000
10	151	0	0.00000000	1.00000000
10	152	0	0.00000000	1.00000000
10	153	0	0.00000000	1.00000000
10	154	0	0.00000000	1.00000000
10	155	0	0.00000000	1.00000000
10	156	0	0.00000000	1.00000000
10	157	0	0.00000000	1.00000000
10	158	0	0.00000000	1.00000000
10	159	0	0.00000000	1.00000000
10	160	0	0.00000000	1.00000000
10	161	0	0.00000000	1.00000000
10	162	0	0.00000000	1.00000000
10	163	0	0.00000000	1.00000000
10	164	0	0.00000000	1.00000000
10	165	0	0.00000000	1.00000000
10	166	0	0.00000000	1.00000000
10	167	0	0.00000000	1.00000000
10	168	0	0.00000000	1.00000000
10	169	0	0.00000000	1.00000000
10	170	0	0.00000000	1.00000000
10	171	0	0.00000000	1.00000000
10	172	0	0.00000000	1.00000000
10	173	0	0.00000000	1.00000000
10	174	0	0.00000000	1.00000000
10	175	0	0.00000000	1.00000000
10	176	0	0.00000000	1.00000000
10	177	0	0.00000000	1.00000000
10	178	0	0.00000000	1.00000000
10	179	0	0.00000000	1.00000000
10	180	0	0.00000000	1.00000000
10	181	0	0.00000000	1.00000000
10	182	0	0.00000000	1.00000000
10	183	0	0.00000000	1.00000000
10	184	0	0.00000000	1.00000000
10	185	0	0.00000000	1.00000000
10	186	0	0.00000000	1.00000000
10	187	0	0.00000000	1.00000000
10	188	0	0.00000000	1.00000000
10	189	0	0.00000000	1.00000000
10	190	0	0.00000000	1.00000000
10	191	0	0.00000000	1.00000000
10	192	0	0.00000000	1.00000000
10	193	0	0.00000000	1.00000000
10	194	0	0.00000000	1.00000000
10	195	0	0.00000000	1.00000000
10	196	0	0.00000000	1.00000000
10	197	0	0.00000000	1.00000000
10	198	0	0.00000000	1.00000000
10	199	0	0.00000000	1.00000000
10	200	0	0.00000000	1.00000000
10	201	0	0.00000000	1.00000000
10	202	0	0.00000000	1.00000000
10	203	0	0.00000000	1.00000000
10	204	0	0.00000000	1.00000000
10	205	0	0.00000000	1.00000000
10	206	0	0.00000000	1.00000000
10	207	0	0.00000000	1.00000000
11	0	0	0.00000000	1.00000000
11	1	0	0.00000000	1.00000000
11	2	0	0.00000000	1.00000000
11	3	0	0.00000000	1.00000000
11	4	0	0.00000000	1.00000000
11	5	0	0.00000000	1.00000000
11	6	0	0.00000000	1.00000000
11	7	0	0.00000000	1.00000000
11	8	0	0.00000000	1.00000000
11	9	0	0.00000000	1.00000000
11	10	0	0.00000000	1.00000000
11	11	0	0.00000000	1.00000000
11	12	0	0.00000000	1.00000000
11	13	0	0.00000000	1.00000000
11	14	0	0.00000000	1.00000000
11	15	0	0.00000000	1.00000000
11	16	0	0.00000000	1.00000000
11	17	0	0.00000000	1.00000000
11	18	0	0.00000000	1.00000000
11	19	0	0.00000000	1.00000000
11	20	0	0.00000000	1.00000000
11	21	0	0.00000000	1.00000000
11	22	0	0.00000000	1.00000000
11	23	0	0.00000000	1.00000000
11	24	0	0.00000000	1.00000000
11	25	0	0.00000000	1.00000000
11	26	0	0.00000000	1.00000000
11	27	0	0.00000000	1.00000000
11	28	0	0.00000000	1.00000000
11	29	0	0.00000000	1.00000000
11	30	0	0.00000000	1.00000000
11	31	0	0.00000000	1.00000000
11	32	0	0.00000000	1.00000000
11	33	0	0.00000000	1.00000000
11	34	0	0.00000000	1.00000000
11	35	0	0.00000000	1.00000000
11	36	0	0.00000000	1.00000000
11	37	0	0.00000000	1.00000000
11	38	0	0.00000000	1.00000000
11	39	0	0.00000000	1.00000000
11	40	0	0.00000000	1.00000000
11	41	0	0.00000000	1.00000000
11	42	0	0.00000000	1.00000000
11	43	0	0.00000000	1.00000000
11	44	0	0.00000000	1.00000000
11	45	0	0.00000000	1.00000000
11	46	0	0.00000000	1.00000000
11	47	0	0.00000000	1.00000000
11	48	0	0.00000000	1.00000000
11	49	0	0.00000000	1.00000000
11	50	0	0.00000000	1.00000000
11	51	0	0.00000000	1.00000000
11	52	0	0.00000000	1.00000000
11	53	0	0.00000000	1.00000000
11	54	0	0.00000000	1.00000000
11	55	0	0.00000000	1.00000000
11	56	0	0.00000000	1.00000000
11	57	0	0.00000000	1.00000000
11	58	0	0.00000000	1.00000000
11	59	0	0.00000000	1.00000000
11	60	0	0.00000000	1.00000000
11	61	0	0.00000000	1.00000000
11	62	0	0.00000000	1.00000000
11	63	0	0.00000000	1.00000000
11	64	0	0.00000000	1.00000000
11	65	0	0.00000000	1.00000000
11	66	0	0.00000000	1.00000000
11	67	0	0.00000000	1.00000000
11	68	0	0.00000000	1.00000000
11	69	0	0.00000000	1.00000000
11	70	0	0.00000000	1.00000000
11	71	0	0.00000000	1.00000000
11	72	0	0.00000000	1.00000000
11	73	0	0.00000000	1.00000000
11	74	0	0.00000000	1.00000000
11	75	0	0.00000000	1.00000000
11	76	0	0.00000000	1.00000000
11	77	0	0.00000000	1.00000000
11	78	0	0.00000000	1.00000000
11	79	0	0.00000000	1.00000000
11	80	0	0.00000000	1.00000000
11	81	0	0.00000000	1.00000000
11	82	0	0.00000000	1.00000000
11	83	0	0.00000000	1.00000000
11	84	0	0.00000000	1.00000000
11	85	0	0.00000000	1.00000000
11	86	0	0.00000000	1.00000000
11	87	0	0.00000000	1.00000000
11	88	0	0.00000000	1.00000000
11	89	0	0.00000000	1.00000000
11	90	0	0.00000000	1.00000000
11	91	0	0.00000000	1.00000000
11	92	0	0.00000000	1.00000000
11	93	0	0.00000000	1.00000000
11	94	0	0.00000000	1.00000000
11	95	0	0.00000000	1.00000000
11	96	0	0.00000000	1.00000000
11	97	0	0.00000000	1.00000000
11	98	0	0.00000000	1.00000000
11	99	0	0.00000000	1.00000000
11	100	0	0.00000000	1.00000000
11	101	0	0.00000000	1.00000000
11	102	0	0.00000000	1.00000000
11	103	0	0.00000000	1.00000000
11	104	0	0.00000000	1.00000000
11	105	0	0.00000000	1.00000000
11	106	0	0.00000000	1.00000000
11	107	0	0.00000000	1.00000000
11	108	0	0.00000000	1.00000000
11	109	0	0.00000000	1.00000000
11	110	0	0.00000000	1.00000000
11	111	0	0.00000000	1.00000000
11	112	0	0.00000000	1.00000000
11	113	0	0.00000000	1.00000000
11	114	0	0.00000000	1.00000000
11	115	0	0.00000000	1.00000000
11	116	0	0.00000000	1.00000000
11	117	0	0.00000000	1.00000000
11	118	0	0.00000000	1.00000000
11	119	0	0.00000000	1.00000000
11	120	0	0.00000000	1.00000000
11	121	0	0.00000000	1.00000000
11	122	0	0.00000000	1.00000000
11	123	0	0.00000000	1.00000000
11	124	0	0.00000000	1.00000000
11	125	0	0.00000000	1.00000000
11	126	0	0.00000000	1.00000000
11	127	0	0.00000000	1.00000000
11	128	0	0.00000000	1.00000000
11	129	0	0.00000000	1.00000000
11	130	0	0.00000000	1.00000000
11	131	0	0.00000000	1.00000000
11	132	0	0.00000000	1.00000000
11	133	0	0.00000000	1.00000000
11	134	0	0.00000000	1.00000000
11	135	0	0.00000000	1.00000000
11	136	0	0.00000000	1.00000000
11	137	0	0.00000000	1.00000000
11	138	0	0.00000000	1.00000000
11	139	0	0.00000000	1.00000000
11	140	0	0.00000000	1.00000000
11	141	0	0.00000000	1.00000000
11	142	0	0.00000000	1.00000000
11	143	0	0.00000000	1.00000000
11	144	0	0.00000000	1.00000000
11	145	0	0.00000000	1.00000000
11	146	0	0.00000000	1.00000000
11	147	0	0.00000000	1.00000000
11	148	0	0.00000000	1.00000000
11	149	0	0.00000000	1.00000000
11	150	0	0.00000000	1.00000000
11	151	0	0.00000000	1.00000000
11	152	0	0.00000000	1.00000000
11	153	0	0.00000000	1.00000000
11	154	0	0.00000000	1.00000000
11	155	0	0.00000000	1.00000000
11	156	0	0.00000000	1.00000000
11	157	0	0.00000000	1.00000000
11	158	0	0.00000000	1.00000000
11	159	0	0.00000000	1.00000000
11	160	0	0.00000000	1.00000000
11	161	0	0.00000000	1.00000000
11	162	0	0.00000000	1.00000000
11	163	0	0.00000000	1.00000000
11	164	0	0.00000000	1.00000000
11	165	0	0.00000000	1.00000000
11	166	0	0.00000000	1.00000000
11	167	0	0.00000000	1.00000000
11	168	0	0.00000000	1.00000000
11	169	0	0.00000000	1.00000000
11	170	0	0.00000000	1.00000000
11	171	0	0.00000000	1.00000000
11	172	0	0.00000000	1.00000000
11	173	0	0.00000000	1.00000000
11	174	0	0.00000000	1.00000000
11	175	0	0.00000000	1.00000000
11	176	0	0.00000000	1.00000000
11	177	0	0.00000000	1.00000000
11	178	0	0.00000000	1.00000000
11	179	0	0.00000000	1.00000000
11	180	0	0.00000000	1.00000000
11	181	0	0.00000000	1.00000000
11	182	0	0.00000000	1.00000000
11	183	0	0.00000000	1.00000000
11	184	0	0.00000000	1.00000000
11	185	0	0.00000000	1.00000000
11	186	0	0.00000000	1.00000000
11	187	0	0.00000000	1.00000000
11	188	0	0.00000000	1.00000000
11	189	0	0.00000000	1.00000000
11	190	0	0.00000000	1.00000000
11	191	0	0.00000000	1.00000000
11	192	0	0.00000000	1.00000000
11	193	0	0.00000000	1.00000000
11	194	0	0.00000000	1.00000000
11	195	0	0.00000000	1.00000000
11	196	0	0.00000000	1.00000000
11	197	0	0.00000000	1.00000000
11	198	0	0.00000000	1.00000000
11	199	0	0.00000000	1.00000000
11	200	0	0.00000000	1.00000000
11	201	0	0.00000000	1.00000000
11	202	0	0.00000000	1.00000000
11	203	0	0.00000000	1.00000000
11	204	0	0.00000000	1.00000000
11	205	0	0.00000000	1.00000000
11	206	0	0.00000000	1.00000000
11	207	0	0.00000000	1.00000000
11	208	0	0.00000000	1.00000000
11	209	0	0.00000000	1.00000000
11	210	0	0.00000000	1.00000000
11	211	0	0.00000000	1.00000000
11	212	0	0.00000000	1.00000000
11	213	0	0.00000000	1.00000000
11	214	0	0.00000000	1.00000000
11	215	0	0.00000000	1.00000000
11	216	0	0.00000000	1.00000000
11	217	0	0.00000000	1.00000000
12	0	0	0.00000000	1.00000000
12	1	0	0.00000000	1.00000000
12	2	0	0.00000000	1.00000000
12	3	0	0.00000000	1.00000000
12	4	0	0.00000000	1.00000000
12	5	0	0.00000000	1.00000000
12	6	0	0.00000000	1.00000000
12	7	0	0.00000000	1.00000000
12	8	0	0.00000000	1.00000000
12	9	0	0.00000000	1.00000000
12	10	0	0.00000000	1.00000000
12	11	0	0.00000000	1.00000000
12	12	0	0.00000000	1.00000000
12	13	0	0.00000000	1.00000000
12	14	0	0.00000000	1.00000000
12	15	0	0.00000000	1.00000000
12	16	0	0.00000000	1.00000000
12	17	0	0.00000000	1.00000000
12	18	0	0.00000000	1.00000000
12	19	0	0.00000000	1.00000000
12	20	0	0.00000000	1.00000000
12	21	0	0.00000000	1.00000000
12	22	0	0.00000000	1.00000000
12	23	0	0.00000000	1.00000000
12	24	0	0.00000000	1.00000000
12	25	0	0.00000000	1.00000000
12	26	0	0.00000000	1.00000000
12	27	0	0.00000000	1.00000000
12	28	0	0.00000000	1.00000000
12	29	0	0.00000000	1.00000000
12	30	0	0.00000000	1.00000000
12	31	0	0.00000000	1.00000000
12	32	0	0.00000000	1.00000000
12	33	0	0.00000000	1.00000000
12	34	0	0.00000000	1.00000000
12	35	0	0.00000000	1.00000000
12	36	0	0.00000000	1.00000000
12	37	0	0.00000000	1.00000000
12	38	0	0.00000000	1.00000000
12	39	0	0.00000000	1.00000000
12	40	0	0.00000000	1.00000000
12	41	0	0.00000000	1.00000000
12	42	0	0.00000000	1.00000000
12	43	0	0.00000000	1.00000000
12	44	0	0.00000000	1.00000000
12	45	0	0.00000000	1.00000000
12	46	0	0.00000000	1.00000000
12	47	0	0.00000000	1.00000000
12	48	0	0.00000000	1.00000000
12	49	0	0.00000000	1.00000000
12	50	0	0.00000000	1.00000000
12	51	0	0.00000000	1.00000000
12	52	0	0.00000000	1.00000000
12	53	0	0.00000000	1.00000000
12	54	0	0.00000000	1.00000000
12	55	0	0.00000000	1.00000000
12	56	0	0.00000000	1.00000000
12	57	0	0.00000000	1.00000000
12	58	0	0.00000000	1.00000000
12	59	0	0.00000000	1.00000000
12	60	0	0.00000000	1.00000000
12	61	0	0.00000000	1.00000000
12	62	0	0.00000000	1.00000000
12	63	0	0.00000000	1.00000000
12	64	0	0.00000000	1.00000000
12	65	0	0.00000000	1.00000000
12	66	0	0.00000000	1.00000000
12	67	0	0.00000000	1.00000000
12	68	0	0.00000000	1.00000000
12	69	0	0.00000000	1.00000000
12	70	0	0.00000000	1.00000000
12	71	0	0.00000000	1.00000000
12	72	0	0.00000000	1.00000000
12	73	0	0.00000000	1.00000000
12	74	0	0.00000000	1.00000000
12	75	0	0.00000000	1.00000000
12	76	0	0.00000000	1.00000000
12	77	0	0.00000000	1.00000000
12	78	0	0.00000000	1.00000000
12	79	0	0.00000000	1.00000000
12	80	0	0.00000000	1.00000000
12	81	0	0.00000000	1.00000000
12	82	0	0.00000000	1.00000000
12	83	0	0.00000000	1.00000000
12	84	0	0.00000000	1.00000000
12	85	0	0.00000000	1.00000000
12	86	0	0.00000000	1.00000000
12	87	0	0.00000000	1.00000000
12	88	0	0.00000000	1.00000000
12	89	0	0.00000000	1.00000000
12	90	0	0.00000000	1.00000000
12	91	0	0.00000000	1.00000000
12	92	0	0.00000000	1.00000000
12	93	0	0.00000000	1.00000000
12	94	0	0.00000000	1.00000000
12	95	0	0.00000000	1.00000000
12	96	0	0.00000000	1.00000000
12	97	0	0.00000000	1.00000000
12	98	0	0.00000000	1.00000000
12	99	0	0.00000000	1.00000000
12	100	0	0.00000000	1.00000000
12	101	0	0.00000000	1.00000000
12	102	0	0.00000000	1.00000000
12	103	0	0.00000000	1.00000000
12	104	0	0.00000000	1.00000000
12	105	0	0.00000000	1.00000000
12	106	0	0.00000000	1.00000000
12	107	0	0.00000000	1.00000000
12	108	0	0.00000000	1.00000000
12	109	0	0.00000000	1.00000000
12	110	0	0.00000000	1.00000000
12	111	0	0.00000000	1.00000000
12	112	0	0.00000000	1.00000000
12	113	0	0.00000000	1.00000000
12	114	0	0.00000000	1.00000000
12	115	0	0.00000000	1.00000000
12	116	0	0.00000000	1.00000000
12	117	0	0.00000000	1.00000000
12	118	0	0.00000000	1.00000000
12	119	0	0.00000000	1.00000000
12	120	0	0.00000000	1.00000000
12	121	0	0.00000000	1.00000000
12	122	0	0.00000000	1.00000000
12	123	0	0.00000000	1.00000000
12	124	0	0.00000000	1.00000000
12	125	0	0.00000000	1.00000000
12	126	0	0.00000000	1.00000000
12	127	0	0.00000000	1.00000000
12	128	0	0.00000000	1.00000000
12	129	0	0.00000000	1.00000000
12	130	0	0.00000000	1.00000000
12	131	0	0.00000000	1.00000000
12	132	0	0.00000000	1.00000000
12	133	0	0.00000000	1.00000000
12	134	0	0.00000000	1.00000000
12	135	0	0.00000000	1.00000000
12	136	0	0.00000000	1.00000000
12	137	0	0.00000000	1.00000000
12	138	0	0.00000000	1.00000000
12	139	0	0.00000000	1.00000000
12	140	0	0.00000000	1.00000000
12	141	0	0.00000000	1.00000000
12	142	0	0.00000000	1.00000000
12	143	0	0.00000000	1.00000000
12	144	0	0.00000000	1.00000000
12	145	0	0.00000000	1.00000000
12	146	0	0.00000000	1.00000000
12	147	0	0.00000000	1.00000000
12	148	0	0.00000000	1.00000000
12	149	0	0.00000000	1.00000000
12	150	0	0.00000000	1.00000000
12	151	0	0.00000000	1.00000000
12	152	0	0.00000000	1.00000000
12	153	0	0.00000000	1.00000000
12	154	0	0.00000000	1.00000000
12	155	0	0.00000000	1.00000000
12	156	0	0.00000000	1.00000000
12	157	0	0.00000000	1.00000000
12	158	0	0.00000000	1.00000000
12	159	0	0.00000000	1.00000000
12	160	0	0.00000000	1.00000000
12	161	0	0.00000000	1.00000000
12	162	0	0.00000000	1.00000000
12	163	0	0.00000000	1.00000000
12	164	0	0.00000000	1.00000000
12	165	0	0.00000000	1.00000000
12	166	0	0.00000000	1.00000000
12	167	0	0.00000000	1.00000000
12	168	0	0.00000000	1.00000000
12	169	0	0.00000000	1.00000000
12	170	0	0.00000000	1.00000000
12	171	0	0.00000000	1.00000000
12	172	0	0.00000000	1.00000000
12	173	0	0.00000000	1.00000000
12	174	0	0.00000000	1.00000000
12	175	0	0.00000000	1.00000000
12	176	0	0.00000000	1.00000000
12	177	0	0.00000000	1.00000000
12	178	0	0.00000000	1.00000000
12	179	0	0.00000000	1.00000000
12	180	0	0.00000000	1.00000000
12	181	0	0.00000000	1.00000000
12	182	0	0.00000000	1.00000000
12	183	0	0.00000000	1.00000000
12	184	0	0.00000000	1.00000000
12	185	0	0.00000000	1.00000000
12	186	0	0.00000000	1.00000000
12	187	0	0.00000000	1.00000000
12	188	0	0.00000000	1.00000000
12	189	0	0.00000000	1.00000000
12	190	0	0.00000000	1.00000000
12	191	0	0.00000000	1.00000000
12	192	0	0.00000000	1.00000000
12	193	0	0.00000000	1.00000000
12	194	0	0.00000000	1.00000000
12	195	0	0.00000000	1.00000000
12	196	0	0.00000000	1.00000000
12	197	0	0.00000000	1.00000000
12	198	0	0.00000000	1.00000000
12	199	0	0.00000000	1.00000000
12	200	0	0.00000000	1.00000000
12	201	0	0.00000000	1.00000000
12	202	0	0.00000000	1.00000000
12	203	0	0.00000000	1.00000000
12	204	0	0.00000000	1.00000000
12	205	0	0.00000000	1.00000000
12	206	0	0.00000000	1.00000000
12	207	0	0.00000000	1.00000000
12	208	0	0.00000000	1.00000000
12	209	0	0.00000000	1.00000000
12	210	0	0.00000000	1.00000000
12	211	0	0.00000000	1.00000000
12	212	0	0.00000000	1.00000000
12	213	0	0.00000000	1.00000000
12	214	0	0.00000000	1.00000000
12	215	0	0.00000000	1.00000000
12	216	0	0.00000000	1.00000000
12	217	0	0.00000000	1.00000000
12	218	0	0.00000000	1.00000000
12	219	0	0.00000000	1.00000000
12	220	0	0.00000000	1.00000000
12	221	0	0.00000000	1.00000000
12	222	0	0.00000000	1.00000000
12	223	0	0.00000000	1.00000000
12	224	0	0.00000000	1.00000000
12	225	0	0.00000000	1.00000000
12	226	0	0.00000000	1.00000000
12	227	0	0.00000000	1.00000000
12	228	0	0.00000000	1.00000000
12	229	0	0.00000000	1.00000000
13	0	0	0.00000000	1.00000000
13	1	0	0.00000000	1.00000000
13	2	0	0.00000000	1.00000000
13	3	0	0.00000000	1.00000000
13	4	0	0.00000000	1.00000000
13	5	0	0.00000000	1.00000000
13	6	0	0.00000000	1.00000000
13	7	0	0.00000000	1.00000000
13	8	0	0.00000000	1.00000000
13	9	0	0.00000000	1.00000000
13	10	0	0.00000000	1.00000000
13	11	0	0.00000000	1.00000000
13	12	0	0.00000000	1.00000000
13	13	0	0.00000000	1.00000000
13	14	0	0.00000000	1.00000000
13	15	0	0.00000000	1.00000000
13	16	0	0.00000000	1.00000000
13	17	0	0.00000000	1.00000000
13	18	0	0.00000000	1.00000000
13	19	0	0.00000000	1.00000000
13	20	0	0.00000000	1.00000000
13	21	0	0.00000000	1.00000000
13	22	0	0.00000000	1.00000000
13	23	0	0.00000000	1.00000000
13	24	0	0.00000000	1.00000000
13	25	0	0.00000000	1.00000000
13	26	0	0.00000000	1.00000000
13	27	0	0.00000000	1.00000000
13	28	0	0.00000000	1.00000000
13	29	0	0.00000000	1.00000000
13	30	0	0.00000000	1.00000000
13	31	0	0.00000000	1.00000000
13	32	0	0.00000000	1.00000000
13	33	0	0.00000000	1.00000000
13	34	0	0.00000000	1.00000000
13	35	0	0.00000000	1.00000000
13	36	0	0.00000000	1.00000000
13	37	0	0.00000000	1.00000000
13	38	0	0.00000000	1.00000000
13	39	0	0.00000000	1.00000000
13	40	0	0.00000000	1.00000000
13	41	0	0.00000000	1.00000000
13	42	0	0.00000000	1.00000000
13	43	0	0.00000000	1.00000000
13	44	0	0.00000000	1.00000000
13	45	0	0.00000000	1.00000000
13	46	0	0.00000000	1.00000000
13	47	0	0.00000000	1.00000000
13	48	0	0.00000000	1.00000000
13	49	0	0.00000000	1.00000000
13	50	0	0.00000000	1.00000000
13	51	0	0.00000000	1.00000000
13	52	0	0.00000000	1.00000000
13	53	0	0.00000000	1.00000000
13	54	0	0.00000000	1.00000000
13	55	0	0.00000000	1.00000000
13	56	0	0.00000000	1.00000000
13	57	0	0.00000000	1.00000000
13	58	0	0.00000000	1.00000000
13	59	0	0.00000000	1.00000000
13	60	0	0.00000000	1.00000000
13	61	0	0.00000000	1.00000000
13	62	0	0.00000000	1.00000000
13	63	0	0.00000000	1.00000000
13	64	0	0.00000000	1.00000000
13	65	0	0.00000000	1.00000000
13	66	0	0.00000000	1.00000000
13	67	0	0.00000000	1.00000000
13	68	0	0.00000000	1.00000000
13	69	0	0.00000000	1.00000000
13	70	0	0.00000000	1.00000000
13	71	0	0.00000000	1.00000000
13	72	0	0.00000000	1.00000000
13	73	0	0.00000000	1.00000000
13	74	0	0.00000000	1.00000000
13	75	0	0.00000000	1.00000000
13	76	0	0.00000000	1.00000000
13	77	0	0.00000000	1.00000000
13	78	0	0.00000000	1.00000000
13	79	0	0.00000000	1.00000000
13	80	0	0.00000000	1.00000000
13	81	0	0.00000000	1.00000000
13	82	0	0.00000000	1.00000000
13	83	0	0.00000000	1.00000000
13	84	0	0.00000000	1.00000000
13	85	0	0.00000000	1.00000000
13	86	0	0.00000000	1.00000000
13	87	0	0.00000000	1.00000000
13	88	0	0.00000000	1.00000000
13	89	0	0.00000000	1.00000000
13	90	0	0.00000000	1.00000000
13	91	0	0.00000000	1.00000000
13	92	0	0.00000000	1.00000000
13	93	0	0.00000000	1.00000000
13	94	0	0.00000000	1.00000000
13	95	0	0.00000000	1.00000000
13	96	0	0.00000000	1.00000000
13	97	0	0.00000000	1.00000000
13	98	0	0.00000000	1.00000000
13	99	0	0.00000000	1.00000000
13	100	0	0.00000000	1.00000000
13	101	0	0.00000000	1.00000000
13	102	0	0.00000000	1.00000000
13	103	0	0.00000000	1.00000000
13	104	0	0.00000000	1.00000000
13	105	0	0.00000000	1.00000000
13	106	0	0.00000000	1.00000000
13	107	0	0.00000000	1.00000000
13	108	0	0.00000000	1.00000000
13	109	0	0.00000000	1.00000000
13	110	0	0.00000000	1.00000000
13	111	0	0.00000000	1.00000000
13	112	0	0.00000000	1.00000000
13	113	0	0.00000000	1.00000000
13	114	0	0.00000000	1.00000000
13	115	0	0.00000000	1.00000000
13	116	0	0.00000000	1.00000000
13	117	0	0.00000000	1.00000000
13	118	0	0.00000000	1.00000000
13	119	0	0.00000000	1.00000000
13	120	0	0.00000000	1.00000000
13	121	0	0.00000000	1.00000000
13	122	0	0.00000000	1.00000000
13	123	0	0.00000000	1.00000000
13	124	0	0.00000000	1.00000000
13	125	0	0.00000000	1.00000000
13	126	0	0.00000000	1.00000000
13	127	0	0.00000000	1.00000000
13	128	0	0.00000000	1.00000000
13	129	0	0.00000000	1.00000000
13	130	0	0.00000000	1.00000000
13	131	0	0.00000000	1.00000000
13	132	0	0.00000000	1.00000000
13	133	0	0.00000000	1.00000000
13	134	0	0.00000000	1.00000000
13	135	0	0.00000000	1.00000000
13	136	0	0.00000000	1.00000000
13	137	0	0.00000000	1.00000000
13	138	0	0.00000000	1.00000000
13	139	0	0.00000000	1.00000000
13	140	0	0.00000000	1.00000000
13	141	0	0.00000000	1.00000000
13	142	0	0.00000000	1.00000000
13	143	0	0.00000000	1.00000000
13	144	0	0.00000000	1.00000000
13	145	0	0.00000000	1.00000000
13	146	0	0.00000000	1.00000000
13	147	0	0.00000000	1.00000000
13	148	0	0.00000000	1.00000000
13	149	0	0.00000000	1.00000000
13	150	0	0.00000000	1.00000000
13	151	0	0.00000000	1.00000000
13	152	0	0.00000000	1.00000000
13	153	0	0.00000000	1.00000000
13	154	0	0.00000000	1.00000000
13	155	0	0.00000000	1.00000000
13	156	0	0.00000000	1.00000000
13	157	0	0.00000000	1.00000000
13	158	0	0.00000000	1.00000000
13	159	0	0.00000000	1.00000000
13	160	0	0.00000000	1.00000000
13	161	0	0.00000000	1.00000000
13	162	0	0.00000000	1.00000000
13	163	0	0.00000000	1.00000000
13	164	0	0.00000000	1.00000000
13	165	0	0.00000000	1.00000000
13	166	0	0.00000000	1.00000000
13	167	0	0.00000000	1.00000000
13	168	0	0.00000000	1.00000000
13	169	0	0.00000000	1.00000000
13	170	0	0.00000000	1.00000000
13	171	0	0.00000000	1.00000000
13	172	0	0.00000000	1.00000000
13	173	0	0.00000000	1.00000000
13	174	0	0.00000000	1.00000000
13	175	0	0.00000000	1.00000000
13	176	0	0.00000000	1.00000000
13	177	0	0.00000000	1.00000000
13	178	0	0.00000000	1.00000000
13	179	0	0.00000000	1.00000000
13	180	0	0.00000000	1.00000000
13	181	0	0.00000000	1.00000000
13	182	0	0.00000000	1.00000000
13	183	0	0.00000000	1.00000000
13	184	0	0.00000000	1.00000000
13	185	0	0.00000000	1.00000000
13	186	0	0.00000000	1.00000000
13	187	0	0.00000000	1.00000000
13	188	0	0.00000000	1.00000000
13	189	0	0.00000000	1.00000000
13	190	0	0.00000000	1.00000000
13	191	0	0.00000000	1.00000000
13	192	0	0.00000000	1.00000000
13	193	0	0.00000000	1.00000000
13	194	0	0.00000000	1.00000000
13	195	0	0.00000000	1.00000000
13	196	0	0.00000000	1.00000000
13	197	0	0.00000000	1.00000000
13	198	0	0.00000000	1.00000000
13	199	0	0.00000000	1.00000000
13	200	0	0.00000000	1.00000000
13	201	0	0.00000000	1.00000000
13	202	0	0.00000000	1.00000000
13	203	0	0.00000000	1.00000000
13	204	0	0.00000000	1.00000000
13	205	0	0.00000000	1.00000000
13	206	0	0.00000000	1.00000000
13	207	0	0.00000000	1.00000000
13	208	0	0.00000000	1.00000000
13	209	0	0.00000000	1.00000000
13	210	0	0.00000000	1.00000000
13	211	0	0.00000000	1.00000000
13	212	0	0.00000000	1.00000000
13	213	0	0.00000000	1.00000000
14	0	0	0.00000000	1.00000000
14	1	0	0.00000000	1.00000000
14	2	0	0.00000000	1.00000000
14	3	0	0.00000000	1.00000000
14	4	0	0.00000000	1.00000000
14	5	0	0.00000000	1.00000000
14	6	0	0.00000000	1.00000000
14	7	0	0.00000000	1.00000000
14	8	0	0.00000000	1.00000000
14	9	0	0.00000000	1.00000000
14	10	0	0.00000000	1.00000000
14	11	0	0.00000000	1.00000000
14	12	0	0.00000000	1.00000000
14	13	0	0.00000000	1.00000000
14	14	0	0.00000000	1.00000000
14	15	0	0.00000000	1.00000000
14	16	0	0.00000000	1.00000000
14	17	0	0.00000000	1.00000000
14	18	0	0.00000000	1.00000000
14	19	0	0.00000000	1.00000000
14	20	0	0.00000000	1.00000000
14	21	0	0.00000000	1.00000000
14	22	0	0.00000000	1.00000000
14	23	0	0.00000000	1.00000000
14	24	0	0.00000000	1.00000000
14	25	0	0.00000000	1.00000000
14	26	0	0.00000000	1.00000000
14	27	0	0.00000000	1.00000000
14	28	0	0.00000000	1.00000000
14	29	0	0.00000000	1.00000000
14	30	0	0.00000000	1.00000000
14	31	0	0.00000000	1.00000000
14	32	0	0.00000000	1.00000000
14	33	0	0.00000000	1.00000000
14	34	0	0.00000000	1.00000000
14	35	0	0.00000000	1.00000000
14	36	0	0.00000000	1.00000000
14	37	0	0.00000000	1.00000000
14	38	0	0.00000000	1.00000000
14	39	0	0.00000000	1.00000000
14	40	0	0.00000000	1.00000000
14	41	0	0.00000000	1.00000000
14	42	0	0.00000000	1.00000000
14	43	0	0.00000000	1.00000000
14	44	0	0.00000000	1.00000000
14	45	0	0.00000000	1.00000000
14	46	0	0.00000000	1.00000000
14	47	0	0.00000000	1.00000000
14	48	0	0.00000000	1.00000000
14	49	0	0.00000000	1.00000000
14	50	0	0.00000000	1.00000000
14	51	0	0.00000000	1.00000000
14	52	0	0.00000000	1.00000000
14	53	0	0.00000000	1.00000000
14	54	0	0.00000000	1.00000000
14	55	0	0.00000000	1.00000000
14	56	0	0.00000000	1.00000000
14	57	0	0.00000000	1.00000000
14	58	0	0.00000000	1.00000000
14	59	0	0.00000000	1.00000000
14	60	0	0.00000000	1.00000000
14	61	0	0.00000000	1.00000000
14	62	0	0.00000000	1.00000000
14	63	0	0.00000000	1.00000000
14	64	0	0.00000000	1.00000000
14	65	0	0.00000000	1.00000000
14	66	0	0.00000000	1.00000000
14	67	0	0.00000000	1.00000000
14	68	0	0.00000000	1.00000000
14	69	0	0.00000000	1.00000000
14	70	0	0.00000000	1.00000000
14	71	0	0.00000000	1.00000000
14	72	0	0.00000000	1.00000000
14	73	0	0.00000000	1.00000000
14	74	0	0.00000000	1.00000000
14	75	0	0.00000000	1.00000000
14	76	0	0.00000000	1.00000000
14	77	0	0.00000000	1.00000000
14	78	0	0.00000000	1.00000000
14	79	0	0.00000000	1.00000000
14	80	0	0.00000000	1.00000000
14	81	0	0.00000000	1.00000000
14	82	0	0.00000000	1.00000000
14	83	0	0.00000000	1.00000000
14	84	0	0.00000000	1.00000000
14	85	0	0.00000000	1.00000000
14	86	0	0.00000000	1.00000000
14	87	0	0.00000000	1.00000000
14	88	0	0.00000000	1.00000000
14	89	0	0.00000000	1.00000000
14	90	0	0.00000000	1.00000000
14	91	0	0.00000000	1.00000000
14	92	0	0.00000000	1.00000000
14	93	0	0.00000000	1.00000000
14	94	0	0.00000000	1.00000000
14	95	0	0.00000000	1.00000000
14	96	0	0.00000000	1.00000000
14	97	0	0.00000000	1.00000000
14	98	0	0.00000000	1.00000000
14	99	0	0.00000000	1.00000000
14	100	0	0.00000000	1.00000000
14	101	0	0.00000000	1.00000000
14	102	0	0.00000000	1.00000000
14	103	0	0.00000000	1.00000000
14	104	0	0.00000000	1.00000000
14	105	0	0.00000000	1.00000000
14	106	0	0.00000000	1.00000000
14	107	0	0.00000000	1.00000000
14	108	0	0.00000000	1.00000000
14	109	0	0.00000000	1.00000000
14	110	0	0.00000000	1.00000000
14	111	0	0.00000000	1.00000000
14	112	0	0.00000000	1.00000000
14	113	0	0.00000000	1.00000000
14	114	0	0.00000000	1.00000000
14	115	0	0.00000000	1.00000000
14	116	0	0.00000000	1.00000000
14	117	0	0.00000000	1.00000000
14	118	0	0.00000000	1.00000000
14	119	0	0.00000000	1.00000000
14	120	0	0.00000000	1.00000000
14	121	0	0.00000000	1.00000000
14	122	0	0.00000000	1.00000000
14	123	0	0.00000000	1.00000000
14	124	0	0.00000000	1.00000000
14	125	0	0.00000000	1.00000000
14	126	0	0.00000000	1.00000000
14	127	0	0.00000000	1.00000000
14	128	0	0.00000000	1.00000000
14	129	0	0.00000000	1.00000000
14	130	0	0.00000000	1.00000000
14	131	0	0.00000000	1.00000000
14	132	0	0.00000000	1.00000000
14	133	0	0.00000000	1.00000000
14	134	0	0.00000000	1.00000000
14	135	0	0.00000000	1.00000000
14	136	0	0.00000000	1.00000000
14	137	0	0.00000000	1.00000000
14	138	0	0.00000000	1.00000000
14	139	0	0.00000000	1.00000000
14	140	0	0.00000000	1.00000000
14	141	0	0.00000000	1.00000000
14	142	0	0.00000000	1.00000000
14	143	0	0.00000000	1.00000000
14	144	0	0.00000000	1.00000000
14	145	0	0.00000000	1.00000000
14	146	0	0.00000000	1.00000000
14	147	0	0.00000000	1.00000000
14	148	0	0.00000000	1.00000000
14	149	0	0.00000000	1.00000000
14	150	0	0.00000000	1.00000000
14	151	0	0.00000000	1.00000000
14	152	0	0.00000000	1.00000000
14	153	0	0.00000000	1.00000000
14	154	0	0.00000000	1.00000000
14	155	0	0.00000000	1.00000000
14	156	0	0.00000000	1.00000000
14	157	0	0.00000000	1.00000000
14	158	0	0.00000000	1.00000000
14	159	0	0.00000000	1.00000000
14	160	0	0.00000000	1.00000000
14	161	0	0.00000000	1.00000000
14	162	0	0.00000000	1.00000000
14	163	0	0.00000000	1.00000000
14	164	0	0.00000000	1.00000000
14	165	0	0.00000000	1.00000000
14	166	0	0.00000000	1.00000000
14	167	0	0.00000000	1.00000000
14	168	0	0.00000000	1.00000000
14	169	0	0.00000000	1.00000000
14	170	0	0.00000000	1.00000000
14	171	0	0.00000000	1.00000000
14	172	0	0.00000000	1.00000000
14	173	0	0.00000000	1.00000000
14	174	0	0.00000000	1.00000000
14	175	0	0.00000000	1.00000000
14	176	0	0.00000000	1.00000000
14	177	0	0.00000000	1.00000000
14	178	0	0.00000000	1.00000000
14	179	0	0.00000000	1.00000000
14	180	0	0.00000000	1.00000000
14	181	0	0.00000000	1.00000000
14	182	0	0.00000000	1.00000000
14	183	0	0.00000000	1.00000000
14	184	0	0.00000000	1.00000000
14	185	0	0.00000000	1.00000000
14	186	0	0.00000000	1.00000000
14	187	0	0.00000000	1.00000000
14	188	0	0.00000000	1.00000000
14	189	0	0.00000000	1.00000000
14	190	0	0.00000000	1.00000000
14	191	0	0.00000000	1.00000000
14	192	0	0.00000000	1.00000000
14	193	0	0.00000000	1.00000000
14	194	0	0.00000000	1.00000000
14	195	0	0.00000000	1.00000000
14	196	0	0.00000000	1.00000000
14	197	0	0.00000000	1.00000000
14	198	0	0.00000000	1.00000000
14	199	0	0.00000000	1.00000000
14	200	0	0.00000000	1.00000000
14	201	0	0.00000000	1.00000000
14	202	0	0.00000000	1.00000000
14	203	0	0.00000000	1.00000000
14	204	0	0.00000000	1.00000000
14	205	0	0.00000000	1.00000000
14	206	0	0.00000000	1.00000000
14	207	0	0.00000000	1.00000000
14	208	0	0.00000000	1.00000000
14	209	0	0.00000000	1.00000000
14	210	0	0.00000000	1.00000000
14	211	0	0.00000000	1.00000000
15	0	0	0.00000000	1.00000000
15	1	0	0.00000000	1.00000000
15	2	0	0.00000000	1.00000000
15	3	0	0.00000000	1.00000000
15	4	0	0.00000000	1.00000000
15	5	0	0.00000000	1.00000000
15	6	0	0.00000000	1.00000000
15	7	0	0.00000000	1.00000000
15	8	0	0.00000000	1.00000000
15	9	0	0.00000000	1.00000000
15	10	0	0.00000000	1.00000000
15	11	0	0.00000000	1.00000000
15	12	0	0.00000000	1.00000000
15	13	0	0.00000000	1.00000000
15	14	0	0.00000000	1.00000000
15	15	0	0.00000000	1.00000000
15	16	0	0.00000000	1.00000000
15	17	0	0.00000000	1.00000000
15	18	0	0.00000000	1.00000000
15	19	0	0.00000000	1.00000000
15	20	0	0.00000000	1.00000000
15	21	0	0.00000000	1.00000000
15	22	0	0.00000000	1.00000000
15	23	0	0.00000000	1.00000000
15	24	0	0.00000000	1.00000000
15	25	0	0.00000000	1.00000000
15	26	0	0.00000000	1.00000000
15	27	0	0.00000000	1.00000000
15	28	0	0.00000000	1.00000000
15	29	0	0.00000000	1.00000000
15	30	0	0.00000000	1.00000000
15	31	0	0.00000000	1.00000000
15	32	0	0.00000000	1.00000000
15	33	0	0.00000000	1.00000000
15	34	0	0.00000000	1.00000000
15	35	0	0.00000000	1.00000000
15	36	0	0.00000000	1.00000000
15	37	0	0.00000000	1.00000000
15	38	0	0.00000000	1.00000000
15	39	0	0.00000000	1.00000000
15	40	0	0.00000000	1.00000000
15	41	0	0.00000000	1.00000000
15	42	0	0.00000000	1.00000000
15	43	0	0.00000000	1.00000000
15	44	0	0.00000000	1.00000000
15	45	0	0.00000000	1.00000000
15	46	0	0.00000000	1.00000000
15	47	0	0.00000000	1.00000000
15	48	0	0.00000000	1.00000000
15	49	0	0.00000000	1.00000000
15	50	0	0.00000000	1.00000000
15	51	0	0.00000000	1.00000000
15	52	0	0.00000000	1.00000000
15	53	0	0.00000000	1.00000000
15	54	0	0.00000000	1.00000000
15	55	0	0.00000000	1.00000000
15	56	0	0.00000000	1.00000000
15	57	0	0.00000000	1.00000000
15	58	0	0.00000000	1.00000000
15	59	0	0.00000000	1.00000000
15	60	0	0.00000000	1.00000000
15	61	0	0.00000000	1.00000000
15	62	0	0.00000000	1.00000000
15	63	0	0.00000000	1.00000000
15	64	0	0.00000000	1.00000000
15	65	0	0.00000000	1.00000000
15	66	0	0.00000000	1.00000000
15	67	0	0.00000000	1.00000000
15	68	0	0.00000000	1.00000000
15	69	0	0.00000000	1.00000000
15	70	0	0.00000000	1.00000000
15	71	0	0.00000000	1.00000000
15	72	0	0.00000000	1.00000000
15	73	0	0.00000000	1.00000000
15	74	0	0.00000000	1.00000000
15	75	0	0.00000000	1.00000000
15	76	0	0.00000000	1.00000000
15	77	0	0.00000000	1.00000000
15	78	0	0.00000000	1.00000000
15	79	0	0.00000000	1.00000000
15	80	0	0.00000000	1.00000000
15	81	0	0.00000000	1.00000000
15	82	0	0.00000000	1.00000000
15	83	0	0.00000000	1.00000000
15	84	0	0.00000000	1.00000000
15	85	0	0.00000000	1.00000000
15	86	0	0.00000000	1.00000000
15	87	0	0.00000000	1.00000000
15	88	0	0.00000000	1.00000000
15	89	0	0.00000000	1.00000000
15	90	0	0.00000000	1.00000000
15	91	0	0.00000000	1.00000000
15	92	0	0.00000000	1.00000000
15	93	0	0.00000000	1.00000000
15	94	0	0.00000000	1.00000000
15	95	0	0.00000000	1.00000000
15	96	0	0.00000000	1.00000000
15	97	0	0.00000000	1.00000000
15	98	0	0.00000000	1.00000000
15	99	0	0.00000000	1.00000000
15	100	0	0.00000000	1.00000000
15	101	0	0.00000000	1.00000000
15	102	0	0.00000000	1.00000000
15	103	0	0.00000000	1.00000000
15	104	0	0.00000000	1.00000000
15	105	0	0.00000000	1.00000000
15	106	0	0.00000000	1.00000000
15	107	0	0.00000000	1.00000000
15	108	0	0.00000000	1.00000000
15	109	0	0.00000000	1.00000000
15	110	0	0.00000000	1.00000000
15	111	0	0.00000000	1.00000000
15	112	0	0.00000000	1.00000000
15	113	0	0.00000000	1.00000000
15	114	0	0.00000000	1.00000000
15	115	0	0.00000000	1.00000000
15	116	0	0.00000000	1.00000000
15	117	0	0.00000000	1.00000000
15	118	0	0.00000000	1.00000000
15	119	0	0.00000000	1.00000000
15	120	0	0.00000000	1.00000000
15	121	0	0.00000000	1.00000000
15	122	0	0.00000000	1.00000000
15	123	0	0.00000000	1.00000000
15	124	0	0.00000000	1.00000000
15	125	0	0.00000000	1.00000000
15	126	0	0.00000000	1.00000000
15	127	0	0.00000000	1.00000000
15	128	0	0.00000000	1.00000000
15	129	0	0.00000000	1.00000000
15	130	0	0.00000000	1.00000000
15	131	0	0.00000000	1.00000000
15	132	0	0.00000000	1.00000000
15	133	0	0.00000000	1.00000000
15	134	0	0.00000000	1.00000000
15	135	0	0.00000000	1.00000000
15	136	0	0.00000000	1.00000000
15	137	0	0.00000000	1.00000000
15	138	0	0.00000000	1.00000000
15	139	0	0.00000000	1.00000000
15	140	0	0.00000000	1.00000000
15	141	0	0.00000000	1.00000000
15	142	0	0.00000000	1.00000000
15	143	0	0.00000000	1.00000000
15	144	0	0.00000000	1.00000000
15	145	0	0.00000000	1.00000000
15	146	0	0.00000000	1.00000000
15	147	0	0.00000000	1.00000000
15	148	0	0.00000000	1.00000000
15	149	0	0.00000000	1.00000000
15	150	0	0.00000000	1.00000000
15	151	0	0.00000000	1.00000000
15	152	0	0.00000000	1.00000000
15	153	0	0.00000000	1.00000000
15	154	0	0.00000000	1.00000000
15	155	0	0.00000000	1.00000000
15	156	0	0.00000000	1.00000000
15	157	0	0.00000000	1.00000000
15	158	0	0.00000000	1.00000000
15	159	0	0.00000000	1.00000000
15	160	0	0.00000000	1.00000000
15	161	0	0.00000000	1.00000000
15	162	0	0.00000000	1.00000000
15	163	0	0.00000000	1.00000000
15	164	0	0.00000000	1.00000000
15	165	0	0.00000000	1.00000000
15	166	0	0.00000000	1.00000000
15	167	0	0.00000000	1.00000000
15	168	0	0.00000000	1.00000000
15	169	0	0.00000000	1.00000000
15	170	0	0.00000000	1.00000000
15	171	0	0.00000000	1.00000000
15	172	0	0.00000000	1.00000000
15	173	0	0.00000000	1.00000000
15	174	0	0.00000000	1.00000000
15	175	0	0.00000000	1.00000000
15	176	0	0.00000000	1.00000000
15	177	0	0.00000000	1.00000000
15	178	0	0.00000000	1.00000000
15	179	0	0.00000000	1.00000000
15	180	0	0.00000000	1.00000000
15	181	0	0.00000000	1.00000000
15	182	0	0.00000000	1.00000000
15	183	0	0.00000000	1.00000000
15	184	0	0.00000000	1.00000000
15	185	0	0.00000000	1.00000000
15	186	0	0.00000000	1.00000000
15	187	0	0.00000000	1.00000000
15	188	0	0.00000000	1.00000000
15	189	0	0.00000000	1.00000000
15	190	0	0.00000000	1.00000000
15	191	0	0.00000000	1.00000000
15	192	0	0.00000000	1.00000000
15	193	0	0.00000000	1.00000000
15	194	0	0.00000000	1.00000000
15	195	0	0.00000000	1.00000000
15	196	0	0.00000000	1.00000000
15	197	0	0.00000000	1.00000000
15	198	0	0.00000000	1.00000000
15	199	0	0.00000000	1.00000000
15	200	0	0.00000000	1.00000000
15	201	0	0.00000000	1.00000000
15	202	0	0.00000000	1.00000000
15	203	0	0.00000000	1.00000000
15	204	0	0.00000000	1.00000000
15	205	0	0.00000000	1.00000000
15	206	0	0.00000000	1.00000000
15	207	0	0.00000000	1.00000000
15	208	0	0.00000000	1.00000000
15	209	0	0.00000000	1.00000000
15	210	0	0.00000000	1.00000000
15	211	0	0.00000000	1.00000000
15	212	0	0.00000000	1.00000000
15	213	0	0.00000000	1.00000000
16	0	0	0.00000000	1.00000000
16	1	0	0.00000000	1.00000000
16	2	0	0.00000000	1.00000000
16	3	0	0.00000000	1.00000000
16	4	0	0.00000000	1.00000000
16	5	0	0.00000000	1.00000000
16	6	0	0.00000000	1.00000000
16	7	0	0.00000000	1.00000000
16	8	0	0.00000000	1.00000000
16	9	0	0.00000000	1.00000000
16	10	0	0.00000000	1.00000000
16	11	0	0.00000000	1.00000000
16	12	0	0.00000000	1.00000000
16	13	0	0.00000000	1.00000000
16	14	0	0.00000000	1.00000000
16	15	0	0.00000000	1.00000000
16	16	0	0.00000000	1.00000000
16	17	0	0.00000000	1.00000000
16	18	0	0.00000000	1.00000000
16	19	0	0.00000000	1.00000000
16	20	0	0.00000000	1.00000000
16	21	0	0.00000000	1.00000000
16	22	0	0.00000000	1.00000000
16	23	0	0.00000000	1.00000000
16	24	0	0.00000000	1.00000000
16	25	0	0.00000000	1.00000000
16	26	0	0.00000000	1.00000000
16	27	0	0.00000000	1.00000000
16	28	0	0.00000000	1.00000000
16	29	0	0.00000000	1.00000000
16	30	0	0.00000000	1.00000000
16	31	0	0.00000000	1.00000000
16	32	0	0.00000000	1.00000000
16	33	0	0.00000000	1.00000000
16	34	0	0.00000000	1.00000000
16	35	0	0.00000000	1.00000000
16	36	0	0.00000000	1.00000000
16	37	0	0.00000000	1.00000000
16	38	0	0.00000000	1.00000000
16	39	0	0.00000000	1.00000000
16	40	0	0.00000000	1.00000000
16	41	0	0.00000000	1.00000000
16	42	0	0.00000000	1.00000000
16	43	0	0.00000000	1.00000000
16	44	0	0.00000000	1.00000000
16	45	0	0.00000000	1.00000000
16	46	0	0.00000000	1.00000000
16	47	0	0.00000000	1.00000000
16	48	0	0.00000000	1.00000000
16	49	0	0.00000000	1.00000000
16	50	0	0.00000000	1.00000000
16	51	0	0.00000000	1.00000000
16	52	0	0.00000000	1.00000000
16	53	0	0.00000000	1.00000000
16	54	0	0.00000000	1.00000000
16	55	0	0.00000000	1.00000000
16	56	0	0.00000000	1.00000000
16	57	0	0.00000000	1.00000000
16	58	0	0.00000000	1.00000000
16	59	0	0.00000000	1.00000000
16	60	0	0.00000000	1.00000000
16	61	0	0.00000000	1.00000000
16	62	0	0.00000000	1.00000000
16	63	0	0.00000000	1.00000000
16	64	0	0.00000000	1.00000000
16	65	0	0.00000000	1.00000000
16	66	0	0.00000000	1.00000000
16	67	0	0.00000000	1.00000000
16	68	0	0.00000000	1.00000000
16	69	0	0.00000000	1.00000000
16	70	0	0.00000000	1.00000000
16	71	0	0.00000000	1.00000000
16	72	0	0.00000000	1.00000000
16	73	0	0.00000000	1.00000000
16	74	0	0.00000000	1.00000000
16	75	0	0.00000000	1.00000000
16	76	0	0.00000000	1.00000000
16	77	0	0.00000000	1.00000000
16	78	0	0.00000000	1.00000000
16	79	0	0.00000000	1.00000000
16	80	0	0.00000000	1.00000000
16	81	0	0.00000000	1.00000000
16	82	0	0.00000000	1.00000000
16	83	0	0.00000000	1.00000000
16	84	0	0.00000000	1.00000000
16	85	0	0.00000000	1.00000000
16	86	0	0.00000000	1.00000000
16	87	0	0.00000000	1.00000000
16	88	0	0.00000000	1.00000000
16	89	0	0.00000000	1.00000000
16	90	0	0.00000000	1.00000000
16	91	0	0.00000000	1.00000000
16	92	0	0.00000000	1.00000000
16	93	0	0.00000000	1.00000000
16	94	0	0.00000000	1.00000000
16	95	0	0.00000000	1.00000000
16	96	0	0.00000000	1.00000000
16	97	0	0.00000000	1.00000000
16	98	0	0.00000000	1.00000000
16	99	0	0.00000000	1.00000000
16	100	0	0.00000000	1.00000000
16	101	0	0.00000000	1.00000000
16	102	0	0.00000000	1.00000000
16	103	0	0.00000000	1.00000000
16	104	0	0.00000000	1.00000000
16	105	0	0.00000000	1.00000000
16	106	0	0.00000000	1.00000000
16	107	0	0.00000000	1.00000000
16	108	0	0.00000000	1.00000000
16	109	0	0.00000000	1.00000000
16	110	0	0.00000000	1.00000000
16	111	0	0.00000000	1.00000000
16	112	0	0.00000000	1.00000000
16	113	0	0.00000000	1.00000000
16	114	0	0.00000000	1.00000000
16	115	0	0.00000000	1.00000000
16	116	0	0.00000000	1.00000000
16	117	0	0.00000000	1.00000000
16	118	0	0.00000000	1.00000000
16	119	0	0.00000000	1.00000000
16	120	0	0.00000000	1.00000000
16	121	0	0.00000000	1.00000000
16	122	0	0.00000000	1.00000000
16	123	0	0.00000000	1.00000000
16	124	0	0.00000000	1.00000000
16	125	0	0.00000000	1.00000000
16	126	0	0.00000000	1.00000000
16	127	0	0.00000000	1.00000000
16	128	0	0.00000000	1.00000000
16	129	0	0.00000000	1.00000000
16	130	0	0.00000000	1.00000000
16	131	0	0.00000000	1.00000000
16	132	0	0.00000000	1.00000000
16	133	0	0.00000000	1.00000000
16	134	0	0.00000000	1.00000000
16	135	0	0.00000000	1.00000000
16	136	0	0.00000000	1.00000000
16	137	0	0.00000000	1.00000000
16	138	0	0.00000000	1.00000000
16	139	0	0.00000000	1.00000000
16	140	0	0.00000000	1.00000000
16	141	0	0.00000000	1.00000000
16	142	0	0.00000000	1.00000000
16	143	0	0.00000000	1.00000000
16	144	0	0.00000000	1.00000000
16	145	0	0.00000000	1.00000000
16	146	0	0.00000000	1.00000000
16	147	0	0.00000000	1.00000000
16	148	0	0.00000000	1.00000000
16	149	0	0.00000000	1.00000000
16	150	0	0.00000000	1.00000000
16	151	0	0.00000000	1.00000000
16	152	0	0.00000000	1.00000000
16	153	0	0.00000000	1.00000000
16	154	0	0.00000000	1.00000000
16	155	0	0.00000000	1.00000000
16	156	0	0.00000000	1.00000000
16	157	0	0.00000000	1.00000000
16	158	0	0.00000000	1.00000000
16	159	0	0.00000000	1.00000000
16	160	0	0.00000000	1.00000000
16	161	0	0.00000000	1.00000000
16	162	0	0.00000000	1.00000000
16	163	0	0.00000000	1.00000000
16	164	0	0.00000000	1.00000000
16	165	0	0.00000000	1.00000000
16	166	0	0.00000000	1.00000000
16	167	0	0.00000000	1.00000000
16	168	0	0.00000000	1.00000000
16	169	0	0.00000000	1.00000000
16	170	0	0.00000000	1.00000000
16	171	0	0.00000000	1.00000000
16	172	0	0.00000000	1.00000000
16	173	0	0.00000000	1.00000000
16	174	0	0.00000000	1.00000000
16	175	0	0.00000000	1.00000000
16	176	0	0.00000000	1.00000000
16	177	0	0.00000000	1.00000000
16	178	0	0.00000000	1.00000000
16	179	0	0.00000000	1.00000000
16	180	0	0.00000000	1.00000000
16	181	0	0.00000000	1.00000000
16	182	0	0.00000000	1.00000000
16	183	0	0.00000000	1.00000000
16	184	0	0.00000000	1.00000000
16	185	0	0.00000000	1.00000000
16	186	0	0.00000000	1.00000000
16	187	0	0.00000000	1.00000000
16	188	0	0.00000000	1.00000000
16	189	0	0.00000000	1.00000000
16	190	0	0.00000000	1.00000000
16	191	0	0.00000000	1.00000000
16	192	0	0.00000000	1.00000000
16	193	0	0.00000000	1.00000000
16	194	0	0.00000000	1.00000000
16	195	0	0.00000000	1.00000000
16	196	0	0.00000000	1.00000000
16	197	0	0.00000000	1.00000000
16	198	0	0.00000000	1.00000000
16	199	0	0.00000000	1.00000000
16	200	0	0.00000000	1.00000000
16	201	0	0.00000000	1.00000000
16	202	0	0.00000000	1.00000000
16	203	0	0.00000000	1.00000000
16	204	0	0.00000000	1.00000000
16	205	0	0.00000000	1.00000000
16	206	0	0.00000000	1.00000000
16	207	0	0.00000000	1.00000000
16	208	0	0.00000000	1.00000000
16	209	0	0.00000000	1.00000000
16	210	0	0.00000000	1.00000000
16	211	0	0.00000000	1.00000000
16	212	0	0.00000000	1.00000000
16	213	0	0.00000000	1.00000000
16	214	0	0.00000000	1.00000000
16	215	0	0.00000000	1.00000000
16	216	0	0.00000000	1.00000000
16	217	0	0.00000000	1.00000000
16	218	0	0.00000000	1.00000000
16	219	0	0.00000000	1.00000000
17	0	0	0.00000000	1.00000000
17	1	0	0.00000000	1.00000000
17	2	0	0.00000000	1.00000000
17	3	0	0.00000000	1.00000000
17	4	0	0.00000000	1.00000000
17	5	0	0.00000000	1.00000000
17	6	0	0.00000000	1.00000000
17	7	0	0.00000000	1.00000000
17	8	0	0.00000000	1.00000000
17	9	0	0.00000000	1.00000000
17	10	0	0.00000000	1.00000000
17	11	0	0.00000000	1.00000000
17	12	0	0.00000000	1.00000000
17	13	0	0.00000000	1.00000000
17	14	0	0.00000000	1.00000000
17	15	0	0.00000000	1.00000000
17	16	0	0.00000000	1.00000000
17	17	0	0.00000000	1.00000000
17	18	0	0.00000000	1.00000000
17	19	0	0.00000000	1.00000000
17	20	0	0.00000000	1.00000000
17	21	0	0.00000000	1.00000000
17	22	0	0.00000000	1.00000000
17	23	0	0.00000000	1.00000000
17	24	0	0.00000000	1.00000000
17	25	0	0.00000000	1.00000000
17	26	0	0.00000000	1.00000000
17	27	0	0.00000000	1.00000000
17	28	0	0.00000000	1.00000000
17	29	0	0.00000000	1.00000000
17	30	0	0.00000000	1.00000000
17	31	0	0.00000000	1.00000000
17	32	0	0.00000000	1.00000000
17	33	0	0.00000000	1.00000000
17	34	0	0.00000000	1.00000000
17	35	0	0.00000000	1.00000000
17	36	0	0.00000000	1.00000000
17	37	0	0.00000000	1.00000000
17	38	0	0.00000000	1.00000000
17	39	0	0.00000000	1.00000000
17	40	0	0.00000000	1.00000000
17	41	0	0.00000000	1.00000000
17	42	0	0.00000000	1.00000000
17	43	0	0.00000000	1.00000000
17	44	0	0.00000000	1.00000000
17	45	0	0.00000000	1.00000000
17	46	0	0.00000000	1.00000000
17	47	0	0.00000000	1.00000000
17	48	0	0.00000000	1.00000000
17	49	0	0.00000000	1.00000000
17	50	0	0.00000000	1.00000000
17	51	0	0.00000000	1.00000000
17	52	0	0.00000000	1.00000000
17	53	0	0.00000000	1.00000000
17	54	0	0.00000000	1.00000000
17	55	0	0.00000000	1.00000000
17	56	0	0.00000000	1.00000000
17	57	0	0.00000000	1.00000000
17	58	0	0.00000000	1.00000000
17	59	0	0.00000000	1.00000000
17	60	0	0.00000000	1.00000000
17	61	0	0.00000000	1.00000000
17	62	0	0.00000000	1.00000000
17	63	0	0.00000000	1.00000000
17	64	0	0.00000000	1.00000000
17	65	0	0.00000000	1.00000000
17	66	0	0.00000000	1.00000000
17	67	0	0.00000000	1.00000000
17	68	0	0.00000000	1.00000000
17	69	0	0.00000000	1.00000000
17	70	0	0.00000000	1.00000000
17	71	0	0.00000000	1.00000000
17	72	0	0.00000000	1.00000000
17	73	0	0.00000000	1.00000000
17	74	0	0.00000000	1.00000000
17	75	0	0.00000000	1.00000000
17	76	0	0.00000000	1.00000000
17	77	0	0.00000000	1.00000000
17	78	0	0.00000000	1.00000000
17	79	0	0.00000000	1.00000000
17	80	0	0.00000000	1.00000000
17	81	0	0.00000000	1.00000000
17	82	0	0.00000000	1.00000000
17	83	0	0.00000000	1.00000000
17	84	0	0.00000000	1.00000000
17	85	0	0.00000000	1.00000000
17	86	0	0.00000000	1.00000000
17	87	0	0.00000000	1.00000000
17	88	0	0.00000000	1.00000000
17	89	0	0.00000000	1.00000000
17	90	0	0.00000000	1.00000000
17	91	0	0.00000000	1.00000000
17	92	0	0.00000000	1.00000000
17	93	0	0.00000000	1.00000000
17	94	0	0.00000000	1.00000000
17	95	0	0.00000000	1.00000000
17	96	0	0.00000000	1.00000000
17	97	0	0.00000000	1.00000000
17	98	0	0.00000000	1.00000000
17	99	0	0.00000000	1.00000000
17	100	0	0.00000000	1.00000000
17	101	0	0.00000000	1.00000000
17	102	0	0.00000000	1.00000000
17	103	0	0.00000000	1.00000000
17	104	0	0.00000000	1.00000000
17	105	0	0.00000000	1.00000000
17	106	0	0.00000000	1.00000000
17	107	0	0.00000000	1.00000000
17	108	0	0.00000000	1.00000000
17	109	0	0.00000000	1.00000000
17	110	0	0.00000000	1.00000000
17	111	0	0.00000000	1.00000000
17	112	0	0.00000000	1.00000000
17	113	0	0.00000000	1.00000000
17	114	0	0.00000000	1.00000000
17	115	0	0.00000000	1.00000000
17	116	0	0.00000000	1.00000000
17	117	0	0.00000000	1.00000000
17	118	0	0.00000000	1.00000000
17	119	0	0.00000000	1.00000000
17	120	0	0.00000000	1.00000000
17	121	0	0.00000000	1.00000000
17	122	0	0.00000000	1.00000000
17	123	0	0.00000000	1.00000000
17	124	0	0.00000000	1.00000000
17	125	0	0.00000000	1.00000000
17	126	0	0.00000000	1.00000000
17	127	0	0.00000000	1.00000000
17	128	0	0.00000000	1.00000000
17	129	0	0.00000000	1.00000000
17	130	0	0.00000000	1.00000000
17	131	0	0.00000000	1.00000000
17	132	0	0.00000000	1.00000000
17	133	0	0.00000000	1.00000000
17	134	0	0.00000000	1.00000000
17	135	0	0.00000000	1.00000000
17	136	0	0.00000000	1.00000000
17	137	0	0.00000000	1.00000000
17	138	0	0.00000000	1.00000000
17	139	0	0.00000000	1.00000000
17	140	0	0.00000000	1.00000000
17	141	0	0.00000000	1.00000000
17	142	0	0.00000000	1.00000000
17	143	0	0.00000000	1.00000000
17	144	0	0.00000000	1.00000000
17	145	0	0.00000000	1.00000000
17	146	0	0.00000000	1.00000000
17	147	0	0.00000000	1.00000000
17	148	0	0.00000000	1.00000000
17	149	0	0.00000000	1.00000000
17	150	0	0.00000000	1.00000000
17	151	0	0.00000000	1.00000000
17	152	0	0.00000000	1.00000000
17	153	0	0.00000000	1.00000000
17	154	0	0.00000000	1.00000000
17	155	0	0.00000000	1.00000000
17	156	0	0.00000000	1.00000000
17	157	0	0.00000000	1.00000000
17	158	0	0.00000000	1.00000000
17	159	0	0.00000000	1.00000000
17	160	0	0.00000000	1.00000000
17	161	0	0.00000000	1.00000000
17	162	0	0.00000000	1.00000000
17	163	0	0.00000000	1.00000000
17	164	0	0.00000000	1.00000000
17	165	0	0.00000000	1.00000000
17	166	0	0.00000000	1.00000000
17	167	0	0.00000000	1.00000000
17	168	0	0.00000000	1.00000000
17	169	0	0.00000000	1.00000000
17	170	0	0.00000000	1.00000000
17	171	0	0.00000000	1.00000000
17	172	0	0.00000000	1.00000000
17	173	0	0.00000000	1.00000000
17	174	0	0.00000000	1.00000000
17	175	0	0.00000000	1.00000000
17	176	0	0.00000000	1.00000000
17	177	0	0.00000000	1.00000000
17	178	0	0.00000000	1.00000000
17	179	0	0.00000000	1.00000000
17	180	0	0.00000000	1.00000000
17	181	0	0.00000000	1.00000000
17	182	0	0.00000000	1.00000000
17	183	0	0.00000000	1.00000000
17	184	0	0.00000000	1.00000000
17	185	0	0.00000000	1.00000000
17	186	0	0.00000000	1.00000000
17	187	0	0.00000000	1.00000000
17	188	0	0.00000000	1.00000000
17	189	0	0.00000000	1.00000000
17	190	0	0.00000000	1.00000000
17	191	0	0.00000000	1.00000000
17	192	0	0.00000000	1.00000000
17	193	0	0.00000000	1.00000000
17	194	0	0.00000000	1.00000000
17	195	0	0.00000000	1.00000000
17	196	0	0.00000000	1.00000000
17	197	0	0.00000000	1.00000000
17	198	0	0.00000000	1.00000000
17	199	0	0.00000000	1.00000000
17	200	0	0.00000000	1.00000000
17	201	0	0.00000000	1.00000000
17	202	0	0.00000000	1.00000000
17	203	0	0.00000000	1.00000000
17	204	0	0.00000000	1.00000000
17	205	0	0.00000000	1.00000000
17	206	0	0.00000000	1.00000000
17	207	0	0.00000000	1.00000000
17	208	0	0.00000000	1.00000000
17	209	0	0.00000000	1.00000000
17	210	0	0.00000000	1.00000000
17	211	0	0.00000000	1.00000000
17	212	0	0.00000000	1.00000000
17	213	0	0.00000000	1.00000000
17	214	0	0.00000000	1.00000000
17	215	0	0.00000000	1.00000000
17	216	0	0.00000000	1.00000000
17	217	0	0.00000000	1.00000000
17	218	0	0.00000000	1.00000000
17	219	0	0.00000000	1.00000000
17	220	0	0.00000000	1.00000000
17	221	0	0.00000000	1.00000000
17	222	0	0.00000000	1.00000000
17	223	0	0.00000000	1.00000000
18	0	0	0.00000000	1.00000000
18	1	0	0.00000000	1.00000000
18	2	0	0.00000000	1.00000000
18	3	0	0.00000000	1.00000000
18	4	0	0.00000000	1.00000000
18	5	0	0.00000000	1.00000000
18	6	0	0.00000000	1.00000000
18	7	0	0.00000000	1.00000000
18	8	0	0.00000000	1.00000000
18	9	0	0.00000000	1.00000000
18	10	0	0.00000000	1.00000000
18	11	0	0.00000000	1.00000000
18	12	0	0.00000000	1.00000000
18	13	0	0.00000000	1.00000000
18	14	0	0.00000000	1.00000000
18	15	0	0.00000000	1.00000000
18	16	0	0.00000000	1.00000000
18	17	0	0.00000000	1.00000000
18	18	0	0.00000000	1.00000000
18	19	0	0.00000000	1.00000000
18	20	0	0.00000000	1.00000000
18	21	0	0.00000000	1.00000000
18	22	0	0.00000000	1.00000000
18	23	0	0.00000000	1.00000000
18	24	0	0.00000000	1.00000000
18	25	0	0.00000000	1.00000000
18	26	0	0.00000000	1.00000000
18	27	0	0.00000000	1.00000000
18	28	0	0.00000000	1.00000000
18	29	0	0.00000000	1.00000000
18	30	0	0.00000000	1.00000000
18	31	0	0.00000000	1.00000000
18	32	0	0.00000000	1.00000000
18	33	0	0.00000000	1.00000000
18	34	0	0.00000000	1.00000000
18	35	0	0.00000000	1.00000000
18	36	0	0.00000000	1.00000000
18	37	0	0.00000000	1.00000000
18	38	0	0.00000000	1.00000000
18	39	0	0.00000000	1.00000000
18	40	0	0.00000000	1.00000000
18	41	0	0.00000000	1.00000000
18	42	0	0.00000000	1.00000000
18	43	0	0.00000000	1.00000000
18	44	0	0.00000000	1.00000000
18	45	0	0.00000000	1.00000000
18	46	0	0.00000000	1.00000000
18	47	0	0.00000000	1.00000000
18	48	0	0.00000000	1.00000000
18	49	0	0.00000000	1.00000000
18	50	0	0.00000000	1.00000000
18	51	0	0.00000000	1.00000000
18	52	0	0.00000000	1.00000000
18	53	0	0.00000000	1.00000000
18	54	0	0.00000000	1.00000000
18	55	0	0.00000000	1.00000000
18	56	0	0.00000000	1.00000000
18	57	0	0.00000000	1.00000000
18	58	0	0.00000000	1.00000000
18	59	0	0.00000000	1.00000000
18	60	0	0.00000000	1.00000000
18	61	0	0.00000000	1.00000000
18	62	0	0.00000000	1.00000000
18	63	0	0.00000000	1.00000000
18	64	0	0.00000000	1.00000000
18	65	0	0.00000000	1.00000000
18	66	0	0.00000000	1.00000000
18	67	0	0.00000000	1.00000000
18	68	0	0.00000000	1.00000000
18	69	0	0.00000000	1.00000000
18	70	0	0.00000000	1.00000000
18	71	0	0.00000000	1.00000000
18	72	0	0.00000000	1.00000000
18	73	0	0.00000000	1.00000000
18	74	0	0.00000000	1.00000000
18	75	0	0.00000000	1.00000000
18	76	0	0.00000000	1.00000000
18	77	0	0.00000000	1.00000000
18	78	0	0.00000000	1.00000000
18	79	0	0.00000000	1.00000000
18	80	0	0.00000000	1.00000000
18	81	0	0.00000000	1.00000000
18	82	0	0.00000000	1.00000000
18	83	0	0.00000000	1.00000000
18	84	0	0.00000000	1.00000000
18	85	0	0.00000000	1.00000000
18	86	0	0.00000000	1.00000000
18	87	0	0.00000000	1.00000000
18	88	0	0.00000000	1.00000000
18	89	0	0.00000000	1.00000000
18	90	0	0.00000000	1.00000000
18	91	0	0.00000000	1.00000000
18	92	0	0.00000000	1.00000000
18	93	0	0.00000000	1.00000000
18	94	0	0.00000000	1.00000000
18	95	0	0.00000000	1.00000000
18	96	0	0.00000000	1.00000000
18	97	0	0.00000000	1.00000000
18	98	0	0.00000000	1.00000000
18	99	0	0.00000000	1.00000000
18	100	0	0.00000000	1.00000000
18	101	0	0.00000000	1.00000000
18	102	0	0.00000000	1.00000000
18	103	0	0.00000000	1.00000000
18	104	0	0.00000000	1.00000000
18	105	0	0.00000000	1.00000000
18	106	0	0.00000000	1.00000000
18	107	0	0.00000000	1.00000000
18	108	0	0.00000000	1.00000000
18	109	0	0.00000000	1.00000000
18	110	0	0.00000000	1.00000000
18	111	0	0.00000000	1.00000000
18	112	0	0.00000000	1.00000000
18	113	0	0.00000000	1.00000000
18	114	0	0.00000000	1.00000000
18	115	0	0.00000000	1.00000000
18	116	0	0.00000000	1.00000000
18	117	0	0.00000000	1.00000000
18	118	0	0.00000000	1.00000000
18	119	0	0.00000000	1.00000000
18	120	0	0.00000000	1.00000000
18	121	0	0.00000000	1.00000000
18	122	0	0.00000000	1.00000000
18	123	0	0.00000000	1.00000000
18	124	0	0.00000000	1.00000000
18	125	0	0.00000000	1.00000000
18	126	0	0.00000000	1.00000000
18	127	0	0.00000000	1.00000000
18	128	0	0.00000000	1.00000000
18	129	0	0.00000000	1.00000000
18	130	0	0.00000000	1.00000000
18	131	0	0.00000000	1.00000000
18	132	0	0.00000000	1.00000000
18	133	0	0.00000000	1.00000000
18	134	0	0.00000000	1.00000000
18	135	0	0.00000000	1.00000000
18	136	0	0.00000000	1.00000000
18	137	0	0.00000000	1.00000000
18	138	0	0.00000000	1.00000000
18	139	0	0.00000000	1.00000000
18	140	0	0.00000000	1.00000000
18	141	0	0.00000000	1.00000000
18	142	0	0.00000000	1.00000000
18	143	0	0.00000000	1.00000000
18	144	0	0.00000000	1.00000000
18	145	0	0.00000000	1.00000000
18	146	0	0.00000000	1.00000000
18	147	0	0.00000000	1.00000000
18	148	0	0.00000000	1.00000000
18	149	0	0.00000000	1.00000000
18	150	0	0.00000000	1.00000000
18	151	0	0.00000000	1.00000000
18	152	0	0.00000000	1.00000000
18	153	0	0.00000000	1.00000000
18	154	0	0.00000000	1.00000000
18	155	0	0.00000000	1.00000000
18	156	0	0.00000000	1.00000000
18	157	0	0.00000000	1.00000000
18	158	0	0.00000000	1.00000000
18	159	0	0.00000000	1.00000000
18	160	0	0.00000000	1.00000000
18	161	0	0.00000000	1.00000000
18	162	0	0.00000000	1.00000000
18	163	0	0.00000000	1.00000000
18	164	0	0.00000000	1.00000000
18	165	0	0.00000000	1.00000000
18	166	0	0.00000000	1.00000000
18	167	0	0.00000000	1.00000000
18	168	0	0.00000000	1.00000000
18	169	0	0.00000000	1.00000000
18	170	0	0.00000000	1.00000000
18	171	0	0.00000000	1.00000000
18	172	0	0.00000000	1.00000000
18	173	0	0.00000000	1.00000000
18	174	0	0.00000000	1.00000000
18	175	0	0.00000000	1.00000000
18	176	0	0.00000000	1.00000000
18	177	0	0.00000000	1.00000000
18	178	0	0.00000000	1.00000000
18	179	0	0.00000000	1.00000000
18	180	0	0.00000000	1.00000000
18	181	0	0.00000000	1.00000000
18	182	0	0.00000000	1.00000000
18	183	0	0.00000000	1.00000000
18	184	0	0.00000000	1.00000000
18	185	0	0.00000000	1.00000000
18	186	0	0.00000000	1.00000000
18	187	0	0.00000000	1.00000000
18	188	0	0.00000000	1.00000000
18	189	0	0.00000000	1.00000000
18	190	0	0.00000000	1.00000000
18	191	0	0.00000000	1.00000000
18	192	0	0.00000000	1.00000000
18	193	0	0.00000000	1.00000000
18	194	0	0.00000000	1.00000000
18	195	0	0.00000000	1.00000000
18	196	0	0.00000000	1.00000000
18	197	0	0.00000000	1.00000000
18	198	0	0.00000000	1.00000000
18	199	0	0.00000000	1.00000000
18	200	0	0.00000000	1.00000000
18	201	0	0.00000000	1.00000000
18	202	0	0.00000000	1.00000000
18	203	0	0.00000000	1.00000000
18	204	0	0.00000000	1.00000000
18	205	0	0.00000000	1.00000000
18	206	0	0.00000000	1.00000000
18	207	0	0.00000000	1.00000000
18	208	0	0.00000000	1.00000000
18	209	0	0.00000000	1.00000000
18	210	0	0.00000000	1.00000000
18	211	0	0.00000000	1.00000000
18	212	0	0.00000000	1.00000000
18	213	0	0.00000000	1.00000000
18	214	0	0.00000000	1.00000000
18	215	0	0.00000000	1.00000000
18	216	0	0.00000000	1.00000000
18	217	0	0.00000000	1.00000000
18	218	0	0.00000000	1.00000000
18	219	0	0.00000000	1.00000000
18	220	0	0.00000000	1.00000000
18	221	0	0.00000000	1.00000000
18	222	0	0.00000000	1.00000000
18	223	0	0.00000000	1.00000000
18	224	0	0.00000000	1.00000000
18	225	0	0.00000000	1.00000000
18	226	0	0.00000000	1.00000000
18	227	0	0.00000000	1.00000000
18	228	0	0.00000000	1.00000000
18	229	0	0.00000000	1.00000000
18	230	0	0.00000000	1.00000000
18	231	0	0.00000000	1.00000000
19	0	0	0.00000000	1.00000000
19	1	0	0.00000000	1.00000000
19	2	0	0.00000000	1.00000000
19	3	0	0.00000000	1.00000000
19	4	0	0.00000000	1.00000000
19	5	0	0.00000000	1.00000000
19	6	0	0.00000000	1.00000000
19	7	0	0.00000000	1.00000000
19	8	0	0.00000000	1.00000000
19	9	0	0.00000000	1.00000000
19	10	0	0.00000000	1.00000000
19	11	0	0.00000000	1.00000000
19	12	0	0.00000000	1.00000000
19	13	0	0.00000000	1.00000000
19	14	0	0.00000000	1.00000000
19	15	0	0.00000000	1.00000000
19	16	0	0.00000000	1.00000000
19	17	0	0.00000000	1.00000000
19	18	0	0.00000000	1.00000000
19	19	0	0.00000000	1.00000000
19	20	0	0.00000000	1.00000000
19	21	0	0.00000000	1.00000000
19	22	0	0.00000000	1.00000000
19	23	0	0.00000000	1.00000000
19	24	0	0.00000000	1.00000000
19	25	0	0.00000000	1.00000000
19	26	0	0.00000000	1.00000000
19	27	0	0.00000000	1.00000000
19	28	0	0.00000000	1.00000000
19	29	0	0.00000000	1.00000000
19	30	0	0.00000000	1.00000000
19	31	0	0.00000000	1.00000000
19	32	0	0.00000000	1.00000000
19	33	0	0.00000000	1.00000000
19	34	0	0.00000000	1.00000000
19	35	0	0.00000000	1.00000000
19	36	0	0.00000000	1.00000000
19	37	0	0.00000000	1.00000000
19	38	0	0.00000000	1.00000000
19	39	0	0.00000000	1.00000000
19	40	0	0.00000000	1.00000000
19	41	0	0.00000000	1.00000000
19	42	0	0.00000000	1.00000000
19	43	0	0.00000000	1.00000000
19	44	0	0.00000000	1.00000000
19	45	0	0.00000000	1.00000000
19	46	0	0.00000000	1.00000000
19	47	0	0.00000000	1.00000000
19	48	0	0.00000000	1.00000000
19	49	0	0.00000000	1.00000000
19	50	0	0.00000000	1.00000000
19	51	0	0.00000000	1.00000000
19	52	0	0.00000000	1.00000000
19	53	0	0.00000000	1.00000000
19	54	0	0.00000000	1.00000000
19	55	0	0.00000000	1.00000000
19	56	0	0.00000000	1.00000000
19	57	0	0.00000000	1.00000000
19	58	0	0.00000000	1.00000000
19	59	0	0.00000000	1.00000000
19	60	0	0.00000000	1.00000000
19	61	0	0.00000000	1.00000000
19	62	0	0.00000000	1.00000000
19	63	0	0.00000000	1.00000000
19	64	0	0.00000000	1.00000000
19	65	0	0.00000000	1.00000000
19	66	0	0.00000000	1.00000000
19	67	0	0.00000000	1.00000000
19	68	0	0.00000000	1.00000000
19	69	0	0.00000000	1.00000000
19	70	0	0.00000000	1.00000000
19	71	0	0.00000000	1.00000000
19	72	0	0.00000000	1.00000000
19	73	0	0.00000000	1.00000000
19	74	0	0.00000000	1.00000000
19	75	0	0.00000000	1.00000000
19	76	0	0.00000000	1.00000000
19	77	0	0.00000000	1.00000000
19	78	0	0.00000000	1.00000000
19	79	0	0.00000000	1.00000000
19	80	0	0.00000000	1.00000000
19	81	0	0.00000000	1.00000000
19	82	0	0.00000000	1.00000000
19	83	0	0.00000000	1.00000000
19	84	0	0.00000000	1.00000000
19	85	0	0.00000000	1.00000000
19	86	0	0.00000000	1.00000000
19	87	0	0.00000000	1.00000000
19	88	0	0.00000000	1.00000000
19	89	0	0.00000000	1.00000000
19	90	0	0.00000000	1.00000000
19	91	0	0.00000000	1.00000000
19	92	0	0.00000000	1.00000000
19	93	0	0.00000000	1.00000000
19	94	0	0.00000000	1.00000000
19	95	0	0.00000000	1.00000000
19	96	0	0.00000000	1.00000000
19	97	0	0.00000000	1.00000000
19	98	0	0.00000000	1.00000000
19	99	0	0.00000000	1.00000000
19	100	0	0.00000000	1.00000000
19	101	0	0.00000000	1.00000000
19	102	0	0.00000000	1.00000000
19	103	0	0.00000000	1.00000000
19	104	0	0.00000000	1.00000000
19	105	0	0.00000000	1.00000000
19	106	0	0.00000000	1.00000000
19	107	0	0.00000000	1.00000000
19	108	0	0.00000000	1.00000000
19	109	0	0.00000000	1.00000000
19	110	0	0.00000000	1.00000000
19	111	0	0.00000000	1.00000000
19	112	0	0.00000000	1.00000000
19	113	0	0.00000000	1.00000000
19	114	0	0.00000000	1.00000000
19	115	0	0.00000000	1.00000000
19	116	0	0.00000000	1.00000000
19	117	0	0.00000000	1.00000000
19	118	0	0.00000000	1.00000000
19	119	0	0.00000000	1.00000000
19	120	0	0.00000000	1.00000000
19	121	0	0.00000000	1.00000000
19	122	0	0.00000000	1.00000000
19	123	0	0.00000000	1.00000000
19	124	0	0.00000000	1.00000000
19	125	0	0.00000000	1.00000000
19	126	0	0.00000000	1.00000000
19	127	0	0.00000000	1.00000000
19	128	0	0.00000000	1.00000000
19	129	0	0.00000000	1.00000000
19	130	0	0.00000000	1.00000000
19	131	0	0.00000000	1.00000000
19	132	0	0.00000000	1.00000000
19	133	0	0.00000000	1.00000000
19	134	0	0.00000000	1.00000000
19	135	0	0.00000000	1.00000000
19	136	0	0.00000000	1.00000000
19	137	0	0.00000000	1.00000000
19	138	0	0.00000000	1.00000000
19	139	0	0.00000000	1.00000000
19	140	0	0.00000000	1.00000000
19	141	0	0.00000000	1.00000000
19	142	0	0.00000000	1.00000000
19	143	0	0.00000000	1.00000000
19	144	0	0.00000000	1.00000000
19	145	0	0.00000000	1.00000000
19	146	0	0.00000000	1.00000000
19	147	0	0.00000000	1.00000000
19	148	0	0.00000000	1.00000000
19	149	0	0.00000000	1.00000000
19	150	0	0.00000000	1.00000000
19	151	0	0.00000000	1.00000000
19	152	0	0.00000000	1.00000000
19	153	0	0.00000000	1.00000000
19	154	0	0.00000000	1.00000000
19	155	0	0.00000000	1.00000000
19	156	0	0.00000000	1.00000000
19	157	0	0.00000000	1.00000000
19	158	0	0.00000000	1.00000000
19	159	0	0.00000000	1.00000000
19	160	0	0.00000000	1.00000000
19	161	0	0.00000000	1.00000000
19	162	0	0.00000000	1.00000000
19	163	0	0.00000000	1.00000000
19	164	0	0.00000000	1.00000000
19	165	0	0.00000000	1.00000000
19	166	0	0.00000000	1.00000000
19	167	0	0.00000000	1.00000000
19	168	0	0.00000000	1.00000000
19	169	0	0.00000000	1.00000000
19	170	0	0.00000000	1.00000000
19	171	0	0.00000000	1.00000000
19	172	0	0.00000000	1.00000000
19	173	0	0.00000000	1.00000000
19	174	0	0.00000000	1.00000000
19	175	0	0.00000000	1.00000000
19	176	0	0.00000000	1.00000000
19	177	0	0.00000000	1.00000000
19	178	0	0.00000000	1.00000000
19	179	0	0.00000000	1.00000000
19	180	0	0.00000000	1.00000000
19	181	0	0.00000000	1.00000000
19	182	0	0.00000000	1.00000000
19	183	0	0.00000000	1.00000000
19	184	0	0.00000000	1.00000000
19	185	0	0.00000000	1.00000000
19	186	0	0.00000000	1.00000000
19	187	0	0.00000000	1.00000000
19	188	0	0.00000000	1.00000000
19	189	0	0.00000000	1.00000000
19	190	0	0.00000000	1.00000000
19	191	0	0.00000000	1.00000000
19	192	0	0.00000000	1.00000000
19	193	0	0.00000000	1.00000000
19	194	0	0.00000000	1.00000000
19	195	0	0.00000000	1.00000000
19	196	0	0.00000000	1.00000000
19	197	0	0.00000000	1.00000000
19	198	0	0.00000000	1.00000000
19	199	0	0.00000000	1.00000000
19	200	0	0.00000000	1.00000000
19	201	0	0.00000000	1.00000000
19	202	0	0.00000000	1.00000000
19	203	0	0.00000000	1.00000000
19	204	0	0.00000000	1.00000000
19	205	0	0.00000000	1.00000000
19	206	0	0.00000000	1.00000000
19	207	0	0.00000000	1.00000000
19	208	0	0.00000000	1.00000000
19	209	0	0.00000000	1.00000000
19	210	0	0.00000000	1.00000000
19	211	0	0.00000000	1.00000000
19	212	0	0.00000000	1.00000000
19	213	0	0.00000000	1.00000000
19	214	0	0.00000000	1.00000000
19	215	0	0.00000000	1.00000000
19	216	0	0.00000000	1.00000000
19	217	0	0.00000000	1.00000000
19	218	0	0.00000000	1.00000000
19	219	0	0.00000000	1.00000000
19	220	0	0.00000000	1.00000000
19	221	0	0.00000000	1.00000000
19	222	0	0.00000000	1.00000000
19	223	0	0.00000000	1.00000000
19	224	0	0.00000000	1.00000000
19	225	0	0.00000000	1.00000000
19	226	0	0.00000000	1.00000000
19	227	0	0.00000000	1.00000000
19	228	0	0.00000000	1.00000000
19	229	0	0.00000000	1.00000000
19	230	0	0.00000000	1.00000000
19	231	0	0.00000000	1.00000000
19	232	0	0.00000000	1.00000000
19	233	0	0.00000000	1.00000000
19	234	0	0.00000000	1.00000000
19	235	0	0.00000000	1.00000000
19	236	0	0.00000000	1.00000000
19	237	0	0.00000000	1.00000000
20	0	0	0.00000000	1.00000000
20	1	0	0.00000000	1.00000000
20	2	0	0.00000000	1.00000000
20	3	0	0.00000000	1.00000000
20	4	0	0.00000000	1.00000000
20	5	0	0.00000000	1.00000000
20	6	0	0.00000000	1.00000000
20	7	0	0.00000000	1.00000000
20	8	0	0.00000000	1.00000000
20	9	0	0.00000000	1.00000000
20	10	0	0.00000000	1.00000000
20	11	0	0.00000000	1.00000000
20	12	0	0.00000000	1.00000000
20	13	0	0.00000000	1.00000000
20	14	0	0.00000000	1.00000000
20	15	0	0.00000000	1.00000000
20	16	0	0.00000000	1.00000000
20	17	0	0.00000000	1.00000000
20	18	0	0.00000000	1.00000000
20	19	0	0.00000000	1.00000000
20	20	0	0.00000000	1.00000000
20	21	0	0.00000000	1.00000000
20	22	0	0.00000000	1.00000000
20	23	0	0.00000000	1.00000000
20	24	0	0.00000000	1.00000000
20	25	0	0.00000000	1.00000000
20	26	0	0.00000000	1.00000000
20	27	0	0.00000000	1.00000000
20	28	0	0.00000000	1.00000000
20	29	0	0.00000000	1.00000000
20	30	0	0.00000000	1.00000000
20	31	0	0.00000000	1.00000000
20	32	0	0.00000000	1.00000000
20	33	0	0.00000000	1.00000000
20	34	0	0.00000000	1.00000000
20	35	0	0.00000000	1.00000000
20	36	0	0.00000000	1.00000000
20	37	0	0.00000000	1.00000000
20	38	0	0.00000000	1.00000000
20	39	0	0.00000000	1.00000000
20	40	0	0.00000000	1.00000000
20	41	0	0.00000000	1.00000000
20	42	0	0.00000000	1.00000000
20	43	0	0.00000000	1.00000000
20	44	0	0.00000000	1.00000000
20	45	0	0.00000000	1.00000000
20	46	0	0.00000000	1.00000000
20	47	0	0.00000000	1.00000000
20	48	0	0.00000000	1.00000000
20	49	0	0.00000000	1.00000000
20	50	0	0.00000000	1.00000000
20	51	0	0.00000000	1.00000000
20	52	0	0.00000000	1.00000000
20	53	0	0.00000000	1.00000000
20	54	0	0.00000000	1.00000000
20	55	0	0.00000000	1.00000000
20	56	0	0.00000000	1.00000000
20	57	0	0.00000000	1.00000000
20	58	0	0.00000000	1.00000000
20	59	0	0.00000000	1.00000000
20	60	0	0.00000000	1.00000000
20	61	0	0.00000000	1.00000000
20	62	0	0.00000000	1.00000000
20	63	0	0.00000000	1.00000000
20	64	0	0.00000000	1.00000000
20	65	0	0.00000000	1.00000000
20	66	0	0.00000000	1.00000000
20	67	0	0.00000000	1.00000000
20	68	0	0.00000000	1.00000000
20	69	0	0.00000000	1.00000000
20	70	0	0.00000000	1.00000000
20	71	0	0.00000000	1.00000000
20	72	0	0.00000000	1.00000000
20	73	0	0.00000000	1.00000000
20	74	0	0.00000000	1.00000000
20	75	0	0.00000000	1.00000000
20	76	0	0.00000000	1.00000000
20	77	0	0.00000000	1.00000000
20	78	0	0.00000000	1.00000000
20	79	0	0.00000000	1.00000000
20	80	0	0.00000000	1.00000000
20	81	0	0.00000000	1.00000000
20	82	0	0.00000000	1.00000000
20	83	0	0.00000000	1.00000000
20	84	0	0.00000000	1.00000000
20	85	0	0.00000000	1.00000000
20	86	0	0.00000000	1.00000000
20	87	0	0.00000000	1.00000000
20	88	0	0.00000000	1.00000000
20	89	0	0.00000000	1.00000000
20	90	0	0.00000000	1.00000000
20	91	0	0.00000000	1.00000000
20	92	0	0.00000000	1.00000000
20	93	0	0.00000000	1.00000000
20	94	0	0.00000000	1.00000000
20	95	0	0.00000000	1.00000000
20	96	0	0.00000000	1.00000000
20	97	0	0.00000000	1.00000000
20	98	0	0.00000000	1.00000000
20	99	0	0.00000000	1.00000000
20	100	0	0.00000000	1.00000000
20	101	0	0.00000000	1.00000000
20	102	0	0.00000000	1.00000000
20	103	0	0.00000000	1.00000000
20	104	0	0.00000000	1.00000000
20	105	0	0.00000000	1.00000000
20	106	0	0.00000000	1.00000000
20	107	0	0.00000000	1.00000000
20	108	0	0.00000000	1.00000000
20	109	0	0.00000000	1.00000000
20	110	0	0.00000000	1.00000000
20	111	0	0.00000000	1.00000000
20	112	0	0.00000000	1.00000000
20	113	0	0.00000000	1.00000000
20	114	0	0.00000000	1.00000000
20	115	0	0.00000000	1.00000000
20	116	0	0.00000000	1.00000000
20	117	0	0.00000000	1.00000000
20	118	0	0.00000000	1.00000000
20	119	0	0.00000000	1.00000000
20	120	0	0.00000000	1.00000000
20	121	0	0.00000000	1.00000000
20	122	0	0.00000000	1.00000000
20	123	0	0.00000000	1.00000000
20	124	0	0.00000000	1.00000000
20	125	0	0.00000000	1.00000000
20	126	0	0.00000000	1.00000000
20	127	0	0.00000000	1.00000000
20	128	0	0.00000000	1.00000000
20	129	0	0.00000000	1.00000000
20	130	0	0.00000000	1.00000000
20	131	0	0.00000000	1.00000000
20	132	0	0.00000000	1.00000000
20	133	0	0.00000000	1.00000000
20	134	0	0.00000000	1.00000000
20	135	0	0.00000000	1.00000000
20	136	0	0.00000000	1.00000000
20	137	0	0.00000000	1.00000000
20	138	0	0.00000000	1.00000000
20	139	0	0.00000000	1.00000000
20	140	0	0.00000000	1.00000000
20	141	0	0.00000000	1.00000000
20	142	0	0.00000000	1.00000000
20	143	0	0.00000000	1.00000000
20	144	0	0.00000000	1.00000000
20	145	0	0.00000000	1.00000000
20	146	0	0.00000000	1.00000000
20	147	0	0.00000000	1.00000000
20	148	0	0.00000000	1.00000000
20	149	0	0.00000000	1.00000000
20	150	0	0.00000000	1.00000000
20	151	0	0.00000000	1.00000000
20	152	0	0.00000000	1.00000000
20	153	0	0.00000000	1.00000000
20	154	0	0.00000000	1.00000000
20	155	0	0.00000000	1.00000000
20	156	0	0.00000000	1.00000000
20	157	0	0.00000000	1.00000000
20	158	0	0.00000000	1.00000000
20	159	0	0.00000000	1.00000000
20	160	0	0.00000000	1.00000000
20	161	0	0.00000000	1.00000000
20	162	0	0.00000000	1.00000000
20	163	0	0.00000000	1.00000000
20	164	0	0.00000000	1.00000000
20	165	0	0.00000000	1.00000000
20	166	0	0.00000000	1.00000000
20	167	0	0.00000000	1.00000000
20	168	0	0.00000000	1.00000000
20	169	0	0.00000000	1.00000000
20	170	0	0.00000000	1.00000000
20	171	0	0.00000000	1.00000000
20	172	0	0.00000000	1.00000000
20	173	0	0.00000000	1.00000000
20	174	0	0.00000000	1.00000000
20	175	0	0.00000000	1.00000000
20	176	0	0.00000000	1.00000000
20	177	0	0.00000000	1.00000000
20	178	0	0.00000000	1.00000000
20	179	0	0.00000000	1.00000000
20	180	0	0.00000000	1.00000000
20	181	0	0.00000000	1.00000000
20	182	0	0.00000000	1.00000000
20	183	0	0.00000000	1.00000000
20	184	0	0.00000000	1.00000000
20	185	0	0.00000000	1.00000000
20	186	0	0.00000000	1.00000000
20	187	0	0.00000000	1.00000000
20	188	0	0.00000000	1.00000000
20	189	0	0.00000000	1.00000000
20	190	0	0.00000000	1.00000000
20	191	0	0.00000000	1.00000000
20	192	0	0.00000000	1.00000000
20	193	0	0.00000000	1.00000000
20	194	0	0.00000000	1.00000000
20	195	0	0.00000000	1.00000000
20	196	0	0.00000000	1.00000000
20	197	0	0.00000000	1.00000000
20	198	0	0.00000000	1.00000000
20	199	0	0.00000000	1.00000000
20	200	0	0.00000000	1.00000000
20	201	0	0.00000000	1.00000000
20	202	0	0.00000000	1.00000000
20	203	0	0.00000000	1.00000000
20	204	0	0.00000000	1.00000000
20	205	0	0.00000000	1.00000000
20	206	0	0.00000000	1.00000000
20	207	0	0.00000000	1.00000000
20	208	0	0.00000000	1.00000000
20	209	0	0.00000000	1.00000000
20	210	0	0.00000000	1.00000000
20	211	0	0.00000000	1.00000000
20	212	0	0.00000000	1.00000000
20	213	0	0.00000000	1.00000000
20	214	0	0.00000000	1.00000000
20	215	0	0.00000000	1.00000000
20	216	0	0.00000000	1.00000000
20	217	0	0.00000000	1.00000000
20	218	0	0.00000000	1.00000000
20	219	0	0.00000000	1.00000000
20	220	0	0.00000000	1.00000000
20	221	0	0.00000000	1.00000000
20	222	0	0.00000000	1.00000000
20	223	0	0.00000000	1.00000000
20	224	0	0.00000000	1.00000000
20	225	0	0.00000000	1.00000000
20	226	0	0.00000000	1.00000000
20	227	0	0.00000000	1.00000000
20	228	0	0.00000000	1.00000000
20	229	0	0.00000000	1.00000000
20	230	0	0.00000000	1.00000000
20	231	0	0.00000000	1.00000000
20	232	0	0.00000000	1.00000000
20	233	0	0.00000000	1.00000000
20	234	0	0.00000000	1.00000000
20	235	0	0.00000000	1.00000000
20	236	0	0.00000000	1.00000000
20	237	0	0.00000000	1.00000000
20	238	0	0.00000000	1.00000000
20	239	0	0.00000000	1.00000000
20	240	0	0.00000000	1.00000000
20	241	0	0.00000000	1.00000000
20	242	0	0.00000000	1.00000000
20	243	0	0.00000000	1.00000000
21	0	0	0.00000000	1.00000000
21	1	0	0.00000000	1.00000000
21	2	0	0.00000000	1.00000000
21	3	0	0.00000000	1.00000000
21	4	0	0.00000000	1.00000000
21	5	0	0.00000000	1.00000000
21	6	0	0.00000000	1.00000000
21	7	0	0.00000000	1.00000000
21	8	0	0.00000000	1.00000000
21	9	0	0.00000000	1.00000000
21	10	0	0.00000000	1.00000000
21	11	0	0.00000000	1.00000000
21	12	0	0.00000000	1.00000000
21	13	0	0.00000000	1.00000000
21	14	0	0.00000000	1.00000000
21	15	0	0.00000000	1.00000000
21	16	0	0.00000000	1.00000000
21	17	0	0.00000000	1.00000000
21	18	0	0.00000000	1.00000000
21	19	0	0.00000000	1.00000000
21	20	0	0.00000000	1.00000000
21	21	0	0.00000000	1.00000000
21	22	0	0.00000000	1.00000000
21	23	0	0.00000000	1.00000000
21	24	0	0.00000000	1.00000000
21	25	0	0.00000000	1.00000000
21	26	0	0.00000000	1.00000000
21	27	0	0.00000000	1.00000000
21	28	0	0.00000000	1.00000000
21	29	0	0.00000000	1.00000000
21	30	0	0.00000000	1.00000000
21	31	0	0.00000000	1.00000000
21	32	0	0.00000000	1.00000000
21	33	0	0.00000000	1.00000000
21	34	0	0.00000000	1.00000000
21	35	0	0.00000000	1.00000000
21	36	0	0.00000000	1.00000000
21	37	0	0.00000000	1.00000000
21	38	0	0.00000000	1.00000000
21	39	0	0.00000000	1.00000000
21	40	0	0.00000000	1.00000000
21	41	0	0.00000000	1.00000000
21	42	0	0.00000000	1.00000000
21	43	0	0.00000000	1.00000000
21	44	0	0.00000000	1.00000000
21	45	0	0.00000000	1.00000000
21	46	0	0.00000000	1.00000000
21	47	0	0.00000000	1.00000000
21	48	0	0.00000000	1.00000000
21	49	0	0.00000000	1.00000000
21	50	0	0.00000000	1.00000000
21	51	0	0.00000000	1.00000000
21	52	0	0.00000000	1.00000000
21	53	0	0.00000000	1.00000000
21	54	0	0.00000000	1.00000000
21	55	0	0.00000000	1.00000000
21	56	0	0.00000000	1.00000000
21	57	0	0.00000000	1.00000000
21	58	0	0.00000000	1.00000000
21	59	0	0.00000000	1.00000000
21	60	0	0.00000000	1.00000000
21	61	0	0.00000000	1.00000000
21	62	0	0.00000000	1.00000000
21	63	0	0.00000000	1.00000000
21	64	0	0.00000000	1.00000000
21	65	0	0.00000000	1.00000000
21	66	0	0.00000000	1.00000000
21	67	0	0.00000000	1.00000000
21	68	0	0.00000000	1.00000000
21	69	0	0.00000000	1.00000000
21	70	0	0.00000000	1.00000000
21	71	0	0.00000000	1.00000000
21	72	0	0.00000000	1.00000000
21	73	0	0.00000000	1.00000000
21	74	0	0.00000000	1.00000000
21	75	0	0.00000000	1.00000000
21	76	0	0.00000000	1.00000000
21	77	0	0.00000000	1.00000000
21	78	0	0.00000000	1.00000000
21	79	0	0.00000000	1.00000000
21	80	0	0.00000000	1.00000000
21	81	0	0.00000000	1.00000000
21	82	0	0.00000000	1.00000000
21	83	0	0.00000000	1.00000000
21	84	0	0.00000000	1.00000000
21	85	0	0.00000000	1.00000000
21	86	0	0.00000000	1.00000000
21	87	0	0.00000000	1.00000000
21	88	0	0.00000000	1.00000000
21	89	0	0.00000000	1.00000000
21	90	0	0.00000000	1.00000000
21	91	0	0.00000000	1.00000000
21	92	0	0.00000000	1.00000000
21	93	0	0.00000000	1.00000000
21	94	0	0.00000000	1.00000000
21	95	0	0.00000000	1.00000000
21	96	0	0.00000000	1.00000000
21	97	0	0.00000000	1.00000000
21	98	0	0.00000000	1.00000000
21	99	0	0.00000000	1.00000000
21	100	0	0.00000000	1.00000000
21	101	0	0.00000000	1.00000000
21	102	0	0.00000000	1.00000000
21	103	0	0.00000000	1.00000000
21	104	0	0.00000000	1.00000000
21	105	0	0.00000000	1.00000000
21	106	0	0.00000000	1.00000000
21	107	0	0.00000000	1.00000000
21	108	0	0.00000000	1.00000000
21	109	0	0.00000000	1.00000000
21	110	0	0.00000000	1.00000000
21	111	0	0.00000000	1.00000000
21	112	0	0.00000000	1.00000000
21	113	0	0.00000000	1.00000000
21	114	0	0.00000000	1.00000000
21	115	0	0.00000000	1.00000000
21	116	0	0.00000000	1.00000000
21	117	0	0.00000000	1.00000000
21	118	0	0.00000000	1.00000000
21	119	0	0.00000000	1.00000000
21	120	0	0.00000000	1.00000000
21	121	0	0.00000000	1.00000000
21	122	0	0.00000000	1.00000000
21	123	0	0.00000000	1.00000000
21	124	0	0.00000000	1.00000000
21	125	0	0.00000000	1.00000000
21	126	0	0.00000000	1.00000000
21	127	0	0.00000000	1.00000000
21	128	0	0.00000000	1.00000000
21	129	0	0.00000000	1.00000000
21	130	0	0.00000000	1.00000000
21	131	0	0.00000000	1.00000000
21	132	0	0.00000000	1.00000000
21	133	0	0.00000000	1.00000000
21	134	0	0.00000000	1.00000000
21	135	0	0.00000000	1.00000000
21	136	0	0.00000000	1.00000000
21	137	0	0.00000000	1.00000000
21	138	0	0.00000000	1.00000000
21	139	0	0.00000000	1.00000000
21	140	0	0.00000000	1.00000000
21	141	0	0.00000000	1.00000000
21	142	0	0.00000000	1.00000000
21	143	0	0.00000000	1.00000000
21	144	0	0.00000000	1.00000000
21	145	0	0.00000000	1.00000000
21	146	0	0.00000000	1.00000000
21	147	0	0.00000000	1.00000000
21	148	0	0.00000000	1.00000000
21	149	0	0.00000000	1.00000000
21	150	0	0.00000000	1.00000000
21	151	0	0.00000000	1.00000000
21	152	0	0.00000000	1.00000000
21	153	0	0.00000000	1.00000000
21	154	0	0.00000000	1.00000000
21	155	0	0.00000000	1.00000000
21	156	0	0.00000000	1.00000000
21	157	0	0.00000000	1.00000000
21	158	0	0.00000000	1.00000000
21	159	0	0.00000000	1.00000000
21	160	0	0.00000000	1.00000000
21	161	0	0.00000000	1.00000000
21	162	0	0.00000000	1.00000000
21	163	0	0.00000000	1.00000000
21	164	0	0.00000000	1.00000000
21	165	0	0.00000000	1.00000000
21	166	0	0.00000000	1.00000000
21	167	0	0.00000000	1.00000000
21	168	0	0.00000000	1.00000000
21	169	0	0.00000000	1.00000000
21	170	0	0.00000000	1.00000000
21	171	0	0.00000000	1.00000000
21	172	0	0.00000000	1.00000000
21	173	0	0.00000000	1.00000000
21	174	0	0.00000000	1.00000000
21	175	0	0.00000000	1.00000000
21	176	0	0.00000000	1.00000000
21	177	0	0.00000000	1.00000000
21	178	0	0.00000000	1.00000000
21	179	0	0.00000000	1.00000000
21	180	0	0.00000000	1.00000000
21	181	0	0.00000000	1.00000000
21	182	0	0.00000000	1.00000000
21	183	0	0.00000000	1.00000000
21	184	0	0.00000000	1.00000000
21	185	0	0.00000000	1.00000000
21	186	0	0.00000000	1.00000000
21	187	0	0.00000000	1.00000000
21	188	0	0.00000000	1.00000000
21	189	0	0.00000000	1.00000000
21	190	0	0.00000000	1.00000000
21	191	0	0.00000000	1.00000000
21	192	0	0.00000000	1.00000000
21	193	0	0.00000000	1.00000000
21	194	0	0.00000000	1.00000000
21	195	0	0.00000000	1.00000000
21	196	0	0.00000000	1.00000000
21	197	0	0.00000000	1.00000000
21	198	0	0.00000000	1.00000000
21	199	0	0.00000000	1.00000000
21	200	0	0.00000000	1.00000000
21	201	0	0.00000000	1.00000000
21	202	0	0.00000000	1.00000000
21	203	0	0.00000000	1.00000000
21	204	0	0.00000000	1.00000000
21	205	0	0.00000000	1.00000000
21	206	0	0.00000000	1.00000000
21	207	0	0.00000000	1.00000000
21	208	0	0.00000000	1.00000000
21	209	0	0.00000000	1.00000000
21	210	0	0.00000000	1.00000000
21	211	0	0.00000000	1.00000000
21	212	0	0.00000000	1.00000000
21	213	0	0.00000000	1.00000000
21	214	0	0.00000000	1.00000000
21	215	0	0.00000000	1.00000000
21	216	0	0.00000000	1.00000000
21	217	0	0.00000000	1.00000000
21	218	0	0.00000000	1.00000000
21	219	0	0.00000000	1.00000000
21	220	0	0.00000000	1.00000000
21	221	0	0.00000000	1.00000000
21	222	0	0.00000000	1.00000000
21	223	0	0.00000000	1.00000000
21	224	0	0.00000000	1.00000000
21	225	0	0.00000000	1.00000000
21	226	0	0.00000000	1.00000000
21	227	0	0.00000000	1.00000000
21	228	0	0.00000000	1.00000000
21	229	0	0.00000000	1.00000000
21	230	0	0.00000000	1.00000000
21	231	0	0.00000000	1.00000000
22	0	0	0.00000000	1.00000000
22	1	0	0.00000000	1.00000000
22	2	0	0.00000000	1.00000000
22	3	0	0.00000000	1.00000000
22	4	0	0.00000000	1.00000000
22	5	0	0.00000000	1.00000000
22	6	0	0.00000000	1.00000000
22	7	0	0.00000000	1.00000000
22	8	0	0.00000000	1.00000000
22	9	0	0.00000000	1.00000000
22	10	0	0.00000000	1.00000000
22	11	0	0.00000000	1.00000000
22	12	0	0.00000000	1.00000000
22	13	0	0.00000000	1.00000000
22	14	0	0.00000000	1.00000000
22	15	0	0.00000000	1.00000000
22	16	0	0.00000000	1.00000000
22	17	0	0.00000000	1.00000000
22	18	0	0.00000000	1.00000000
22	19	0	0.00000000	1.00000000
22	20	0	0.00000000	1.00000000
22	21	0	0.00000000	1.00000000
22	22	0	0.00000000	1.00000000
22	23	0	0.00000000	1.00000000
22	24	0	0.00000000	1.00000000
22	25	0	0.00000000	1.00000000
22	26	0	0.00000000	1.00000000
22	27	0	0.00000000	1.00000000
22	28	0	0.00000000	1.00000000
22	29	0	0.00000000	1.00000000
22	30	0	0.00000000	1.00000000
22	31	0	0.00000000	1.00000000
22	32	0	0.00000000	1.00000000
22	33	0	0.00000000	1.00000000
22	34	0	0.00000000	1.00000000
22	35	0	0.00000000	1.00000000
22	36	0	0.00000000	1.00000000
22	37	0	0.00000000	1.00000000
22	38	0	0.00000000	1.00000000
22	39	0	0.00000000	1.00000000
22	40	0	0.00000000	1.00000000
22	41	0	0.00000000	1.00000000
22	42	0	0.00000000	1.00000000
22	43	0	0.00000000	1.00000000
22	44	0	0.00000000	1.00000000
22	45	0	0.00000000	1.00000000
22	46	0	0.00000000	1.00000000
22	47	0	0.00000000	1.00000000
22	48	0	0.00000000	1.00000000
22	49	0	0.00000000	1.00000000
22	50	0	0.00000000	1.00000000
22	51	0	0.00000000	1.00000000
22	52	0	0.00000000	1.00000000
22	53	0	0.00000000	1.00000000
22	54	0	0.00000000	1.00000000
22	55	0	0.00000000	1.00000000
22	56	0	0.00000000	1.00000000
22	57	0	0.00000000	1.00000000
22	58	0	0.00000000	1.00000000
22	59	0	0.00000000	1.00000000
22	60	0	0.00000000	1.00000000
22	61	0	0.00000000	1.00000000
22	62	0	0.00000000	1.00000000
22	63	0	0.00000000	1.00000000
22	64	0	0.00000000	1.00000000
22	65	0	0.00000000	1.00000000
22	66	0	0.00000000	1.00000000
22	67	0	0.00000000	1.00000000
22	68	0	0.00000000	1.00000000
22	69	0	0.00000000	1.00000000
22	70	0	0.00000000	1.00000000
22	71	0	0.00000000	1.00000000
22	72	0	0.00000000	1.00000000
22	73	0	0.00000000	1.00000000
22	74	0	0.00000000	1.00000000
22	75	0	0.00000000	1.00000000
22	76	0	0.00000000	1.00000000
22	77	0	0.00000000	1.00000000
22	78	0	0.00000000	1.00000000
22	79	0	0.00000000	1.00000000
22	80	0	0.00000000	1.00000000
22	81	0	0.00000000	1.00000000
22	82	0	0.00000000	1.00000000
22	83	0	0.00000000	1.00000000
22	84	0	0.00000000	1.00000000
22	85	0	0.00000000	1.00000000
22	86	0	0.00000000	1.00000000
22	87	0	0.00000000	1.00000000
22	88	0	0.00000000	1.00000000
22	89	0	0.00000000	1.00000000
22	90	0	0.00000000	1.00000000
22	91	0	0.00000000	1.00000000
22	92	0	0.00000000	1.00000000
22	93	0	0.00000000	1.00000000
22	94	0	0.00000000	1.00000000
22	95	0	0.00000000	1.00000000
22	96	0	0.00000000	1.00000000
22	97	0	0.00000000	1.00000000
22	98	0	0.00000000	1.00000000
22	99	0	0.00000000	1.00000000
22	100	0	0.00000000	1.00000000
22	101	0	0.00000000	1.00000000
22	102	0	0.00000000	1.00000000
22	103	0	0.00000000	1.00000000
22	104	0	0.00000000	1.00000000
22	105	0	0.00000000	1.00000000
22	106	0	0.00000000	1.00000000
22	107	0	0.00000000	1.00000000
22	108	0	0.00000000	1.00000000
22	109	0	0.00000000	1.00000000
22	110	0	0.00000000	1.00000000
22	111	0	0.00000000	1.00000000
22	112	0	0.00000000	1.00000000
22	113	0	0.00000000	1.00000000
22	114	0	0.00000000	1.00000000
22	115	0	0.00000000	1.00000000
22	116	0	0.00000000	1.00000000
22	117	0	0.00000000	1.00000000
22	118	0	0.00000000	1.00000000
22	119	0	0.00000000	1.00000000
22	120	0	0.00000000	1.00000000
22	121	0	0.00000000	1.00000000
22	122	0	0.00000000	1.00000000
22	123	0	0.00000000	1.00000000
22	124	0	0.00000000	1.00000000
22	125	0	0.00000000	1.00000000
22	126	0	0.00000000	1.00000000
22	127	0	0.00000000	1.00000000
22	128	0	0.00000000	1.00000000
22	129	0	0.00000000	1.00000000
22	130	0	0.00000000	1.00000000
22	131	0	0.00000000	1.00000000
22	132	0	0.00000000	1.00000000
22	133	0	0.00000000	1.00000000
22	134	0	0.00000000	1.00000000
22	135	0	0.00000000	1.00000000
22	136	0	0.00000000	1.00000000
22	137	0	0.00000000	1.00000000
22	138	0	0.00000000	1.00000000
22	139	0	0.00000000	1.00000000
22	140	0	0.00000000	1.00000000
22	141	0	0.00000000	1.00000000
22	142	0	0.00000000	1.00000000
22	143	0	0.00000000	1.00000000
22	144	0	0.00000000	1.00000000
22	145	0	0.00000000	1.00000000
22	146	0	0.00000000	1.00000000
22	147	0	0.00000000	1.00000000
22	148	0	0.00000000	1.00000000
22	149	0	0.00000000	1.00000000
22	150	0	0.00000000	1.00000000
22	151	0	0.00000000	1.00000000
22	152	0	0.00000000	1.00000000
22	153	0	0.00000000	1.00000000
22	154	0	0.00000000	1.00000000
22	155	0	0.00000000	1.00000000
22	156	0	0.00000000	1.00000000
22	157	0	0.00000000	1.00000000
22	158	0	0.00000000	1.00000000
22	159	0	0.00000000	1.00000000
22	160	0	0.00000000	1.00000000
22	161	0	0.00000000	1.00000000
22	162	0	0.00000000	1.00000000
22	163	0	0.00000000	1.00000000
22	164	0	0.00000000	1.00000000
22	165	0	0.00000000	1.00000000
22	166	0	0.00000000	1.00000000
22	167	0	0.00000000	1.00000000
22	168	0	0.00000000	1.00000000
22	169	0	0.00000000	1.00000000
22	170	0	0.00000000	1.00000000
22	171	0	0.00000000	1.00000000
22	172	0	0.00000000	1.00000000
22	173	0	0.00000000	1.00000000
22	174	0	0.00000000	1.00000000
22	175	0	0.00000000	1.00000000
22	176	0	0.00000000	1.00000000
22	177	0	0.00000000	1.00000000
22	178	0	0.00000000	1.00000000
22	179	0	0.00000000	1.00000000
22	180	0	0.00000000	1.00000000
22	181	0	0.00000000	1.00000000
22	182	0	0.00000000	1.00000000
22	183	0	0.00000000	1.00000000
22	184	0	0.00000000	1.00000000
22	185	0	0.00000000	1.00000000
22	186	0	0.00000000	1.00000000
22	187	0	0.00000000	1.00000000
22	188	0	0.00000000	1.00000000
22	189	0	0.00000000	1.00000000
22	190	0	0.00000000	1.00000000
22	191	0	0.00000000	1.00000000
22	192	0	0.00000000	1.00000000
22	193	0	0.00000000	1.00000000
22	194	0	0.00000000	1.00000000
22	195	0	0.00000000	1.00000000
22	196	0	0.00000000	1.00000000
22	197	0	0.00000000	1.00000000
22	198	0	0.00000000	1.00000000
22	199	0	0.00000000	1.00000000
22	200	0	0.00000000	1.00000000
22	201	0	0.00000000	1.00000000
22	202	0	0.00000000	1.00000000
22	203	0	0.00000000	1.00000000
22	204	0	0.00000000	1.00000000
22	205	0	0.00000000	1.00000000
22	206	0	0.00000000	1.00000000
22	207	0	0.00000000	1.00000000
22	208	0	0.00000000	1.00000000
22	209	0	0.00000000	1.00000000
22	210	0	0.00000000	1.00000000
22	211	0	0.00000000	1.00000000
22	212	0	0.00000000	1.00000000
22	213	0	0.00000000	1.00000000
22	214	0	0.00000000	1.00000000
22	215	0	0.00000000	1.00000000
22	216	0	0.00000000	1.00000000
22	217	0	0.00000000	1.00000000
23	0	0	0.00000000	1.00000000
23	1	0	0.00000000	1.00000000
23	2	0	0.00000000	1.00000000
23	3	0	0.00000000	1.00000000
23	4	0	0.00000000	1.00000000
23	5	0	0.00000000	1.00000000
23	6	0	0.00000000	1.00000000
23	7	0	0.00000000	1.00000000
23	8	0	0.00000000	1.00000000
23	9	0	0.00000000	1.00000000
23	10	0	0.00000000	1.00000000
23	11	0	0.00000000	1.00000000
23	12	0	0.00000000	1.00000000
23	13	0	0.00000000	1.00000000
23	14	0	0.00000000	1.00000000
23	15	0	0.00000000	1.00000000
23	16	0	0.00000000	1.00000000
23	17	0	0.00000000	1.00000000
23	18	0	0.00000000	1.00000000
23	19	0	0.00000000	1.00000000
23	20	0	0.00000000	1.00000000
23	21	0	0.00000000	1.00000000
23	22	0	0.00000000	1.00000000
23	23	0	0.00000000	1.00000000
23	24	0	0.00000000	1.00000000
23	25	0	0.00000000	1.00000000
23	26	0	0.00000000	1.00000000
23	27	0	0.00000000	1.00000000
23	28	0	0.00000000	1.00000000
23	29	0	0.00000000	1.00000000
23	30	0	0.00000000	1.00000000
23	31	0	0.00000000	1.00000000
23	32	0	0.00000000	1.00000000
23	33	0	0.00000000	1.00000000
23	34	0	0.00000000	1.00000000
23	35	0	0.00000000	1.00000000
23	36	0	0.00000000	1.00000000
23	37	0	0.00000000	1.00000000
23	38	0	0.00000000	1.00000000
23	39	0	0.00000000	1.00000000
23	40	0	0.00000000	1.00000000
23	41	0	0.00000000	1.00000000
23	42	0	0.00000000	1.00000000
23	43	0	0.00000000	1.00000000
23	44	0	0.00000000	1.00000000
23	45	0	0.00000000	1.00000000
23	46	0	0.00000000	1.00000000
23	47	0	0.00000000	1.00000000
23	48	0	0.00000000	1.00000000
23	49	0	0.00000000	1.00000000
23	50	0	0.00000000	1.00000000
23	51	0	0.00000000	1.00000000
23	52	0	0.00000000	1.00000000
23	53	0	0.00000000	1.00000000
23	54	0	0.00000000	1.00000000
23	55	0	0.00000000	1.00000000
23	56	0	0.00000000	1.00000000
23	57	0	0.00000000	1.00000000
23	58	0	0.00000000	1.00000000
23	59	0	0.00000000	1.00000000
23	60	0	0.00000000	1.00000000
23	61	0	0.00000000	1.00000000
23	62	0	0.00000000	1.00000000
23	63	0	0.00000000	1.00000000
23	64	0	0.00000000	1.00000000
23	65	0	0.00000000	1.00000000
23	66	0	0.00000000	1.00000000
23	67	0	0.00000000	1.00000000
23	68	0	0.00000000	1.00000000
23	69	0	0.00000000	1.00000000
23	70	0	0.00000000	1.00000000
23	71	0	0.00000000	1.00000000
23	72	0	0.00000000	1.00000000
23	73	0	0.00000000	1.00000000
23	74	0	0.00000000	1.00000000
23	75	0	0.00000000	1.00000000
23	76	0	0.00000000	1.00000000
23	77	0	0.00000000	1.00000000
23	78	0	0.00000000	1.00000000
23	79	0	0.00000000	1.00000000
23	80	0	0.00000000	1.00000000
23	81	0	0.00000000	1.00000000
23	82	0	0.00000000	1.00000000
23	83	0	0.00000000	1.00000000
23	84	0	0.00000000	1.00000000
23	85	0	0.00000000	1.00000000
23	86	0	0.00000000	1.00000000
23	87	0	0.00000000	1.00000000
23	88	0	0.00000000	1.00000000
23	89	0	0.00000000	1.00000000
23	90	0	0.00000000	1.00000000
23	91	0	0.00000000	1.00000000
23	92	0	0.00000000	1.00000000
23	93	0	0.00000000	1.00000000
23	94	0	0.00000000	1.00000000
23	95	0	0.00000000	1.00000000
23	96	0	0.00000000	1.00000000
23	97	0	0.00000000	1.00000000
23	98	0	0.00000000	1.00000000
23	99	0	0.00000000	1.00000000
23	100	0	0.00000000	1.00000000
23	101	0	0.00000000	1.00000000
23	102	0	0.00000000	1.00000000
23	103	0	0.00000000	1.00000000
23	104	0	0.00000000	1.00000000
23	105	0	0.00000000	1.00000000
23	106	0	0.00000000	1.00000000
23	107	0	0.00000000	1.00000000
23	108	0	0.00000000	1.00000000
23	109	0	0.00000000	1.00000000
23	110	0	0.00000000	1.00000000
23	111	0	0.00000000	1.00000000
23	112	0	0.00000000	1.00000000
23	113	0	0.00000000	1.00000000
23	114	0	0.00000000	1.00000000
23	115	0	0.00000000	1.00000000
23	116	0	0.00000000	1.00000000
23	117	0	0.00000000	1.00000000
23	118	0	0.00000000	1.00000000
23	119	0	0.00000000	1.00000000
23	120	0	0.00000000	1.00000000
23	121	0	0.00000000	1.00000000
23	122	0	0.00000000	1.00000000
23	123	0	0.00000000	1.00000000
23	124	0	0.00000000	1.00000000
23	125	0	0.00000000	1.00000000
23	126	0	0.00000000	1.00000000
23	127	0	0.00000000	1.00000000
23	128	0	0.00000000	1.00000000
23	129	0	0.00000000	1.00000000
23	130	0	0.00000000	1.00000000
23	131	0	0.00000000	1.00000000
23	132	0	0.00000000	1.00000000
23	133	0	0.00000000	1.00000000
23	134	0	0.00000000	1.00000000
23	135	0	0.00000000	1.00000000
23	136	0	0.00000000	1.00000000
23	137	0	0.00000000	1.00000000
23	138	0	0.00000000	1.00000000
23	139	0	0.00000000	1.00000000
23	140	0	0.00000000	1.00000000
23	141	0	0.00000000	1.00000000
23	142	0	0.00000000	1.00000000
23	143	0	0.00000000	1.00000000
23	144	0	0.00000000	1.00000000
23	145	0	0.00000000	1.00000000
23	146	0	0.00000000	1.00000000
23	147	0	0.00000000	1.00000000
23	148	0	0.00000000	1.00000000
23	149	0	0.00000000	1.00000000
23	150	0	0.00000000	1.00000000
23	151	0	0.00000000	1.00000000
23	152	0	0.00000000	1.00000000
23	153	0	0.00000000	1.00000000
23	154	0	0.00000000	1.00000000
23	155	0	0.00000000	1.00000000
23	156	0	0.00000000	1.00000000
23	157	0	0.00000000	1.00000000
23	158	0	0.00000000	1.00000000
23	159	0	0.00000000	1.00000000
23	160	0	0.00000000	1.00000000
23	161	0	0.00000000	1.00000000
23	162	0	0.00000000	1.00000000
23	163	0	0.00000000	1.00000000
23	164	0	0.00000000	1.00000000
23	165	0	0.00000000	1.00000000
23	166	0	0.00000000	1.00000000
23	167	0	0.00000000	1.00000000
23	168	0	0.00000000	1.00000000
23	169	0	0.00000000	1.00000000
23	170	0	0.00000000	1.00000000
23	171	0	0.00000000	1.00000000
23	172	0	0.00000000	1.00000000
23	173	0	0.00000000	1.00000000
23	174	0	0.00000000	1.00000000
23	175	0	0.00000000	1.00000000
23	176	0	0.00000000	1.00000000
23	177	0	0.00000000	1.00000000
23	178	0	0.00000000	1.00000000
23	179	0	0.00000000	1.00000000
23	180	0	0.00000000	1.00000000
23	181	0	0.00000000	1.00000000
23	182	0	0.00000000	1.00000000
23	183	0	0.00000000	1.00000000
23	184	0	0.00000000	1.00000000
23	185	0	0.00000000	1.00000000
23	186	0	0.00000000	1.00000000
23	187	0	0.00000000	1.00000000
23	188	0	0.00000000	1.00000000
23	189	0	0.00000000	1.00000000
23	190	0	0.00000000	1.00000000
23	191	0	0.00000000	1.00000000
23	192	0	0.00000000	1.00000000
23	193	0	0.00000000	1.00000000
23	194	0	0.00000000	1.00000000
23	195	0	0.00000000	1.00000000
23	196	0	0.00000000	1.00000000
23	197	0	0.00000000	1.00000000
23	198	0	0.00000000	1.00000000
23	199	0	0.00000000	1.00000000
23	200	0	0.00000000	1.00000000
23	201	0	0.00000000	1.00000000
23	202	0	0.00000000	1.00000000
23	203	0	0.00000000	1.00000000
23	204	0	0.00000000	1.00000000
23	205	0	0.00000000	1.00000000
23	206	0	0.00000000	1.00000000
23	207	0	0.00000000	1.00000000
23	208	0	0.00000000	1.00000000
23	209	0	0.00000000	1.00000000
24	0	0	0.00000000	1.00000000
24	1	0	0.00000000	1.00000000
24	2	0	0.00000000	1.00000000
24	3	0	0.00000000	1.00000000
24	4	0	0.00000000	1.00000000
24	5	0	0.00000000	1.00000000
24	6	0	0.00000000	1.00000000
24	7	0	0.00000000	1.00000000
24	8	0	0.00000000	1.00000000
24	9	0	0.00000000	1.00000000
24	10	0	0.00000000	1.00000000
24	11	0	0.00000000	1.00000000
24	12	0	0.00000000	1.00000000
24	13	0	0.00000000	1.00000000
24	14	0	0.00000000	1.00000000
24	15	0	0.00000000	1.00000000
24	16	0	0.00000000	1.00000000
24	17	0	0.00000000	1.00000000
24	18	0	0.00000000	1.00000000
24	19	0	0.00000000	1.00000000
24	20	0	0.00000000	1.00000000
24	21	0	0.00000000	1.00000000
24	22	0	0.00000000	1.00000000
24	23	0	0.00000000	1.00000000
24	24	0	0.00000000	1.00000000
24	25	0	0.00000000	1.00000000
24	26	0	0.00000000	1.00000000
24	27	0	0.00000000	1.00000000
24	28	0	0.00000000	1.00000000
24	29	0	0.00000000	1.00000000
24	30	0	0.00000000	1.00000000
24	31	0	0.00000000	1.00000000
24	32	0	0.00000000	1.00000000
24	33	0	0.00000000	1.00000000
24	34	0	0.00000000	1.00000000
24	35	0	0.00000000	1.00000000
24	36	0	0.00000000	1.00000000
24	37	0	0.00000000	1.00000000
24	38	0	0.00000000	1.00000000
24	39	0	0.00000000	1.00000000
24	40	0	0.00000000	1.00000000
24	41	0	0.00000000	1.00000000
24	42	0	0.00000000	1.00000000
24	43	0	0.00000000	1.00000000
24	44	0	0.00000000	1.00000000
24	45	0	0.00000000	1.00000000
24	46	0	0.00000000	1.00000000
24	47	0	0.00000000	1.00000000
24	48	0	0.00000000	1.00000000
24	49	0	0.00000000	1.00000000
24	50	0	0.00000000	1.00000000
24	51	0	0.00000000	1.00000000
24	52	0	0.00000000	1.00000000
24	53	0	0.00000000	1.00000000
24	54	0	0.00000000	1.00000000
24	55	0	0.00000000	1.00000000
24	56	0	0.00000000	1.00000000
24	57	0	0.00000000	1.00000000
24	58	0	0.00000000	1.00000000
24	59	0	0.00000000	1.00000000
24	60	0	0.00000000	1.00000000
24	61	0	0.00000000	1.00000000
24	62	0	0.00000000	1.00000000
24	63	0	0.00000000	1.00000000
24	64	0	0.00000000	1.00000000
24	65	0	0.00000000	1.00000000
24	66	0	0.00000000	1.00000000
24	67	0	0.00000000	1.00000000
24	68	0	0.00000000	1.00000000
24	69	0	0.00000000	1.00000000
24	70	0	0.00000000	1.00000000
24	71	0	0.00000000	1.00000000
24	72	0	0.00000000	1.00000000
24	73	0	0.00000000	1.00000000
24	74	0	0.00000000	1.00000000
24	75	0	0.00000000	1.00000000
24	76	0	0.00000000	1.00000000
24	77	0	0.00000000	1.00000000
24	78	0	0.00000000	1.00000000
24	79	0	0.00000000	1.00000000
24	80	0	0.00000000	1.00000000
24	81	0	0.00000000	1.00000000
24	82	0	0.00000000	1.00000000
24	83	0	0.00000000	1.00000000
24	84	0	0.00000000	1.00000000
24	85	0	0.00000000	1.00000000
24	86	0	0.00000000	1.00000000
24	87	0	0.00000000	1.00000000
24	88	0	0.00000000	1.00000000
24	89	0	0.00000000	1.00000000
24	90	0	0.00000000	1.00000000
24	91	0	0.00000000	1.00000000
24	92	0	0.00000000	1.00000000
24	93	0	0.00000000	1.00000000
24	94	0	0.00000000	1.00000000
24	95	0	0.00000000	1.00000000
24	96	0	0.00000000	1.00000000
24	97	0	0.00000000	1.00000000
24	98	0	0.00000000	1.00000000
24	99	0	0.00000000	1.00000000
24	100	0	0.00000000	1.00000000
24	101	0	0.00000000	1.00000000
24	102	0	0.00000000	1.00000000
24	103	0	0.00000000	1.00000000
24	104	0	0.00000000	1.00000000
24	105	0	0.00000000	1.00000000
24	106	0	0.00000000	1.00000000
24	107	0	0.00000000	1.00000000
24	108	0	0.00000000	1.00000000
24	109	0	0.00000000	1.00000000
24	110	0	0.00000000	1.00000000
24	111	0	0.00000000	1.00000000
24	112	0	0.00000000	1.00000000
24	113	0	0.00000000	1.00000000
24	114	0	0.00000000	1.00000000
24	115	0	0.00000000	1.00000000
24	116	0	0.00000000	1.00000000
24	117	0	0.00000000	1.00000000
24	118	0	0.00000000	1.00000000
24	119	0	0.00000000	1.00000000
24	120	0	0.00000000	1.00000000
24	121	0	0.00000000	1.00000000
24	122	0	0.00000000	1.00000000
24	123	0	0.00000000	1.00000000
24	124	0	0.00000000	1.00000000
24	125	0	0.00000000	1.00000000
24	126	0	0.00000000	1.00000000
24	127	0	0.00000000	1.00000000
24	128	0	0.00000000	1.00000000
24	129	0	0.00000000	1.00000000
24	130	0	0.00000000	1.00000000
24	131	0	0.00000000	1.00000000
24	132	0	0.00000000	1.00000000
24	133	0	0.00000000	1.00000000
24	134	0	0.00000000	1.00000000
24	135	0	0.00000000	1.00000000
24	136	0	0.00000000	1.00000000
24	137	0	0.00000000	1.00000000
24	138	0	0.00000000	1.00000000
24	139	0	0.00000000	1.00000000
24	140	0	0.00000000	1.00000000
24	141	0	0.00000000	1.00000000
24	142	0	0.00000000	1.00000000
24	143	0	0.00000000	1.00000000
24	144	0	0.00000000	1.00000000
24	145	0	0.00000000	1.00000000
24	146	0	0.00000000	1.00000000
24	147	0	0.00000000	1.00000000
24	148	0	0.00000000	1.00000000
24	149	0	0.00000000	1.00000000
24	150	0	0.00000000	1.00000000
24	151	0	0.00000000	1.00000000
24	152	0	0.00000000	1.00000000
24	153	0	0.00000000	1.00000000
24	154	0	0.00000000	1.00000000
24	155	0	0.00000000	1.00000000
24	156	0	0.00000000	1.00000000
24	157	0	0.00000000	1.00000000
24	158	0	0.00000000	1.00000000
24	159	0	0.00000000	1.00000000
24	160	0	0.00000000	1.00000000
24	161	0	0.00000000	1.00000000
24	162	0	0.00000000	1.00000000
24	163	0	0.00000000	1.00000000
24	164	0	0.00000000	1.00000000
24	165	0	0.00000000	1.00000000
24	166	0	0.00000000	1.00000000
24	167	0	0.00000000	1.00000000
24	168	0	0.00000000	1.00000000
24	169	0	0.00000000	1.00000000
24	170	0	0.00000000	1.00000000
24	171	0	0.00000000	1.00000000
24	172	0	0.00000000	1.00000000
24	173	0	0.00000000	1.00000000
24	174	0	0.00000000	1.00000000
24	175	0	0.00000000	1.00000000
24	176	0	0.00000000	1.00000000
24	177	0	0.00000000	1.00000000
24	178	0	0.00000000	1.00000000
24	179	0	0.00000000	1.00000000
24	180	0	0.00000000	1.00000000
24	181	0	0.00000000	1.00000000
24	182	0	0.00000000	1.00000000
24	183	0	0.00000000	1.00000000
24	184	0	0.00000000	1.00000000
24	185	0	0.00000000	1.00000000
24	186	0	0.00000000	1.00000000
24	187	0	0.00000000	1.00000000
24	188	0	0.00000000	1.00000000
24	189	0	0.00000000	1.00000000
24	190	0	0.00000000	1.00000000
24	191	0	0.00000000	1.00000000
24	192	0	0.00000000	1.00000000
24	193	0	0.00000000	1.00000000
24	194	0	0.00000000	1.00000000
24	195	0	0.00000000	1.00000000
24	196	0	0.00000000	1.00000000
24	197	0	0.00000000	1.00000000
24	198	0	0.00000000	1.00000000
24	199	0	0.00000000	1.00000000
24	200	0	0.00000000	1.00000000
24	201	0	0.00000000	1.00000000
24	202	0	0.00000000	1.00000000
24	203	0	0.00000000	1.00000000
24	204	0	0.00000000	1.00000000
24	205	0	0.00000000	1.00000000
25	0	0	0.00000000	1.00000000
25	1	0	0.00000000	1.00000000
25	2	0	0.00000000	1.00000000
25	3	0	0.00000000	1.00000000
25	4	0	0.00000000	1.00000000
25	5	0	0.00000000	1.00000000
25	6	0	0.00000000	1.00000000
25	7	0	0.00000000	1.00000000
25	8	0	0.00000000	1.00000000
25	9	0	0.00000000	1.00000000
25	10	0	0.00000000	1.00000000
25	11	0	0.00000000	1.00000000
25	12	0	0.00000000	1.00000000
25	13	0	0.00000000	1.00000000
25	14	0	0.00000000	1.00000000
25	15	0	0.00000000	1.00000000
25	16	0	0.00000000	1.00000000
25	17	0	0.00000000	1.00000000
25	18	0	0.00000000	1.00000000
25	19	0	0.00000000	1.00000000
25	20	0	0.00000000	1.00000000
25	21	0	0.00000000	1.00000000
25	22	0	0.00000000	1.00000000
25	23	0	0.00000000	1.00000000
25	24	0	0.00000000	1.00000000
25	25	0	0.00000000	1.00000000
25	26	0	0.00000000	1.00000000
25	27	0	0.00000000	1.00000000
25	28	0	0.00000000	1.00000000
25	29	0	0.00000000	1.00000000
25	30	0	0.00000000	1.00000000
25	31	0	0.00000000	1.00000000
25	32	0	0.00000000	1.00000000
25	33	0	0.00000000	1.00000000
25	34	0	0.00000000	1.00000000
25	35	0	0.00000000	1.00000000
25	36	0	0.00000000	1.00000000
25	37	0	0.00000000	1.00000000
25	38	0	0.00000000	1.00000000
25	39	0	0.00000000	1.00000000
25	40	0	0.00000000	1.00000000
25	41	0	0.00000000	1.00000000
25	42	0	0.00000000	1.00000000
25	43	0	0.00000000	1.00000000
25	44	0	0.00000000	1.00000000
25	45	0	0.00000000	1.00000000
25	46	0	0.00000000	1.00000000
25	47	0	0.00000000	1.00000000
25	48	0	0.00000000	1.00000000
25	49	0	0.00000000	1.00000000
25	50	0	0.00000000	1.00000000
25	51	0	0.00000000	1.00000000
25	52	0	0.00000000	1.00000000
25	53	0	0.00000000	1.00000000
25	54	0	0.00000000	1.00000000
25	55	0	0.00000000	1.00000000
25	56	0	0.00000000	1.00000000
25	57	0	0.00000000	1.00000000
25	58	0	0.00000000	1.00000000
25	59	0	0.00000000	1.00000000
25	60	0	0.00000000	1.00000000
25	61	0	0.00000000	1.00000000
25	62	0	0.00000000	1.00000000
25	63	0	0.00000000	1.00000000
25	64	0	0.00000000	1.00000000
25	65	0	0.00000000	1.00000000
25	66	0	0.00000000	1.00000000
25	67	0	0.00000000	1.00000000
25	68	0	0.00000000	1.00000000
25	69	0	0.00000000	1.00000000
25	70	0	0.00000000	1.00000000
25	71	0	0.00000000	1.00000000
25	72	0	0.00000000	1.00000000
25	73	0	0.00000000	1.00000000
25	74	0	0.00000000	1.00000000
25	75	0	0.00000000	1.00000000
25	76	0	0.00000000	1.00000000
25	77	0	0.00000000	1.00000000
25	78	0	0.00000000	1.00000000
25	79	0	0.00000000	1.00000000
25	80	0	0.00000000	1.00000000
25	81	0	0.00000000	1.00000000
25	82	0	0.00000000	1.00000000
25	83	0	0.00000000	1.00000000
25	84	0	0.00000000	1.00000000
25	85	0	0.00000000	1.00000000
25	86	0	0.00000000	1.00000000
25	87	0	0.00000000	1.00000000
25	88	0	0.00000000	1.00000000
25	89	0	0.00000000	1.00000000
25	90	0	0.00000000	1.00000000
25	91	0	0.00000000	1.00000000
25	92	0	0.00000000	1.00000000
25	93	0	0.00000000	1.00000000
25	94	0	0.00000000	1.00000000
25	95	0	0.00000000	1.00000000
25	96	0	0.00000000	1.00000000
25	97	0	0.00000000	1.00000000
25	98	0	0.00000000	1.00000000
25	99	0	0.00000000	1.00000000
25	100	0	0.00000000	1.00000000
25	101	0	0.00000000	1.00000000
25	102	0	0.00000000	1.00000000
25	103	0	0.00000000	1.00000000
25	104	0	0.00000000	1.00000000
25	105	0	0.00000000	1.00000000
25	106	0	0.00000000	1.00000000
25	107	0	0.00000000	1.00000000
25	108	0	0.00000000	1.00000000
25	109	0	0.00000000	1.00000000
25	110	0	0.00000000	1.00000000
25	111	0	0.00000000	1.00000000
25	112	0	0.00000000	1.00000000
25	113	0	0.00000000	1.00000000
25	114	0	0.00000000	1.00000000
25	115	0	0.00000000	1.00000000
25	116	0	0.00000000	1.00000000
25	117	0	0.00000000	1.00000000
25	118	0	0.00000000	1.00000000
25	119	0	0.00000000	1.00000000
25	120	0	0.00000000	1.00000000
25	121	0	0.00000000	1.00000000
25	122	0	0.00000000	1.00000000
25	123	0	0.00000000	1.00000000
25	124	0	0.00000000	1.00000000
25	125	0	0.00000000	1.00000000
25	126	0	0.00000000	1.00000000
25	127	0	0.00000000	1.00000000
25	128	0	0.00000000	1.00000000
25	129	0	0.00000000	1.00000000
25	130	0	0.00000000	1.00000000
25	131	0	0.00000000	1.00000000
25	132	0	0.00000000	1.00000000
25	133	0	0.00000000	1.00000000
25	134	0	0.00000000	1.00000000
25	135	0	0.00000000	1.00000000
25	136	0	0.00000000	1.00000000
25	137	0	0.00000000	1.00000000
25	138	0	0.00000000	1.00000000
25	139	0	0.00000000	1.00000000
25	140	0	0.00000000	1.00000000
25	141	0	0.00000000	1.00000000
25	142	0	0.00000000	1.00000000
25	143	0	0.00000000	1.00000000
25	144	0	0.00000000	1.00000000
25	145	0	0.00000000	1.00000000
25	146	0	0.00000000	1.00000000
25	147	0	0.00000000	1.00000000
25	148	0	0.00000000	1.00000000
25	149	0	0.00000000	1.00000000
25	150	0	0.00000000	1.00000000
25	151	0	0.00000000	1.00000000
25	152	0	0.00000000	1.00000000
25	153	0	0.00000000	1.00000000
25	154	0	0.00000000	1.00000000
25	155	0	0.00000000	1.00000000
25	156	0	0.00000000	1.00000000
25	157	0	0.00000000	1.00000000
25	158	0	0.00000000	1.00000000
25	159	0	0.00000000	1.00000000
25	160	0	0.00000000	1.00000000
25	161	0	0.00000000	1.00000000
25	162	0	0.00000000	1.00000000
25	163	0	0.00000000	1.00000000
25	164	0	0.00000000	1.00000000
25	165	0	0.00000000	1.00000000
25	166	0	0.00000000	1.00000000
25	167	0	0.00000000	1.00000000
25	168	0	0.00000000	1.00000000
25	169	0	0.00000000	1.00000000
25	170	0	0.00000000	1.00000000
25	171	0	0.00000000	1.00000000
25	172	0	0.00000000	1.00000000
25	173	0	0.00000000	1.00000000
25	174	0	0.00000000	1.00000000
25	175	0	0.00000000	1.00000000
25	176	0	0.00000000	1.00000000
25	177	0	0.00000000	1.00000000
25	178	0	0.00000000	1.00000000
25	179	0	0.00000000	1.00000000
25	180	0	0.00000000	1.00000000
25	181	0	0.00000000	1.00000000
25	182	0	0.00000000	1.00000000
25	183	0	0.00000000	1.00000000
25	184	0	0.00000000	1.00000000
25	185	0	0.00000000	1.00000000
25	186	0	0.00000000	1.00000000
25	187	0	0.00000000	1.00000000
25	188	0	0.00000000	1.00000000
25	189	0	0.00000000	1.00000000
25	190	0	0.00000000	1.00000000
25	191	0	0.00000000	1.00000000
25	192	0	0.00000000	1.00000000
25	193	0	0.00000000	1.00000000
25	194	0	0.00000000	1.00000000
25	195	0	0.00000000	1.00000000
25	196	0	0.00000000	1.00000000
25	197	0	0.00000000	1.00000000
25	198	0	0.00000000	1.00000000
25	199	0	0.00000000	1.00000000
25	200	0	0.00000000	1.00000000
25	201	0	0.00000000	1.00000000
26	0	0	0.00000000	1.00000000
26	1	0	0.00000000	1.00000000
26	2	0	0.00000000	1.00000000
26	3	0	0.00000000	1.00000000
26	4	0	0.00000000	1.00000000
26	5	0	0.00000000	1.00000000
26	6	0	0.00000000	1.00000000
26	7	0	0.00000000	1.00000000
26	8	0	0.00000000	1.00000000
26	9	0	0.00000000	1.00000000
26	10	0	0.00000000	1.00000000
26	11	0	0.00000000	1.00000000
26	12	0	0.00000000	1.00000000
26	13	0	0.00000000	1.00000000
26	14	0	0.00000000	1.00000000
26	15	0	0.00000000	1.00000000
26	16	0	0.00000000	1.00000000
26	17	0	0.00000000	1.00000000
26	18	0	0.00000000	1.00000000
26	19	0	0.00000000	1.00000000
26	20	0	0.00000000	1.00000000
26	21	0	0.00000000	1.00000000
26	22	0	0.00000000	1.00000000
26	23	0	0.00000000	1.00000000
26	24	0	0.00000000	1.00000000
26	25	0	0.00000000	1.00000000
26	26	0	0.00000000	1.00000000
26	27	0	0.00000000	1.00000000
26	28	0	0.00000000	1.00000000
26	29	0	0.00000000	1.00000000
26	30	0	0.00000000	1.00000000
26	31	0	0.00000000	1.00000000
26	32	0	0.00000000	1.00000000
26	33	0	0.00000000	1.00000000
26	34	0	0.00000000	1.00000000
26	35	0	0.00000000	1.00000000
26	36	0	0.00000000	1.00000000
26	37	0	0.00000000	1.00000000
26	38	0	0.00000000	1.00000000
26	39	0	0.00000000	1.00000000
26	40	0	0.00000000	1.00000000
26	41	0	0.00000000	1.00000000
26	42	0	0.00000000	1.00000000
26	43	0	0.00000000	1.00000000
26	44	0	0.00000000	1.00000000
26	45	0	0.00000000	1.00000000
26	46	0	0.00000000	1.00000000
26	47	0	0.00000000	1.00000000
26	48	0	0.00000000	1.00000000
26	49	0	0.00000000	1.00000000
26	50	0	0.00000000	1.00000000
26	51	0	0.00000000	1.00000000
26	52	0	0.00000000	1.00000000
26	53	0	0.00000000	1.00000000
26	54	0	0.00000000	1.00000000
26	55	0	0.00000000	1.00000000
26	56	0	0.00000000	1.00000000
26	57	0	0.00000000	1.00000000
26	58	0	0.00000000	1.00000000
26	59	0	0.00000000	1.00000000
26	60	0	0.00000000	1.00000000
26	61	0	0.00000000	1.00000000
26	62	0	0.00000000	1.00000000
26	63	0	0.00000000	1.00000000
26	64	0	0.00000000	1.00000000
26	65	0	0.00000000	1.00000000
26	66	0	0.00000000	1.00000000
26	67	0	0.00000000	1.00000000
26	68	0	0.00000000	1.00000000
26	69	0	0.00000000	1.00000000
26	70	0	0.00000000	1.00000000
26	71	0	0.00000000	1.00000000
26	72	0	0.00000000	1.00000000
26	73	0	0.00000000	1.00000000
26	74	0	0.00000000	1.00000000
26	75	0	0.00000000	1.00000000
26	76	0	0.00000000	1.00000000
26	77	0	0.00000000	1.00000000
26	78	0	0.00000000	1.00000000
26	79	0	0.00000000	1.00000000
26	80	0	0.00000000	1.00000000
26	81	0	0.00000000	1.00000000
26	82	0	0.00000000	1.00000000
26	83	0	0.00000000	1.00000000
26	84	0	0.00000000	1.00000000
26	85	0	0.00000000	1.00000000
26	86	0	0.00000000	1.00000000
26	87	0	0.00000000	1.00000000
26	88	0	0.00000000	1.00000000
26	89	0	0.00000000	1.00000000
26	90	0	0.00000000	1.00000000
26	91	0	0.00000000	1.00000000
26	92	0	0.00000000	1.00000000
26	93	0	0.00000000	1.00000000
26	94	0	0.00000000	1.00000000
26	95	0	0.00000000	1.00000000
26	96	0	0.00000000	1.00000000
26	97	0	0.00000000	1.00000000
26	98	0	0.00000000	1.00000000
26	99	0	0.00000000	1.00000000
26	100	0	0.00000000	1.00000000
26	101	0	0.00000000	1.00000000
26	102	0	0.00000000	1.00000000
26	103	0	0.00000000	1.00000000
26	104	0	0.00000000	1.00000000
26	105	0	0.00000000	1.00000000
26	106	0	0.00000000	1.00000000
26	107	0	0.00000000	1.00000000
26	108	0	0.00000000	1.00000000
26	109	0	0.00000000	1.00000000
26	110	0	0.00000000	1.00000000
26	111	0	0.00000000	1.00000000
26	112	0	0.00000000	1.00000000
26	113	0	0.00000000	1.00000000
26	114	0	0.00000000	1.00000000
26	115	0	0.00000000	1.00000000
26	116	0	0.00000000	1.00000000
26	117	0	0.00000000	1.00000000
26	118	0	0.00000000	1.00000000
26	119	0	0.00000000	1.00000000
26	120	0	0.00000000	1.00000000
26	121	0	0.00000000	1.00000000
26	122	0	0.00000000	1.00000000
26	123	0	0.00000000	1.00000000
26	124	0	0.00000000	1.00000000
26	125	0	0.00000000	1.00000000
26	126	0	0.00000000	1.00000000
26	127	0	0.00000000	1.00000000
26	128	0	0.00000000	1.00000000
26	129	0	0.00000000	1.00000000
26	130	0	0.00000000	1.00000000
26	131	0	0.00000000	1.00000000
26	132	0	0.00000000	1.00000000
26	133	0	0.00000000	1.00000000
26	134	0	0.00000000	1.00000000
26	135	0	0.00000000	1.00000000
26	136	0	0.00000000	1.00000000
26	137	0	0.00000000	1.00000000
26	138	0	0.00000000	1.00000000
26	139	0	0.00000000	1.00000000
26	140	0	0.00000000	1.00000000
26	141	0	0.00000000	1.00000000
26	142	0	0.00000000	1.00000000
26	143	0	0.00000000	1.00000000
26	144	0	0.00000000	1.00000000
26	145	0	0.00000000	1.00000000
26	146	0	0.00000000	1.00000000
26	147	0	0.00000000	1.00000000
26	148	0	0.00000000	1.00000000
26	149	0	0.00000000	1.00000000
26	150	0	0.00000000	1.00000000
26	151	0	0.00000000	1.00000000
26	152	0	0.00000000	1.00000000
26	153	0	0.00000000	1.00000000
26	154	0	0.00000000	1.00000000
26	155	0	0.00000000	1.00000000
26	156	0	0.00000000	1.00000000
26	157	0	0.00000000	1.00000000
26	158	0	0.00000000	1.00000000
26	159	0	0.00000000	1.00000000
26	160	0	0.00000000	1.00000000
26	161	0	0.00000000	1.00000000
26	162	0	0.00000000	1.00000000
26	163	0	0.00000000	1.00000000
26	164	0	0.00000000	1.00000000
26	165	0	0.00000000	1.00000000
26	166	0	0.00000000	1.00000000
26	167	0	0.00000000	1.00000000
26	168	0	0.00000000	1.00000000
26	169	0	0.00000000	1.00000000
26	170	0	0.00000000	1.00000000
26	171	0	0.00000000	1.00000000
26	172	0	0.00000000	1.00000000
26	173	0	0.00000000	1.00000000
26	174	0	0.00000000	1.00000000
26	175	0	0.00000000	1.00000000
26	176	0	0.00000000	1.00000000
26	177	0	0.00000000	1.00000000
26	178	0	0.00000000	1.00000000
26	179	0	0.00000000	1.00000000
26	180	0	0.00000000	1.00000000
26	181	0	0.00000000	1.00000000
26	182	0	0.00000000	1.00000000
26	183	0	0.00000000	1.00000000
26	184	0	0.00000000	1.00000000
26	185	0	0.00000000	1.00000000
26	186	0	0.00000000	1.00000000
26	187	0	0.00000000	1.00000000
26	188	0	0.00000000	1.00000000
26	189	0	0.00000000	1.00000000
26	190	0	0.00000000	1.00000000
26	191	0	0.00000000	1.00000000
26	192	0	0.00000000	1.00000000
26	193	0	0.00000000	1.00000000
26	194	0	0.00000000	1.00000000
26	195	0	0.00000000	1.00000000
26	196	0	0.00000000	1.00000000
26	197	0	0.00000000	1.00000000
26	198	0	0.00000000	1.00000000
26	199	0	0.00000000	1.00000000
27	0	0	0.00000000	1.00000000
27	1	0	0.00000000	1.00000000
27	2	0	0.00000000	1.00000000
27	3	0	0.00000000	1.00000000
27	4	0	0.00000000	1.00000000
27	5	0	0.00000000	1.00000000
27	6	0	0.00000000	1.00000000
27	7	0	0.00000000	1.00000000
27	8	0	0.00000000	1.00000000
27	9	0	0.00000000	1.00000000
27	10	0	0.00000000	1.00000000
27	11	0	0.00000000	1.00000000
27	12	0	0.00000000	1.00000000
27	13	0	0.00000000	1.00000000
27	14	0	0.00000000	1.00000000
27	15	0	0.00000000	1.00000000
27	16	0	0.00000000	1.00000000
27	17	0	0.00000000	1.00000000
27	18	0	0.00000000	1.00000000
27	19	0	0.00000000	1.00000000
27	20	0	0.00000000	1.00000000
27	21	0	0.00000000	1.00000000
27	22	0	0.00000000	1.00000000
27	23	0	0.00000000	1.00000000
27	24	0	0.00000000	1.00000000
27	25	0	0.00000000	1.00000000
27	26	0	0.00000000	1.00000000
27	27	0	0.00000000	1.00000000
27	28	0	0.00000000	1.00000000
27	29	0	0.00000000	1.00000000
27	30	0	0.00000000	1.00000000
27	31	0	0.00000000	1.00000000
27	32	0	0.00000000	1.00000000
27	33	0	0.00000000	1.00000000
27	34	0	0.00000000	1.00000000
27	35	0	0.00000000	1.00000000
27	36	0	0.00000000	1.00000000
27	37	0	0.00000000	1.00000000
27	38	0	0.00000000	1.00000000
27	39	0	0.00000000	1.00000000
27	40	0	0.00000000	1.00000000
27	41	0	0.00000000	1.00000000
27	42	0	0.00000000	1.00000000
27	43	0	0.00000000	1.00000000
27	44	0	0.00000000	1.00000000
27	45	0	0.00000000	1.00000000
27	46	0	0.00000000	1.00000000
27	47	0	0.00000000	1.00000000
27	48	0	0.00000000	1.00000000
27	49	0	0.00000000	1.00000000
27	50	0	0.00000000	1.00000000
27	51	0	0.00000000	1.00000000
27	52	0	0.00000000	1.00000000
27	53	0	0.00000000	1.00000000
27	54	0	0.00000000	1.00000000
27	55	0	0.00000000	1.00000000
27	56	0	0.00000000	1.00000000
27	57	0	0.00000000	1.00000000
27	58	0	0.00000000	1.00000000
27	59	0	0.00000000	1.00000000
27	60	0	0.00000000	1.00000000
27	61	0	0.00000000	1.00000000
27	62	0	0.00000000	1.00000000
27	63	0	0.00000000	1.00000000
27	64	0	0.00000000	1.00000000
27	65	0	0.00000000	1.00000000
27	66	0	0.00000000	1.00000000
27	67	0	0.00000000	1.00000000
27	68	0	0.00000000	1.00000000
27	69	0	0.00000000	1.00000000
27	70	0	0.00000000	1.00000000
27	71	0	0.00000000	1.00000000
27	72	0	0.00000000	1.00000000
27	73	0	0.00000000	1.00000000
27	74	0	0.00000000	1.00000000
27	75	0	0.00000000	1.00000000
27	76	0	0.00000000	1.00000000
27	77	0	0.00000000	1.00000000
27	78	0	0.00000000	1.00000000
27	79	0	0.00000000	1.00000000
27	80	0	0.00000000	1.00000000
27	81	0	0.00000000	1.00000000
27	82	0	0.00000000	1.00000000
27	83	0	0.00000000	1.00000000
27	84	0	0.00000000	1.00000000
27	85	0	0.00000000	1.00000000
27	86	0	0.00000000	1.00000000
27	87	0	0.00000000	1.00000000
27	88	0	0.00000000	1.00000000
27	89	0	0.00000000	1.00000000
27	90	0	0.00000000	1.00000000
27	91	0	0.00000000	1.00000000
27	92	0	0.00000000	1.00000000
27	93	0	0.00000000	1.00000000
27	94	0	0.00000000	1.00000000
27	95	0	0.00000000	1.00000000
27	96	0	0.00000000	1.00000000
27	97	0	0.00000000	1.00000000
27	98	0	0.00000000	1.00000000
27	99	0	0.00000000	1.00000000
27	100	0	0.00000000	1.00000000
27	101	0	0.00000000	1.00000000
27	102	0	0.00000000	1.00000000
27	103	0	0.00000000	1.00000000
27	104	0	0.00000000	1.00000000
27	105	0	0.00000000	1.00000000
27	106	0	0.00000000	1.00000000
27	107	0	0.00000000	1.00000000
27	108	0	0.00000000	1.00000000
27	109	0	0.00000000	1.00000000
27	110	0	0.00000000	1.00000000
27	111	0	0.00000000	1.00000000
27	112	0	0.00000000	1.00000000
27	113	0	0.00000000	1.00000000
27	114	0	0.00000000	1.00000000
27	115	0	0.00000000	1.00000000
27	116	0	0.00000000	1.00000000
27	117	0	0.00000000	1.00000000
27	118	0	0.00000000	1.00000000
27	119	0	0.00000000	1.00000000
27	120	0	0.00000000	1.00000000
27	121	0	0.00000000	1.00000000
27	122	0	0.00000000	1.00000000
27	123	0	0.00000000	1.00000000
27	124	0	0.00000000	1.00000000
27	125	0	0.00000000	1.00000000
27	126	0	0.00000000	1.00000000
27	127	0	0.00000000	1.00000000
27	128	0	0.00000000	1.00000000
27	129	0	0.00000000	1.00000000
27	130	0	0.00000000	1.00000000
27	131	0	0.00000000	1.00000000
27	132	0	0.00000000	1.00000000
27	133	0	0.00000000	1.00000000
27	134	0	0.00000000	1.00000000
27	135	0	0.00000000	1.00000000
27	136	0	0.00000000	1.00000000
27	137	0	0.00000000	1.00000000
27	138	0	0.00000000	1.00000000
27	139	0	0.00000000	1.00000000
27	140	0	0.00000000	1.00000000
27	141	0	0.00000000	1.00000000
27	142	0	0.00000000	1.00000000
27	143	0	0.00000000	1.00000000
27	144	0	0.00000000	1.00000000
27	145	0	0.00000000	1.00000000
27	146	0	0.00000000	1.00000000
27	147	0	0.00000000	1.00000000
27	148	0	0.00000000	1.00000000
27	149	0	0.00000000	1.00000000
27	150	0	0.00000000	1.00000000
27	151	0	0.00000000	1.00000000
27	152	0	0.00000000	1.00000000
27	153	0	0.00000000	1.00000000
27	154	0	0.00000000	1.00000000
27	155	0	0.00000000	1.00000000
27	156	0	0.00000000	1.00000000
27	157	0	0.00000000	1.00000000
27	158	0	0.00000000	1.00000000
27	159	0	0.00000000	1.00000000
27	160	0	0.00000000	1.00000000
27	161	0	0.00000000	1.00000000
27	162	0	0.00000000	1.00000000
27	163	0	0.00000000	1.00000000
27	164	0	0.00000000	1.00000000
27	165	0	0.00000000	1.00000000
27	166	0	0.00000000	1.00000000
27	167	0	0.00000000	1.00000000
27	168	0	0.00000000	1.00000000
27	169	0	0.00000000	1.00000000
27	170	0	0.00000000	1.00000000
27	171	0	0.00000000	1.00000000
27	172	0	0.00000000	1.00000000
27	173	0	0.00000000	1.00000000
27	174	0	0.00000000	1.00000000
27	175	0	0.00000000	1.00000000
27	176	0	0.00000000	1.00000000
27	177	0	0.00000000	1.00000000
27	178	0	0.00000000	1.00000000
27	179	0	0.00000000	1.00000000
27	180	0	0.00000000	1.00000000
27	181	0	0.00000000	1.00000000
27	182	0	0.00000000	1.00000000
27	183	0	0.00000000	1.00000000
27	184	0	0.00000000	1.00000000
27	185	0	0.00000000	1.00000000
27	186	0	0.00000000	1.00000000
27	187	0	0.00000000	1.00000000
27	188	0	0.00000000	1.00000000
27	189	0	0.00000000	1.00000000
27	190	0	0.00000000	1.00000000
27	191	0	0.00000000	1.00000000
27	192	0	0.00000000	1.00000000
27	193	0	0.00000000	1.00000000
27	194	0	0.00000000	1.00000000
27	195	0	0.00000000	1.00000000
28	0	0	0.00000000	1.00000000
28	1	0	0.00000000	1.00000000
28	2	0	0.00000000	1.00000000
28	3	0	0.00000000	1.00000000
28	4	0	0.00000000	1.00000000
28	5	0	0.00000000	1.00000000
28	6	0	0.00000000	1.00000000
28	7	0	0.00000000	1.00000000
28	8	0	0.00000000	1.00000000
28	9	0	0.00000000	1.00000000
28	10	0	0.00000000	1.00000000
28	11	0	0.00000000	1.00000000
28	12	0	0.00000000	1.00000000
28	13	0	0.00000000	1.00000000
28	14	0	0.00000000	1.00000000
28	15	0	0.00000000	1.00000000
28	16	0	0.00000000	1.00000000
28	17	0	0.00000000	1.00000000
28	18	0	0.00000000	1.00000000
28	19	0	0.00000000	1.00000000
28	20	0	0.00000000	1.00000000
28	21	0	0.00000000	1.00000000
28	22	0	0.00000000	1.00000000
28	23	0	0.00000000	1.00000000
28	24	0	0.00000000	1.00000000
28	25	0	0.00000000	1.00000000
28	26	0	0.00000000	1.00000000
28	27	0	0.00000000	1.00000000
28	28	0	0.00000000	1.00000000
28	29	0	0.00000000	1.00000000
28	30	0	0.00000000	1.00000000
28	31	0	0.00000000	1.00000000
28	32	0	0.00000000	1.00000000
28	33	0	0.00000000	1.00000000
28	34	0	0.00000000	1.00000000
28	35	0	0.00000000	1.00000000
28	36	0	0.00000000	1.00000000
28	37	0	0.00000000	1.00000000
28	38	0	0.00000000	1.00000000
28	39	0	0.00000000	1.00000000
28	40	0	0.00000000	1.00000000
28	41	0	0.00000000	1.00000000
28	42	0	0.00000000	1.00000000
28	43	0	0.00000000	1.00000000
28	44	0	0.00000000	1.00000000
28	45	0	0.00000000	1.00000000
28	46	0	0.00000000	1.00000000
28	47	0	0.00000000	1.00000000
28	48	0	0.00000000	1.00000000
28	49	0	0.00000000	1.00000000
28	50	0	0.00000000	1.00000000
28	51	0	0.00000000	1.00000000
28	52	0	0.00000000	1.00000000
28	53	0	0.00000000	1.00000000
28	54	0	0.00000000	1.00000000
28	55	0	0.00000000	1.00000000
28	56	0	0.00000000	1.00000000
28	57	0	0.00000000	1.00000000
28	58	0	0.00000000	1.00000000
28	59	0	0.00000000	1.00000000
28	60	0	0.00000000	1.00000000
28	61	0	0.00000000	1.00000000
28	62	0	0.00000000	1.00000000
28	63	0	0.00000000	1.00000000
28	64	0	0.00000000	1.00000000
28	65	0	0.00000000	1.00000000
28	66	0	0.00000000	1.00000000
28	67	0	0.00000000	1.00000000
28	68	0	0.00000000	1.00000000
28	69	0	0.00000000	1.00000000
28	70	0	0.00000000	1.00000000
28	71	0	0.00000000	1.00000000
28	72	0	0.00000000	1.00000000
28	73	0	0.00000000	1.00000000
28	74	0	0.00000000	1.00000000
28	75	0	0.00000000	1.00000000
28	76	0	0.00000000	1.00000000
28	77	0	0.00000000	1.00000000
28	78	0	0.00000000	1.00000000
28	79	0	0.00000000	1.00000000
28	80	0	0.00000000	1.00000000
28	81	0	0.00000000	1.00000000
28	82	0	0.00000000	1.00000000
28	83	0	0.00000000	1.00000000
28	84	0	0.00000000	1.00000000
28	85	0	0.00000000	1.00000000
28	86	0	0.00000000	1.00000000
28	87	0	0.00000000	1.00000000
28	88	0	0.00000000	1.00000000
28	89	0	0.00000000	1.00000000
28	90	0	0.00000000	1.00000000
28	91	0	0.00000000	1.00000000
28	92	0	0.00000000	1.00000000
28	93	0	0.00000000	1.00000000
28	94	0	0.00000000	1.00000000
28	95	0	0.00000000	1.00000000
28	96	0	0.00000000	1.00000000
28	97	0	0.00000000	1.00000000
28	98	0	0.00000000	1.00000000
28	99	0	0.00000000	1.00000000
28	100	0	0.00000000	1.00000000
28	101	0	0.00000000	1.00000000
28	102	0	0.00000000	1.00000000
28	103	0	0.00000000	1.00000000
28	104	0	0.00000000	1.00000000
28	105	0	0.00000000	1.00000000
28	106	0	0.00000000	1.00000000
28	107	0	0.00000000	1.00000000
28	108	0	0.00000000	1.00000000
28	109	0	0.00000000	1.00000000
28	110	0	0.00000000	1.00000000
28	111	0	0.00000000	1.00000000
28	112	0	0.00000000	1.00000000
28	113	0	0.00000000	1.00000000
28	114	0	0.00000000	1.00000000
28	115	0	0.00000000	1.00000000
28	116	0	0.00000000	1.00000000
28	117	0	0.00000000	1.00000000
28	118	0	0.00000000	1.00000000
28	119	0	0.00000000	1.00000000
28	120	0	0.00000000	1.00000000
28	121	0	0.00000000	1.00000000
28	122	0	0.00000000	1.00000000
28	123	0	0.00000000	1.00000000
28	124	0	0.00000000	1.00000000
28	125	0	0.00000000	1.00000000
28	126	0	0.00000000	1.00000000
28	127	0	0.00000000	1.00000000
28	128	0	0.00000000	1.00000000
28	129	0	0.00000000	1.00000000
28	130	0	0.00000000	1.00000000
28	131	0	0.00000000	1.00000000
28	132	0	0.00000000	1.00000000
28	133	0	0.00000000	1.00000000
28	134	0	0.00000000	1.00000000
28	135	0	0.00000000	1.00000000
28	136	0	0.00000000	1.00000000
28	137	0	0.00000000	1.00000000
28	138	0	0.00000000	1.00000000
28	139	0	0.00000000	1.00000000
28	140	0	0.00000000	1.00000000
28	141	0	0.00000000	1.00000000
28	142	0	0.00000000	1.00000000
28	143	0	0.00000000	1.00000000
28	144	0	0.00000000	1.00000000
28	145	0	0.00000000	1.00000000
28	146	0	0.00000000	1.00000000
28	147	0	0.00000000	1.00000000
28	148	0	0.00000000	1.00000000
28	149	0	0.00000000	1.00000000
28	150	0	0.00000000	1.00000000
28	151	0	0.00000000	1.00000000
28	152	0	0.00000000	1.00000000
28	153	0	0.00000000	1.00000000
28	154	0	0.00000000	1.00000000
28	155	0	0.00000000	1.00000000
28	156	0	0.00000000	1.00000000
28	157	0	0.00000000	1.00000000
28	158	0	0.00000000	1.00000000
28	159	0	0.00000000	1.00000000
28	160	0	0.00000000	1.00000000
28	161	0	0.00000000	1.00000000
28	162	0	0.00000000	1.00000000
28	163	0	0.00000000	1.00000000
28	164	0	0.00000000	1.00000000
28	165	0	0.00000000	1.00000000
28	166	0	0.00000000	1.00000000
28	167	0	0.00000000	1.00000000
28	168	0	0.00000000	1.00000000
28	169	0	0.00000000	1.00000000
28	170	0	0.00000000	1.00000000
28	171	0	0.00000000	1.00000000
28	172	0	0.00000000	1.00000000
28	173	0	0.00000000	1.00000000
28	174	0	0.00000000	1.00000000
28	175	0	0.00000000	1.00000000
28	176	0	0.00000000	1.00000000
28	177	0	0.00000000	1.00000000
29	0	0	0.00000000	1.00000000
29	1	0	0.00000000	1.00000000
29	2	0	0.00000000	1.00000000
29	3	0	0.00000000	1.00000000
29	4	0	0.00000000	1.00000000
29	5	0	0.00000000	1.00000000
29	6	0	0.00000000	1.00000000
29	7	0	0.00000000	1.00000000
29	8	0	0.00000000	1.00000000
29	9	0	0.00000000	1.00000000
29	10	0	0.00000000	1.00000000
29	11	0	0.00000000	1.00000000
29	12	0	0.00000000	1.00000000
29	13	0	0.00000000	1.00000000
29	14	0	0.00000000	1.00000000
29	15	0	0.00000000	1.00000000
29	16	0	0.00000000	1.00000000
29	17	0	0.00000000	1.00000000
29	18	0	0.00000000	1.00000000
29	19	0	0.00000000	1.00000000
29	20	0	0.00000000	1.00000000
29	21	0	0.00000000	1.00000000
29	22	0	0.00000000	1.00000000
29	23	0	0.00000000	1.00000000
29	24	0	0.00000000	1.00000000
29	25	0	0.00000000	1.00000000
29	26	0	0.00000000	1.00000000
29	27	0	0.00000000	1.00000000
29	28	0	0.00000000	1.00000000
29	29	0	0.00000000	1.00000000
29	30	0	0.00000000	1.00000000
29	31	0	0.00000000	1.00000000
29	32	0	0.00000000	1.00000000
29	33	0	0.00000000	1.00000000
29	34	0	0.00000000	1.00000000
29	35	0	0.00000000	1.00000000
29	36	0	0.00000000	1.00000000
29	37	0	0.00000000	1.00000000
29	38	0	0.00000000	1.00000000
29	39	0	0.00000000	1.00000000
29	40	0	0.00000000	1.00000000
29	41	0	0.00000000	1.00000000
29	42	0	0.00000000	1.00000000
29	43	0	0.00000000	1.00000000
29	44	0	0.00000000	1.00000000
29	45	0	0.00000000	1.00000000
29	46	0	0.00000000	1.00000000
29	47	0	0.00000000	1.00000000
29	48	0	0.00000000	1.00000000
29	49	0	0.00000000	1.00000000
29	50	0	0.00000000	1.00000000
29	51	0	0.00000000	1.00000000
29	52	0	0.00000000	1.00000000
29	53	0	0.00000000	1.00000000
29	54	0	0.00000000	1.00000000
29	55	0	0.00000000	1.00000000
29	56	0	0.00000000	1.00000000
29	57	0	0.00000000	1.00000000
29	58	0	0.00000000	1.00000000
29	59	0	0.00000000	1.00000000
29	60	0	0.00000000	1.00000000
29	61	0	0.00000000	1.00000000
29	62	0	0.00000000	1.00000000
29	63	0	0.00000000	1.00000000
29	64	0	0.00000000	1.00000000
29	65	0	0.00000000	1.00000000
29	66	0	0.00000000	1.00000000
29	67	0	0.00000000	1.00000000
29	68	0	0.00000000	1.00000000
29	69	0	0.00000000	1.00000000
29	70	0	0.00000000	1.00000000
29	71	0	0.00000000	1.00000000
29	72	0	0.00000000	1.00000000
29	73	0	0.00000000	1.00000000
29	74	0	0.00000000	1.00000000
29	75	0	0.00000000	1.00000000
29	76	0	0.00000000	1.00000000
29	77	0	0.00000000	1.00000000
29	78	0	0.00000000	1.00000000
29	79	0	0.00000000	1.00000000
29	80	0	0.00000000	1.00000000
29	81	0	0.00000000	1.00000000
29	82	0	0.00000000	1.00000000
29	83	0	0.00000000	1.00000000
29	84	0	0.00000000	1.00000000
29	85	0	0.00000000	1.00000000
29	86	0	0.00000000	1.00000000
29	87	0	0.00000000	1.00000000
29	88	0	0.00000000	1.00000000
29	89	0	0.00000000	1.00000000
29	90	0	0.00000000	1.00000000
29	91	0	0.00000000	1.00000000
29	92	0	0.00000000	1.00000000
29	93	0	0.00000000	1.00000000
29	94	0	0.00000000	1.00000000
29	95	0	0.00000000	1.00000000
29	96	0	0.00000000	1.00000000
29	97	0	0.00000000	1.00000000
29	98	0	0.00000000	1.00000000
29	99	0	0.00000000	1.00000000
29	100	0	0.00000000	1.00000000
29	101	0	0.00000000	1.00000000
29	102	0	0.00000000	1.00000000
29	103	0	0.00000000	1.00000000
29	104	0	0.00000000	1.00000000
29	105	0	0.00000000	1.00000000
29	106	0	0.00000000	1.00000000
29	107	0	0.00000000	1.00000000
29	108	0	0.00000000	1.00000000
29	109	0	0.00000000	1.00000000
29	110	0	0.00000000	1.00000000
29	111	0	0.00000000	1.00000000
29	112	0	0.00000000	1.00000000
29	113	0	0.00000000	1.00000000
29	114	0	0.00000000	1.00000000
29	115	0	0.00000000	1.00000000
29	116	0	0.00000000	1.00000000
29	117	0	0.00000000	1.00000000
29	118	0	0.00000000	1.00000000
29	119	0	0.00000000	1.00000000
29	120	0	0.00000000	1.00000000
29	121	0	0.00000000	1.00000000
29	122	0	0.00000000	1.00000000
29	123	0	0.00000000	1.00000000
29	124	0	0.00000000	1.00000000
29	125	0	0.00000000	1.00000000
29	126	0	0.00000000	1.00000000
29	127	0	0.00000000	1.00000000
29	128	0	0.00000000	1.00000000
29	129	0	0.00000000	1.00000000
30	0	0	0.00000000	1.00000000
30	1	0	0.00000000	1.00000000
30	2	0	0.00000000	1.00000000
30	3	0	0.00000000	1.00000000
30	4	0	0.00000000	1.00000000
30	5	0	0.00000000	1.00000000
30	6	0	0.00000000	1.00000000
30	7	0	0.00000000	1.00000000
30	8	0	0.00000000	1.00000000
30	9	0	0.00000000	1.00000000
30	10	0	0.00000000	1.00000000
30	11	0	0.00000000	1.00000000
30	12	0	0.00000000	1.00000000
30	13	0	0.00000000	1.00000000
30	14	0	0.00000000	1.00000000
30	15	0	0.00000000	1.00000000
30	16	0	0.00000000	1.00000000
30	17	0	0.00000000	1.00000000
30	18	0	0.00000000	1.00000000
30	19	0	0.00000000	1.00000000
30	20	0	0.00000000	1.00000000
30	21	0	0.00000000	1.00000000
30	22	0	0.00000000	1.00000000
30	23	0	0.00000000	1.00000000
30	24	0	0.00000000	1.00000000
30	25	0	0.00000000	1.00000000
30	26	0	0.00000000	1.00000000
30	27	0	0.00000000	1.00000000
30	28	0	0.00000000	1.00000000
30	29	0	0.00000000	1.00000000
30	30	0	0.00000000	1.00000000
30	31	0	0.00000000	1.00000000
30	32	0	0.00000000	1.00000000
30	33	0	0.00000000	1.00000000
30	34	0	0.00000000	1.00000000
30	35	0	0.00000000	1.00000000
30	36	0	0.00000000	1.00000000
30	37	0	0.00000000	1.00000000
30	38	0	0.00000000	1.00000000
30	39	0	0.00000000	1.00000000
30	40	0	0.00000000	1.00000000
30	41	0	0.00000000	1.00000000
30	42	0	0.00000000	1.00000000
30	43	0	0.00000000	1.00000000
30	44	0	0.00000000	1.00000000
30	45	0	0.00000000	1.00000000
30	46	0	0.00000000	1.00000000
30	47	0	0.00000000	1.00000000
30	48	0	0.00000000	1.00000000
30	49	0	0.00000000	1.00000000
30	50	0	0.00000000	1.00000000
30	51	0	0.00000000	1.00000000
30	52	0	0.00000000	1.00000000
30	53	0	0.00000000	1.00000000
30	54	0	0.00000000	1.00000000
30	55	0	0.00000000	1.00000000
30	56	0	0.00000000	1.00000000
30	57	0	0.00000000	1.00000000
30	58	0	0.00000000	1.00000000
30	59	0	0.00000000	1.00000000
30	60	0	0.00000000	1.00000000
30	61	0	0.00000000	1.00000000
30	62	0	0.00000000	1.00000000
30	63	0	0.00000000	1.00000000
30	64	0	0.00000000	1.00000000
30	65	0	0.00000000	1.00000000
30	66	0	0.00000000	1.00000000
30	67	0	0.00000000	1.00000000
30	68	0	0.00000000	1.00000000
30	69	0	0.00000000	1.00000000
30	70	0	0.00000000	1.00000000
30	71	0	0.00000000	1.00000000
30	72	0	0.00000000	1.00000000
30	73	0	0.00000000	1.00000000
30	74	0	0.00000000	1.00000000
30	75	0	0.00000000	1.00000000
30	76	0	0.00000000	1.00000000
30	77	0	0.00000000	1.00000000
30	78	0	0.00000000	1.00000000
30	79	0	0.00000000	1.00000000
30	80	0	0.00000000	1.00000000
30	81	0	0.00000000	1.00000000
30	82	0	0.00000000	1.00000000
30	83	0	0.00000000	1.00000000
30	84	0	0.00000000	1.00000000
30	85	0	0.00000000	1.00000000
30	86	0	0.00000000	1.00000000
30	87	0	0.00000000	1.00000000
30	88	0	0.00000000	1.00000000
30	89	0	0.00000000	1.00000000
30	90	0	0.00000000	1.00000000
30	91	0	0.00000000	1.00000000
30	92	0	0.00000000	1.00000000
30	93	0	0.00000000	1.00000000
30	94	0	0.00000000	1.00000000
30	95	0	0.00000000	1.00000000
30	96	0	0.00000000	1.00000000
30	97	0	0.00000000	1.00000000
30	98	0	0.00000000	1.00000000
30	99	0	0.00000000	1.00000000
30	100	0	0.00000000	1.00000000
30	101	0	0.00000000	1.00000000
30	102	0	0.00000000	1.00000000
30	103	0	0.00000000	1.00000000
30	104	0	0.00000000	1.00000000
30	105	0	0.00000000	1.00000000
30	106	0	0.00000000	1.00000000
30	107	0	0.00000000	1.00000000
31	0	0	0.00000000	1.00000000
31	1	0	0.00000000	1.00000000
31	2	0	0.00000000	1.00000000
31	3	0	0.00000000	1.00000000
31	4	0	0.00000000	1.00000000
31	5	0	0.00000000	1.00000000
31	6	0	0.00000000	1.00000000
31	7	0	0.00000000	1.00000000
31	8	0	0.00000000	1.00000000
31	9	0	0.00000000	1.00000000
31	10	0	0.00000000	1.00000000
31	11	0	0.00000000	1.00000000
31	12	0	0.00000000	1.00000000
31	13	0	0.00000000	1.00000000
31	14	0	0.00000000	1.00000000
31	15	0	0.00000000	1.00000000
31	16	0	0.00000000	1.00000000
31	17	0	0.00000000	1.00000000
31	18	0	0.00000000	1.00000000
31	19	0	0.00000000	1.00000000
31	20	0	0.00000000	1.00000000
31	21	0	0.00000000	1.00000000
31	22	0	0.00000000	1.00000000
31	23	0	0.00000000	1.00000000
31	24	0	0.00000000	1.00000000
31	25	0	0.00000000	1.00000000
31	26	0	0.00000000	1.00000000
31	27	0	0.00000000	1.00000000
31	28	0	0.00000000	1.00000000
31	29	0	0.00000000	1.00000000
31	30	0	0.00000000	1.00000000
31	31	0	0.00000000	1.00000000
31	32	0	0.00000000	1.00000000
31	33	0	0.00000000	1.00000000
31	34	0	0.00000000	1.00000000
31	35	0	0.00000000	1.00000000
31	36	0	0.00000000	1.00000000
31	37	0	0.00000000	1.00000000
31	38	0	0.00000000	1.00000000
31	39	0	0.00000000	1.00000000
31	40	0	0.00000000	1.00000000
31	41	0	0.00000000	1.00000000
31	42	0	0.00000000	1.00000000
31	43	0	0.00000000	1.00000000
31	44	0	0.00000000	1.00000000
31	45	0	0.00000000	1.00000000
31	46	0	0.00000000	1.00000000
31	47	0	0.00000000	1.00000000
31	48	0	0.00000000	1.00000000
31	49	0	0.00000000	1.00000000
31	50	0	0.00000000	1.00000000
31	51	0	0.00000000	1.00000000
31	52	0	0.00000000	1.00000000
31	53	0	0.00000000	1.00000000
31	54	0	0.00000000	1.00000000
31	55	0	0.00000000	1.00000000
31	56	0	0.00000000	1.00000000
31	57	0	0.00000000	1.00000000
31	58	0	0.00000000	1.00000000
31	59	0	0.00000000	1.00000000
31	60	0	0.00000000	1.00000000
31	61	0	0.00000000	1.00000000
31	62	0	0.00000000	1.00000000
31	63	0	0.00000000	1.00000000
31	64	0	0.00000000	1.00000000
31	65	0	0.00000000	1.00000000
31	66	0	0.00000000	1.00000000
31	67	0	0.00000000	1.00000000
31	68	0	0.00000000	1.00000000
31	69	0	0.00000000	1.00000000
31	70	0	0.00000000	1.00000000
31	71	0	0.00000000	1.00000000
31	72	0	0.00000000	1.00000000
31	73	0	0.00000000	1.00000000
31	74	0	0.00000000	1.00000000
31	75	0	0.00000000	1.00000000
31	76	0	0.00000000	1.00000000
31	77	0	0.00000000	1.00000000
31	78	0	0.00000000	1.00000000
31	79	0	0.00000000	1.00000000
31	80	0	0.00000000	1.00000000
31	81	0	0.00000000	1.00000000
31	82	0	0.00000000	1.00000000
31	83	0	0.00000000	1.00000000
31	84	0	0.00000000	1.00000000
31	85	0	0.00000000	1.00000000
31	86	0	0.00000000	1.00000000
31	87	0	0.00000000	1.00000000
31	88	0	0.00000000	1.00000000
31	89	0	0.00000000	1.00000000
########################################
# TPC TDC : ct = (t-p0)*p1             #
########################################
0	0	1	84.00000000	80.00000000
0	1	1	84.00000000	80.00000000
0	2	1	84.00000000	80.00000000
0	3	1	84.00000000	80.00000000
0	4	1	84.00000000	80.00000000
0	5	1	84.00000000	80.00000000
0	6	1	84.00000000	80.00000000
0	7	1	84.00000000	80.00000000
0	8	1	84.00000000	80.00000000
0	9	1	84.00000000	80.00000000
0	10	1	84.00000000	80.00000000
0	11	1	84.00000000	80.00000000
0	12	1	84.00000000	80.00000000
0	13	1	84.00000000	80.00000000
0	14	1	84.00000000	80.00000000
0	15	1	84.00000000	80.00000000
0	16	1	84.00000000	80.00000000
0	17	1	84.00000000	80.00000000
0	18	1	84.00000000	80.00000000
0	19	1	84.00000000	80.00000000
0	20	1	84.00000000	80.00000000
0	21	1	84.00000000	80.00000000
0	22	1	84.00000000	80.00000000
0	23	1	84.00000000	80.00000000
0	24	1	84.00000000	80.00000000
0	25	1	84.00000000	80.00000000
0	26	1	84.00000000	80.00000000
0	27	1	84.00000000	80.00000000
0	28	1	84.00000000	80.00000000
0	29	1	84.00000000	80.00000000
0	30	1	84.00000000	80.00000000
0	31	1	84.00000000	80.00000000
0	32	1	84.00000000	80.00000000
0	33	1	84.00000000	80.00000000
0	34	1	84.00000000	80.00000000
0	35	1	84.00000000	80.00000000
0	36	1	84.00000000	80.00000000
0	37	1	84.00000000	80.00000000
0	38	1	84.00000000	80.00000000
0	39	1	84.00000000	80.00000000
0	40	1	84.00000000	80.00000000
0	41	1	84.00000000	80.00000000
0	42	1	84.00000000	80.00000000
0	43	1	84.00000000	80.00000000
0	44	1	84.00000000	80.00000000
0	45	1	84.00000000	80.00000000
0	46	1	84.00000000	80.00000000
0	47	1	84.00000000	80.00000000
1	0	1	84.00000000	80.00000000
1	1	1	84.00000000	80.00000000
1	2	1	84.00000000	80.00000000
1	3	1	84.00000000	80.00000000
1	4	1	84.00000000	80.00000000
1	5	1	84.00000000	80.00000000
1	6	1	84.00000000	80.00000000
1	7	1	84.00000000	80.00000000
1	8	1	84.00000000	80.00000000
1	9	1	84.00000000	80.00000000
1	10	1	84.00000000	80.00000000
1	11	1	84.00000000	80.00000000
1	12	1	84.00000000	80.00000000
1	13	1	84.00000000	80.00000000
1	14	1	84.00000000	80.00000000
1	15	1	84.00000000	80.00000000
1	16	1	84.00000000	80.00000000
1	17	1	84.00000000	80.00000000
1	18	1	84.00000000	80.00000000
1	19	1	84.00000000	80.00000000
1	20	1	84.00000000	80.00000000
1	21	1	84.00000000	80.00000000
1	22	1	84.00000000	80.00000000
1	23	1	84.00000000	80.00000000
1	24	1	84.00000000	80.00000000
1	25	1	84.00000000	80.00000000
1	26	1	84.00000000	80.00000000
1	27	1	84.00000000	80.00000000
1	28	1	84.00000000	80.00000000
1	29	1	84.00000000	80.00000000
1	30	1	84.00000000	80.00000000
1	31	1	84.00000000	80.00000000
1	32	1	84.00000000	80.00000000
1	33	1	84.00000000	80.00000000
1	34	1	84.00000000	80.00000000
1	35	1	84.00000000	80.00000000
1	36	1	84.00000000	80.00000000
1	37	1	84.00000000	80.00000000
1	38	1	84.00000000	80.00000000
1	39	1	84.00000000	80.00000000
1	40	1	84.00000000	80.00000000
1	41	1	84.00000000	80.00000000
1	42	1	84.00000000	80.00000000
1	43	1	84.00000000	80.00000000
1	44	1	84.00000000	80.00000000
1	45	1	84.00000000	80.00000000
1	46	1	84.00000000	80.00000000
1	47	1	84.00000000	80.00000000
2	0	1	84.00000000	80.00000000
2	1	1	84.00000000	80.00000000
2	2	1	84.00000000	80.00000000
2	3	1	84.00000000	80.00000000
2	4	1	84.00000000	80.00000000
2	5	1	84.00000000	80.00000000
2	6	1	84.00000000	80.00000000
2	7	1	84.00000000	80.00000000
2	8	1	84.00000000	80.00000000
2	9	1	84.00000000	80.00000000
2	10	1	84.00000000	80.00000000
2	11	1	84.00000000	80.00000000
2	12	1	84.00000000	80.00000000
2	13	1	84.00000000	80.00000000
2	14	1	84.00000000	80.00000000
2	15	1	84.00000000	80.00000000
2	16	1	84.00000000	80.00000000
2	17	1	84.00000000	80.00000000
2	18	1	84.00000000	80.00000000
2	19	1	84.00000000	80.00000000
2	20	1	84.00000000	80.00000000
2	21	1	84.00000000	80.00000000
2	22	1	84.00000000	80.00000000
2	23	1	84.00000000	80.00000000
2	24	1	84.00000000	80.00000000
2	25	1	84.00000000	80.00000000
2	26	1	84.00000000	80.00000000
2	27	1	84.00000000	80.00000000
2	28	1	84.00000000	80.00000000
2	29	1	84.00000000	80.00000000
2	30	1	84.00000000	80.00000000
2	31	1	84.00000000	80.00000000
2	32	1	84.00000000	80.00000000
2	33	1	84.00000000	80.00000000
2	34	1	84.00000000	80.00000000
2	35	1	84.00000000	80.00000000
2	36	1	84.00000000	80.00000000
2	37	1	84.00000000	80.00000000
2	38	1	84.00000000	80.00000000
2	39	1	84.00000000	80.00000000
2	40	1	84.00000000	80.00000000
2	41	1	84.00000000	80.00000000
2	42	1	84.00000000	80.00000000
2	43	1	84.00000000	80.00000000
2	44	1	84.00000000	80.00000000
2	45	1	84.00000000	80.00000000
2	46	1	84.00000000	80.00000000
2	47	1	84.00000000	80.00000000
2	48	1	84.00000000	80.00000000
2	49	1	84.00000000	80.00000000
2	50	1	84.00000000	80.00000000
2	51	1	84.00000000	80.00000000
2	52	1	84.00000000	80.00000000
2	53	1	84.00000000	80.00000000
2	54	1	84.00000000	80.00000000
2	55	1	84.00000000	80.00000000
2	56	1	84.00000000	80.00000000
2	57	1	84.00000000	80.00000000
2	58	1	84.00000000	80.00000000
2	59	1	84.00000000	80.00000000
2	60	1	84.00000000	80.00000000
2	61	1	84.00000000	80.00000000
2	62	1	84.00000000	80.00000000
2	63	1	84.00000000	80.00000000
2	64	1	84.00000000	80.00000000
2	65	1	84.00000000	80.00000000
2	66	1	84.00000000	80.00000000
2	67	1	84.00000000	80.00000000
2	68	1	84.00000000	80.00000000
2	69	1	84.00000000	80.00000000
2	70	1	84.00000000	80.00000000
2	71	1	84.00000000	80.00000000
3	0	1	84.00000000	80.00000000
3	1	1	84.00000000	80.00000000
3	2	1	84.00000000	80.00000000
3	3	1	84.00000000	80.00000000
3	4	1	84.00000000	80.00000000
3	5	1	84.00000000	80.00000000
3	6	1	84.00000000	80.00000000
3	7	1	84.00000000	80.00000000
3	8	1	84.00000000	80.00000000
3	9	1	84.00000000	80.00000000
3	10	1	84.00000000	80.00000000
3	11	1	84.00000000	80.00000000
3	12	1	84.00000000	80.00000000
3	13	1	84.00000000	80.00000000
3	14	1	84.00000000	80.00000000
3	15	1	84.00000000	80.00000000
3	16	1	84.00000000	80.00000000
3	17	1	84.00000000	80.00000000
3	18	1	84.00000000	80.00000000
3	19	1	84.00000000	80.00000000
3	20	1	84.00000000	80.00000000
3	21	1	84.00000000	80.00000000
3	22	1	84.00000000	80.00000000
3	23	1	84.00000000	80.00000000
3	24	1	84.00000000	80.00000000
3	25	1	84.00000000	80.00000000
3	26	1	84.00000000	80.00000000
3	27	1	84.00000000	80.00000000
3	28	1	84.00000000	80.00000000
3	29	1	84.00000000	80.00000000
3	30	1	84.00000000	80.00000000
3	31	1	84.00000000	80.00000000
3	32	1	84.00000000	80.00000000
3	33	1	84.00000000	80.00000000
3	34	1	84.00000000	80.00000000
3	35	1	84.00000000	80.00000000
3	36	1	84.00000000	80.00000000
3	37	1	84.00000000	80.00000000
3	38	1	84.00000000	80.00000000
3	39	1	84.00000000	80.00000000
3	40	1	84.00000000	80.00000000
3	41	1	84.00000000	80.00000000
3	42	1	84.00000000	80.00000000
3	43	1	84.00000000	80.00000000
3	44	1	84.00000000	80.00000000
3	45	1	84.00000000	80.00000000
3	46	1	84.00000000	80.00000000
3	47	1	84.00000000	80.00000000
3	48	1	84.00000000	80.00000000
3	49	1	84.00000000	80.00000000
3	50	1	84.00000000	80.00000000
3	51	1	84.00000000	80.00000000
3	52	1	84.00000000	80.00000000
3	53	1	84.00000000	80.00000000
3	54	1	84.00000000	80.00000000
3	55	1	84.00000000	80.00000000
3	56	1	84.00000000	80.00000000
3	57	1	84.00000000	80.00000000
3	58	1	84.00000000	80.00000000
3	59	1	84.00000000	80.00000000
3	60	1	84.00000000	80.00000000
3	61	1	84.00000000	80.00000000
3	62	1	84.00000000	80.00000000
3	63	1	84.00000000	80.00000000
3	64	1	84.00000000	80.00000000
3	65	1	84.00000000	80.00000000
3	66	1	84.00000000	80.00000000
3	67	1	84.00000000	80.00000000
3	68	1	84.00000000	80.00000000
3	69	1	84.00000000	80.00000000
3	70	1	84.00000000	80.00000000
3	71	1	84.00000000	80.00000000
3	72	1	84.00000000	80.00000000
3	73	1	84.00000000	80.00000000
3	74	1	84.00000000	80.00000000
3	75	1	84.00000000	80.00000000
3	76	1	84.00000000	80.00000000
3	77	1	84.00000000	80.00000000
3	78	1	84.00000000	80.00000000
3	79	1	84.00000000	80.00000000
3	80	1	84.00000000	80.00000000
3	81	1	84.00000000	80.00000000
3	82	1	84.00000000	80.00000000
3	83	1	84.00000000	80.00000000
3	84	1	84.00000000	80.00000000
3	85	1	84.00000000	80.00000000
3	86	1	84.00000000	80.00000000
3	87	1	84.00000000	80.00000000
3	88	1	84.00000000	80.00000000
3	89	1	84.00000000	80.00000000
3	90	1	84.00000000	80.00000000
3	91	1	84.00000000	80.00000000
3	92	1	84.00000000	80.00000000
3	93	1	84.00000000	80.00000000
3	94	1	84.00000000	80.00000000
3	95	1	84.00000000	80.00000000
4	0	1	84.00000000	80.00000000
4	1	1	84.00000000	80.00000000
4	2	1	84.00000000	80.00000000
4	3	1	84.00000000	80.00000000
4	4	1	84.00000000	80.00000000
4	5	1	84.00000000	80.00000000
4	6	1	84.00000000	80.00000000
4	7	1	84.00000000	80.00000000
4	8	1	84.00000000	80.00000000
4	9	1	84.00000000	80.00000000
4	10	1	84.00000000	80.00000000
4	11	1	84.00000000	80.00000000
4	12	1	84.00000000	80.00000000
4	13	1	84.00000000	80.00000000
4	14	1	84.00000000	80.00000000
4	15	1	84.00000000	80.00000000
4	16	1	84.00000000	80.00000000
4	17	1	84.00000000	80.00000000
4	18	1	84.00000000	80.00000000
4	19	1	84.00000000	80.00000000
4	20	1	84.00000000	80.00000000
4	21	1	84.00000000	80.00000000
4	22	1	84.00000000	80.00000000
4	23	1	84.00000000	80.00000000
4	24	1	84.00000000	80.00000000
4	25	1	84.00000000	80.00000000
4	26	1	84.00000000	80.00000000
4	27	1	84.00000000	80.00000000
4	28	1	84.00000000	80.00000000
4	29	1	84.00000000	80.00000000
4	30	1	84.00000000	80.00000000
4	31	1	84.00000000	80.00000000
4	32	1	84.00000000	80.00000000
4	33	1	84.00000000	80.00000000
4	34	1	84.00000000	80.00000000
4	35	1	84.00000000	80.00000000
4	36	1	84.00000000	80.00000000
4	37	1	84.00000000	80.00000000
4	38	1	84.00000000	80.00000000
4	39	1	84.00000000	80.00000000
4	40	1	84.00000000	80.00000000
4	41	1	84.00000000	80.00000000
4	42	1	84.00000000	80.00000000
4	43	1	84.00000000	80.00000000
4	44	1	84.00000000	80.00000000
4	45	1	84.00000000	80.00000000
4	46	1	84.00000000	80.00000000
4	47	1	84.00000000	80.00000000
4	48	1	84.00000000	80.00000000
4	49	1	84.00000000	80.00000000
4	50	1	84.00000000	80.00000000
4	51	1	84.00000000	80.00000000
4	52	1	84.00000000	80.00000000
4	53	1	84.00000000	80.00000000
4	54	1	84.00000000	80.00000000
4	55	1	84.00000000	80.00000000
4	56	1	84.00000000	80.00000000
4	57	1	84.00000000	80.00000000
4	58	1	84.00000000	80.00000000
4	59	1	84.00000000	80.00000000
4	60	1	84.00000000	80.00000000
4	61	1	84.00000000	80.00000000
4	62	1	84.00000000	80.00000000
4	63	1	84.00000000	80.00000000
4	64	1	84.00000000	80.00000000
4	65	1	84.00000000	80.00000000
4	66	1	84.00000000	80.00000000
4	67	1	84.00000000	80.00000000
4	68	1	84.00000000	80.00000000
4	69	1	84.00000000	80.00000000
4	70	1	84.00000000	80.00000000
4	71	1	84.00000000	80.00000000
4	72	1	84.00000000	80.00000000
4	73	1	84.00000000	80.00000000
4	74	1	84.00000000	80.00000000
4	75	1	84.00000000	80.00000000
4	76	1	84.00000000	80.00000000
4	77	1	84.00000000	80.00000000
4	78	1	84.00000000	80.00000000
4	79	1	84.00000000	80.00000000
4	80	1	84.00000000	80.00000000
4	81	1	84.00000000	80.00000000
4	82	1	84.00000000	80.00000000
4	83	1	84.00000000	80.00000000
4	84	1	84.00000000	80.00000000
4	85	1	84.00000000	80.00000000
4	86	1	84.00000000	80.00000000
4	87	1	84.00000000	80.00000000
4	88	1	84.00000000	80.00000000
4	89	1	84.00000000	80.00000000
4	90	1	84.00000000	80.00000000
4	91	1	84.00000000	80.00000000
4	92	1	84.00000000	80.00000000
4	93	1	84.00000000	80.00000000
4	94	1	84.00000000	80.00000000
4	95	1	84.00000000	80.00000000
4	96	1	84.00000000	80.00000000
4	97	1	84.00000000	80.00000000
4	98	1	84.00000000	80.00000000
4	99	1	84.00000000	80.00000000
4	100	1	84.00000000	80.00000000
4	101	1	84.00000000	80.00000000
4	102	1	84.00000000	80.00000000
4	103	1	84.00000000	80.00000000
4	104	1	84.00000000	80.00000000
4	105	1	84.00000000	80.00000000
4	106	1	84.00000000	80.00000000
4	107	1	84.00000000	80.00000000
4	108	1	84.00000000	80.00000000
4	109	1	84.00000000	80.00000000
4	110	1	84.00000000	80.00000000
4	111	1	84.00000000	80.00000000
4	112	1	84.00000000	80.00000000
4	113	1	84.00000000	80.00000000
4	114	1	84.00000000	80.00000000
4	115	1	84.00000000	80.00000000
4	116	1	84.00000000	80.00000000
4	117	1	84.00000000	80.00000000
4	118	1	84.00000000	80.00000000
4	119	1	84.00000000	80.00000000
5	0	1	84.00000000	80.00000000
5	1	1	84.00000000	80.00000000
5	2	1	84.00000000	80.00000000
5	3	1	84.00000000	80.00000000
5	4	1	84.00000000	80.00000000
5	5	1	84.00000000	80.00000000
5	6	1	84.00000000	80.00000000
5	7	1	84.00000000	80.00000000
5	8	1	84.00000000	80.00000000
5	9	1	84.00000000	80.00000000
5	10	1	84.00000000	80.00000000
5	11	1	84.00000000	80.00000000
5	12	1	84.00000000	80.00000000
5	13	1	84.00000000	80.00000000
5	14	1	84.00000000	80.00000000
5	15	1	84.00000000	80.00000000
5	16	1	84.00000000	80.00000000
5	17	1	84.00000000	80.00000000
5	18	1	84.00000000	80.00000000
5	19	1	84.00000000	80.00000000
5	20	1	84.00000000	80.00000000
5	21	1	84.00000000	80.00000000
5	22	1	84.00000000	80.00000000
5	23	1	84.00000000	80.00000000
5	24	1	84.00000000	80.00000000
5	25	1	84.00000000	80.00000000
5	26	1	84.00000000	80.00000000
5	27	1	84.00000000	80.00000000
5	28	1	84.00000000	80.00000000
5	29	1	84.00000000	80.00000000
5	30	1	84.00000000	80.00000000
5	31	1	84.00000000	80.00000000
5	32	1	84.00000000	80.00000000
5	33	1	84.00000000	80.00000000
5	34	1	84.00000000	80.00000000
5	35	1	84.00000000	80.00000000
5	36	1	84.00000000	80.00000000
5	37	1	84.00000000	80.00000000
5	38	1	84.00000000	80.00000000
5	39	1	84.00000000	80.00000000
5	40	1	84.00000000	80.00000000
5	41	1	84.00000000	80.00000000
5	42	1	84.00000000	80.00000000
5	43	1	84.00000000	80.00000000
5	44	1	84.00000000	80.00000000
5	45	1	84.00000000	80.00000000
5	46	1	84.00000000	80.00000000
5	47	1	84.00000000	80.00000000
5	48	1	84.00000000	80.00000000
5	49	1	84.00000000	80.00000000
5	50	1	84.00000000	80.00000000
5	51	1	84.00000000	80.00000000
5	52	1	84.00000000	80.00000000
5	53	1	84.00000000	80.00000000
5	54	1	84.00000000	80.00000000
5	55	1	84.00000000	80.00000000
5	56	1	84.00000000	80.00000000
5	57	1	84.00000000	80.00000000
5	58	1	84.00000000	80.00000000
5	59	1	84.00000000	80.00000000
5	60	1	84.00000000	80.00000000
5	61	1	84.00000000	80.00000000
5	62	1	84.00000000	80.00000000
5	63	1	84.00000000	80.00000000
5	64	1	84.00000000	80.00000000
5	65	1	84.00000000	80.00000000
5	66	1	84.00000000	80.00000000
5	67	1	84.00000000	80.00000000
5	68	1	84.00000000	80.00000000
5	69	1	84.00000000	80.00000000
5	70	1	84.00000000	80.00000000
5	71	1	84.00000000	80.00000000
5	72	1	84.00000000	80.00000000
5	73	1	84.00000000	80.00000000
5	74	1	84.00000000	80.00000000
5	75	1	84.00000000	80.00000000
5	76	1	84.00000000	80.00000000
5	77	1	84.00000000	80.00000000
5	78	1	84.00000000	80.00000000
5	79	1	84.00000000	80.00000000
5	80	1	84.00000000	80.00000000
5	81	1	84.00000000	80.00000000
5	82	1	84.00000000	80.00000000
5	83	1	84.00000000	80.00000000
5	84	1	84.00000000	80.00000000
5	85	1	84.00000000	80.00000000
5	86	1	84.00000000	80.00000000
5	87	1	84.00000000	80.00000000
5	88	1	84.00000000	80.00000000
5	89	1	84.00000000	80.00000000
5	90	1	84.00000000	80.00000000
5	91	1	84.00000000	80.00000000
5	92	1	84.00000000	80.00000000
5	93	1	84.00000000	80.00000000
5	94	1	84.00000000	80.00000000
5	95	1	84.00000000	80.00000000
5	96	1	84.00000000	80.00000000
5	97	1	84.00000000	80.00000000
5	98	1	84.00000000	80.00000000
5	99	1	84.00000000	80.00000000
5	100	1	84.00000000	80.00000000
5	101	1	84.00000000	80.00000000
5	102	1	84.00000000	80.00000000
5	103	1	84.00000000	80.00000000
5	104	1	84.00000000	80.00000000
5	105	1	84.00000000	80.00000000
5	106	1	84.00000000	80.00000000
5	107	1	84.00000000	80.00000000
5	108	1	84.00000000	80.00000000
5	109	1	84.00000000	80.00000000
5	110	1	84.00000000	80.00000000
5	111	1	84.00000000	80.00000000
5	112	1	84.00000000	80.00000000
5	113	1	84.00000000	80.00000000
5	114	1	84.00000000	80.00000000
5	115	1	84.00000000	80.00000000
5	116	1	84.00000000	80.00000000
5	117	1	84.00000000	80.00000000
5	118	1	84.00000000	80.00000000
5	119	1	84.00000000	80.00000000
5	120	1	84.00000000	80.00000000
5	121	1	84.00000000	80.00000000
5	122	1	84.00000000	80.00000000
5	123	1	84.00000000	80.00000000
5	124	1	84.00000000	80.00000000
5	125	1	84.00000000	80.00000000
5	126	1	84.00000000	80.00000000
5	127	1	84.00000000	80.00000000
5	128	1	84.00000000	80.00000000
5	129	1	84.00000000	80.00000000
5	130	1	84.00000000	80.00000000
5	131	1	84.00000000	80.00000000
5	132	1	84.00000000	80.00000000
5	133	1	84.00000000	80.00000000
5	134	1	84.00000000	80.00000000
5	135	1	84.00000000	80.00000000
5	136	1	84.00000000	80.00000000
5	137	1	84.00000000	80.00000000
5	138	1	84.00000000	80.00000000
5	139	1	84.00000000	80.00000000
5	140	1	84.00000000	80.00000000
5	141	1	84.00000000	80.00000000
5	142	1	84.00000000	80.00000000
5	143	1	84.00000000	80.00000000
6	0	1	84.00000000	80.00000000
6	1	1	84.00000000	80.00000000
6	2	1	84.00000000	80.00000000
6	3	1	84.00000000	80.00000000
6	4	1	84.00000000	80.00000000
6	5	1	84.00000000	80.00000000
6	6	1	84.00000000	80.00000000
6	7	1	84.00000000	80.00000000
6	8	1	84.00000000	80.00000000
6	9	1	84.00000000	80.00000000
6	10	1	84.00000000	80.00000000
6	11	1	84.00000000	80.00000000
6	12	1	84.00000000	80.00000000
6	13	1	84.00000000	80.00000000
6	14	1	84.00000000	80.00000000
6	15	1	84.00000000	80.00000000
6	16	1	84.00000000	80.00000000
6	17	1	84.00000000	80.00000000
6	18	1	84.00000000	80.00000000
6	19	1	84.00000000	80.00000000
6	20	1	84.00000000	80.00000000
6	21	1	84.00000000	80.00000000
6	22	1	84.00000000	80.00000000
6	23	1	84.00000000	80.00000000
6	24	1	84.00000000	80.00000000
6	25	1	84.00000000	80.00000000
6	26	1	84.00000000	80.00000000
6	27	1	84.00000000	80.00000000
6	28	1	84.00000000	80.00000000
6	29	1	84.00000000	80.00000000
6	30	1	84.00000000	80.00000000
6	31	1	84.00000000	80.00000000
6	32	1	84.00000000	80.00000000
6	33	1	84.00000000	80.00000000
6	34	1	84.00000000	80.00000000
6	35	1	84.00000000	80.00000000
6	36	1	84.00000000	80.00000000
6	37	1	84.00000000	80.00000000
6	38	1	84.00000000	80.00000000
6	39	1	84.00000000	80.00000000
6	40	1	84.00000000	80.00000000
6	41	1	84.00000000	80.00000000
6	42	1	84.00000000	80.00000000
6	43	1	84.00000000	80.00000000
6	44	1	84.00000000	80.00000000
6	45	1	84.00000000	80.00000000
6	46	1	84.00000000	80.00000000
6	47	1	84.00000000	80.00000000
6	48	1	84.00000000	80.00000000
6	49	1	84.00000000	80.00000000
6	50	1	84.00000000	80.00000000
6	51	1	84.00000000	80.00000000
6	52	1	84.00000000	80.00000000
6	53	1	84.00000000	80.00000000
6	54	1	84.00000000	80.00000000
6	55	1	84.00000000	80.00000000
6	56	1	84.00000000	80.00000000
6	57	1	84.00000000	80.00000000
6	58	1	84.00000000	80.00000000
6	59	1	84.00000000	80.00000000
6	60	1	84.00000000	80.00000000
6	61	1	84.00000000	80.00000000
6	62	1	84.00000000	80.00000000
6	63	1	84.00000000	80.00000000
6	64	1	84.00000000	80.00000000
6	65	1	84.00000000	80.00000000
6	66	1	84.00000000	80.00000000
6	67	1	84.00000000	80.00000000
6	68	1	84.00000000	80.00000000
6	69	1	84.00000000	80.00000000
6	70	1	84.00000000	80.00000000
6	71	1	84.00000000	80.00000000
6	72	1	84.00000000	80.00000000
6	73	1	84.00000000	80.00000000
6	74	1	84.00000000	80.00000000
6	75	1	84.00000000	80.00000000
6	76	1	84.00000000	80.00000000
6	77	1	84.00000000	80.00000000
6	78	1	84.00000000	80.00000000
6	79	1	84.00000000	80.00000000
6	80	1	84.00000000	80.00000000
6	81	1	84.00000000	80.00000000
6	82	1	84.00000000	80.00000000
6	83	1	84.00000000	80.00000000
6	84	1	84.00000000	80.00000000
6	85	1	84.00000000	80.00000000
6	86	1	84.00000000	80.00000000
6	87	1	84.00000000	80.00000000
6	88	1	84.00000000	80.00000000
6	89	1	84.00000000	80.00000000
6	90	1	84.00000000	80.00000000
6	91	1	84.00000000	80.00000000
6	92	1	84.00000000	80.00000000
6	93	1	84.00000000	80.00000000
6	94	1	84.00000000	80.00000000
6	95	1	84.00000000	80.00000000
6	96	1	84.00000000	80.00000000
6	97	1	84.00000000	80.00000000
6	98	1	84.00000000	80.00000000
6	99	1	84.00000000	80.00000000
6	100	1	84.00000000	80.00000000
6	101	1	84.00000000	80.00000000
6	102	1	84.00000000	80.00000000
6	103	1	84.00000000	80.00000000
6	104	1	84.00000000	80.00000000
6	105	1	84.00000000	80.00000000
6	106	1	84.00000000	80.00000000
6	107	1	84.00000000	80.00000000
6	108	1	84.00000000	80.00000000
6	109	1	84.00000000	80.00000000
6	110	1	84.00000000	80.00000000
6	111	1	84.00000000	80.00000000
6	112	1	84.00000000	80.00000000
6	113	1	84.00000000	80.00000000
6	114	1	84.00000000	80.00000000
6	115	1	84.00000000	80.00000000
6	116	1	84.00000000	80.00000000
6	117	1	84.00000000	80.00000000
6	118	1	84.00000000	80.00000000
6	119	1	84.00000000	80.00000000
6	120	1	84.00000000	80.00000000
6	121	1	84.00000000	80.00000000
6	122	1	84.00000000	80.00000000
6	123	1	84.00000000	80.00000000
6	124	1	84.00000000	80.00000000
6	125	1	84.00000000	80.00000000
6	126	1	84.00000000	80.00000000
6	127	1	84.00000000	80.00000000
6	128	1	84.00000000	80.00000000
6	129	1	84.00000000	80.00000000
6	130	1	84.00000000	80.00000000
6	131	1	84.00000000	80.00000000
6	132	1	84.00000000	80.00000000
6	133	1	84.00000000	80.00000000
6	134	1	84.00000000	80.00000000
6	135	1	84.00000000	80.00000000
6	136	1	84.00000000	80.00000000
6	137	1	84.00000000	80.00000000
6	138	1	84.00000000	80.00000000
6	139	1	84.00000000	80.00000000
6	140	1	84.00000000	80.00000000
6	141	1	84.00000000	80.00000000
6	142	1	84.00000000	80.00000000
6	143	1	84.00000000	80.00000000
6	144	1	84.00000000	80.00000000
6	145	1	84.00000000	80.00000000
6	146	1	84.00000000	80.00000000
6	147	1	84.00000000	80.00000000
6	148	1	84.00000000	80.00000000
6	149	1	84.00000000	80.00000000
6	150	1	84.00000000	80.00000000
6	151	1	84.00000000	80.00000000
6	152	1	84.00000000	80.00000000
6	153	1	84.00000000	80.00000000
6	154	1	84.00000000	80.00000000
6	155	1	84.00000000	80.00000000
6	156	1	84.00000000	80.00000000
6	157	1	84.00000000	80.00000000
6	158	1	84.00000000	80.00000000
6	159	1	84.00000000	80.00000000
6	160	1	84.00000000	80.00000000
6	161	1	84.00000000	80.00000000
6	162	1	84.00000000	80.00000000
6	163	1	84.00000000	80.00000000
6	164	1	84.00000000	80.00000000
6	165	1	84.00000000	80.00000000
6	166	1	84.00000000	80.00000000
6	167	1	84.00000000	80.00000000
7	0	1	84.00000000	80.00000000
7	1	1	84.00000000	80.00000000
7	2	1	84.00000000	80.00000000
7	3	1	84.00000000	80.00000000
7	4	1	84.00000000	80.00000000
7	5	1	84.00000000	80.00000000
7	6	1	84.00000000	80.00000000
7	7	1	84.00000000	80.00000000
7	8	1	84.00000000	80.00000000
7	9	1	84.00000000	80.00000000
7	10	1	84.00000000	80.00000000
7	11	1	84.00000000	80.00000000
7	12	1	84.00000000	80.00000000
7	13	1	84.00000000	80.00000000
7	14	1	84.00000000	80.00000000
7	15	1	84.00000000	80.00000000
7	16	1	84.00000000	80.00000000
7	17	1	84.00000000	80.00000000
7	18	1	84.00000000	80.00000000
7	19	1	84.00000000	80.00000000
7	20	1	84.00000000	80.00000000
7	21	1	84.00000000	80.00000000
7	22	1	84.00000000	80.00000000
7	23	1	84.00000000	80.00000000
7	24	1	84.00000000	80.00000000
7	25	1	84.00000000	80.00000000
7	26	1	84.00000000	80.00000000
7	27	1	84.00000000	80.00000000
7	28	1	84.00000000	80.00000000
7	29	1	84.00000000	80.00000000
7	30	1	84.00000000	80.00000000
7	31	1	84.00000000	80.00000000
7	32	1	84.00000000	80.00000000
7	33	1	84.00000000	80.00000000
7	34	1	84.00000000	80.00000000
7	35	1	84.00000000	80.00000000
7	36	1	84.00000000	80.00000000
7	37	1	84.00000000	80.00000000
7	38	1	84.00000000	80.00000000
7	39	1	84.00000000	80.00000000
7	40	1	84.00000000	80.00000000
7	41	1	84.00000000	80.00000000
7	42	1	84.00000000	80.00000000
7	43	1	84.00000000	80.00000000
7	44	1	84.00000000	80.00000000
7	45	1	84.00000000	80.00000000
7	46	1	84.00000000	80.00000000
7	47	1	84.00000000	80.00000000
7	48	1	84.00000000	80.00000000
7	49	1	84.00000000	80.00000000
7	50	1	84.00000000	80.00000000
7	51	1	84.00000000	80.00000000
7	52	1	84.00000000	80.00000000
7	53	1	84.00000000	80.00000000
7	54	1	84.00000000	80.00000000
7	55	1	84.00000000	80.00000000
7	56	1	84.00000000	80.00000000
7	57	1	84.00000000	80.00000000
7	58	1	84.00000000	80.00000000
7	59	1	84.00000000	80.00000000
7	60	1	84.00000000	80.00000000
7	61	1	84.00000000	80.00000000
7	62	1	84.00000000	80.00000000
7	63	1	84.00000000	80.00000000
7	64	1	84.00000000	80.00000000
7	65	1	84.00000000	80.00000000
7	66	1	84.00000000	80.00000000
7	67	1	84.00000000	80.00000000
7	68	1	84.00000000	80.00000000
7	69	1	84.00000000	80.00000000
7	70	1	84.00000000	80.00000000
7	71	1	84.00000000	80.00000000
7	72	1	84.00000000	80.00000000
7	73	1	84.00000000	80.00000000
7	74	1	84.00000000	80.00000000
7	75	1	84.00000000	80.00000000
7	76	1	84.00000000	80.00000000
7	77	1	84.00000000	80.00000000
7	78	1	84.00000000	80.00000000
7	79	1	84.00000000	80.00000000
7	80	1	84.00000000	80.00000000
7	81	1	84.00000000	80.00000000
7	82	1	84.00000000	80.00000000
7	83	1	84.00000000	80.00000000
7	84	1	84.00000000	80.00000000
7	85	1	84.00000000	80.00000000
7	86	1	84.00000000	80.00000000
7	87	1	84.00000000	80.00000000
7	88	1	84.00000000	80.00000000
7	89	1	84.00000000	80.00000000
7	90	1	84.00000000	80.00000000
7	91	1	84.00000000	80.00000000
7	92	1	84.00000000	80.00000000
7	93	1	84.00000000	80.00000000
7	94	1	84.00000000	80.00000000
7	95	1	84.00000000	80.00000000
7	96	1	84.00000000	80.00000000
7	97	1	84.00000000	80.00000000
7	98	1	84.00000000	80.00000000
7	99	1	84.00000000	80.00000000
7	100	1	84.00000000	80.00000000
7	101	1	84.00000000	80.00000000
7	102	1	84.00000000	80.00000000
7	103	1	84.00000000	80.00000000
7	104	1	84.00000000	80.00000000
7	105	1	84.00000000	80.00000000
7	106	1	84.00000000	80.00000000
7	107	1	84.00000000	80.00000000
7	108	1	84.00000000	80.00000000
7	109	1	84.00000000	80.00000000
7	110	1	84.00000000	80.00000000
7	111	1	84.00000000	80.00000000
7	112	1	84.00000000	80.00000000
7	113	1	84.00000000	80.00000000
7	114	1	84.00000000	80.00000000
7	115	1	84.00000000	80.00000000
7	116	1	84.00000000	80.00000000
7	117	1	84.00000000	80.00000000
7	118	1	84.00000000	80.00000000
7	119	1	84.00000000	80.00000000
7	120	1	84.00000000	80.00000000
7	121	1	84.00000000	80.00000000
7	122	1	84.00000000	80.00000000
7	123	1	84.00000000	80.00000000
7	124	1	84.00000000	80.00000000
7	125	1	84.00000000	80.00000000
7	126	1	84.00000000	80.00000000
7	127	1	84.00000000	80.00000000
7	128	1	84.00000000	80.00000000
7	129	1	84.00000000	80.00000000
7	130	1	84.00000000	80.00000000
7	131	1	84.00000000	80.00000000
7	132	1	84.00000000	80.00000000
7	133	1	84.00000000	80.00000000
7	134	1	84.00000000	80.00000000
7	135	1	84.00000000	80.00000000
7	136	1	84.00000000	80.00000000
7	137	1	84.00000000	80.00000000
7	138	1	84.00000000	80.00000000
7	139	1	84.00000000	80.00000000
7	140	1	84.00000000	80.00000000
7	141	1	84.00000000	80.00000000
7	142	1	84.00000000	80.00000000
7	143	1	84.00000000	80.00000000
7	144	1	84.00000000	80.00000000
7	145	1	84.00000000	80.00000000
7	146	1	84.00000000	80.00000000
7	147	1	84.00000000	80.00000000
7	148	1	84.00000000	80.00000000
7	149	1	84.00000000	80.00000000
7	150	1	84.00000000	80.00000000
7	151	1	84.00000000	80.00000000
7	152	1	84.00000000	80.00000000
7	153	1	84.00000000	80.00000000
7	154	1	84.00000000	80.00000000
7	155	1	84.00000000	80.00000000
7	156	1	84.00000000	80.00000000
7	157	1	84.00000000	80.00000000
7	158	1	84.00000000	80.00000000
7	159	1	84.00000000	80.00000000
7	160	1	84.00000000	80.00000000
7	161	1	84.00000000	80.00000000
7	162	1	84.00000000	80.00000000
7	163	1	84.00000000	80.00000000
7	164	1	84.00000000	80.00000000
7	165	1	84.00000000	80.00000000
7	166	1	84.00000000	80.00000000
7	167	1	84.00000000	80.00000000
7	168	1	84.00000000	80.00000000
7	169	1	84.00000000	80.00000000
7	170	1	84.00000000	80.00000000
7	171	1	84.00000000	80.00000000
7	172	1	84.00000000	80.00000000
7	173	1	84.00000000	80.00000000
7	174	1	84.00000000	80.00000000
7	175	1	84.00000000	80.00000000
7	176	1	84.00000000	80.00000000
7	177	1	84.00000000	80.00000000
7	178	1	84.00000000	80.00000000
7	179	1	84.00000000	80.00000000
7	180	1	84.00000000	80.00000000
7	181	1	84.00000000	80.00000000
7	182	1	84.00000000	80.00000000
7	183	1	84.00000000	80.00000000
7	184	1	84.00000000	80.00000000
7	185	1	84.00000000	80.00000000
7	186	1	84.00000000	80.00000000
7	187	1	84.00000000	80.00000000
7	188	1	84.00000000	80.00000000
7	189	1	84.00000000	80.00000000
7	190	1	84.00000000	80.00000000
7	191	1	84.00000000	80.00000000
8	0	1	84.00000000	80.00000000
8	1	1	84.00000000	80.00000000
8	2	1	84.00000000	80.00000000
8	3	1	84.00000000	80.00000000
8	4	1	84.00000000	80.00000000
8	5	1	84.00000000	80.00000000
8	6	1	84.00000000	80.00000000
8	7	1	84.00000000	80.00000000
8	8	1	84.00000000	80.00000000
8	9	1	84.00000000	80.00000000
8	10	1	84.00000000	80.00000000
8	11	1	84.00000000	80.00000000
8	12	1	84.00000000	80.00000000
8	13	1	84.00000000	80.00000000
8	14	1	84.00000000	80.00000000
8	15	1	84.00000000	80.00000000
8	16	1	84.00000000	80.00000000
8	17	1	84.00000000	80.00000000
8	18	1	84.00000000	80.00000000
8	19	1	84.00000000	80.00000000
8	20	1	84.00000000	80.00000000
8	21	1	84.00000000	80.00000000
8	22	1	84.00000000	80.00000000
8	23	1	84.00000000	80.00000000
8	24	1	84.00000000	80.00000000
8	25	1	84.00000000	80.00000000
8	26	1	84.00000000	80.00000000
8	27	1	84.00000000	80.00000000
8	28	1	84.00000000	80.00000000
8	29	1	84.00000000	80.00000000
8	30	1	84.00000000	80.00000000
8	31	1	84.00000000	80.00000000
8	32	1	84.00000000	80.00000000
8	33	1	84.00000000	80.00000000
8	34	1	84.00000000	80.00000000
8	35	1	84.00000000	80.00000000
8	36	1	84.00000000	80.00000000
8	37	1	84.00000000	80.00000000
8	38	1	84.00000000	80.00000000
8	39	1	84.00000000	80.00000000
8	40	1	84.00000000	80.00000000
8	41	1	84.00000000	80.00000000
8	42	1	84.00000000	80.00000000
8	43	1	84.00000000	80.00000000
8	44	1	84.00000000	80.00000000
8	45	1	84.00000000	80.00000000
8	46	1	84.00000000	80.00000000
8	47	1	84.00000000	80.00000000
8	48	1	84.00000000	80.00000000
8	49	1	84.00000000	80.00000000
8	50	1	84.00000000	80.00000000
8	51	1	84.00000000	80.00000000
8	52	1	84.00000000	80.00000000
8	53	1	84.00000000	80.00000000
8	54	1	84.00000000	80.00000000
8	55	1	84.00000000	80.00000000
8	56	1	84.00000000	80.00000000
8	57	1	84.00000000	80.00000000
8	58	1	84.00000000	80.00000000
8	59	1	84.00000000	80.00000000
8	60	1	84.00000000	80.00000000
8	61	1	84.00000000	80.00000000
8	62	1	84.00000000	80.00000000
8	63	1	84.00000000	80.00000000
8	64	1	84.00000000	80.00000000
8	65	1	84.00000000	80.00000000
8	66	1	84.00000000	80.00000000
8	67	1	84.00000000	80.00000000
8	68	1	84.00000000	80.00000000
8	69	1	84.00000000	80.00000000
8	70	1	84.00000000	80.00000000
8	71	1	84.00000000	80.00000000
8	72	1	84.00000000	80.00000000
8	73	1	84.00000000	80.00000000
8	74	1	84.00000000	80.00000000
8	75	1	84.00000000	80.00000000
8	76	1	84.00000000	80.00000000
8	77	1	84.00000000	80.00000000
8	78	1	84.00000000	80.00000000
8	79	1	84.00000000	80.00000000
8	80	1	84.00000000	80.00000000
8	81	1	84.00000000	80.00000000
8	82	1	84.00000000	80.00000000
8	83	1	84.00000000	80.00000000
8	84	1	84.00000000	80.00000000
8	85	1	84.00000000	80.00000000
8	86	1	84.00000000	80.00000000
8	87	1	84.00000000	80.00000000
8	88	1	84.00000000	80.00000000
8	89	1	84.00000000	80.00000000
8	90	1	84.00000000	80.00000000
8	91	1	84.00000000	80.00000000
8	92	1	84.00000000	80.00000000
8	93	1	84.00000000	80.00000000
8	94	1	84.00000000	80.00000000
8	95	1	84.00000000	80.00000000
8	96	1	84.00000000	80.00000000
8	97	1	84.00000000	80.00000000
8	98	1	84.00000000	80.00000000
8	99	1	84.00000000	80.00000000
8	100	1	84.00000000	80.00000000
8	101	1	84.00000000	80.00000000
8	102	1	84.00000000	80.00000000
8	103	1	84.00000000	80.00000000
8	104	1	84.00000000	80.00000000
8	105	1	84.00000000	80.00000000
8	106	1	84.00000000	80.00000000
8	107	1	84.00000000	80.00000000
8	108	1	84.00000000	80.00000000
8	109	1	84.00000000	80.00000000
8	110	1	84.00000000	80.00000000
8	111	1	84.00000000	80.00000000
8	112	1	84.00000000	80.00000000
8	113	1	84.00000000	80.00000000
8	114	1	84.00000000	80.00000000
8	115	1	84.00000000	80.00000000
8	116	1	84.00000000	80.00000000
8	117	1	84.00000000	80.00000000
8	118	1	84.00000000	80.00000000
8	119	1	84.00000000	80.00000000
8	120	1	84.00000000	80.00000000
8	121	1	84.00000000	80.00000000
8	122	1	84.00000000	80.00000000
8	123	1	84.00000000	80.00000000
8	124	1	84.00000000	80.00000000
8	125	1	84.00000000	80.00000000
8	126	1	84.00000000	80.00000000
8	127	1	84.00000000	80.00000000
8	128	1	84.00000000	80.00000000
8	129	1	84.00000000	80.00000000
8	130	1	84.00000000	80.00000000
8	131	1	84.00000000	80.00000000
8	132	1	84.00000000	80.00000000
8	133	1	84.00000000	80.00000000
8	134	1	84.00000000	80.00000000
8	135	1	84.00000000	80.00000000
8	136	1	84.00000000	80.00000000
8	137	1	84.00000000	80.00000000
8	138	1	84.00000000	80.00000000
8	139	1	84.00000000	80.00000000
8	140	1	84.00000000	80.00000000
8	141	1	84.00000000	80.00000000
8	142	1	84.00000000	80.00000000
8	143	1	84.00000000	80.00000000
8	144	1	84.00000000	80.00000000
8	145	1	84.00000000	80.00000000
8	146	1	84.00000000	80.00000000
8	147	1	84.00000000	80.00000000
8	148	1	84.00000000	80.00000000
8	149	1	84.00000000	80.00000000
8	150	1	84.00000000	80.00000000
8	151	1	84.00000000	80.00000000
8	152	1	84.00000000	80.00000000
8	153	1	84.00000000	80.00000000
8	154	1	84.00000000	80.00000000
8	155	1	84.00000000	80.00000000
8	156	1	84.00000000	80.00000000
8	157	1	84.00000000	80.00000000
8	158	1	84.00000000	80.00000000
8	159	1	84.00000000	80.00000000
8	160	1	84.00000000	80.00000000
8	161	1	84.00000000	80.00000000
8	162	1	84.00000000	80.00000000
8	163	1	84.00000000	80.00000000
8	164	1	84.00000000	80.00000000
8	165	1	84.00000000	80.00000000
8	166	1	84.00000000	80.00000000
8	167	1	84.00000000	80.00000000
8	168	1	84.00000000	80.00000000
8	169	1	84.00000000	80.00000000
8	170	1	84.00000000	80.00000000
8	171	1	84.00000000	80.00000000
8	172	1	84.00000000	80.00000000
8	173	1	84.00000000	80.00000000
8	174	1	84.00000000	80.00000000
8	175	1	84.00000000	80.00000000
8	176	1	84.00000000	80.00000000
8	177	1	84.00000000	80.00000000
8	178	1	84.00000000	80.00000000
8	179	1	84.00000000	80.00000000
8	180	1	84.00000000	80.00000000
8	181	1	84.00000000	80.00000000
8	182	1	84.00000000	80.00000000
8	183	1	84.00000000	80.00000000
8	184	1	84.00000000	80.00000000
8	185	1	84.00000000	80.00000000
8	186	1	84.00000000	80.00000000
8	187	1	84.00000000	80.00000000
8	188	1	84.00000000	80.00000000
8	189	1	84.00000000	80.00000000
8	190	1	84.00000000	80.00000000
8	191	1	84.00000000	80.00000000
8	192	1	84.00000000	80.00000000
8	193	1	84.00000000	80.00000000
8	194	1	84.00000000	80.00000000
8	195	1	84.00000000	80.00000000
8	196	1	84.00000000	80.00000000
8	197	1	84.00000000	80.00000000
8	198	1	84.00000000	80.00000000
8	199	1	84.00000000	80.00000000
8	200	1	84.00000000	80.00000000
8	201	1	84.00000000	80.00000000
8	202	1	84.00000000	80.00000000
8	203	1	84.00000000	80.00000000
8	204	1	84.00000000	80.00000000
8	205	1	84.00000000	80.00000000
8	206	1	84.00000000	80.00000000
8	207	1	84.00000000	80.00000000
8	208	1	84.00000000	80.00000000
8	209	1	84.00000000	80.00000000
8	210	1	84.00000000	80.00000000
8	211	1	84.00000000	80.00000000
8	212	1	84.00000000	80.00000000
8	213	1	84.00000000	80.00000000
8	214	1	84.00000000	80.00000000
8	215	1	84.00000000	80.00000000
9	0	1	84.00000000	80.00000000
9	1	1	84.00000000	80.00000000
9	2	1	84.00000000	80.00000000
9	3	1	84.00000000	80.00000000
9	4	1	84.00000000	80.00000000
9	5	1	84.00000000	80.00000000
9	6	1	84.00000000	80.00000000
9	7	1	84.00000000	80.00000000
9	8	1	84.00000000	80.00000000
9	9	1	84.00000000	80.00000000
9	10	1	84.00000000	80.00000000
9	11	1	84.00000000	80.00000000
9	12	1	84.00000000	80.00000000
9	13	1	84.00000000	80.00000000
9	14	1	84.00000000	80.00000000
9	15	1	84.00000000	80.00000000
9	16	1	84.00000000	80.00000000
9	17	1	84.00000000	80.00000000
9	18	1	84.00000000	80.00000000
9	19	1	84.00000000	80.00000000
9	20	1	84.00000000	80.00000000
9	21	1	84.00000000	80.00000000
9	22	1	84.00000000	80.00000000
9	23	1	84.00000000	80.00000000
9	24	1	84.00000000	80.00000000
9	25	1	84.00000000	80.00000000
9	26	1	84.00000000	80.00000000
9	27	1	84.00000000	80.00000000
9	28	1	84.00000000	80.00000000
9	29	1	84.00000000	80.00000000
9	30	1	84.00000000	80.00000000
9	31	1	84.00000000	80.00000000
9	32	1	84.00000000	80.00000000
9	33	1	84.00000000	80.00000000
9	34	1	84.00000000	80.00000000
9	35	1	84.00000000	80.00000000
9	36	1	84.00000000	80.00000000
9	37	1	84.00000000	80.00000000
9	38	1	84.00000000	80.00000000
9	39	1	84.00000000	80.00000000
9	40	1	84.00000000	80.00000000
9	41	1	84.00000000	80.00000000
9	42	1	84.00000000	80.00000000
9	43	1	84.00000000	80.00000000
9	44	1	84.00000000	80.00000000
9	45	1	84.00000000	80.00000000
9	46	1	84.00000000	80.00000000
9	47	1	84.00000000	80.00000000
9	48	1	84.00000000	80.00000000
9	49	1	84.00000000	80.00000000
9	50	1	84.00000000	80.00000000
9	51	1	84.00000000	80.00000000
9	52	1	84.00000000	80.00000000
9	53	1	84.00000000	80.00000000
9	54	1	84.00000000	80.00000000
9	55	1	84.00000000	80.00000000
9	56	1	84.00000000	80.00000000
9	57	1	84.00000000	80.00000000
9	58	1	84.00000000	80.00000000
9	59	1	84.00000000	80.00000000
9	60	1	84.00000000	80.00000000
9	61	1	84.00000000	80.00000000
9	62	1	84.00000000	80.00000000
9	63	1	84.00000000	80.00000000
9	64	1	84.00000000	80.00000000
9	65	1	84.00000000	80.00000000
9	66	1	84.00000000	80.00000000
9	67	1	84.00000000	80.00000000
9	68	1	84.00000000	80.00000000
9	69	1	84.00000000	80.00000000
9	70	1	84.00000000	80.00000000
9	71	1	84.00000000	80.00000000
9	72	1	84.00000000	80.00000000
9	73	1	84.00000000	80.00000000
9	74	1	84.00000000	80.00000000
9	75	1	84.00000000	80.00000000
9	76	1	84.00000000	80.00000000
9	77	1	84.00000000	80.00000000
9	78	1	84.00000000	80.00000000
9	79	1	84.00000000	80.00000000
9	80	1	84.00000000	80.00000000
9	81	1	84.00000000	80.00000000
9	82	1	84.00000000	80.00000000
9	83	1	84.00000000	80.00000000
9	84	1	84.00000000	80.00000000
9	85	1	84.00000000	80.00000000
9	86	1	84.00000000	80.00000000
9	87	1	84.00000000	80.00000000
9	88	1	84.00000000	80.00000000
9	89	1	84.00000000	80.00000000
9	90	1	84.00000000	80.00000000
9	91	1	84.00000000	80.00000000
9	92	1	84.00000000	80.00000000
9	93	1	84.00000000	80.00000000
9	94	1	84.00000000	80.00000000
9	95	1	84.00000000	80.00000000
9	96	1	84.00000000	80.00000000
9	97	1	84.00000000	80.00000000
9	98	1	84.00000000	80.00000000
9	99	1	84.00000000	80.00000000
9	100	1	84.00000000	80.00000000
9	101	1	84.00000000	80.00000000
9	102	1	84.00000000	80.00000000
9	103	1	84.00000000	80.00000000
9	104	1	84.00000000	80.00000000
9	105	1	84.00000000	80.00000000
9	106	1	84.00000000	80.00000000
9	107	1	84.00000000	80.00000000
9	108	1	84.00000000	80.00000000
9	109	1	84.00000000	80.00000000
9	110	1	84.00000000	80.00000000
9	111	1	84.00000000	80.00000000
9	112	1	84.00000000	80.00000000
9	113	1	84.00000000	80.00000000
9	114	1	84.00000000	80.00000000
9	115	1	84.00000000	80.00000000
9	116	1	84.00000000	80.00000000
9	117	1	84.00000000	80.00000000
9	118	1	84.00000000	80.00000000
9	119	1	84.00000000	80.00000000
9	120	1	84.00000000	80.00000000
9	121	1	84.00000000	80.00000000
9	122	1	84.00000000	80.00000000
9	123	1	84.00000000	80.00000000
9	124	1	84.00000000	80.00000000
9	125	1	84.00000000	80.00000000
9	126	1	84.00000000	80.00000000
9	127	1	84.00000000	80.00000000
9	128	1	84.00000000	80.00000000
9	129	1	84.00000000	80.00000000
9	130	1	84.00000000	80.00000000
9	131	1	84.00000000	80.00000000
9	132	1	84.00000000	80.00000000
9	133	1	84.00000000	80.00000000
9	134	1	84.00000000	80.00000000
9	135	1	84.00000000	80.00000000
9	136	1	84.00000000	80.00000000
9	137	1	84.00000000	80.00000000
9	138	1	84.00000000	80.00000000
9	139	1	84.00000000	80.00000000
9	140	1	84.00000000	80.00000000
9	141	1	84.00000000	80.00000000
9	142	1	84.00000000	80.00000000
9	143	1	84.00000000	80.00000000
9	144	1	84.00000000	80.00000000
9	145	1	84.00000000	80.00000000
9	146	1	84.00000000	80.00000000
9	147	1	84.00000000	80.00000000
9	148	1	84.00000000	80.00000000
9	149	1	84.00000000	80.00000000
9	150	1	84.00000000	80.00000000
9	151	1	84.00000000	80.00000000
9	152	1	84.00000000	80.00000000
9	153	1	84.00000000	80.00000000
9	154	1	84.00000000	80.00000000
9	155	1	84.00000000	80.00000000
9	156	1	84.00000000	80.00000000
9	157	1	84.00000000	80.00000000
9	158	1	84.00000000	80.00000000
9	159	1	84.00000000	80.00000000
9	160	1	84.00000000	80.00000000
9	161	1	84.00000000	80.00000000
9	162	1	84.00000000	80.00000000
9	163	1	84.00000000	80.00000000
9	164	1	84.00000000	80.00000000
9	165	1	84.00000000	80.00000000
9	166	1	84.00000000	80.00000000
9	167	1	84.00000000	80.00000000
9	168	1	84.00000000	80.00000000
9	169	1	84.00000000	80.00000000
9	170	1	84.00000000	80.00000000
9	171	1	84.00000000	80.00000000
9	172	1	84.00000000	80.00000000
9	173	1	84.00000000	80.00000000
9	174	1	84.00000000	80.00000000
9	175	1	84.00000000	80.00000000
9	176	1	84.00000000	80.00000000
9	177	1	84.00000000	80.00000000
9	178	1	84.00000000	80.00000000
9	179	1	84.00000000	80.00000000
9	180	1	84.00000000	80.00000000
9	181	1	84.00000000	80.00000000
9	182	1	84.00000000	80.00000000
9	183	1	84.00000000	80.00000000
9	184	1	84.00000000	80.00000000
9	185	1	84.00000000	80.00000000
9	186	1	84.00000000	80.00000000
9	187	1	84.00000000	80.00000000
9	188	1	84.00000000	80.00000000
9	189	1	84.00000000	80.00000000
9	190	1	84.00000000	80.00000000
9	191	1	84.00000000	80.00000000
9	192	1	84.00000000	80.00000000
9	193	1	84.00000000	80.00000000
9	194	1	84.00000000	80.00000000
9	195	1	84.00000000	80.00000000
9	196	1	84.00000000	80.00000000
9	197	1	84.00000000	80.00000000
9	198	1	84.00000000	80.00000000
9	199	1	84.00000000	80.00000000
9	200	1	84.00000000	80.00000000
9	201	1	84.00000000	80.00000000
9	202	1	84.00000000	80.00000000
9	203	1	84.00000000	80.00000000
9	204	1	84.00000000	80.00000000
9	205	1	84.00000000	80.00000000
9	206	1	84.00000000	80.00000000
9	207	1	84.00000000	80.00000000
9	208	1	84.00000000	80.00000000
9	209	1	84.00000000	80.00000000
9	210	1	84.00000000	80.00000000
9	211	1	84.00000000	80.00000000
9	212	1	84.00000000	80.00000000
9	213	1	84.00000000	80.00000000
9	214	1	84.00000000	80.00000000
9	215	1	84.00000000	80.00000000
9	216	1	84.00000000	80.00000000
9	217	1	84.00000000	80.00000000
9	218	1	84.00000000	80.00000000
9	219	1	84.00000000	80.00000000
9	220	1	84.00000000	80.00000000
9	221	1	84.00000000	80.00000000
9	222	1	84.00000000	80.00000000
9	223	1	84.00000000	80.00000000
9	224	1	84.00000000	80.00000000
9	225	1	84.00000000	80.00000000
9	226	1	84.00000000	80.00000000
9	227	1	84.00000000	80.00000000
9	228	1	84.00000000	80.00000000
9	229	1	84.00000000	80.00000000
9	230	1	84.00000000	80.00000000
9	231	1	84.00000000	80.00000000
9	232	1	84.00000000	80.00000000
9	233	1	84.00000000	80.00000000
9	234	1	84.00000000	80.00000000
9	235	1	84.00000000	80.00000000
9	236	1	84.00000000	80.00000000
9	237	1	84.00000000	80.00000000
9	238	1	84.00000000	80.00000000
9	239	1	84.00000000	80.00000000
10	0	1	84.00000000	80.00000000
10	1	1	84.00000000	80.00000000
10	2	1	84.00000000	80.00000000
10	3	1	84.00000000	80.00000000
10	4	1	84.00000000	80.00000000
10	5	1	84.00000000	80.00000000
10	6	1	84.00000000	80.00000000
10	7	1	84.00000000	80.00000000
10	8	1	84.00000000	80.00000000
10	9	1	84.00000000	80.00000000
10	10	1	84.00000000	80.00000000
10	11	1	84.00000000	80.00000000
10	12	1	84.00000000	80.00000000
10	13	1	84.00000000	80.00000000
10	14	1	84.00000000	80.00000000
10	15	1	84.00000000	80.00000000
10	16	1	84.00000000	80.00000000
10	17	1	84.00000000	80.00000000
10	18	1	84.00000000	80.00000000
10	19	1	84.00000000	80.00000000
10	20	1	84.00000000	80.00000000
10	21	1	84.00000000	80.00000000
10	22	1	84.00000000	80.00000000
10	23	1	84.00000000	80.00000000
10	24	1	84.00000000	80.00000000
10	25	1	84.00000000	80.00000000
10	26	1	84.00000000	80.00000000
10	27	1	84.00000000	80.00000000
10	28	1	84.00000000	80.00000000
10	29	1	84.00000000	80.00000000
10	30	1	84.00000000	80.00000000
10	31	1	84.00000000	80.00000000
10	32	1	84.00000000	80.00000000
10	33	1	84.00000000	80.00000000
10	34	1	84.00000000	80.00000000
10	35	1	84.00000000	80.00000000
10	36	1	84.00000000	80.00000000
10	37	1	84.00000000	80.00000000
10	38	1	84.00000000	80.00000000
10	39	1	84.00000000	80.00000000
10	40	1	84.00000000	80.00000000
10	41	1	84.00000000	80.00000000
10	42	1	84.00000000	80.00000000
10	43	1	84.00000000	80.00000000
10	44	1	84.00000000	80.00000000
10	45	1	84.00000000	80.00000000
10	46	1	84.00000000	80.00000000
10	47	1	84.00000000	80.00000000
10	48	1	84.00000000	80.00000000
10	49	1	84.00000000	80.00000000
10	50	1	84.00000000	80.00000000
10	51	1	84.00000000	80.00000000
10	52	1	84.00000000	80.00000000
10	53	1	84.00000000	80.00000000
10	54	1	84.00000000	80.00000000
10	55	1	84.00000000	80.00000000
10	56	1	84.00000000	80.00000000
10	57	1	84.00000000	80.00000000
10	58	1	84.00000000	80.00000000
10	59	1	84.00000000	80.00000000
10	60	1	84.00000000	80.00000000
10	61	1	84.00000000	80.00000000
10	62	1	84.00000000	80.00000000
10	63	1	84.00000000	80.00000000
10	64	1	84.00000000	80.00000000
10	65	1	84.00000000	80.00000000
10	66	1	84.00000000	80.00000000
10	67	1	84.00000000	80.00000000
10	68	1	84.00000000	80.00000000
10	69	1	84.00000000	80.00000000
10	70	1	84.00000000	80.00000000
10	71	1	84.00000000	80.00000000
10	72	1	84.00000000	80.00000000
10	73	1	84.00000000	80.00000000
10	74	1	84.00000000	80.00000000
10	75	1	84.00000000	80.00000000
10	76	1	84.00000000	80.00000000
10	77	1	84.00000000	80.00000000
10	78	1	84.00000000	80.00000000
10	79	1	84.00000000	80.00000000
10	80	1	84.00000000	80.00000000
10	81	1	84.00000000	80.00000000
10	82	1	84.00000000	80.00000000
10	83	1	84.00000000	80.00000000
10	84	1	84.00000000	80.00000000
10	85	1	84.00000000	80.00000000
10	86	1	84.00000000	80.00000000
10	87	1	84.00000000	80.00000000
10	88	1	84.00000000	80.00000000
10	89	1	84.00000000	80.00000000
10	90	1	84.00000000	80.00000000
10	91	1	84.00000000	80.00000000
10	92	1	84.00000000	80.00000000
10	93	1	84.00000000	80.00000000
10	94	1	84.00000000	80.00000000
10	95	1	84.00000000	80.00000000
10	96	1	84.00000000	80.00000000
10	97	1	84.00000000	80.00000000
10	98	1	84.00000000	80.00000000
10	99	1	84.00000000	80.00000000
10	100	1	84.00000000	80.00000000
10	101	1	84.00000000	80.00000000
10	102	1	84.00000000	80.00000000
10	103	1	84.00000000	80.00000000
10	104	1	84.00000000	80.00000000
10	105	1	84.00000000	80.00000000
10	106	1	84.00000000	80.00000000
10	107	1	84.00000000	80.00000000
10	108	1	84.00000000	80.00000000
10	109	1	84.00000000	80.00000000
10	110	1	84.00000000	80.00000000
10	111	1	84.00000000	80.00000000
10	112	1	84.00000000	80.00000000
10	113	1	84.00000000	80.00000000
10	114	1	84.00000000	80.00000000
10	115	1	84.00000000	80.00000000
10	116	1	84.00000000	80.00000000
10	117	1	84.00000000	80.00000000
10	118	1	84.00000000	80.00000000
10	119	1	84.00000000	80.00000000
10	120	1	84.00000000	80.00000000
10	121	1	84.00000000	80.00000000
10	122	1	84.00000000	80.00000000
10	123	1	84.00000000	80.00000000
10	124	1	84.00000000	80.00000000
10	125	1	84.00000000	80.00000000
10	126	1	84.00000000	80.00000000
10	127	1	84.00000000	80.00000000
10	128	1	84.00000000	80.00000000
10	129	1	84.00000000	80.00000000
10	130	1	84.00000000	80.00000000
10	131	1	84.00000000	80.00000000
10	132	1	84.00000000	80.00000000
10	133	1	84.00000000	80.00000000
10	134	1	84.00000000	80.00000000
10	135	1	84.00000000	80.00000000
10	136	1	84.00000000	80.00000000
10	137	1	84.00000000	80.00000000
10	138	1	84.00000000	80.00000000
10	139	1	84.00000000	80.00000000
10	140	1	84.00000000	80.00000000
10	141	1	84.00000000	80.00000000
10	142	1	84.00000000	80.00000000
10	143	1	84.00000000	80.00000000
10	144	1	84.00000000	80.00000000
10	145	1	84.00000000	80.00000000
10	146	1	84.00000000	80.00000000
10	147	1	84.00000000	80.00000000
10	148	1	84.00000000	80.00000000
10	149	1	84.00000000	80.00000000
10	150	1	84.00000000	80.00000000
10	151	1	84.00000000	80.00000000
10	152	1	84.00000000	80.00000000
10	153	1	84.00000000	80.00000000
10	154	1	84.00000000	80.00000000
10	155	1	84.00000000	80.00000000
10	156	1	84.00000000	80.00000000
10	157	1	84.00000000	80.00000000
10	158	1	84.00000000	80.00000000
10	159	1	84.00000000	80.00000000
10	160	1	84.00000000	80.00000000
10	161	1	84.00000000	80.00000000
10	162	1	84.00000000	80.00000000
10	163	1	84.00000000	80.00000000
10	164	1	84.00000000	80.00000000
10	165	1	84.00000000	80.00000000
10	166	1	84.00000000	80.00000000
10	167	1	84.00000000	80.00000000
10	168	1	84.00000000	80.00000000
10	169	1	84.00000000	80.00000000
10	170	1	84.00000000	80.00000000
10	171	1	84.00000000	80.00000000
10	172	1	84.00000000	80.00000000
10	173	1	84.00000000	80.00000000
10	174	1	84.00000000	80.00000000
10	175	1	84.00000000	80.00000000
10	176	1	84.00000000	80.00000000
10	177	1	84.00000000	80.00000000
10	178	1	84.00000000	80.00000000
10	179	1	84.00000000	80.00000000
10	180	1	84.00000000	80.00000000
10	181	1	84.00000000	80.00000000
10	182	1	84.00000000	80.00000000
10	183	1	84.00000000	80.00000000
10	184	1	84.00000000	80.00000000
10	185	1	84.00000000	80.00000000
10	186	1	84.00000000	80.00000000
10	187	1	84.00000000	80.00000000
10	188	1	84.00000000	80.00000000
10	189	1	84.00000000	80.00000000
10	190	1	84.00000000	80.00000000
10	191	1	84.00000000	80.00000000
10	192	1	84.00000000	80.00000000
10	193	1	84.00000000	80.00000000
10	194	1	84.00000000	80.00000000
10	195	1	84.00000000	80.00000000
10	196	1	84.00000000	80.00000000
10	197	1	84.00000000	80.00000000
10	198	1	84.00000000	80.00000000
10	199	1	84.00000000	80.00000000
10	200	1	84.00000000	80.00000000
10	201	1	84.00000000	80.00000000
10	202	1	84.00000000	80.00000000
10	203	1	84.00000000	80.00000000
10	204	1	84.00000000	80.00000000
10	205	1	84.00000000	80.00000000
10	206	1	84.00000000	80.00000000
10	207	1	84.00000000	80.00000000
11	0	1	84.00000000	80.00000000
11	1	1	84.00000000	80.00000000
11	2	1	84.00000000	80.00000000
11	3	1	84.00000000	80.00000000
11	4	1	84.00000000	80.00000000
11	5	1	84.00000000	80.00000000
11	6	1	84.00000000	80.00000000
11	7	1	84.00000000	80.00000000
11	8	1	84.00000000	80.00000000
11	9	1	84.00000000	80.00000000
11	10	1	84.00000000	80.00000000
11	11	1	84.00000000	80.00000000
11	12	1	84.00000000	80.00000000
11	13	1	84.00000000	80.00000000
11	14	1	84.00000000	80.00000000
11	15	1	84.00000000	80.00000000
11	16	1	84.00000000	80.00000000
11	17	1	84.00000000	80.00000000
11	18	1	84.00000000	80.00000000
11	19	1	84.00000000	80.00000000
11	20	1	84.00000000	80.00000000
11	21	1	84.00000000	80.00000000
11	22	1	84.00000000	80.00000000
11	23	1	84.00000000	80.00000000
11	24	1	84.00000000	80.00000000
11	25	1	84.00000000	80.00000000
11	26	1	84.00000000	80.00000000
11	27	1	84.00000000	80.00000000
11	28	1	84.00000000	80.00000000
11	29	1	84.00000000	80.00000000
11	30	1	84.00000000	80.00000000
11	31	1	84.00000000	80.00000000
11	32	1	84.00000000	80.00000000
11	33	1	84.00000000	80.00000000
11	34	1	84.00000000	80.00000000
11	35	1	84.00000000	80.00000000
11	36	1	84.00000000	80.00000000
11	37	1	84.00000000	80.00000000
11	38	1	84.00000000	80.00000000
11	39	1	84.00000000	80.00000000
11	40	1	84.00000000	80.00000000
11	41	1	84.00000000	80.00000000
11	42	1	84.00000000	80.00000000
11	43	1	84.00000000	80.00000000
11	44	1	84.00000000	80.00000000
11	45	1	84.00000000	80.00000000
11	46	1	84.00000000	80.00000000
11	47	1	84.00000000	80.00000000
11	48	1	84.00000000	80.00000000
11	49	1	84.00000000	80.00000000
11	50	1	84.00000000	80.00000000
11	51	1	84.00000000	80.00000000
11	52	1	84.00000000	80.00000000
11	53	1	84.00000000	80.00000000
11	54	1	84.00000000	80.00000000
11	55	1	84.00000000	80.00000000
11	56	1	84.00000000	80.00000000
11	57	1	84.00000000	80.00000000
11	58	1	84.00000000	80.00000000
11	59	1	84.00000000	80.00000000
11	60	1	84.00000000	80.00000000
11	61	1	84.00000000	80.00000000
11	62	1	84.00000000	80.00000000
11	63	1	84.00000000	80.00000000
11	64	1	84.00000000	80.00000000
11	65	1	84.00000000	80.00000000
11	66	1	84.00000000	80.00000000
11	67	1	84.00000000	80.00000000
11	68	1	84.00000000	80.00000000
11	69	1	84.00000000	80.00000000
11	70	1	84.00000000	80.00000000
11	71	1	84.00000000	80.00000000
11	72	1	84.00000000	80.00000000
11	73	1	84.00000000	80.00000000
11	74	1	84.00000000	80.00000000
11	75	1	84.00000000	80.00000000
11	76	1	84.00000000	80.00000000
11	77	1	84.00000000	80.00000000
11	78	1	84.00000000	80.00000000
11	79	1	84.00000000	80.00000000
11	80	1	84.00000000	80.00000000
11	81	1	84.00000000	80.00000000
11	82	1	84.00000000	80.00000000
11	83	1	84.00000000	80.00000000
11	84	1	84.00000000	80.00000000
11	85	1	84.00000000	80.00000000
11	86	1	84.00000000	80.00000000
11	87	1	84.00000000	80.00000000
11	88	1	84.00000000	80.00000000
11	89	1	84.00000000	80.00000000
11	90	1	84.00000000	80.00000000
11	91	1	84.00000000	80.00000000
11	92	1	84.00000000	80.00000000
11	93	1	84.00000000	80.00000000
11	94	1	84.00000000	80.00000000
11	95	1	84.00000000	80.00000000
11	96	1	84.00000000	80.00000000
11	97	1	84.00000000	80.00000000
11	98	1	84.00000000	80.00000000
11	99	1	84.00000000	80.00000000
11	100	1	84.00000000	80.00000000
11	101	1	84.00000000	80.00000000
11	102	1	84.00000000	80.00000000
11	103	1	84.00000000	80.00000000
11	104	1	84.00000000	80.00000000
11	105	1	84.00000000	80.00000000
11	106	1	84.00000000	80.00000000
11	107	1	84.00000000	80.00000000
11	108	1	84.00000000	80.00000000
11	109	1	84.00000000	80.00000000
11	110	1	84.00000000	80.00000000
11	111	1	84.00000000	80.00000000
11	112	1	84.00000000	80.00000000
11	113	1	84.00000000	80.00000000
11	114	1	84.00000000	80.00000000
11	115	1	84.00000000	80.00000000
11	116	1	84.00000000	80.00000000
11	117	1	84.00000000	80.00000000
11	118	1	84.00000000	80.00000000
11	119	1	84.00000000	80.00000000
11	120	1	84.00000000	80.00000000
11	121	1	84.00000000	80.00000000
11	122	1	84.00000000	80.00000000
11	123	1	84.00000000	80.00000000
11	124	1	84.00000000	80.00000000
11	125	1	84.00000000	80.00000000
11	126	1	84.00000000	80.00000000
11	127	1	84.00000000	80.00000000
11	128	1	84.00000000	80.00000000
11	129	1	84.00000000	80.00000000
11	130	1	84.00000000	80.00000000
11	131	1	84.00000000	80.00000000
11	132	1	84.00000000	80.00000000
11	133	1	84.00000000	80.00000000
11	134	1	84.00000000	80.00000000
11	135	1	84.00000000	80.00000000
11	136	1	84.00000000	80.00000000
11	137	1	84.00000000	80.00000000
11	138	1	84.00000000	80.00000000
11	139	1	84.00000000	80.00000000
11	140	1	84.00000000	80.00000000
11	141	1	84.00000000	80.00000000
11	142	1	84.00000000	80.00000000
11	143	1	84.00000000	80.00000000
11	144	1	84.00000000	80.00000000
11	145	1	84.00000000	80.00000000
11	146	1	84.00000000	80.00000000
11	147	1	84.00000000	80.00000000
11	148	1	84.00000000	80.00000000
11	149	1	84.00000000	80.00000000
11	150	1	84.00000000	80.00000000
11	151	1	84.00000000	80.00000000
11	152	1	84.00000000	80.00000000
11	153	1	84.00000000	80.00000000
11	154	1	84.00000000	80.00000000
11	155	1	84.00000000	80.00000000
11	156	1	84.00000000	80.00000000
11	157	1	84.00000000	80.00000000
11	158	1	84.00000000	80.00000000
11	159	1	84.00000000	80.00000000
11	160	1	84.00000000	80.00000000
11	161	1	84.00000000	80.00000000
11	162	1	84.00000000	80.00000000
11	163	1	84.00000000	80.00000000
11	164	1	84.00000000	80.00000000
11	165	1	84.00000000	80.00000000
11	166	1	84.00000000	80.00000000
11	167	1	84.00000000	80.00000000
11	168	1	84.00000000	80.00000000
11	169	1	84.00000000	80.00000000
11	170	1	84.00000000	80.00000000
11	171	1	84.00000000	80.00000000
11	172	1	84.00000000	80.00000000
11	173	1	84.00000000	80.00000000
11	174	1	84.00000000	80.00000000
11	175	1	84.00000000	80.00000000
11	176	1	84.00000000	80.00000000
11	177	1	84.00000000	80.00000000
11	178	1	84.00000000	80.00000000
11	179	1	84.00000000	80.00000000
11	180	1	84.00000000	80.00000000
11	181	1	84.00000000	80.00000000
11	182	1	84.00000000	80.00000000
11	183	1	84.00000000	80.00000000
11	184	1	84.00000000	80.00000000
11	185	1	84.00000000	80.00000000
11	186	1	84.00000000	80.00000000
11	187	1	84.00000000	80.00000000
11	188	1	84.00000000	80.00000000
11	189	1	84.00000000	80.00000000
11	190	1	84.00000000	80.00000000
11	191	1	84.00000000	80.00000000
11	192	1	84.00000000	80.00000000
11	193	1	84.00000000	80.00000000
11	194	1	84.00000000	80.00000000
11	195	1	84.00000000	80.00000000
11	196	1	84.00000000	80.00000000
11	197	1	84.00000000	80.00000000
11	198	1	84.00000000	80.00000000
11	199	1	84.00000000	80.00000000
11	200	1	84.00000000	80.00000000
11	201	1	84.00000000	80.00000000
11	202	1	84.00000000	80.00000000
11	203	1	84.00000000	80.00000000
11	204	1	84.00000000	80.00000000
11	205	1	84.00000000	80.00000000
11	206	1	84.00000000	80.00000000
11	207	1	84.00000000	80.00000000
11	208	1	84.00000000	80.00000000
11	209	1	84.00000000	80.00000000
11	210	1	84.00000000	80.00000000
11	211	1	84.00000000	80.00000000
11	212	1	84.00000000	80.00000000
11	213	1	84.00000000	80.00000000
11	214	1	84.00000000	80.00000000
11	215	1	84.00000000	80.00000000
11	216	1	84.00000000	80.00000000
11	217	1	84.00000000	80.00000000
12	0	1	84.00000000	80.00000000
12	1	1	84.00000000	80.00000000
12	2	1	84.00000000	80.00000000
12	3	1	84.00000000	80.00000000
12	4	1	84.00000000	80.00000000
12	5	1	84.00000000	80.00000000
12	6	1	84.00000000	80.00000000
12	7	1	84.00000000	80.00000000
12	8	1	84.00000000	80.00000000
12	9	1	84.00000000	80.00000000
12	10	1	84.00000000	80.00000000
12	11	1	84.00000000	80.00000000
12	12	1	84.00000000	80.00000000
12	13	1	84.00000000	80.00000000
12	14	1	84.00000000	80.00000000
12	15	1	84.00000000	80.00000000
12	16	1	84.00000000	80.00000000
12	17	1	84.00000000	80.00000000
12	18	1	84.00000000	80.00000000
12	19	1	84.00000000	80.00000000
12	20	1	84.00000000	80.00000000
12	21	1	84.00000000	80.00000000
12	22	1	84.00000000	80.00000000
12	23	1	84.00000000	80.00000000
12	24	1	84.00000000	80.00000000
12	25	1	84.00000000	80.00000000
12	26	1	84.00000000	80.00000000
12	27	1	84.00000000	80.00000000
12	28	1	84.00000000	80.00000000
12	29	1	84.00000000	80.00000000
12	30	1	84.00000000	80.00000000
12	31	1	84.00000000	80.00000000
12	32	1	84.00000000	80.00000000
12	33	1	84.00000000	80.00000000
12	34	1	84.00000000	80.00000000
12	35	1	84.00000000	80.00000000
12	36	1	84.00000000	80.00000000
12	37	1	84.00000000	80.00000000
12	38	1	84.00000000	80.00000000
12	39	1	84.00000000	80.00000000
12	40	1	84.00000000	80.00000000
12	41	1	84.00000000	80.00000000
12	42	1	84.00000000	80.00000000
12	43	1	84.00000000	80.00000000
12	44	1	84.00000000	80.00000000
12	45	1	84.00000000	80.00000000
12	46	1	84.00000000	80.00000000
12	47	1	84.00000000	80.00000000
12	48	1	84.00000000	80.00000000
12	49	1	84.00000000	80.00000000
12	50	1	84.00000000	80.00000000
12	51	1	84.00000000	80.00000000
12	52	1	84.00000000	80.00000000
12	53	1	84.00000000	80.00000000
12	54	1	84.00000000	80.00000000
12	55	1	84.00000000	80.00000000
12	56	1	84.00000000	80.00000000
12	57	1	84.00000000	80.00000000
12	58	1	84.00000000	80.00000000
12	59	1	84.00000000	80.00000000
12	60	1	84.00000000	80.00000000
12	61	1	84.00000000	80.00000000
12	62	1	84.00000000	80.00000000
12	63	1	84.00000000	80.00000000
12	64	1	84.00000000	80.00000000
12	65	1	84.00000000	80.00000000
12	66	1	84.00000000	80.00000000
12	67	1	84.00000000	80.00000000
12	68	1	84.00000000	80.00000000
12	69	1	84.00000000	80.00000000
12	70	1	84.00000000	80.00000000
12	71	1	84.00000000	80.00000000
12	72	1	84.00000000	80.00000000
12	73	1	84.00000000	80.00000000
12	74	1	84.00000000	80.00000000
12	75	1	84.00000000	80.00000000
12	76	1	84.00000000	80.00000000
12	77	1	84.00000000	80.00000000
12	78	1	84.00000000	80.00000000
12	79	1	84.00000000	80.00000000
12	80	1	84.00000000	80.00000000
12	81	1	84.00000000	80.00000000
12	82	1	84.00000000	80.00000000
12	83	1	84.00000000	80.00000000
12	84	1	84.00000000	80.00000000
12	85	1	84.00000000	80.00000000
12	86	1	84.00000000	80.00000000
12	87	1	84.00000000	80.00000000
12	88	1	84.00000000	80.00000000
12	89	1	84.00000000	80.00000000
12	90	1	84.00000000	80.00000000
12	91	1	84.00000000	80.00000000
12	92	1	84.00000000	80.00000000
12	93	1	84.00000000	80.00000000
12	94	1	84.00000000	80.00000000
12	95	1	84.00000000	80.00000000
12	96	1	84.00000000	80.00000000
12	97	1	84.00000000	80.00000000
12	98	1	84.00000000	80.00000000
12	99	1	84.00000000	80.00000000
12	100	1	84.00000000	80.00000000
12	101	1	84.00000000	80.00000000
12	102	1	84.00000000	80.00000000
12	103	1	84.00000000	80.00000000
12	104	1	84.00000000	80.00000000
12	105	1	84.00000000	80.00000000
12	106	1	84.00000000	80.00000000
12	107	1	84.00000000	80.00000000
12	108	1	84.00000000	80.00000000
12	109	1	84.00000000	80.00000000
12	110	1	84.00000000	80.00000000
12	111	1	84.00000000	80.00000000
12	112	1	84.00000000	80.00000000
12	113	1	84.00000000	80.00000000
12	114	1	84.00000000	80.00000000
12	115	1	84.00000000	80.00000000
12	116	1	84.00000000	80.00000000
12	117	1	84.00000000	80.00000000
12	118	1	84.00000000	80.00000000
12	119	1	84.00000000	80.00000000
12	120	1	84.00000000	80.00000000
12	121	1	84.00000000	80.00000000
12	122	1	84.00000000	80.00000000
12	123	1	84.00000000	80.00000000
12	124	1	84.00000000	80.00000000
12	125	1	84.00000000	80.00000000
12	126	1	84.00000000	80.00000000
12	127	1	84.00000000	80.00000000
12	128	1	84.00000000	80.00000000
12	129	1	84.00000000	80.00000000
12	130	1	84.00000000	80.00000000
12	131	1	84.00000000	80.00000000
12	132	1	84.00000000	80.00000000
12	133	1	84.00000000	80.00000000
12	134	1	84.00000000	80.00000000
12	135	1	84.00000000	80.00000000
12	136	1	84.00000000	80.00000000
12	137	1	84.00000000	80.00000000
12	138	1	84.00000000	80.00000000
12	139	1	84.00000000	80.00000000
12	140	1	84.00000000	80.00000000
12	141	1	84.00000000	80.00000000
12	142	1	84.00000000	80.00000000
12	143	1	84.00000000	80.00000000
12	144	1	84.00000000	80.00000000
12	145	1	84.00000000	80.00000000
12	146	1	84.00000000	80.00000000
12	147	1	84.00000000	80.00000000
12	148	1	84.00000000	80.00000000
12	149	1	84.00000000	80.00000000
12	150	1	84.00000000	80.00000000
12	151	1	84.00000000	80.00000000
12	152	1	84.00000000	80.00000000
12	153	1	84.00000000	80.00000000
12	154	1	84.00000000	80.00000000
12	155	1	84.00000000	80.00000000
12	156	1	84.00000000	80.00000000
12	157	1	84.00000000	80.00000000
12	158	1	84.00000000	80.00000000
12	159	1	84.00000000	80.00000000
12	160	1	84.00000000	80.00000000
12	161	1	84.00000000	80.00000000
12	162	1	84.00000000	80.00000000
12	163	1	84.00000000	80.00000000
12	164	1	84.00000000	80.00000000
12	165	1	84.00000000	80.00000000
12	166	1	84.00000000	80.00000000
12	167	1	84.00000000	80.00000000
12	168	1	84.00000000	80.00000000
12	169	1	84.00000000	80.00000000
12	170	1	84.00000000	80.00000000
12	171	1	84.00000000	80.00000000
12	172	1	84.00000000	80.00000000
12	173	1	84.00000000	80.00000000
12	174	1	84.00000000	80.00000000
12	175	1	84.00000000	80.00000000
12	176	1	84.00000000	80.00000000
12	177	1	84.00000000	80.00000000
12	178	1	84.00000000	80.00000000
12	179	1	84.00000000	80.00000000
12	180	1	84.00000000	80.00000000
12	181	1	84.00000000	80.00000000
12	182	1	84.00000000	80.00000000
12	183	1	84.00000000	80.00000000
12	184	1	84.00000000	80.00000000
12	185	1	84.00000000	80.00000000
12	186	1	84.00000000	80.00000000
12	187	1	84.00000000	80.00000000
12	188	1	84.00000000	80.00000000
12	189	1	84.00000000	80.00000000
12	190	1	84.00000000	80.00000000
12	191	1	84.00000000	80.00000000
12	192	1	84.00000000	80.00000000
12	193	1	84.00000000	80.00000000
12	194	1	84.00000000	80.00000000
12	195	1	84.00000000	80.00000000
12	196	1	84.00000000	80.00000000
12	197	1	84.00000000	80.00000000
12	198	1	84.00000000	80.00000000
12	199	1	84.00000000	80.00000000
12	200	1	84.00000000	80.00000000
12	201	1	84.00000000	80.00000000
12	202	1	84.00000000	80.00000000
12	203	1	84.00000000	80.00000000
12	204	1	84.00000000	80.00000000
12	205	1	84.00000000	80.00000000
12	206	1	84.00000000	80.00000000
12	207	1	84.00000000	80.00000000
12	208	1	84.00000000	80.00000000
12	209	1	84.00000000	80.00000000
12	210	1	84.00000000	80.00000000
12	211	1	84.00000000	80.00000000
12	212	1	84.00000000	80.00000000
12	213	1	84.00000000	80.00000000
12	214	1	84.00000000	80.00000000
12	215	1	84.00000000	80.00000000
12	216	1	84.00000000	80.00000000
12	217	1	84.00000000	80.00000000
12	218	1	84.00000000	80.00000000
12	219	1	84.00000000	80.00000000
12	220	1	84.00000000	80.00000000
12	221	1	84.00000000	80.00000000
12	222	1	84.00000000	80.00000000
12	223	1	84.00000000	80.00000000
12	224	1	84.00000000	80.00000000
12	225	1	84.00000000	80.00000000
12	226	1	84.00000000	80.00000000
12	227	1	84.00000000	80.00000000
12	228	1	84.00000000	80.00000000
12	229	1	84.00000000	80.00000000
13	0	1	84.00000000	80.00000000
13	1	1	84.00000000	80.00000000
13	2	1	84.00000000	80.00000000
13	3	1	84.00000000	80.00000000
13	4	1	84.00000000	80.00000000
13	5	1	84.00000000	80.00000000
13	6	1	84.00000000	80.00000000
13	7	1	84.00000000	80.00000000
13	8	1	84.00000000	80.00000000
13	9	1	84.00000000	80.00000000
13	10	1	84.00000000	80.00000000
13	11	1	84.00000000	80.00000000
13	12	1	84.00000000	80.00000000
13	13	1	84.00000000	80.00000000
13	14	1	84.00000000	80.00000000
13	15	1	84.00000000	80.00000000
13	16	1	84.00000000	80.00000000
13	17	1	84.00000000	80.00000000
13	18	1	84.00000000	80.00000000
13	19	1	84.00000000	80.00000000
13	20	1	84.00000000	80.00000000
13	21	1	84.00000000	80.00000000
13	22	1	84.00000000	80.00000000
13	23	1	84.00000000	80.00000000
13	24	1	84.00000000	80.00000000
13	25	1	84.00000000	80.00000000
13	26	1	84.00000000	80.00000000
13	27	1	84.00000000	80.00000000
13	28	1	84.00000000	80.00000000
13	29	1	84.00000000	80.00000000
13	30	1	84.00000000	80.00000000
13	31	1	84.00000000	80.00000000
13	32	1	84.00000000	80.00000000
13	33	1	84.00000000	80.00000000
13	34	1	84.00000000	80.00000000
13	35	1	84.00000000	80.00000000
13	36	1	84.00000000	80.00000000
13	37	1	84.00000000	80.00000000
13	38	1	84.00000000	80.00000000
13	39	1	84.00000000	80.00000000
13	40	1	84.00000000	80.00000000
13	41	1	84.00000000	80.00000000
13	42	1	84.00000000	80.00000000
13	43	1	84.00000000	80.00000000
13	44	1	84.00000000	80.00000000
13	45	1	84.00000000	80.00000000
13	46	1	84.00000000	80.00000000
13	47	1	84.00000000	80.00000000
13	48	1	84.00000000	80.00000000
13	49	1	84.00000000	80.00000000
13	50	1	84.00000000	80.00000000
13	51	1	84.00000000	80.00000000
13	52	1	84.00000000	80.00000000
13	53	1	84.00000000	80.00000000
13	54	1	84.00000000	80.00000000
13	55	1	84.00000000	80.00000000
13	56	1	84.00000000	80.00000000
13	57	1	84.00000000	80.00000000
13	58	1	84.00000000	80.00000000
13	59	1	84.00000000	80.00000000
13	60	1	84.00000000	80.00000000
13	61	1	84.00000000	80.00000000
13	62	1	84.00000000	80.00000000
13	63	1	84.00000000	80.00000000
13	64	1	84.00000000	80.00000000
13	65	1	84.00000000	80.00000000
13	66	1	84.00000000	80.00000000
13	67	1	84.00000000	80.00000000
13	68	1	84.00000000	80.00000000
13	69	1	84.00000000	80.00000000
13	70	1	84.00000000	80.00000000
13	71	1	84.00000000	80.00000000
13	72	1	84.00000000	80.00000000
13	73	1	84.00000000	80.00000000
13	74	1	84.00000000	80.00000000
13	75	1	84.00000000	80.00000000
13	76	1	84.00000000	80.00000000
13	77	1	84.00000000	80.00000000
13	78	1	84.00000000	80.00000000
13	79	1	84.00000000	80.00000000
13	80	1	84.00000000	80.00000000
13	81	1	84.00000000	80.00000000
13	82	1	84.00000000	80.00000000
13	83	1	84.00000000	80.00000000
13	84	1	84.00000000	80.00000000
13	85	1	84.00000000	80.00000000
13	86	1	84.00000000	80.00000000
13	87	1	84.00000000	80.00000000
13	88	1	84.00000000	80.00000000
13	89	1	84.00000000	80.00000000
13	90	1	84.00000000	80.00000000
13	91	1	84.00000000	80.00000000
13	92	1	84.00000000	80.00000000
13	93	1	84.00000000	80.00000000
13	94	1	84.00000000	80.00000000
13	95	1	84.00000000	80.00000000
13	96	1	84.00000000	80.00000000
13	97	1	84.00000000	80.00000000
13	98	1	84.00000000	80.00000000
13	99	1	84.00000000	80.00000000
13	100	1	84.00000000	80.00000000
13	101	1	84.00000000	80.00000000
13	102	1	84.00000000	80.00000000
13	103	1	84.00000000	80.00000000
13	104	1	84.00000000	80.00000000
13	105	1	84.00000000	80.00000000
13	106	1	84.00000000	80.00000000
13	107	1	84.00000000	80.00000000
13	108	1	84.00000000	80.00000000
13	109	1	84.00000000	80.00000000
13	110	1	84.00000000	80.00000000
13	111	1	84.00000000	80.00000000
13	112	1	84.00000000	80.00000000
13	113	1	84.00000000	80.00000000
13	114	1	84.00000000	80.00000000
13	115	1	84.00000000	80.00000000
13	116	1	84.00000000	80.00000000
13	117	1	84.00000000	80.00000000
13	118	1	84.00000000	80.00000000
13	119	1	84.00000000	80.00000000
13	120	1	84.00000000	80.00000000
13	121	1	84.00000000	80.00000000
13	122	1	84.00000000	80.00000000
13	123	1	84.00000000	80.00000000
13	124	1	84.00000000	80.00000000
13	125	1	84.00000000	80.00000000
13	126	1	84.00000000	80.00000000
13	127	1	84.00000000	80.00000000
13	128	1	84.00000000	80.00000000
13	129	1	84.00000000	80.00000000
13	130	1	84.00000000	80.00000000
13	131	1	84.00000000	80.00000000
13	132	1	84.00000000	80.00000000
13	133	1	84.00000000	80.00000000
13	134	1	84.00000000	80.00000000
13	135	1	84.00000000	80.00000000
13	136	1	84.00000000	80.00000000
13	137	1	84.00000000	80.00000000
13	138	1	84.00000000	80.00000000
13	139	1	84.00000000	80.00000000
13	140	1	84.00000000	80.00000000
13	141	1	84.00000000	80.00000000
13	142	1	84.00000000	80.00000000
13	143	1	84.00000000	80.00000000
13	144	1	84.00000000	80.00000000
13	145	1	84.00000000	80.00000000
13	146	1	84.00000000	80.00000000
13	147	1	84.00000000	80.00000000
13	148	1	84.00000000	80.00000000
13	149	1	84.00000000	80.00000000
13	150	1	84.00000000	80.00000000
13	151	1	84.00000000	80.00000000
13	152	1	84.00000000	80.00000000
13	153	1	84.00000000	80.00000000
13	154	1	84.00000000	80.00000000
13	155	1	84.00000000	80.00000000
13	156	1	84.00000000	80.00000000
13	157	1	84.00000000	80.00000000
13	158	1	84.00000000	80.00000000
13	159	1	84.00000000	80.00000000
13	160	1	84.00000000	80.00000000
13	161	1	84.00000000	80.00000000
13	162	1	84.00000000	80.00000000
13	163	1	84.00000000	80.00000000
13	164	1	84.00000000	80.00000000
13	165	1	84.00000000	80.00000000
13	166	1	84.00000000	80.00000000
13	167	1	84.00000000	80.00000000
13	168	1	84.00000000	80.00000000
13	169	1	84.00000000	80.00000000
13	170	1	84.00000000	80.00000000
13	171	1	84.00000000	80.00000000
13	172	1	84.00000000	80.00000000
13	173	1	84.00000000	80.00000000
13	174	1	84.00000000	80.00000000
13	175	1	84.00000000	80.00000000
13	176	1	84.00000000	80.00000000
13	177	1	84.00000000	80.00000000
13	178	1	84.00000000	80.00000000
13	179	1	84.00000000	80.00000000
13	180	1	84.00000000	80.00000000
13	181	1	84.00000000	80.00000000
13	182	1	84.00000000	80.00000000
13	183	1	84.00000000	80.00000000
13	184	1	84.00000000	80.00000000
13	185	1	84.00000000	80.00000000
13	186	1	84.00000000	80.00000000
13	187	1	84.00000000	80.00000000
13	188	1	84.00000000	80.00000000
13	189	1	84.00000000	80.00000000
13	190	1	84.00000000	80.00000000
13	191	1	84.00000000	80.00000000
13	192	1	84.00000000	80.00000000
13	193	1	84.00000000	80.00000000
13	194	1	84.00000000	80.00000000
13	195	1	84.00000000	80.00000000
13	196	1	84.00000000	80.00000000
13	197	1	84.00000000	80.00000000
13	198	1	84.00000000	80.00000000
13	199	1	84.00000000	80.00000000
13	200	1	84.00000000	80.00000000
13	201	1	84.00000000	80.00000000
13	202	1	84.00000000	80.00000000
13	203	1	84.00000000	80.00000000
13	204	1	84.00000000	80.00000000
13	205	1	84.00000000	80.00000000
13	206	1	84.00000000	80.00000000
13	207	1	84.00000000	80.00000000
13	208	1	84.00000000	80.00000000
13	209	1	84.00000000	80.00000000
13	210	1	84.00000000	80.00000000
13	211	1	84.00000000	80.00000000
13	212	1	84.00000000	80.00000000
13	213	1	84.00000000	80.00000000
14	0	1	84.00000000	80.00000000
14	1	1	84.00000000	80.00000000
14	2	1	84.00000000	80.00000000
14	3	1	84.00000000	80.00000000
14	4	1	84.00000000	80.00000000
14	5	1	84.00000000	80.00000000
14	6	1	84.00000000	80.00000000
14	7	1	84.00000000	80.00000000
14	8	1	84.00000000	80.00000000
14	9	1	84.00000000	80.00000000
14	10	1	84.00000000	80.00000000
14	11	1	84.00000000	80.00000000
14	12	1	84.00000000	80.00000000
14	13	1	84.00000000	80.00000000
14	14	1	84.00000000	80.00000000
14	15	1	84.00000000	80.00000000
14	16	1	84.00000000	80.00000000
14	17	1	84.00000000	80.00000000
14	18	1	84.00000000	80.00000000
14	19	1	84.00000000	80.00000000
14	20	1	84.00000000	80.00000000
14	21	1	84.00000000	80.00000000
14	22	1	84.00000000	80.00000000
14	23	1	84.00000000	80.00000000
14	24	1	84.00000000	80.00000000
14	25	1	84.00000000	80.00000000
14	26	1	84.00000000	80.00000000
14	27	1	84.00000000	80.00000000
14	28	1	84.00000000	80.00000000
14	29	1	84.00000000	80.00000000
14	30	1	84.00000000	80.00000000
14	31	1	84.00000000	80.00000000
14	32	1	84.00000000	80.00000000
14	33	1	84.00000000	80.00000000
14	34	1	84.00000000	80.00000000
14	35	1	84.00000000	80.00000000
14	36	1	84.00000000	80.00000000
14	37	1	84.00000000	80.00000000
14	38	1	84.00000000	80.00000000
14	39	1	84.00000000	80.00000000
14	40	1	84.00000000	80.00000000
14	41	1	84.00000000	80.00000000
14	42	1	84.00000000	80.00000000
14	43	1	84.00000000	80.00000000
14	44	1	84.00000000	80.00000000
14	45	1	84.00000000	80.00000000
14	46	1	84.00000000	80.00000000
14	47	1	84.00000000	80.00000000
14	48	1	84.00000000	80.00000000
14	49	1	84.00000000	80.00000000
14	50	1	84.00000000	80.00000000
14	51	1	84.00000000	80.00000000
14	52	1	84.00000000	80.00000000
14	53	1	84.00000000	80.00000000
14	54	1	84.00000000	80.00000000
14	55	1	84.00000000	80.00000000
14	56	1	84.00000000	80.00000000
14	57	1	84.00000000	80.00000000
14	58	1	84.00000000	80.00000000
14	59	1	84.00000000	80.00000000
14	60	1	84.00000000	80.00000000
14	61	1	84.00000000	80.00000000
14	62	1	84.00000000	80.00000000
14	63	1	84.00000000	80.00000000
14	64	1	84.00000000	80.00000000
14	65	1	84.00000000	80.00000000
14	66	1	84.00000000	80.00000000
14	67	1	84.00000000	80.00000000
14	68	1	84.00000000	80.00000000
14	69	1	84.00000000	80.00000000
14	70	1	84.00000000	80.00000000
14	71	1	84.00000000	80.00000000
14	72	1	84.00000000	80.00000000
14	73	1	84.00000000	80.00000000
14	74	1	84.00000000	80.00000000
14	75	1	84.00000000	80.00000000
14	76	1	84.00000000	80.00000000
14	77	1	84.00000000	80.00000000
14	78	1	84.00000000	80.00000000
14	79	1	84.00000000	80.00000000
14	80	1	84.00000000	80.00000000
14	81	1	84.00000000	80.00000000
14	82	1	84.00000000	80.00000000
14	83	1	84.00000000	80.00000000
14	84	1	84.00000000	80.00000000
14	85	1	84.00000000	80.00000000
14	86	1	84.00000000	80.00000000
14	87	1	84.00000000	80.00000000
14	88	1	84.00000000	80.00000000
14	89	1	84.00000000	80.00000000
14	90	1	84.00000000	80.00000000
14	91	1	84.00000000	80.00000000
14	92	1	84.00000000	80.00000000
14	93	1	84.00000000	80.00000000
14	94	1	84.00000000	80.00000000
14	95	1	84.00000000	80.00000000
14	96	1	84.00000000	80.00000000
14	97	1	84.00000000	80.00000000
14	98	1	84.00000000	80.00000000
14	99	1	84.00000000	80.00000000
14	100	1	84.00000000	80.00000000
14	101	1	84.00000000	80.00000000
14	102	1	84.00000000	80.00000000
14	103	1	84.00000000	80.00000000
14	104	1	84.00000000	80.00000000
14	105	1	84.00000000	80.00000000
14	106	1	84.00000000	80.00000000
14	107	1	84.00000000	80.00000000
14	108	1	84.00000000	80.00000000
14	109	1	84.00000000	80.00000000
14	110	1	84.00000000	80.00000000
14	111	1	84.00000000	80.00000000
14	112	1	84.00000000	80.00000000
14	113	1	84.00000000	80.00000000
14	114	1	84.00000000	80.00000000
14	115	1	84.00000000	80.00000000
14	116	1	84.00000000	80.00000000
14	117	1	84.00000000	80.00000000
14	118	1	84.00000000	80.00000000
14	119	1	84.00000000	80.00000000
14	120	1	84.00000000	80.00000000
14	121	1	84.00000000	80.00000000
14	122	1	84.00000000	80.00000000
14	123	1	84.00000000	80.00000000
14	124	1	84.00000000	80.00000000
14	125	1	84.00000000	80.00000000
14	126	1	84.00000000	80.00000000
14	127	1	84.00000000	80.00000000
14	128	1	84.00000000	80.00000000
14	129	1	84.00000000	80.00000000
14	130	1	84.00000000	80.00000000
14	131	1	84.00000000	80.00000000
14	132	1	84.00000000	80.00000000
14	133	1	84.00000000	80.00000000
14	134	1	84.00000000	80.00000000
14	135	1	84.00000000	80.00000000
14	136	1	84.00000000	80.00000000
14	137	1	84.00000000	80.00000000
14	138	1	84.00000000	80.00000000
14	139	1	84.00000000	80.00000000
14	140	1	84.00000000	80.00000000
14	141	1	84.00000000	80.00000000
14	142	1	84.00000000	80.00000000
14	143	1	84.00000000	80.00000000
14	144	1	84.00000000	80.00000000
14	145	1	84.00000000	80.00000000
14	146	1	84.00000000	80.00000000
14	147	1	84.00000000	80.00000000
14	148	1	84.00000000	80.00000000
14	149	1	84.00000000	80.00000000
14	150	1	84.00000000	80.00000000
14	151	1	84.00000000	80.00000000
14	152	1	84.00000000	80.00000000
14	153	1	84.00000000	80.00000000
14	154	1	84.00000000	80.00000000
14	155	1	84.00000000	80.00000000
14	156	1	84.00000000	80.00000000
14	157	1	84.00000000	80.00000000
14	158	1	84.00000000	80.00000000
14	159	1	84.00000000	80.00000000
14	160	1	84.00000000	80.00000000
14	161	1	84.00000000	80.00000000
14	162	1	84.00000000	80.00000000
14	163	1	84.00000000	80.00000000
14	164	1	84.00000000	80.00000000
14	165	1	84.00000000	80.00000000
14	166	1	84.00000000	80.00000000
14	167	1	84.00000000	80.00000000
14	168	1	84.00000000	80.00000000
14	169	1	84.00000000	80.00000000
14	170	1	84.00000000	80.00000000
14	171	1	84.00000000	80.00000000
14	172	1	84.00000000	80.00000000
14	173	1	84.00000000	80.00000000
14	174	1	84.00000000	80.00000000
14	175	1	84.00000000	80.00000000
14	176	1	84.00000000	80.00000000
14	177	1	84.00000000	80.00000000
14	178	1	84.00000000	80.00000000
14	179	1	84.00000000	80.00000000
14	180	1	84.00000000	80.00000000
14	181	1	84.00000000	80.00000000
14	182	1	84.00000000	80.00000000
14	183	1	84.00000000	80.00000000
14	184	1	84.00000000	80.00000000
14	185	1	84.00000000	80.00000000
14	186	1	84.00000000	80.00000000
14	187	1	84.00000000	80.00000000
14	188	1	84.00000000	80.00000000
14	189	1	84.00000000	80.00000000
14	190	1	84.00000000	80.00000000
14	191	1	84.00000000	80.00000000
14	192	1	84.00000000	80.00000000
14	193	1	84.00000000	80.00000000
14	194	1	84.00000000	80.00000000
14	195	1	84.00000000	80.00000000
14	196	1	84.00000000	80.00000000
14	197	1	84.00000000	80.00000000
14	198	1	84.00000000	80.00000000
14	199	1	84.00000000	80.00000000
14	200	1	84.00000000	80.00000000
14	201	1	84.00000000	80.00000000
14	202	1	84.00000000	80.00000000
14	203	1	84.00000000	80.00000000
14	204	1	84.00000000	80.00000000
14	205	1	84.00000000	80.00000000
14	206	1	84.00000000	80.00000000
14	207	1	84.00000000	80.00000000
14	208	1	84.00000000	80.00000000
14	209	1	84.00000000	80.00000000
14	210	1	84.00000000	80.00000000
14	211	1	84.00000000	80.00000000
15	0	1	84.00000000	80.00000000
15	1	1	84.00000000	80.00000000
15	2	1	84.00000000	80.00000000
15	3	1	84.00000000	80.00000000
15	4	1	84.00000000	80.00000000
15	5	1	84.00000000	80.00000000
15	6	1	84.00000000	80.00000000
15	7	1	84.00000000	80.00000000
15	8	1	84.00000000	80.00000000
15	9	1	84.00000000	80.00000000
15	10	1	84.00000000	80.00000000
15	11	1	84.00000000	80.00000000
15	12	1	84.00000000	80.00000000
15	13	1	84.00000000	80.00000000
15	14	1	84.00000000	80.00000000
15	15	1	84.00000000	80.00000000
15	16	1	84.00000000	80.00000000
15	17	1	84.00000000	80.00000000
15	18	1	84.00000000	80.00000000
15	19	1	84.00000000	80.00000000
15	20	1	84.00000000	80.00000000
15	21	1	84.00000000	80.00000000
15	22	1	84.00000000	80.00000000
15	23	1	84.00000000	80.00000000
15	24	1	84.00000000	80.00000000
15	25	1	84.00000000	80.00000000
15	26	1	84.00000000	80.00000000
15	27	1	84.00000000	80.00000000
15	28	1	84.00000000	80.00000000
15	29	1	84.00000000	80.00000000
15	30	1	84.00000000	80.00000000
15	31	1	84.00000000	80.00000000
15	32	1	84.00000000	80.00000000
15	33	1	84.00000000	80.00000000
15	34	1	84.00000000	80.00000000
15	35	1	84.00000000	80.00000000
15	36	1	84.00000000	80.00000000
15	37	1	84.00000000	80.00000000
15	38	1	84.00000000	80.00000000
15	39	1	84.00000000	80.00000000
15	40	1	84.00000000	80.00000000
15	41	1	84.00000000	80.00000000
15	42	1	84.00000000	80.00000000
15	43	1	84.00000000	80.00000000
15	44	1	84.00000000	80.00000000
15	45	1	84.00000000	80.00000000
15	46	1	84.00000000	80.00000000
15	47	1	84.00000000	80.00000000
15	48	1	84.00000000	80.00000000
15	49	1	84.00000000	80.00000000
15	50	1	84.00000000	80.00000000
15	51	1	84.00000000	80.00000000
15	52	1	84.00000000	80.00000000
15	53	1	84.00000000	80.00000000
15	54	1	84.00000000	80.00000000
15	55	1	84.00000000	80.00000000
15	56	1	84.00000000	80.00000000
15	57	1	84.00000000	80.00000000
15	58	1	84.00000000	80.00000000
15	59	1	84.00000000	80.00000000
15	60	1	84.00000000	80.00000000
15	61	1	84.00000000	80.00000000
15	62	1	84.00000000	80.00000000
15	63	1	84.00000000	80.00000000
15	64	1	84.00000000	80.00000000
15	65	1	84.00000000	80.00000000
15	66	1	84.00000000	80.00000000
15	67	1	84.00000000	80.00000000
15	68	1	84.00000000	80.00000000
15	69	1	84.00000000	80.00000000
15	70	1	84.00000000	80.00000000
15	71	1	84.00000000	80.00000000
15	72	1	84.00000000	80.00000000
15	73	1	84.00000000	80.00000000
15	74	1	84.00000000	80.00000000
15	75	1	84.00000000	80.00000000
15	76	1	84.00000000	80.00000000
15	77	1	84.00000000	80.00000000
15	78	1	84.00000000	80.00000000
15	79	1	84.00000000	80.00000000
15	80	1	84.00000000	80.00000000
15	81	1	84.00000000	80.00000000
15	82	1	84.00000000	80.00000000
15	83	1	84.00000000	80.00000000
15	84	1	84.00000000	80.00000000
15	85	1	84.00000000	80.00000000
15	86	1	84.00000000	80.00000000
15	87	1	84.00000000	80.00000000
15	88	1	84.00000000	80.00000000
15	89	1	84.00000000	80.00000000
15	90	1	84.00000000	80.00000000
15	91	1	84.00000000	80.00000000
15	92	1	84.00000000	80.00000000
15	93	1	84.00000000	80.00000000
15	94	1	84.00000000	80.00000000
15	95	1	84.00000000	80.00000000
15	96	1	84.00000000	80.00000000
15	97	1	84.00000000	80.00000000
15	98	1	84.00000000	80.00000000
15	99	1	84.00000000	80.00000000
15	100	1	84.00000000	80.00000000
15	101	1	84.00000000	80.00000000
15	102	1	84.00000000	80.00000000
15	103	1	84.00000000	80.00000000
15	104	1	84.00000000	80.00000000
15	105	1	84.00000000	80.00000000
15	106	1	84.00000000	80.00000000
15	107	1	84.00000000	80.00000000
15	108	1	84.00000000	80.00000000
15	109	1	84.00000000	80.00000000
15	110	1	84.00000000	80.00000000
15	111	1	84.00000000	80.00000000
15	112	1	84.00000000	80.00000000
15	113	1	84.00000000	80.00000000
15	114	1	84.00000000	80.00000000
15	115	1	84.00000000	80.00000000
15	116	1	84.00000000	80.00000000
15	117	1	84.00000000	80.00000000
15	118	1	84.00000000	80.00000000
15	119	1	84.00000000	80.00000000
15	120	1	84.00000000	80.00000000
15	121	1	84.00000000	80.00000000
15	122	1	84.00000000	80.00000000
15	123	1	84.00000000	80.00000000
15	124	1	84.00000000	80.00000000
15	125	1	84.00000000	80.00000000
15	126	1	84.00000000	80.00000000
15	127	1	84.00000000	80.00000000
15	128	1	84.00000000	80.00000000
15	129	1	84.00000000	80.00000000
15	130	1	84.00000000	80.00000000
15	131	1	84.00000000	80.00000000
15	132	1	84.00000000	80.00000000
15	133	1	84.00000000	80.00000000
15	134	1	84.00000000	80.00000000
15	135	1	84.00000000	80.00000000
15	136	1	84.00000000	80.00000000
15	137	1	84.00000000	80.00000000
15	138	1	84.00000000	80.00000000
15	139	1	84.00000000	80.00000000
15	140	1	84.00000000	80.00000000
15	141	1	84.00000000	80.00000000
15	142	1	84.00000000	80.00000000
15	143	1	84.00000000	80.00000000
15	144	1	84.00000000	80.00000000
15	145	1	84.00000000	80.00000000
15	146	1	84.00000000	80.00000000
15	147	1	84.00000000	80.00000000
15	148	1	84.00000000	80.00000000
15	149	1	84.00000000	80.00000000
15	150	1	84.00000000	80.00000000
15	151	1	84.00000000	80.00000000
15	152	1	84.00000000	80.00000000
15	153	1	84.00000000	80.00000000
15	154	1	84.00000000	80.00000000
15	155	1	84.00000000	80.00000000
15	156	1	84.00000000	80.00000000
15	157	1	84.00000000	80.00000000
15	158	1	84.00000000	80.00000000
15	159	1	84.00000000	80.00000000
15	160	1	84.00000000	80.00000000
15	161	1	84.00000000	80.00000000
15	162	1	84.00000000	80.00000000
15	163	1	84.00000000	80.00000000
15	164	1	84.00000000	80.00000000
15	165	1	84.00000000	80.00000000
15	166	1	84.00000000	80.00000000
15	167	1	84.00000000	80.00000000
15	168	1	84.00000000	80.00000000
15	169	1	84.00000000	80.00000000
15	170	1	84.00000000	80.00000000
15	171	1	84.00000000	80.00000000
15	172	1	84.00000000	80.00000000
15	173	1	84.00000000	80.00000000
15	174	1	84.00000000	80.00000000
15	175	1	84.00000000	80.00000000
15	176	1	84.00000000	80.00000000
15	177	1	84.00000000	80.00000000
15	178	1	84.00000000	80.00000000
15	179	1	84.00000000	80.00000000
15	180	1	84.00000000	80.00000000
15	181	1	84.00000000	80.00000000
15	182	1	84.00000000	80.00000000
15	183	1	84.00000000	80.00000000
15	184	1	84.00000000	80.00000000
15	185	1	84.00000000	80.00000000
15	186	1	84.00000000	80.00000000
15	187	1	84.00000000	80.00000000
15	188	1	84.00000000	80.00000000
15	189	1	84.00000000	80.00000000
15	190	1	84.00000000	80.00000000
15	191	1	84.00000000	80.00000000
15	192	1	84.00000000	80.00000000
15	193	1	84.00000000	80.00000000
15	194	1	84.00000000	80.00000000
15	195	1	84.00000000	80.00000000
15	196	1	84.00000000	80.00000000
15	197	1	84.00000000	80.00000000
15	198	1	84.00000000	80.00000000
15	199	1	84.00000000	80.00000000
15	200	1	84.00000000	80.00000000
15	201	1	84.00000000	80.00000000
15	202	1	84.00000000	80.00000000
15	203	1	84.00000000	80.00000000
15	204	1	84.00000000	80.00000000
15	205	1	84.00000000	80.00000000
15	206	1	84.00000000	80.00000000
15	207	1	84.00000000	80.00000000
15	208	1	84.00000000	80.00000000
15	209	1	84.00000000	80.00000000
15	210	1	84.00000000	80.00000000
15	211	1	84.00000000	80.00000000
15	212	1	84.00000000	80.00000000
15	213	1	84.00000000	80.00000000
16	0	1	84.00000000	80.00000000
16	1	1	84.00000000	80.00000000
16	2	1	84.00000000	80.00000000
16	3	1	84.00000000	80.00000000
16	4	1	84.00000000	80.00000000
16	5	1	84.00000000	80.00000000
16	6	1	84.00000000	80.00000000
16	7	1	84.00000000	80.00000000
16	8	1	84.00000000	80.00000000
16	9	1	84.00000000	80.00000000
16	10	1	84.00000000	80.00000000
16	11	1	84.00000000	80.00000000
16	12	1	84.00000000	80.00000000
16	13	1	84.00000000	80.00000000
16	14	1	84.00000000	80.00000000
16	15	1	84.00000000	80.00000000
16	16	1	84.00000000	80.00000000
16	17	1	84.00000000	80.00000000
16	18	1	84.00000000	80.00000000
16	19	1	84.00000000	80.00000000
16	20	1	84.00000000	80.00000000
16	21	1	84.00000000	80.00000000
16	22	1	84.00000000	80.00000000
16	23	1	84.00000000	80.00000000
16	24	1	84.00000000	80.00000000
16	25	1	84.00000000	80.00000000
16	26	1	84.00000000	80.00000000
16	27	1	84.00000000	80.00000000
16	28	1	84.00000000	80.00000000
16	29	1	84.00000000	80.00000000
16	30	1	84.00000000	80.00000000
16	31	1	84.00000000	80.00000000
16	32	1	84.00000000	80.00000000
16	33	1	84.00000000	80.00000000
16	34	1	84.00000000	80.00000000
16	35	1	84.00000000	80.00000000
16	36	1	84.00000000	80.00000000
16	37	1	84.00000000	80.00000000
16	38	1	84.00000000	80.00000000
16	39	1	84.00000000	80.00000000
16	40	1	84.00000000	80.00000000
16	41	1	84.00000000	80.00000000
16	42	1	84.00000000	80.00000000
16	43	1	84.00000000	80.00000000
16	44	1	84.00000000	80.00000000
16	45	1	84.00000000	80.00000000
16	46	1	84.00000000	80.00000000
16	47	1	84.00000000	80.00000000
16	48	1	84.00000000	80.00000000
16	49	1	84.00000000	80.00000000
16	50	1	84.00000000	80.00000000
16	51	1	84.00000000	80.00000000
16	52	1	84.00000000	80.00000000
16	53	1	84.00000000	80.00000000
16	54	1	84.00000000	80.00000000
16	55	1	84.00000000	80.00000000
16	56	1	84.00000000	80.00000000
16	57	1	84.00000000	80.00000000
16	58	1	84.00000000	80.00000000
16	59	1	84.00000000	80.00000000
16	60	1	84.00000000	80.00000000
16	61	1	84.00000000	80.00000000
16	62	1	84.00000000	80.00000000
16	63	1	84.00000000	80.00000000
16	64	1	84.00000000	80.00000000
16	65	1	84.00000000	80.00000000
16	66	1	84.00000000	80.00000000
16	67	1	84.00000000	80.00000000
16	68	1	84.00000000	80.00000000
16	69	1	84.00000000	80.00000000
16	70	1	84.00000000	80.00000000
16	71	1	84.00000000	80.00000000
16	72	1	84.00000000	80.00000000
16	73	1	84.00000000	80.00000000
16	74	1	84.00000000	80.00000000
16	75	1	84.00000000	80.00000000
16	76	1	84.00000000	80.00000000
16	77	1	84.00000000	80.00000000
16	78	1	84.00000000	80.00000000
16	79	1	84.00000000	80.00000000
16	80	1	84.00000000	80.00000000
16	81	1	84.00000000	80.00000000
16	82	1	84.00000000	80.00000000
16	83	1	84.00000000	80.00000000
16	84	1	84.00000000	80.00000000
16	85	1	84.00000000	80.00000000
16	86	1	84.00000000	80.00000000
16	87	1	84.00000000	80.00000000
16	88	1	84.00000000	80.00000000
16	89	1	84.00000000	80.00000000
16	90	1	84.00000000	80.00000000
16	91	1	84.00000000	80.00000000
16	92	1	84.00000000	80.00000000
16	93	1	84.00000000	80.00000000
16	94	1	84.00000000	80.00000000
16	95	1	84.00000000	80.00000000
16	96	1	84.00000000	80.00000000
16	97	1	84.00000000	80.00000000
16	98	1	84.00000000	80.00000000
16	99	1	84.00000000	80.00000000
16	100	1	84.00000000	80.00000000
16	101	1	84.00000000	80.00000000
16	102	1	84.00000000	80.00000000
16	103	1	84.00000000	80.00000000
16	104	1	84.00000000	80.00000000
16	105	1	84.00000000	80.00000000
16	106	1	84.00000000	80.00000000
16	107	1	84.00000000	80.00000000
16	108	1	84.00000000	80.00000000
16	109	1	84.00000000	80.00000000
16	110	1	84.00000000	80.00000000
16	111	1	84.00000000	80.00000000
16	112	1	84.00000000	80.00000000
16	113	1	84.00000000	80.00000000
16	114	1	84.00000000	80.00000000
16	115	1	84.00000000	80.00000000
16	116	1	84.00000000	80.00000000
16	117	1	84.00000000	80.00000000
16	118	1	84.00000000	80.00000000
16	119	1	84.00000000	80.00000000
16	120	1	84.00000000	80.00000000
16	121	1	84.00000000	80.00000000
16	122	1	84.00000000	80.00000000
16	123	1	84.00000000	80.00000000
16	124	1	84.00000000	80.00000000
16	125	1	84.00000000	80.00000000
16	126	1	84.00000000	80.00000000
16	127	1	84.00000000	80.00000000
16	128	1	84.00000000	80.00000000
16	129	1	84.00000000	80.00000000
16	130	1	84.00000000	80.00000000
16	131	1	84.00000000	80.00000000
16	132	1	84.00000000	80.00000000
16	133	1	84.00000000	80.00000000
16	134	1	84.00000000	80.00000000
16	135	1	84.00000000	80.00000000
16	136	1	84.00000000	80.00000000
16	137	1	84.00000000	80.00000000
16	138	1	84.00000000	80.00000000
16	139	1	84.00000000	80.00000000
16	140	1	84.00000000	80.00000000
16	141	1	84.00000000	80.00000000
16	142	1	84.00000000	80.00000000
16	143	1	84.00000000	80.00000000
16	144	1	84.00000000	80.00000000
16	145	1	84.00000000	80.00000000
16	146	1	84.00000000	80.00000000
16	147	1	84.00000000	80.00000000
16	148	1	84.00000000	80.00000000
16	149	1	84.00000000	80.00000000
16	150	1	84.00000000	80.00000000
16	151	1	84.00000000	80.00000000
16	152	1	84.00000000	80.00000000
16	153	1	84.00000000	80.00000000
16	154	1	84.00000000	80.00000000
16	155	1	84.00000000	80.00000000
16	156	1	84.00000000	80.00000000
16	157	1	84.00000000	80.00000000
16	158	1	84.00000000	80.00000000
16	159	1	84.00000000	80.00000000
16	160	1	84.00000000	80.00000000
16	161	1	84.00000000	80.00000000
16	162	1	84.00000000	80.00000000
16	163	1	84.00000000	80.00000000
16	164	1	84.00000000	80.00000000
16	165	1	84.00000000	80.00000000
16	166	1	84.00000000	80.00000000
16	167	1	84.00000000	80.00000000
16	168	1	84.00000000	80.00000000
16	169	1	84.00000000	80.00000000
16	170	1	84.00000000	80.00000000
16	171	1	84.00000000	80.00000000
16	172	1	84.00000000	80.00000000
16	173	1	84.00000000	80.00000000
16	174	1	84.00000000	80.00000000
16	175	1	84.00000000	80.00000000
16	176	1	84.00000000	80.00000000
16	177	1	84.00000000	80.00000000
16	178	1	84.00000000	80.00000000
16	179	1	84.00000000	80.00000000
16	180	1	84.00000000	80.00000000
16	181	1	84.00000000	80.00000000
16	182	1	84.00000000	80.00000000
16	183	1	84.00000000	80.00000000
16	184	1	84.00000000	80.00000000
16	185	1	84.00000000	80.00000000
16	186	1	84.00000000	80.00000000
16	187	1	84.00000000	80.00000000
16	188	1	84.00000000	80.00000000
16	189	1	84.00000000	80.00000000
16	190	1	84.00000000	80.00000000
16	191	1	84.00000000	80.00000000
16	192	1	84.00000000	80.00000000
16	193	1	84.00000000	80.00000000
16	194	1	84.00000000	80.00000000
16	195	1	84.00000000	80.00000000
16	196	1	84.00000000	80.00000000
16	197	1	84.00000000	80.00000000
16	198	1	84.00000000	80.00000000
16	199	1	84.00000000	80.00000000
16	200	1	84.00000000	80.00000000
16	201	1	84.00000000	80.00000000
16	202	1	84.00000000	80.00000000
16	203	1	84.00000000	80.00000000
16	204	1	84.00000000	80.00000000
16	205	1	84.00000000	80.00000000
16	206	1	84.00000000	80.00000000
16	207	1	84.00000000	80.00000000
16	208	1	84.00000000	80.00000000
16	209	1	84.00000000	80.00000000
16	210	1	84.00000000	80.00000000
16	211	1	84.00000000	80.00000000
16	212	1	84.00000000	80.00000000
16	213	1	84.00000000	80.00000000
16	214	1	84.00000000	80.00000000
16	215	1	84.00000000	80.00000000
16	216	1	84.00000000	80.00000000
16	217	1	84.00000000	80.00000000
16	218	1	84.00000000	80.00000000
16	219	1	84.00000000	80.00000000
17	0	1	84.00000000	80.00000000
17	1	1	84.00000000	80.00000000
17	2	1	84.00000000	80.00000000
17	3	1	84.00000000	80.00000000
17	4	1	84.00000000	80.00000000
17	5	1	84.00000000	80.00000000
17	6	1	84.00000000	80.00000000
17	7	1	84.00000000	80.00000000
17	8	1	84.00000000	80.00000000
17	9	1	84.00000000	80.00000000
17	10	1	84.00000000	80.00000000
17	11	1	84.00000000	80.00000000
17	12	1	84.00000000	80.00000000
17	13	1	84.00000000	80.00000000
17	14	1	84.00000000	80.00000000
17	15	1	84.00000000	80.00000000
17	16	1	84.00000000	80.00000000
17	17	1	84.00000000	80.00000000
17	18	1	84.00000000	80.00000000
17	19	1	84.00000000	80.00000000
17	20	1	84.00000000	80.00000000
17	21	1	84.00000000	80.00000000
17	22	1	84.00000000	80.00000000
17	23	1	84.00000000	80.00000000
17	24	1	84.00000000	80.00000000
17	25	1	84.00000000	80.00000000
17	26	1	84.00000000	80.00000000
17	27	1	84.00000000	80.00000000
17	28	1	84.00000000	80.00000000
17	29	1	84.00000000	80.00000000
17	30	1	84.00000000	80.00000000
17	31	1	84.00000000	80.00000000
17	32	1	84.00000000	80.00000000
17	33	1	84.00000000	80.00000000
17	34	1	84.00000000	80.00000000
17	35	1	84.00000000	80.00000000
17	36	1	84.00000000	80.00000000
17	37	1	84.00000000	80.00000000
17	38	1	84.00000000	80.00000000
17	39	1	84.00000000	80.00000000
17	40	1	84.00000000	80.00000000
17	41	1	84.00000000	80.00000000
17	42	1	84.00000000	80.00000000
17	43	1	84.00000000	80.00000000
17	44	1	84.00000000	80.00000000
17	45	1	84.00000000	80.00000000
17	46	1	84.00000000	80.00000000
17	47	1	84.00000000	80.00000000
17	48	1	84.00000000	80.00000000
17	49	1	84.00000000	80.00000000
17	50	1	84.00000000	80.00000000
17	51	1	84.00000000	80.00000000
17	52	1	84.00000000	80.00000000
17	53	1	84.00000000	80.00000000
17	54	1	84.00000000	80.00000000
17	55	1	84.00000000	80.00000000
17	56	1	84.00000000	80.00000000
17	57	1	84.00000000	80.00000000
17	58	1	84.00000000	80.00000000
17	59	1	84.00000000	80.00000000
17	60	1	84.00000000	80.00000000
17	61	1	84.00000000	80.00000000
17	62	1	84.00000000	80.00000000
17	63	1	84.00000000	80.00000000
17	64	1	84.00000000	80.00000000
17	65	1	84.00000000	80.00000000
17	66	1	84.00000000	80.00000000
17	67	1	84.00000000	80.00000000
17	68	1	84.00000000	80.00000000
17	69	1	84.00000000	80.00000000
17	70	1	84.00000000	80.00000000
17	71	1	84.00000000	80.00000000
17	72	1	84.00000000	80.00000000
17	73	1	84.00000000	80.00000000
17	74	1	84.00000000	80.00000000
17	75	1	84.00000000	80.00000000
17	76	1	84.00000000	80.00000000
17	77	1	84.00000000	80.00000000
17	78	1	84.00000000	80.00000000
17	79	1	84.00000000	80.00000000
17	80	1	84.00000000	80.00000000
17	81	1	84.00000000	80.00000000
17	82	1	84.00000000	80.00000000
17	83	1	84.00000000	80.00000000
17	84	1	84.00000000	80.00000000
17	85	1	84.00000000	80.00000000
17	86	1	84.00000000	80.00000000
17	87	1	84.00000000	80.00000000
17	88	1	84.00000000	80.00000000
17	89	1	84.00000000	80.00000000
17	90	1	84.00000000	80.00000000
17	91	1	84.00000000	80.00000000
17	92	1	84.00000000	80.00000000
17	93	1	84.00000000	80.00000000
17	94	1	84.00000000	80.00000000
17	95	1	84.00000000	80.00000000
17	96	1	84.00000000	80.00000000
17	97	1	84.00000000	80.00000000
17	98	1	84.00000000	80.00000000
17	99	1	84.00000000	80.00000000
17	100	1	84.00000000	80.00000000
17	101	1	84.00000000	80.00000000
17	102	1	84.00000000	80.00000000
17	103	1	84.00000000	80.00000000
17	104	1	84.00000000	80.00000000
17	105	1	84.00000000	80.00000000
17	106	1	84.00000000	80.00000000
17	107	1	84.00000000	80.00000000
17	108	1	84.00000000	80.00000000
17	109	1	84.00000000	80.00000000
17	110	1	84.00000000	80.00000000
17	111	1	84.00000000	80.00000000
17	112	1	84.00000000	80.00000000
17	113	1	84.00000000	80.00000000
17	114	1	84.00000000	80.00000000
17	115	1	84.00000000	80.00000000
17	116	1	84.00000000	80.00000000
17	117	1	84.00000000	80.00000000
17	118	1	84.00000000	80.00000000
17	119	1	84.00000000	80.00000000
17	120	1	84.00000000	80.00000000
17	121	1	84.00000000	80.00000000
17	122	1	84.00000000	80.00000000
17	123	1	84.00000000	80.00000000
17	124	1	84.00000000	80.00000000
17	125	1	84.00000000	80.00000000
17	126	1	84.00000000	80.00000000
17	127	1	84.00000000	80.00000000
17	128	1	84.00000000	80.00000000
17	129	1	84.00000000	80.00000000
17	130	1	84.00000000	80.00000000
17	131	1	84.00000000	80.00000000
17	132	1	84.00000000	80.00000000
17	133	1	84.00000000	80.00000000
17	134	1	84.00000000	80.00000000
17	135	1	84.00000000	80.00000000
17	136	1	84.00000000	80.00000000
17	137	1	84.00000000	80.00000000
17	138	1	84.00000000	80.00000000
17	139	1	84.00000000	80.00000000
17	140	1	84.00000000	80.00000000
17	141	1	84.00000000	80.00000000
17	142	1	84.00000000	80.00000000
17	143	1	84.00000000	80.00000000
17	144	1	84.00000000	80.00000000
17	145	1	84.00000000	80.00000000
17	146	1	84.00000000	80.00000000
17	147	1	84.00000000	80.00000000
17	148	1	84.00000000	80.00000000
17	149	1	84.00000000	80.00000000
17	150	1	84.00000000	80.00000000
17	151	1	84.00000000	80.00000000
17	152	1	84.00000000	80.00000000
17	153	1	84.00000000	80.00000000
17	154	1	84.00000000	80.00000000
17	155	1	84.00000000	80.00000000
17	156	1	84.00000000	80.00000000
17	157	1	84.00000000	80.00000000
17	158	1	84.00000000	80.00000000
17	159	1	84.00000000	80.00000000
17	160	1	84.00000000	80.00000000
17	161	1	84.00000000	80.00000000
17	162	1	84.00000000	80.00000000
17	163	1	84.00000000	80.00000000
17	164	1	84.00000000	80.00000000
17	165	1	84.00000000	80.00000000
17	166	1	84.00000000	80.00000000
17	167	1	84.00000000	80.00000000
17	168	1	84.00000000	80.00000000
17	169	1	84.00000000	80.00000000
17	170	1	84.00000000	80.00000000
17	171	1	84.00000000	80.00000000
17	172	1	84.00000000	80.00000000
17	173	1	84.00000000	80.00000000
17	174	1	84.00000000	80.00000000
17	175	1	84.00000000	80.00000000
17	176	1	84.00000000	80.00000000
17	177	1	84.00000000	80.00000000
17	178	1	84.00000000	80.00000000
17	179	1	84.00000000	80.00000000
17	180	1	84.00000000	80.00000000
17	181	1	84.00000000	80.00000000
17	182	1	84.00000000	80.00000000
17	183	1	84.00000000	80.00000000
17	184	1	84.00000000	80.00000000
17	185	1	84.00000000	80.00000000
17	186	1	84.00000000	80.00000000
17	187	1	84.00000000	80.00000000
17	188	1	84.00000000	80.00000000
17	189	1	84.00000000	80.00000000
17	190	1	84.00000000	80.00000000
17	191	1	84.00000000	80.00000000
17	192	1	84.00000000	80.00000000
17	193	1	84.00000000	80.00000000
17	194	1	84.00000000	80.00000000
17	195	1	84.00000000	80.00000000
17	196	1	84.00000000	80.00000000
17	197	1	84.00000000	80.00000000
17	198	1	84.00000000	80.00000000
17	199	1	84.00000000	80.00000000
17	200	1	84.00000000	80.00000000
17	201	1	84.00000000	80.00000000
17	202	1	84.00000000	80.00000000
17	203	1	84.00000000	80.00000000
17	204	1	84.00000000	80.00000000
17	205	1	84.00000000	80.00000000
17	206	1	84.00000000	80.00000000
17	207	1	84.00000000	80.00000000
17	208	1	84.00000000	80.00000000
17	209	1	84.00000000	80.00000000
17	210	1	84.00000000	80.00000000
17	211	1	84.00000000	80.00000000
17	212	1	84.00000000	80.00000000
17	213	1	84.00000000	80.00000000
17	214	1	84.00000000	80.00000000
17	215	1	84.00000000	80.00000000
17	216	1	84.00000000	80.00000000
17	217	1	84.00000000	80.00000000
17	218	1	84.00000000	80.00000000
17	219	1	84.00000000	80.00000000
17	220	1	84.00000000	80.00000000
17	221	1	84.00000000	80.00000000
17	222	1	84.00000000	80.00000000
17	223	1	84.00000000	80.00000000
18	0	1	84.00000000	80.00000000
18	1	1	84.00000000	80.00000000
18	2	1	84.00000000	80.00000000
18	3	1	84.00000000	80.00000000
18	4	1	84.00000000	80.00000000
18	5	1	84.00000000	80.00000000
18	6	1	84.00000000	80.00000000
18	7	1	84.00000000	80.00000000
18	8	1	84.00000000	80.00000000
18	9	1	84.00000000	80.00000000
18	10	1	84.00000000	80.00000000
18	11	1	84.00000000	80.00000000
18	12	1	84.00000000	80.00000000
18	13	1	84.00000000	80.00000000
18	14	1	84.00000000	80.00000000
18	15	1	84.00000000	80.00000000
18	16	1	84.00000000	80.00000000
18	17	1	84.00000000	80.00000000
18	18	1	84.00000000	80.00000000
18	19	1	84.00000000	80.00000000
18	20	1	84.00000000	80.00000000
18	21	1	84.00000000	80.00000000
18	22	1	84.00000000	80.00000000
18	23	1	84.00000000	80.00000000
18	24	1	84.00000000	80.00000000
18	25	1	84.00000000	80.00000000
18	26	1	84.00000000	80.00000000
18	27	1	84.00000000	80.00000000
18	28	1	84.00000000	80.00000000
18	29	1	84.00000000	80.00000000
18	30	1	84.00000000	80.00000000
18	31	1	84.00000000	80.00000000
18	32	1	84.00000000	80.00000000
18	33	1	84.00000000	80.00000000
18	34	1	84.00000000	80.00000000
18	35	1	84.00000000	80.00000000
18	36	1	84.00000000	80.00000000
18	37	1	84.00000000	80.00000000
18	38	1	84.00000000	80.00000000
18	39	1	84.00000000	80.00000000
18	40	1	84.00000000	80.00000000
18	41	1	84.00000000	80.00000000
18	42	1	84.00000000	80.00000000
18	43	1	84.00000000	80.00000000
18	44	1	84.00000000	80.00000000
18	45	1	84.00000000	80.00000000
18	46	1	84.00000000	80.00000000
18	47	1	84.00000000	80.00000000
18	48	1	84.00000000	80.00000000
18	49	1	84.00000000	80.00000000
18	50	1	84.00000000	80.00000000
18	51	1	84.00000000	80.00000000
18	52	1	84.00000000	80.00000000
18	53	1	84.00000000	80.00000000
18	54	1	84.00000000	80.00000000
18	55	1	84.00000000	80.00000000
18	56	1	84.00000000	80.00000000
18	57	1	84.00000000	80.00000000
18	58	1	84.00000000	80.00000000
18	59	1	84.00000000	80.00000000
18	60	1	84.00000000	80.00000000
18	61	1	84.00000000	80.00000000
18	62	1	84.00000000	80.00000000
18	63	1	84.00000000	80.00000000
18	64	1	84.00000000	80.00000000
18	65	1	84.00000000	80.00000000
18	66	1	84.00000000	80.00000000
18	67	1	84.00000000	80.00000000
18	68	1	84.00000000	80.00000000
18	69	1	84.00000000	80.00000000
18	70	1	84.00000000	80.00000000
18	71	1	84.00000000	80.00000000
18	72	1	84.00000000	80.00000000
18	73	1	84.00000000	80.00000000
18	74	1	84.00000000	80.00000000
18	75	1	84.00000000	80.00000000
18	76	1	84.00000000	80.00000000
18	77	1	84.00000000	80.00000000
18	78	1	84.00000000	80.00000000
18	79	1	84.00000000	80.00000000
18	80	1	84.00000000	80.00000000
18	81	1	84.00000000	80.00000000
18	82	1	84.00000000	80.00000000
18	83	1	84.00000000	80.00000000
18	84	1	84.00000000	80.00000000
18	85	1	84.00000000	80.00000000
18	86	1	84.00000000	80.00000000
18	87	1	84.00000000	80.00000000
18	88	1	84.00000000	80.00000000
18	89	1	84.00000000	80.00000000
18	90	1	84.00000000	80.00000000
18	91	1	84.00000000	80.00000000
18	92	1	84.00000000	80.00000000
18	93	1	84.00000000	80.00000000
18	94	1	84.00000000	80.00000000
18	95	1	84.00000000	80.00000000
18	96	1	84.00000000	80.00000000
18	97	1	84.00000000	80.00000000
18	98	1	84.00000000	80.00000000
18	99	1	84.00000000	80.00000000
18	100	1	84.00000000	80.00000000
18	101	1	84.00000000	80.00000000
18	102	1	84.00000000	80.00000000
18	103	1	84.00000000	80.00000000
18	104	1	84.00000000	80.00000000
18	105	1	84.00000000	80.00000000
18	106	1	84.00000000	80.00000000
18	107	1	84.00000000	80.00000000
18	108	1	84.00000000	80.00000000
18	109	1	84.00000000	80.00000000
18	110	1	84.00000000	80.00000000
18	111	1	84.00000000	80.00000000
18	112	1	84.00000000	80.00000000
18	113	1	84.00000000	80.00000000
18	114	1	84.00000000	80.00000000
18	115	1	84.00000000	80.00000000
18	116	1	84.00000000	80.00000000
18	117	1	84.00000000	80.00000000
18	118	1	84.00000000	80.00000000
18	119	1	84.00000000	80.00000000
18	120	1	84.00000000	80.00000000
18	121	1	84.00000000	80.00000000
18	122	1	84.00000000	80.00000000
18	123	1	84.00000000	80.00000000
18	124	1	84.00000000	80.00000000
18	125	1	84.00000000	80.00000000
18	126	1	84.00000000	80.00000000
18	127	1	84.00000000	80.00000000
18	128	1	84.00000000	80.00000000
18	129	1	84.00000000	80.00000000
18	130	1	84.00000000	80.00000000
18	131	1	84.00000000	80.00000000
18	132	1	84.00000000	80.00000000
18	133	1	84.00000000	80.00000000
18	134	1	84.00000000	80.00000000
18	135	1	84.00000000	80.00000000
18	136	1	84.00000000	80.00000000
18	137	1	84.00000000	80.00000000
18	138	1	84.00000000	80.00000000
18	139	1	84.00000000	80.00000000
18	140	1	84.00000000	80.00000000
18	141	1	84.00000000	80.00000000
18	142	1	84.00000000	80.00000000
18	143	1	84.00000000	80.00000000
18	144	1	84.00000000	80.00000000
18	145	1	84.00000000	80.00000000
18	146	1	84.00000000	80.00000000
18	147	1	84.00000000	80.00000000
18	148	1	84.00000000	80.00000000
18	149	1	84.00000000	80.00000000
18	150	1	84.00000000	80.00000000
18	151	1	84.00000000	80.00000000
18	152	1	84.00000000	80.00000000
18	153	1	84.00000000	80.00000000
18	154	1	84.00000000	80.00000000
18	155	1	84.00000000	80.00000000
18	156	1	84.00000000	80.00000000
18	157	1	84.00000000	80.00000000
18	158	1	84.00000000	80.00000000
18	159	1	84.00000000	80.00000000
18	160	1	84.00000000	80.00000000
18	161	1	84.00000000	80.00000000
18	162	1	84.00000000	80.00000000
18	163	1	84.00000000	80.00000000
18	164	1	84.00000000	80.00000000
18	165	1	84.00000000	80.00000000
18	166	1	84.00000000	80.00000000
18	167	1	84.00000000	80.00000000
18	168	1	84.00000000	80.00000000
18	169	1	84.00000000	80.00000000
18	170	1	84.00000000	80.00000000
18	171	1	84.00000000	80.00000000
18	172	1	84.00000000	80.00000000
18	173	1	84.00000000	80.00000000
18	174	1	84.00000000	80.00000000
18	175	1	84.00000000	80.00000000
18	176	1	84.00000000	80.00000000
18	177	1	84.00000000	80.00000000
18	178	1	84.00000000	80.00000000
18	179	1	84.00000000	80.00000000
18	180	1	84.00000000	80.00000000
18	181	1	84.00000000	80.00000000
18	182	1	84.00000000	80.00000000
18	183	1	84.00000000	80.00000000
18	184	1	84.00000000	80.00000000
18	185	1	84.00000000	80.00000000
18	186	1	84.00000000	80.00000000
18	187	1	84.00000000	80.00000000
18	188	1	84.00000000	80.00000000
18	189	1	84.00000000	80.00000000
18	190	1	84.00000000	80.00000000
18	191	1	84.00000000	80.00000000
18	192	1	84.00000000	80.00000000
18	193	1	84.00000000	80.00000000
18	194	1	84.00000000	80.00000000
18	195	1	84.00000000	80.00000000
18	196	1	84.00000000	80.00000000
18	197	1	84.00000000	80.00000000
18	198	1	84.00000000	80.00000000
18	199	1	84.00000000	80.00000000
18	200	1	84.00000000	80.00000000
18	201	1	84.00000000	80.00000000
18	202	1	84.00000000	80.00000000
18	203	1	84.00000000	80.00000000
18	204	1	84.00000000	80.00000000
18	205	1	84.00000000	80.00000000
18	206	1	84.00000000	80.00000000
18	207	1	84.00000000	80.00000000
18	208	1	84.00000000	80.00000000
18	209	1	84.00000000	80.00000000
18	210	1	84.00000000	80.00000000
18	211	1	84.00000000	80.00000000
18	212	1	84.00000000	80.00000000
18	213	1	84.00000000	80.00000000
18	214	1	84.00000000	80.00000000
18	215	1	84.00000000	80.00000000
18	216	1	84.00000000	80.00000000
18	217	1	84.00000000	80.00000000
18	218	1	84.00000000	80.00000000
18	219	1	84.00000000	80.00000000
18	220	1	84.00000000	80.00000000
18	221	1	84.00000000	80.00000000
18	222	1	84.00000000	80.00000000
18	223	1	84.00000000	80.00000000
18	224	1	84.00000000	80.00000000
18	225	1	84.00000000	80.00000000
18	226	1	84.00000000	80.00000000
18	227	1	84.00000000	80.00000000
18	228	1	84.00000000	80.00000000
18	229	1	84.00000000	80.00000000
18	230	1	84.00000000	80.00000000
18	231	1	84.00000000	80.00000000
19	0	1	84.00000000	80.00000000
19	1	1	84.00000000	80.00000000
19	2	1	84.00000000	80.00000000
19	3	1	84.00000000	80.00000000
19	4	1	84.00000000	80.00000000
19	5	1	84.00000000	80.00000000
19	6	1	84.00000000	80.00000000
19	7	1	84.00000000	80.00000000
19	8	1	84.00000000	80.00000000
19	9	1	84.00000000	80.00000000
19	10	1	84.00000000	80.00000000
19	11	1	84.00000000	80.00000000
19	12	1	84.00000000	80.00000000
19	13	1	84.00000000	80.00000000
19	14	1	84.00000000	80.00000000
19	15	1	84.00000000	80.00000000
19	16	1	84.00000000	80.00000000
19	17	1	84.00000000	80.00000000
19	18	1	84.00000000	80.00000000
19	19	1	84.00000000	80.00000000
19	20	1	84.00000000	80.00000000
19	21	1	84.00000000	80.00000000
19	22	1	84.00000000	80.00000000
19	23	1	84.00000000	80.00000000
19	24	1	84.00000000	80.00000000
19	25	1	84.00000000	80.00000000
19	26	1	84.00000000	80.00000000
19	27	1	84.00000000	80.00000000
19	28	1	84.00000000	80.00000000
19	29	1	84.00000000	80.00000000
19	30	1	84.00000000	80.00000000
19	31	1	84.00000000	80.00000000
19	32	1	84.00000000	80.00000000
19	33	1	84.00000000	80.00000000
19	34	1	84.00000000	80.00000000
19	35	1	84.00000000	80.00000000
19	36	1	84.00000000	80.00000000
19	37	1	84.00000000	80.00000000
19	38	1	84.00000000	80.00000000
19	39	1	84.00000000	80.00000000
19	40	1	84.00000000	80.00000000
19	41	1	84.00000000	80.00000000
19	42	1	84.00000000	80.00000000
19	43	1	84.00000000	80.00000000
19	44	1	84.00000000	80.00000000
19	45	1	84.00000000	80.00000000
19	46	1	84.00000000	80.00000000
19	47	1	84.00000000	80.00000000
19	48	1	84.00000000	80.00000000
19	49	1	84.00000000	80.00000000
19	50	1	84.00000000	80.00000000
19	51	1	84.00000000	80.00000000
19	52	1	84.00000000	80.00000000
19	53	1	84.00000000	80.00000000
19	54	1	84.00000000	80.00000000
19	55	1	84.00000000	80.00000000
19	56	1	84.00000000	80.00000000
19	57	1	84.00000000	80.00000000
19	58	1	84.00000000	80.00000000
19	59	1	84.00000000	80.00000000
19	60	1	84.00000000	80.00000000
19	61	1	84.00000000	80.00000000
19	62	1	84.00000000	80.00000000
19	63	1	84.00000000	80.00000000
19	64	1	84.00000000	80.00000000
19	65	1	84.00000000	80.00000000
19	66	1	84.00000000	80.00000000
19	67	1	84.00000000	80.00000000
19	68	1	84.00000000	80.00000000
19	69	1	84.00000000	80.00000000
19	70	1	84.00000000	80.00000000
19	71	1	84.00000000	80.00000000
19	72	1	84.00000000	80.00000000
19	73	1	84.00000000	80.00000000
19	74	1	84.00000000	80.00000000
19	75	1	84.00000000	80.00000000
19	76	1	84.00000000	80.00000000
19	77	1	84.00000000	80.00000000
19	78	1	84.00000000	80.00000000
19	79	1	84.00000000	80.00000000
19	80	1	84.00000000	80.00000000
19	81	1	84.00000000	80.00000000
19	82	1	84.00000000	80.00000000
19	83	1	84.00000000	80.00000000
19	84	1	84.00000000	80.00000000
19	85	1	84.00000000	80.00000000
19	86	1	84.00000000	80.00000000
19	87	1	84.00000000	80.00000000
19	88	1	84.00000000	80.00000000
19	89	1	84.00000000	80.00000000
19	90	1	84.00000000	80.00000000
19	91	1	84.00000000	80.00000000
19	92	1	84.00000000	80.00000000
19	93	1	84.00000000	80.00000000
19	94	1	84.00000000	80.00000000
19	95	1	84.00000000	80.00000000
19	96	1	84.00000000	80.00000000
19	97	1	84.00000000	80.00000000
19	98	1	84.00000000	80.00000000
19	99	1	84.00000000	80.00000000
19	100	1	84.00000000	80.00000000
19	101	1	84.00000000	80.00000000
19	102	1	84.00000000	80.00000000
19	103	1	84.00000000	80.00000000
19	104	1	84.00000000	80.00000000
19	105	1	84.00000000	80.00000000
19	106	1	84.00000000	80.00000000
19	107	1	84.00000000	80.00000000
19	108	1	84.00000000	80.00000000
19	109	1	84.00000000	80.00000000
19	110	1	84.00000000	80.00000000
19	111	1	84.00000000	80.00000000
19	112	1	84.00000000	80.00000000
19	113	1	84.00000000	80.00000000
19	114	1	84.00000000	80.00000000
19	115	1	84.00000000	80.00000000
19	116	1	84.00000000	80.00000000
19	117	1	84.00000000	80.00000000
19	118	1	84.00000000	80.00000000
19	119	1	84.00000000	80.00000000
19	120	1	84.00000000	80.00000000
19	121	1	84.00000000	80.00000000
19	122	1	84.00000000	80.00000000
19	123	1	84.00000000	80.00000000
19	124	1	84.00000000	80.00000000
19	125	1	84.00000000	80.00000000
19	126	1	84.00000000	80.00000000
19	127	1	84.00000000	80.00000000
19	128	1	84.00000000	80.00000000
19	129	1	84.00000000	80.00000000
19	130	1	84.00000000	80.00000000
19	131	1	84.00000000	80.00000000
19	132	1	84.00000000	80.00000000
19	133	1	84.00000000	80.00000000
19	134	1	84.00000000	80.00000000
19	135	1	84.00000000	80.00000000
19	136	1	84.00000000	80.00000000
19	137	1	84.00000000	80.00000000
19	138	1	84.00000000	80.00000000
19	139	1	84.00000000	80.00000000
19	140	1	84.00000000	80.00000000
19	141	1	84.00000000	80.00000000
19	142	1	84.00000000	80.00000000
19	143	1	84.00000000	80.00000000
19	144	1	84.00000000	80.00000000
19	145	1	84.00000000	80.00000000
19	146	1	84.00000000	80.00000000
19	147	1	84.00000000	80.00000000
19	148	1	84.00000000	80.00000000
19	149	1	84.00000000	80.00000000
19	150	1	84.00000000	80.00000000
19	151	1	84.00000000	80.00000000
19	152	1	84.00000000	80.00000000
19	153	1	84.00000000	80.00000000
19	154	1	84.00000000	80.00000000
19	155	1	84.00000000	80.00000000
19	156	1	84.00000000	80.00000000
19	157	1	84.00000000	80.00000000
19	158	1	84.00000000	80.00000000
19	159	1	84.00000000	80.00000000
19	160	1	84.00000000	80.00000000
19	161	1	84.00000000	80.00000000
19	162	1	84.00000000	80.00000000
19	163	1	84.00000000	80.00000000
19	164	1	84.00000000	80.00000000
19	165	1	84.00000000	80.00000000
19	166	1	84.00000000	80.00000000
19	167	1	84.00000000	80.00000000
19	168	1	84.00000000	80.00000000
19	169	1	84.00000000	80.00000000
19	170	1	84.00000000	80.00000000
19	171	1	84.00000000	80.00000000
19	172	1	84.00000000	80.00000000
19	173	1	84.00000000	80.00000000
19	174	1	84.00000000	80.00000000
19	175	1	84.00000000	80.00000000
19	176	1	84.00000000	80.00000000
19	177	1	84.00000000	80.00000000
19	178	1	84.00000000	80.00000000
19	179	1	84.00000000	80.00000000
19	180	1	84.00000000	80.00000000
19	181	1	84.00000000	80.00000000
19	182	1	84.00000000	80.00000000
19	183	1	84.00000000	80.00000000
19	184	1	84.00000000	80.00000000
19	185	1	84.00000000	80.00000000
19	186	1	84.00000000	80.00000000
19	187	1	84.00000000	80.00000000
19	188	1	84.00000000	80.00000000
19	189	1	84.00000000	80.00000000
19	190	1	84.00000000	80.00000000
19	191	1	84.00000000	80.00000000
19	192	1	84.00000000	80.00000000
19	193	1	84.00000000	80.00000000
19	194	1	84.00000000	80.00000000
19	195	1	84.00000000	80.00000000
19	196	1	84.00000000	80.00000000
19	197	1	84.00000000	80.00000000
19	198	1	84.00000000	80.00000000
19	199	1	84.00000000	80.00000000
19	200	1	84.00000000	80.00000000
19	201	1	84.00000000	80.00000000
19	202	1	84.00000000	80.00000000
19	203	1	84.00000000	80.00000000
19	204	1	84.00000000	80.00000000
19	205	1	84.00000000	80.00000000
19	206	1	84.00000000	80.00000000
19	207	1	84.00000000	80.00000000
19	208	1	84.00000000	80.00000000
19	209	1	84.00000000	80.00000000
19	210	1	84.00000000	80.00000000
19	211	1	84.00000000	80.00000000
19	212	1	84.00000000	80.00000000
19	213	1	84.00000000	80.00000000
19	214	1	84.00000000	80.00000000
19	215	1	84.00000000	80.00000000
19	216	1	84.00000000	80.00000000
19	217	1	84.00000000	80.00000000
19	218	1	84.00000000	80.00000000
19	219	1	84.00000000	80.00000000
19	220	1	84.00000000	80.00000000
19	221	1	84.00000000	80.00000000
19	222	1	84.00000000	80.00000000
19	223	1	84.00000000	80.00000000
19	224	1	84.00000000	80.00000000
19	225	1	84.00000000	80.00000000
19	226	1	84.00000000	80.00000000
19	227	1	84.00000000	80.00000000
19	228	1	84.00000000	80.00000000
19	229	1	84.00000000	80.00000000
19	230	1	84.00000000	80.00000000
19	231	1	84.00000000	80.00000000
19	232	1	84.00000000	80.00000000
19	233	1	84.00000000	80.00000000
19	234	1	84.00000000	80.00000000
19	235	1	84.00000000	80.00000000
19	236	1	84.00000000	80.00000000
19	237	1	84.00000000	80.00000000
20	0	1	84.00000000	80.00000000
20	1	1	84.00000000	80.00000000
20	2	1	84.00000000	80.00000000
20	3	1	84.00000000	80.00000000
20	4	1	84.00000000	80.00000000
20	5	1	84.00000000	80.00000000
20	6	1	84.00000000	80.00000000
20	7	1	84.00000000	80.00000000
20	8	1	84.00000000	80.00000000
20	9	1	84.00000000	80.00000000
20	10	1	84.00000000	80.00000000
20	11	1	84.00000000	80.00000000
20	12	1	84.00000000	80.00000000
20	13	1	84.00000000	80.00000000
20	14	1	84.00000000	80.00000000
20	15	1	84.00000000	80.00000000
20	16	1	84.00000000	80.00000000
20	17	1	84.00000000	80.00000000
20	18	1	84.00000000	80.00000000
20	19	1	84.00000000	80.00000000
20	20	1	84.00000000	80.00000000
20	21	1	84.00000000	80.00000000
20	22	1	84.00000000	80.00000000
20	23	1	84.00000000	80.00000000
20	24	1	84.00000000	80.00000000
20	25	1	84.00000000	80.00000000
20	26	1	84.00000000	80.00000000
20	27	1	84.00000000	80.00000000
20	28	1	84.00000000	80.00000000
20	29	1	84.00000000	80.00000000
20	30	1	84.00000000	80.00000000
20	31	1	84.00000000	80.00000000
20	32	1	84.00000000	80.00000000
20	33	1	84.00000000	80.00000000
20	34	1	84.00000000	80.00000000
20	35	1	84.00000000	80.00000000
20	36	1	84.00000000	80.00000000
20	37	1	84.00000000	80.00000000
20	38	1	84.00000000	80.00000000
20	39	1	84.00000000	80.00000000
20	40	1	84.00000000	80.00000000
20	41	1	84.00000000	80.00000000
20	42	1	84.00000000	80.00000000
20	43	1	84.00000000	80.00000000
20	44	1	84.00000000	80.00000000
20	45	1	84.00000000	80.00000000
20	46	1	84.00000000	80.00000000
20	47	1	84.00000000	80.00000000
20	48	1	84.00000000	80.00000000
20	49	1	84.00000000	80.00000000
20	50	1	84.00000000	80.00000000
20	51	1	84.00000000	80.00000000
20	52	1	84.00000000	80.00000000
20	53	1	84.00000000	80.00000000
20	54	1	84.00000000	80.00000000
20	55	1	84.00000000	80.00000000
20	56	1	84.00000000	80.00000000
20	57	1	84.00000000	80.00000000
20	58	1	84.00000000	80.00000000
20	59	1	84.00000000	80.00000000
20	60	1	84.00000000	80.00000000
20	61	1	84.00000000	80.00000000
20	62	1	84.00000000	80.00000000
20	63	1	84.00000000	80.00000000
20	64	1	84.00000000	80.00000000
20	65	1	84.00000000	80.00000000
20	66	1	84.00000000	80.00000000
20	67	1	84.00000000	80.00000000
20	68	1	84.00000000	80.00000000
20	69	1	84.00000000	80.00000000
20	70	1	84.00000000	80.00000000
20	71	1	84.00000000	80.00000000
20	72	1	84.00000000	80.00000000
20	73	1	84.00000000	80.00000000
20	74	1	84.00000000	80.00000000
20	75	1	84.00000000	80.00000000
20	76	1	84.00000000	80.00000000
20	77	1	84.00000000	80.00000000
20	78	1	84.00000000	80.00000000
20	79	1	84.00000000	80.00000000
20	80	1	84.00000000	80.00000000
20	81	1	84.00000000	80.00000000
20	82	1	84.00000000	80.00000000
20	83	1	84.00000000	80.00000000
20	84	1	84.00000000	80.00000000
20	85	1	84.00000000	80.00000000
20	86	1	84.00000000	80.00000000
20	87	1	84.00000000	80.00000000
20	88	1	84.00000000	80.00000000
20	89	1	84.00000000	80.00000000
20	90	1	84.00000000	80.00000000
20	91	1	84.00000000	80.00000000
20	92	1	84.00000000	80.00000000
20	93	1	84.00000000	80.00000000
20	94	1	84.00000000	80.00000000
20	95	1	84.00000000	80.00000000
20	96	1	84.00000000	80.00000000
20	97	1	84.00000000	80.00000000
20	98	1	84.00000000	80.00000000
20	99	1	84.00000000	80.00000000
20	100	1	84.00000000	80.00000000
20	101	1	84.00000000	80.00000000
20	102	1	84.00000000	80.00000000
20	103	1	84.00000000	80.00000000
20	104	1	84.00000000	80.00000000
20	105	1	84.00000000	80.00000000
20	106	1	84.00000000	80.00000000
20	107	1	84.00000000	80.00000000
20	108	1	84.00000000	80.00000000
20	109	1	84.00000000	80.00000000
20	110	1	84.00000000	80.00000000
20	111	1	84.00000000	80.00000000
20	112	1	84.00000000	80.00000000
20	113	1	84.00000000	80.00000000
20	114	1	84.00000000	80.00000000
20	115	1	84.00000000	80.00000000
20	116	1	84.00000000	80.00000000
20	117	1	84.00000000	80.00000000
20	118	1	84.00000000	80.00000000
20	119	1	84.00000000	80.00000000
20	120	1	84.00000000	80.00000000
20	121	1	84.00000000	80.00000000
20	122	1	84.00000000	80.00000000
20	123	1	84.00000000	80.00000000
20	124	1	84.00000000	80.00000000
20	125	1	84.00000000	80.00000000
20	126	1	84.00000000	80.00000000
20	127	1	84.00000000	80.00000000
20	128	1	84.00000000	80.00000000
20	129	1	84.00000000	80.00000000
20	130	1	84.00000000	80.00000000
20	131	1	84.00000000	80.00000000
20	132	1	84.00000000	80.00000000
20	133	1	84.00000000	80.00000000
20	134	1	84.00000000	80.00000000
20	135	1	84.00000000	80.00000000
20	136	1	84.00000000	80.00000000
20	137	1	84.00000000	80.00000000
20	138	1	84.00000000	80.00000000
20	139	1	84.00000000	80.00000000
20	140	1	84.00000000	80.00000000
20	141	1	84.00000000	80.00000000
20	142	1	84.00000000	80.00000000
20	143	1	84.00000000	80.00000000
20	144	1	84.00000000	80.00000000
20	145	1	84.00000000	80.00000000
20	146	1	84.00000000	80.00000000
20	147	1	84.00000000	80.00000000
20	148	1	84.00000000	80.00000000
20	149	1	84.00000000	80.00000000
20	150	1	84.00000000	80.00000000
20	151	1	84.00000000	80.00000000
20	152	1	84.00000000	80.00000000
20	153	1	84.00000000	80.00000000
20	154	1	84.00000000	80.00000000
20	155	1	84.00000000	80.00000000
20	156	1	84.00000000	80.00000000
20	157	1	84.00000000	80.00000000
20	158	1	84.00000000	80.00000000
20	159	1	84.00000000	80.00000000
20	160	1	84.00000000	80.00000000
20	161	1	84.00000000	80.00000000
20	162	1	84.00000000	80.00000000
20	163	1	84.00000000	80.00000000
20	164	1	84.00000000	80.00000000
20	165	1	84.00000000	80.00000000
20	166	1	84.00000000	80.00000000
20	167	1	84.00000000	80.00000000
20	168	1	84.00000000	80.00000000
20	169	1	84.00000000	80.00000000
20	170	1	84.00000000	80.00000000
20	171	1	84.00000000	80.00000000
20	172	1	84.00000000	80.00000000
20	173	1	84.00000000	80.00000000
20	174	1	84.00000000	80.00000000
20	175	1	84.00000000	80.00000000
20	176	1	84.00000000	80.00000000
20	177	1	84.00000000	80.00000000
20	178	1	84.00000000	80.00000000
20	179	1	84.00000000	80.00000000
20	180	1	84.00000000	80.00000000
20	181	1	84.00000000	80.00000000
20	182	1	84.00000000	80.00000000
20	183	1	84.00000000	80.00000000
20	184	1	84.00000000	80.00000000
20	185	1	84.00000000	80.00000000
20	186	1	84.00000000	80.00000000
20	187	1	84.00000000	80.00000000
20	188	1	84.00000000	80.00000000
20	189	1	84.00000000	80.00000000
20	190	1	84.00000000	80.00000000
20	191	1	84.00000000	80.00000000
20	192	1	84.00000000	80.00000000
20	193	1	84.00000000	80.00000000
20	194	1	84.00000000	80.00000000
20	195	1	84.00000000	80.00000000
20	196	1	84.00000000	80.00000000
20	197	1	84.00000000	80.00000000
20	198	1	84.00000000	80.00000000
20	199	1	84.00000000	80.00000000
20	200	1	84.00000000	80.00000000
20	201	1	84.00000000	80.00000000
20	202	1	84.00000000	80.00000000
20	203	1	84.00000000	80.00000000
20	204	1	84.00000000	80.00000000
20	205	1	84.00000000	80.00000000
20	206	1	84.00000000	80.00000000
20	207	1	84.00000000	80.00000000
20	208	1	84.00000000	80.00000000
20	209	1	84.00000000	80.00000000
20	210	1	84.00000000	80.00000000
20	211	1	84.00000000	80.00000000
20	212	1	84.00000000	80.00000000
20	213	1	84.00000000	80.00000000
20	214	1	84.00000000	80.00000000
20	215	1	84.00000000	80.00000000
20	216	1	84.00000000	80.00000000
20	217	1	84.00000000	80.00000000
20	218	1	84.00000000	80.00000000
20	219	1	84.00000000	80.00000000
20	220	1	84.00000000	80.00000000
20	221	1	84.00000000	80.00000000
20	222	1	84.00000000	80.00000000
20	223	1	84.00000000	80.00000000
20	224	1	84.00000000	80.00000000
20	225	1	84.00000000	80.00000000
20	226	1	84.00000000	80.00000000
20	227	1	84.00000000	80.00000000
20	228	1	84.00000000	80.00000000
20	229	1	84.00000000	80.00000000
20	230	1	84.00000000	80.00000000
20	231	1	84.00000000	80.00000000
20	232	1	84.00000000	80.00000000
20	233	1	84.00000000	80.00000000
20	234	1	84.00000000	80.00000000
20	235	1	84.00000000	80.00000000
20	236	1	84.00000000	80.00000000
20	237	1	84.00000000	80.00000000
20	238	1	84.00000000	80.00000000
20	239	1	84.00000000	80.00000000
20	240	1	84.00000000	80.00000000
20	241	1	84.00000000	80.00000000
20	242	1	84.00000000	80.00000000
20	243	1	84.00000000	80.00000000
21	0	1	84.00000000	80.00000000
21	1	1	84.00000000	80.00000000
21	2	1	84.00000000	80.00000000
21	3	1	84.00000000	80.00000000
21	4	1	84.00000000	80.00000000
21	5	1	84.00000000	80.00000000
21	6	1	84.00000000	80.00000000
21	7	1	84.00000000	80.00000000
21	8	1	84.00000000	80.00000000
21	9	1	84.00000000	80.00000000
21	10	1	84.00000000	80.00000000
21	11	1	84.00000000	80.00000000
21	12	1	84.00000000	80.00000000
21	13	1	84.00000000	80.00000000
21	14	1	84.00000000	80.00000000
21	15	1	84.00000000	80.00000000
21	16	1	84.00000000	80.00000000
21	17	1	84.00000000	80.00000000
21	18	1	84.00000000	80.00000000
21	19	1	84.00000000	80.00000000
21	20	1	84.00000000	80.00000000
21	21	1	84.00000000	80.00000000
21	22	1	84.00000000	80.00000000
21	23	1	84.00000000	80.00000000
21	24	1	84.00000000	80.00000000
21	25	1	84.00000000	80.00000000
21	26	1	84.00000000	80.00000000
21	27	1	84.00000000	80.00000000
21	28	1	84.00000000	80.00000000
21	29	1	84.00000000	80.00000000
21	30	1	84.00000000	80.00000000
21	31	1	84.00000000	80.00000000
21	32	1	84.00000000	80.00000000
21	33	1	84.00000000	80.00000000
21	34	1	84.00000000	80.00000000
21	35	1	84.00000000	80.00000000
21	36	1	84.00000000	80.00000000
21	37	1	84.00000000	80.00000000
21	38	1	84.00000000	80.00000000
21	39	1	84.00000000	80.00000000
21	40	1	84.00000000	80.00000000
21	41	1	84.00000000	80.00000000
21	42	1	84.00000000	80.00000000
21	43	1	84.00000000	80.00000000
21	44	1	84.00000000	80.00000000
21	45	1	84.00000000	80.00000000
21	46	1	84.00000000	80.00000000
21	47	1	84.00000000	80.00000000
21	48	1	84.00000000	80.00000000
21	49	1	84.00000000	80.00000000
21	50	1	84.00000000	80.00000000
21	51	1	84.00000000	80.00000000
21	52	1	84.00000000	80.00000000
21	53	1	84.00000000	80.00000000
21	54	1	84.00000000	80.00000000
21	55	1	84.00000000	80.00000000
21	56	1	84.00000000	80.00000000
21	57	1	84.00000000	80.00000000
21	58	1	84.00000000	80.00000000
21	59	1	84.00000000	80.00000000
21	60	1	84.00000000	80.00000000
21	61	1	84.00000000	80.00000000
21	62	1	84.00000000	80.00000000
21	63	1	84.00000000	80.00000000
21	64	1	84.00000000	80.00000000
21	65	1	84.00000000	80.00000000
21	66	1	84.00000000	80.00000000
21	67	1	84.00000000	80.00000000
21	68	1	84.00000000	80.00000000
21	69	1	84.00000000	80.00000000
21	70	1	84.00000000	80.00000000
21	71	1	84.00000000	80.00000000
21	72	1	84.00000000	80.00000000
21	73	1	84.00000000	80.00000000
21	74	1	84.00000000	80.00000000
21	75	1	84.00000000	80.00000000
21	76	1	84.00000000	80.00000000
21	77	1	84.00000000	80.00000000
21	78	1	84.00000000	80.00000000
21	79	1	84.00000000	80.00000000
21	80	1	84.00000000	80.00000000
21	81	1	84.00000000	80.00000000
21	82	1	84.00000000	80.00000000
21	83	1	84.00000000	80.00000000
21	84	1	84.00000000	80.00000000
21	85	1	84.00000000	80.00000000
21	86	1	84.00000000	80.00000000
21	87	1	84.00000000	80.00000000
21	88	1	84.00000000	80.00000000
21	89	1	84.00000000	80.00000000
21	90	1	84.00000000	80.00000000
21	91	1	84.00000000	80.00000000
21	92	1	84.00000000	80.00000000
21	93	1	84.00000000	80.00000000
21	94	1	84.00000000	80.00000000
21	95	1	84.00000000	80.00000000
21	96	1	84.00000000	80.00000000
21	97	1	84.00000000	80.00000000
21	98	1	84.00000000	80.00000000
21	99	1	84.00000000	80.00000000
21	100	1	84.00000000	80.00000000
21	101	1	84.00000000	80.00000000
21	102	1	84.00000000	80.00000000
21	103	1	84.00000000	80.00000000
21	104	1	84.00000000	80.00000000
21	105	1	84.00000000	80.00000000
21	106	1	84.00000000	80.00000000
21	107	1	84.00000000	80.00000000
21	108	1	84.00000000	80.00000000
21	109	1	84.00000000	80.00000000
21	110	1	84.00000000	80.00000000
21	111	1	84.00000000	80.00000000
21	112	1	84.00000000	80.00000000
21	113	1	84.00000000	80.00000000
21	114	1	84.00000000	80.00000000
21	115	1	84.00000000	80.00000000
21	116	1	84.00000000	80.00000000
21	117	1	84.00000000	80.00000000
21	118	1	84.00000000	80.00000000
21	119	1	84.00000000	80.00000000
21	120	1	84.00000000	80.00000000
21	121	1	84.00000000	80.00000000
21	122	1	84.00000000	80.00000000
21	123	1	84.00000000	80.00000000
21	124	1	84.00000000	80.00000000
21	125	1	84.00000000	80.00000000
21	126	1	84.00000000	80.00000000
21	127	1	84.00000000	80.00000000
21	128	1	84.00000000	80.00000000
21	129	1	84.00000000	80.00000000
21	130	1	84.00000000	80.00000000
21	131	1	84.00000000	80.00000000
21	132	1	84.00000000	80.00000000
21	133	1	84.00000000	80.00000000
21	134	1	84.00000000	80.00000000
21	135	1	84.00000000	80.00000000
21	136	1	84.00000000	80.00000000
21	137	1	84.00000000	80.00000000
21	138	1	84.00000000	80.00000000
21	139	1	84.00000000	80.00000000
21	140	1	84.00000000	80.00000000
21	141	1	84.00000000	80.00000000
21	142	1	84.00000000	80.00000000
21	143	1	84.00000000	80.00000000
21	144	1	84.00000000	80.00000000
21	145	1	84.00000000	80.00000000
21	146	1	84.00000000	80.00000000
21	147	1	84.00000000	80.00000000
21	148	1	84.00000000	80.00000000
21	149	1	84.00000000	80.00000000
21	150	1	84.00000000	80.00000000
21	151	1	84.00000000	80.00000000
21	152	1	84.00000000	80.00000000
21	153	1	84.00000000	80.00000000
21	154	1	84.00000000	80.00000000
21	155	1	84.00000000	80.00000000
21	156	1	84.00000000	80.00000000
21	157	1	84.00000000	80.00000000
21	158	1	84.00000000	80.00000000
21	159	1	84.00000000	80.00000000
21	160	1	84.00000000	80.00000000
21	161	1	84.00000000	80.00000000
21	162	1	84.00000000	80.00000000
21	163	1	84.00000000	80.00000000
21	164	1	84.00000000	80.00000000
21	165	1	84.00000000	80.00000000
21	166	1	84.00000000	80.00000000
21	167	1	84.00000000	80.00000000
21	168	1	84.00000000	80.00000000
21	169	1	84.00000000	80.00000000
21	170	1	84.00000000	80.00000000
21	171	1	84.00000000	80.00000000
21	172	1	84.00000000	80.00000000
21	173	1	84.00000000	80.00000000
21	174	1	84.00000000	80.00000000
21	175	1	84.00000000	80.00000000
21	176	1	84.00000000	80.00000000
21	177	1	84.00000000	80.00000000
21	178	1	84.00000000	80.00000000
21	179	1	84.00000000	80.00000000
21	180	1	84.00000000	80.00000000
21	181	1	84.00000000	80.00000000
21	182	1	84.00000000	80.00000000
21	183	1	84.00000000	80.00000000
21	184	1	84.00000000	80.00000000
21	185	1	84.00000000	80.00000000
21	186	1	84.00000000	80.00000000
21	187	1	84.00000000	80.00000000
21	188	1	84.00000000	80.00000000
21	189	1	84.00000000	80.00000000
21	190	1	84.00000000	80.00000000
21	191	1	84.00000000	80.00000000
21	192	1	84.00000000	80.00000000
21	193	1	84.00000000	80.00000000
21	194	1	84.00000000	80.00000000
21	195	1	84.00000000	80.00000000
21	196	1	84.00000000	80.00000000
21	197	1	84.00000000	80.00000000
21	198	1	84.00000000	80.00000000
21	199	1	84.00000000	80.00000000
21	200	1	84.00000000	80.00000000
21	201	1	84.00000000	80.00000000
21	202	1	84.00000000	80.00000000
21	203	1	84.00000000	80.00000000
21	204	1	84.00000000	80.00000000
21	205	1	84.00000000	80.00000000
21	206	1	84.00000000	80.00000000
21	207	1	84.00000000	80.00000000
21	208	1	84.00000000	80.00000000
21	209	1	84.00000000	80.00000000
21	210	1	84.00000000	80.00000000
21	211	1	84.00000000	80.00000000
21	212	1	84.00000000	80.00000000
21	213	1	84.00000000	80.00000000
21	214	1	84.00000000	80.00000000
21	215	1	84.00000000	80.00000000
21	216	1	84.00000000	80.00000000
21	217	1	84.00000000	80.00000000
21	218	1	84.00000000	80.00000000
21	219	1	84.00000000	80.00000000
21	220	1	84.00000000	80.00000000
21	221	1	84.00000000	80.00000000
21	222	1	84.00000000	80.00000000
21	223	1	84.00000000	80.00000000
21	224	1	84.00000000	80.00000000
21	225	1	84.00000000	80.00000000
21	226	1	84.00000000	80.00000000
21	227	1	84.00000000	80.00000000
21	228	1	84.00000000	80.00000000
21	229	1	84.00000000	80.00000000
21	230	1	84.00000000	80.00000000
21	231	1	84.00000000	80.00000000
22	0	1	84.00000000	80.00000000
22	1	1	84.00000000	80.00000000
22	2	1	84.00000000	80.00000000
22	3	1	84.00000000	80.00000000
22	4	1	84.00000000	80.00000000
22	5	1	84.00000000	80.00000000
22	6	1	84.00000000	80.00000000
22	7	1	84.00000000	80.00000000
22	8	1	84.00000000	80.00000000
22	9	1	84.00000000	80.00000000
22	10	1	84.00000000	80.00000000
22	11	1	84.00000000	80.00000000
22	12	1	84.00000000	80.00000000
22	13	1	84.00000000	80.00000000
22	14	1	84.00000000	80.00000000
22	15	1	84.00000000	80.00000000
22	16	1	84.00000000	80.00000000
22	17	1	84.00000000	80.00000000
22	18	1	84.00000000	80.00000000
22	19	1	84.00000000	80.00000000
22	20	1	84.00000000	80.00000000
22	21	1	84.00000000	80.00000000
22	22	1	84.00000000	80.00000000
22	23	1	84.00000000	80.00000000
22	24	1	84.00000000	80.00000000
22	25	1	84.00000000	80.00000000
22	26	1	84.00000000	80.00000000
22	27	1	84.00000000	80.00000000
22	28	1	84.00000000	80.00000000
22	29	1	84.00000000	80.00000000
22	30	1	84.00000000	80.00000000
22	31	1	84.00000000	80.00000000
22	32	1	84.00000000	80.00000000
22	33	1	84.00000000	80.00000000
22	34	1	84.00000000	80.00000000
22	35	1	84.00000000	80.00000000
22	36	1	84.00000000	80.00000000
22	37	1	84.00000000	80.00000000
22	38	1	84.00000000	80.00000000
22	39	1	84.00000000	80.00000000
22	40	1	84.00000000	80.00000000
22	41	1	84.00000000	80.00000000
22	42	1	84.00000000	80.00000000
22	43	1	84.00000000	80.00000000
22	44	1	84.00000000	80.00000000
22	45	1	84.00000000	80.00000000
22	46	1	84.00000000	80.00000000
22	47	1	84.00000000	80.00000000
22	48	1	84.00000000	80.00000000
22	49	1	84.00000000	80.00000000
22	50	1	84.00000000	80.00000000
22	51	1	84.00000000	80.00000000
22	52	1	84.00000000	80.00000000
22	53	1	84.00000000	80.00000000
22	54	1	84.00000000	80.00000000
22	55	1	84.00000000	80.00000000
22	56	1	84.00000000	80.00000000
22	57	1	84.00000000	80.00000000
22	58	1	84.00000000	80.00000000
22	59	1	84.00000000	80.00000000
22	60	1	84.00000000	80.00000000
22	61	1	84.00000000	80.00000000
22	62	1	84.00000000	80.00000000
22	63	1	84.00000000	80.00000000
22	64	1	84.00000000	80.00000000
22	65	1	84.00000000	80.00000000
22	66	1	84.00000000	80.00000000
22	67	1	84.00000000	80.00000000
22	68	1	84.00000000	80.00000000
22	69	1	84.00000000	80.00000000
22	70	1	84.00000000	80.00000000
22	71	1	84.00000000	80.00000000
22	72	1	84.00000000	80.00000000
22	73	1	84.00000000	80.00000000
22	74	1	84.00000000	80.00000000
22	75	1	84.00000000	80.00000000
22	76	1	84.00000000	80.00000000
22	77	1	84.00000000	80.00000000
22	78	1	84.00000000	80.00000000
22	79	1	84.00000000	80.00000000
22	80	1	84.00000000	80.00000000
22	81	1	84.00000000	80.00000000
22	82	1	84.00000000	80.00000000
22	83	1	84.00000000	80.00000000
22	84	1	84.00000000	80.00000000
22	85	1	84.00000000	80.00000000
22	86	1	84.00000000	80.00000000
22	87	1	84.00000000	80.00000000
22	88	1	84.00000000	80.00000000
22	89	1	84.00000000	80.00000000
22	90	1	84.00000000	80.00000000
22	91	1	84.00000000	80.00000000
22	92	1	84.00000000	80.00000000
22	93	1	84.00000000	80.00000000
22	94	1	84.00000000	80.00000000
22	95	1	84.00000000	80.00000000
22	96	1	84.00000000	80.00000000
22	97	1	84.00000000	80.00000000
22	98	1	84.00000000	80.00000000
22	99	1	84.00000000	80.00000000
22	100	1	84.00000000	80.00000000
22	101	1	84.00000000	80.00000000
22	102	1	84.00000000	80.00000000
22	103	1	84.00000000	80.00000000
22	104	1	84.00000000	80.00000000
22	105	1	84.00000000	80.00000000
22	106	1	84.00000000	80.00000000
22	107	1	84.00000000	80.00000000
22	108	1	84.00000000	80.00000000
22	109	1	84.00000000	80.00000000
22	110	1	84.00000000	80.00000000
22	111	1	84.00000000	80.00000000
22	112	1	84.00000000	80.00000000
22	113	1	84.00000000	80.00000000
22	114	1	84.00000000	80.00000000
22	115	1	84.00000000	80.00000000
22	116	1	84.00000000	80.00000000
22	117	1	84.00000000	80.00000000
22	118	1	84.00000000	80.00000000
22	119	1	84.00000000	80.00000000
22	120	1	84.00000000	80.00000000
22	121	1	84.00000000	80.00000000
22	122	1	84.00000000	80.00000000
22	123	1	84.00000000	80.00000000
22	124	1	84.00000000	80.00000000
22	125	1	84.00000000	80.00000000
22	126	1	84.00000000	80.00000000
22	127	1	84.00000000	80.00000000
22	128	1	84.00000000	80.00000000
22	129	1	84.00000000	80.00000000
22	130	1	84.00000000	80.00000000
22	131	1	84.00000000	80.00000000
22	132	1	84.00000000	80.00000000
22	133	1	84.00000000	80.00000000
22	134	1	84.00000000	80.00000000
22	135	1	84.00000000	80.00000000
22	136	1	84.00000000	80.00000000
22	137	1	84.00000000	80.00000000
22	138	1	84.00000000	80.00000000
22	139	1	84.00000000	80.00000000
22	140	1	84.00000000	80.00000000
22	141	1	84.00000000	80.00000000
22	142	1	84.00000000	80.00000000
22	143	1	84.00000000	80.00000000
22	144	1	84.00000000	80.00000000
22	145	1	84.00000000	80.00000000
22	146	1	84.00000000	80.00000000
22	147	1	84.00000000	80.00000000
22	148	1	84.00000000	80.00000000
22	149	1	84.00000000	80.00000000
22	150	1	84.00000000	80.00000000
22	151	1	84.00000000	80.00000000
22	152	1	84.00000000	80.00000000
22	153	1	84.00000000	80.00000000
22	154	1	84.00000000	80.00000000
22	155	1	84.00000000	80.00000000
22	156	1	84.00000000	80.00000000
22	157	1	84.00000000	80.00000000
22	158	1	84.00000000	80.00000000
22	159	1	84.00000000	80.00000000
22	160	1	84.00000000	80.00000000
22	161	1	84.00000000	80.00000000
22	162	1	84.00000000	80.00000000
22	163	1	84.00000000	80.00000000
22	164	1	84.00000000	80.00000000
22	165	1	84.00000000	80.00000000
22	166	1	84.00000000	80.00000000
22	167	1	84.00000000	80.00000000
22	168	1	84.00000000	80.00000000
22	169	1	84.00000000	80.00000000
22	170	1	84.00000000	80.00000000
22	171	1	84.00000000	80.00000000
22	172	1	84.00000000	80.00000000
22	173	1	84.00000000	80.00000000
22	174	1	84.00000000	80.00000000
22	175	1	84.00000000	80.00000000
22	176	1	84.00000000	80.00000000
22	177	1	84.00000000	80.00000000
22	178	1	84.00000000	80.00000000
22	179	1	84.00000000	80.00000000
22	180	1	84.00000000	80.00000000
22	181	1	84.00000000	80.00000000
22	182	1	84.00000000	80.00000000
22	183	1	84.00000000	80.00000000
22	184	1	84.00000000	80.00000000
22	185	1	84.00000000	80.00000000
22	186	1	84.00000000	80.00000000
22	187	1	84.00000000	80.00000000
22	188	1	84.00000000	80.00000000
22	189	1	84.00000000	80.00000000
22	190	1	84.00000000	80.00000000
22	191	1	84.00000000	80.00000000
22	192	1	84.00000000	80.00000000
22	193	1	84.00000000	80.00000000
22	194	1	84.00000000	80.00000000
22	195	1	84.00000000	80.00000000
22	196	1	84.00000000	80.00000000
22	197	1	84.00000000	80.00000000
22	198	1	84.00000000	80.00000000
22	199	1	84.00000000	80.00000000
22	200	1	84.00000000	80.00000000
22	201	1	84.00000000	80.00000000
22	202	1	84.00000000	80.00000000
22	203	1	84.00000000	80.00000000
22	204	1	84.00000000	80.00000000
22	205	1	84.00000000	80.00000000
22	206	1	84.00000000	80.00000000
22	207	1	84.00000000	80.00000000
22	208	1	84.00000000	80.00000000
22	209	1	84.00000000	80.00000000
22	210	1	84.00000000	80.00000000
22	211	1	84.00000000	80.00000000
22	212	1	84.00000000	80.00000000
22	213	1	84.00000000	80.00000000
22	214	1	84.00000000	80.00000000
22	215	1	84.00000000	80.00000000
22	216	1	84.00000000	80.00000000
22	217	1	84.00000000	80.00000000
23	0	1	84.00000000	80.00000000
23	1	1	84.00000000	80.00000000
23	2	1	84.00000000	80.00000000
23	3	1	84.00000000	80.00000000
23	4	1	84.00000000	80.00000000
23	5	1	84.00000000	80.00000000
23	6	1	84.00000000	80.00000000
23	7	1	84.00000000	80.00000000
23	8	1	84.00000000	80.00000000
23	9	1	84.00000000	80.00000000
23	10	1	84.00000000	80.00000000
23	11	1	84.00000000	80.00000000
23	12	1	84.00000000	80.00000000
23	13	1	84.00000000	80.00000000
23	14	1	84.00000000	80.00000000
23	15	1	84.00000000	80.00000000
23	16	1	84.00000000	80.00000000
23	17	1	84.00000000	80.00000000
23	18	1	84.00000000	80.00000000
23	19	1	84.00000000	80.00000000
23	20	1	84.00000000	80.00000000
23	21	1	84.00000000	80.00000000
23	22	1	84.00000000	80.00000000
23	23	1	84.00000000	80.00000000
23	24	1	84.00000000	80.00000000
23	25	1	84.00000000	80.00000000
23	26	1	84.00000000	80.00000000
23	27	1	84.00000000	80.00000000
23	28	1	84.00000000	80.00000000
23	29	1	84.00000000	80.00000000
23	30	1	84.00000000	80.00000000
23	31	1	84.00000000	80.00000000
23	32	1	84.00000000	80.00000000
23	33	1	84.00000000	80.00000000
23	34	1	84.00000000	80.00000000
23	35	1	84.00000000	80.00000000
23	36	1	84.00000000	80.00000000
23	37	1	84.00000000	80.00000000
23	38	1	84.00000000	80.00000000
23	39	1	84.00000000	80.00000000
23	40	1	84.00000000	80.00000000
23	41	1	84.00000000	80.00000000
23	42	1	84.00000000	80.00000000
23	43	1	84.00000000	80.00000000
23	44	1	84.00000000	80.00000000
23	45	1	84.00000000	80.00000000
23	46	1	84.00000000	80.00000000
23	47	1	84.00000000	80.00000000
23	48	1	84.00000000	80.00000000
23	49	1	84.00000000	80.00000000
23	50	1	84.00000000	80.00000000
23	51	1	84.00000000	80.00000000
23	52	1	84.00000000	80.00000000
23	53	1	84.00000000	80.00000000
23	54	1	84.00000000	80.00000000
23	55	1	84.00000000	80.00000000
23	56	1	84.00000000	80.00000000
23	57	1	84.00000000	80.00000000
23	58	1	84.00000000	80.00000000
23	59	1	84.00000000	80.00000000
23	60	1	84.00000000	80.00000000
23	61	1	84.00000000	80.00000000
23	62	1	84.00000000	80.00000000
23	63	1	84.00000000	80.00000000
23	64	1	84.00000000	80.00000000
23	65	1	84.00000000	80.00000000
23	66	1	84.00000000	80.00000000
23	67	1	84.00000000	80.00000000
23	68	1	84.00000000	80.00000000
23	69	1	84.00000000	80.00000000
23	70	1	84.00000000	80.00000000
23	71	1	84.00000000	80.00000000
23	72	1	84.00000000	80.00000000
23	73	1	84.00000000	80.00000000
23	74	1	84.00000000	80.00000000
23	75	1	84.00000000	80.00000000
23	76	1	84.00000000	80.00000000
23	77	1	84.00000000	80.00000000
23	78	1	84.00000000	80.00000000
23	79	1	84.00000000	80.00000000
23	80	1	84.00000000	80.00000000
23	81	1	84.00000000	80.00000000
23	82	1	84.00000000	80.00000000
23	83	1	84.00000000	80.00000000
23	84	1	84.00000000	80.00000000
23	85	1	84.00000000	80.00000000
23	86	1	84.00000000	80.00000000
23	87	1	84.00000000	80.00000000
23	88	1	84.00000000	80.00000000
23	89	1	84.00000000	80.00000000
23	90	1	84.00000000	80.00000000
23	91	1	84.00000000	80.00000000
23	92	1	84.00000000	80.00000000
23	93	1	84.00000000	80.00000000
23	94	1	84.00000000	80.00000000
23	95	1	84.00000000	80.00000000
23	96	1	84.00000000	80.00000000
23	97	1	84.00000000	80.00000000
23	98	1	84.00000000	80.00000000
23	99	1	84.00000000	80.00000000
23	100	1	84.00000000	80.00000000
23	101	1	84.00000000	80.00000000
23	102	1	84.00000000	80.00000000
23	103	1	84.00000000	80.00000000
23	104	1	84.00000000	80.00000000
23	105	1	84.00000000	80.00000000
23	106	1	84.00000000	80.00000000
23	107	1	84.00000000	80.00000000
23	108	1	84.00000000	80.00000000
23	109	1	84.00000000	80.00000000
23	110	1	84.00000000	80.00000000
23	111	1	84.00000000	80.00000000
23	112	1	84.00000000	80.00000000
23	113	1	84.00000000	80.00000000
23	114	1	84.00000000	80.00000000
23	115	1	84.00000000	80.00000000
23	116	1	84.00000000	80.00000000
23	117	1	84.00000000	80.00000000
23	118	1	84.00000000	80.00000000
23	119	1	84.00000000	80.00000000
23	120	1	84.00000000	80.00000000
23	121	1	84.00000000	80.00000000
23	122	1	84.00000000	80.00000000
23	123	1	84.00000000	80.00000000
23	124	1	84.00000000	80.00000000
23	125	1	84.00000000	80.00000000
23	126	1	84.00000000	80.00000000
23	127	1	84.00000000	80.00000000
23	128	1	84.00000000	80.00000000
23	129	1	84.00000000	80.00000000
23	130	1	84.00000000	80.00000000
23	131	1	84.00000000	80.00000000
23	132	1	84.00000000	80.00000000
23	133	1	84.00000000	80.00000000
23	134	1	84.00000000	80.00000000
23	135	1	84.00000000	80.00000000
23	136	1	84.00000000	80.00000000
23	137	1	84.00000000	80.00000000
23	138	1	84.00000000	80.00000000
23	139	1	84.00000000	80.00000000
23	140	1	84.00000000	80.00000000
23	141	1	84.00000000	80.00000000
23	142	1	84.00000000	80.00000000
23	143	1	84.00000000	80.00000000
23	144	1	84.00000000	80.00000000
23	145	1	84.00000000	80.00000000
23	146	1	84.00000000	80.00000000
23	147	1	84.00000000	80.00000000
23	148	1	84.00000000	80.00000000
23	149	1	84.00000000	80.00000000
23	150	1	84.00000000	80.00000000
23	151	1	84.00000000	80.00000000
23	152	1	84.00000000	80.00000000
23	153	1	84.00000000	80.00000000
23	154	1	84.00000000	80.00000000
23	155	1	84.00000000	80.00000000
23	156	1	84.00000000	80.00000000
23	157	1	84.00000000	80.00000000
23	158	1	84.00000000	80.00000000
23	159	1	84.00000000	80.00000000
23	160	1	84.00000000	80.00000000
23	161	1	84.00000000	80.00000000
23	162	1	84.00000000	80.00000000
23	163	1	84.00000000	80.00000000
23	164	1	84.00000000	80.00000000
23	165	1	84.00000000	80.00000000
23	166	1	84.00000000	80.00000000
23	167	1	84.00000000	80.00000000
23	168	1	84.00000000	80.00000000
23	169	1	84.00000000	80.00000000
23	170	1	84.00000000	80.00000000
23	171	1	84.00000000	80.00000000
23	172	1	84.00000000	80.00000000
23	173	1	84.00000000	80.00000000
23	174	1	84.00000000	80.00000000
23	175	1	84.00000000	80.00000000
23	176	1	84.00000000	80.00000000
23	177	1	84.00000000	80.00000000
23	178	1	84.00000000	80.00000000
23	179	1	84.00000000	80.00000000
23	180	1	84.00000000	80.00000000
23	181	1	84.00000000	80.00000000
23	182	1	84.00000000	80.00000000
23	183	1	84.00000000	80.00000000
23	184	1	84.00000000	80.00000000
23	185	1	84.00000000	80.00000000
23	186	1	84.00000000	80.00000000
23	187	1	84.00000000	80.00000000
23	188	1	84.00000000	80.00000000
23	189	1	84.00000000	80.00000000
23	190	1	84.00000000	80.00000000
23	191	1	84.00000000	80.00000000
23	192	1	84.00000000	80.00000000
23	193	1	84.00000000	80.00000000
23	194	1	84.00000000	80.00000000
23	195	1	84.00000000	80.00000000
23	196	1	84.00000000	80.00000000
23	197	1	84.00000000	80.00000000
23	198	1	84.00000000	80.00000000
23	199	1	84.00000000	80.00000000
23	200	1	84.00000000	80.00000000
23	201	1	84.00000000	80.00000000
23	202	1	84.00000000	80.00000000
23	203	1	84.00000000	80.00000000
23	204	1	84.00000000	80.00000000
23	205	1	84.00000000	80.00000000
23	206	1	84.00000000	80.00000000
23	207	1	84.00000000	80.00000000
23	208	1	84.00000000	80.00000000
23	209	1	84.00000000	80.00000000
24	0	1	84.00000000	80.00000000
24	1	1	84.00000000	80.00000000
24	2	1	84.00000000	80.00000000
24	3	1	84.00000000	80.00000000
24	4	1	84.00000000	80.00000000
24	5	1	84.00000000	80.00000000
24	6	1	84.00000000	80.00000000
24	7	1	84.00000000	80.00000000
24	8	1	84.00000000	80.00000000
24	9	1	84.00000000	80.00000000
24	10	1	84.00000000	80.00000000
24	11	1	84.00000000	80.00000000
24	12	1	84.00000000	80.00000000
24	13	1	84.00000000	80.00000000
24	14	1	84.00000000	80.00000000
24	15	1	84.00000000	80.00000000
24	16	1	84.00000000	80.00000000
24	17	1	84.00000000	80.00000000
24	18	1	84.00000000	80.00000000
24	19	1	84.00000000	80.00000000
24	20	1	84.00000000	80.00000000
24	21	1	84.00000000	80.00000000
24	22	1	84.00000000	80.00000000
24	23	1	84.00000000	80.00000000
24	24	1	84.00000000	80.00000000
24	25	1	84.00000000	80.00000000
24	26	1	84.00000000	80.00000000
24	27	1	84.00000000	80.00000000
24	28	1	84.00000000	80.00000000
24	29	1	84.00000000	80.00000000
24	30	1	84.00000000	80.00000000
24	31	1	84.00000000	80.00000000
24	32	1	84.00000000	80.00000000
24	33	1	84.00000000	80.00000000
24	34	1	84.00000000	80.00000000
24	35	1	84.00000000	80.00000000
24	36	1	84.00000000	80.00000000
24	37	1	84.00000000	80.00000000
24	38	1	84.00000000	80.00000000
24	39	1	84.00000000	80.00000000
24	40	1	84.00000000	80.00000000
24	41	1	84.00000000	80.00000000
24	42	1	84.00000000	80.00000000
24	43	1	84.00000000	80.00000000
24	44	1	84.00000000	80.00000000
24	45	1	84.00000000	80.00000000
24	46	1	84.00000000	80.00000000
24	47	1	84.00000000	80.00000000
24	48	1	84.00000000	80.00000000
24	49	1	84.00000000	80.00000000
24	50	1	84.00000000	80.00000000
24	51	1	84.00000000	80.00000000
24	52	1	84.00000000	80.00000000
24	53	1	84.00000000	80.00000000
24	54	1	84.00000000	80.00000000
24	55	1	84.00000000	80.00000000
24	56	1	84.00000000	80.00000000
24	57	1	84.00000000	80.00000000
24	58	1	84.00000000	80.00000000
24	59	1	84.00000000	80.00000000
24	60	1	84.00000000	80.00000000
24	61	1	84.00000000	80.00000000
24	62	1	84.00000000	80.00000000
24	63	1	84.00000000	80.00000000
24	64	1	84.00000000	80.00000000
24	65	1	84.00000000	80.00000000
24	66	1	84.00000000	80.00000000
24	67	1	84.00000000	80.00000000
24	68	1	84.00000000	80.00000000
24	69	1	84.00000000	80.00000000
24	70	1	84.00000000	80.00000000
24	71	1	84.00000000	80.00000000
24	72	1	84.00000000	80.00000000
24	73	1	84.00000000	80.00000000
24	74	1	84.00000000	80.00000000
24	75	1	84.00000000	80.00000000
24	76	1	84.00000000	80.00000000
24	77	1	84.00000000	80.00000000
24	78	1	84.00000000	80.00000000
24	79	1	84.00000000	80.00000000
24	80	1	84.00000000	80.00000000
24	81	1	84.00000000	80.00000000
24	82	1	84.00000000	80.00000000
24	83	1	84.00000000	80.00000000
24	84	1	84.00000000	80.00000000
24	85	1	84.00000000	80.00000000
24	86	1	84.00000000	80.00000000
24	87	1	84.00000000	80.00000000
24	88	1	84.00000000	80.00000000
24	89	1	84.00000000	80.00000000
24	90	1	84.00000000	80.00000000
24	91	1	84.00000000	80.00000000
24	92	1	84.00000000	80.00000000
24	93	1	84.00000000	80.00000000
24	94	1	84.00000000	80.00000000
24	95	1	84.00000000	80.00000000
24	96	1	84.00000000	80.00000000
24	97	1	84.00000000	80.00000000
24	98	1	84.00000000	80.00000000
24	99	1	84.00000000	80.00000000
24	100	1	84.00000000	80.00000000
24	101	1	84.00000000	80.00000000
24	102	1	84.00000000	80.00000000
24	103	1	84.00000000	80.00000000
24	104	1	84.00000000	80.00000000
24	105	1	84.00000000	80.00000000
24	106	1	84.00000000	80.00000000
24	107	1	84.00000000	80.00000000
24	108	1	84.00000000	80.00000000
24	109	1	84.00000000	80.00000000
24	110	1	84.00000000	80.00000000
24	111	1	84.00000000	80.00000000
24	112	1	84.00000000	80.00000000
24	113	1	84.00000000	80.00000000
24	114	1	84.00000000	80.00000000
24	115	1	84.00000000	80.00000000
24	116	1	84.00000000	80.00000000
24	117	1	84.00000000	80.00000000
24	118	1	84.00000000	80.00000000
24	119	1	84.00000000	80.00000000
24	120	1	84.00000000	80.00000000
24	121	1	84.00000000	80.00000000
24	122	1	84.00000000	80.00000000
24	123	1	84.00000000	80.00000000
24	124	1	84.00000000	80.00000000
24	125	1	84.00000000	80.00000000
24	126	1	84.00000000	80.00000000
24	127	1	84.00000000	80.00000000
24	128	1	84.00000000	80.00000000
24	129	1	84.00000000	80.00000000
24	130	1	84.00000000	80.00000000
24	131	1	84.00000000	80.00000000
24	132	1	84.00000000	80.00000000
24	133	1	84.00000000	80.00000000
24	134	1	84.00000000	80.00000000
24	135	1	84.00000000	80.00000000
24	136	1	84.00000000	80.00000000
24	137	1	84.00000000	80.00000000
24	138	1	84.00000000	80.00000000
24	139	1	84.00000000	80.00000000
24	140	1	84.00000000	80.00000000
24	141	1	84.00000000	80.00000000
24	142	1	84.00000000	80.00000000
24	143	1	84.00000000	80.00000000
24	144	1	84.00000000	80.00000000
24	145	1	84.00000000	80.00000000
24	146	1	84.00000000	80.00000000
24	147	1	84.00000000	80.00000000
24	148	1	84.00000000	80.00000000
24	149	1	84.00000000	80.00000000
24	150	1	84.00000000	80.00000000
24	151	1	84.00000000	80.00000000
24	152	1	84.00000000	80.00000000
24	153	1	84.00000000	80.00000000
24	154	1	84.00000000	80.00000000
24	155	1	84.00000000	80.00000000
24	156	1	84.00000000	80.00000000
24	157	1	84.00000000	80.00000000
24	158	1	84.00000000	80.00000000
24	159	1	84.00000000	80.00000000
24	160	1	84.00000000	80.00000000
24	161	1	84.00000000	80.00000000
24	162	1	84.00000000	80.00000000
24	163	1	84.00000000	80.00000000
24	164	1	84.00000000	80.00000000
24	165	1	84.00000000	80.00000000
24	166	1	84.00000000	80.00000000
24	167	1	84.00000000	80.00000000
24	168	1	84.00000000	80.00000000
24	169	1	84.00000000	80.00000000
24	170	1	84.00000000	80.00000000
24	171	1	84.00000000	80.00000000
24	172	1	84.00000000	80.00000000
24	173	1	84.00000000	80.00000000
24	174	1	84.00000000	80.00000000
24	175	1	84.00000000	80.00000000
24	176	1	84.00000000	80.00000000
24	177	1	84.00000000	80.00000000
24	178	1	84.00000000	80.00000000
24	179	1	84.00000000	80.00000000
24	180	1	84.00000000	80.00000000
24	181	1	84.00000000	80.00000000
24	182	1	84.00000000	80.00000000
24	183	1	84.00000000	80.00000000
24	184	1	84.00000000	80.00000000
24	185	1	84.00000000	80.00000000
24	186	1	84.00000000	80.00000000
24	187	1	84.00000000	80.00000000
24	188	1	84.00000000	80.00000000
24	189	1	84.00000000	80.00000000
24	190	1	84.00000000	80.00000000
24	191	1	84.00000000	80.00000000
24	192	1	84.00000000	80.00000000
24	193	1	84.00000000	80.00000000
24	194	1	84.00000000	80.00000000
24	195	1	84.00000000	80.00000000
24	196	1	84.00000000	80.00000000
24	197	1	84.00000000	80.00000000
24	198	1	84.00000000	80.00000000
24	199	1	84.00000000	80.00000000
24	200	1	84.00000000	80.00000000
24	201	1	84.00000000	80.00000000
24	202	1	84.00000000	80.00000000
24	203	1	84.00000000	80.00000000
24	204	1	84.00000000	80.00000000
24	205	1	84.00000000	80.00000000
25	0	1	84.00000000	80.00000000
25	1	1	84.00000000	80.00000000
25	2	1	84.00000000	80.00000000
25	3	1	84.00000000	80.00000000
25	4	1	84.00000000	80.00000000
25	5	1	84.00000000	80.00000000
25	6	1	84.00000000	80.00000000
25	7	1	84.00000000	80.00000000
25	8	1	84.00000000	80.00000000
25	9	1	84.00000000	80.00000000
25	10	1	84.00000000	80.00000000
25	11	1	84.00000000	80.00000000
25	12	1	84.00000000	80.00000000
25	13	1	84.00000000	80.00000000
25	14	1	84.00000000	80.00000000
25	15	1	84.00000000	80.00000000
25	16	1	84.00000000	80.00000000
25	17	1	84.00000000	80.00000000
25	18	1	84.00000000	80.00000000
25	19	1	84.00000000	80.00000000
25	20	1	84.00000000	80.00000000
25	21	1	84.00000000	80.00000000
25	22	1	84.00000000	80.00000000
25	23	1	84.00000000	80.00000000
25	24	1	84.00000000	80.00000000
25	25	1	84.00000000	80.00000000
25	26	1	84.00000000	80.00000000
25	27	1	84.00000000	80.00000000
25	28	1	84.00000000	80.00000000
25	29	1	84.00000000	80.00000000
25	30	1	84.00000000	80.00000000
25	31	1	84.00000000	80.00000000
25	32	1	84.00000000	80.00000000
25	33	1	84.00000000	80.00000000
25	34	1	84.00000000	80.00000000
25	35	1	84.00000000	80.00000000
25	36	1	84.00000000	80.00000000
25	37	1	84.00000000	80.00000000
25	38	1	84.00000000	80.00000000
25	39	1	84.00000000	80.00000000
25	40	1	84.00000000	80.00000000
25	41	1	84.00000000	80.00000000
25	42	1	84.00000000	80.00000000
25	43	1	84.00000000	80.00000000
25	44	1	84.00000000	80.00000000
25	45	1	84.00000000	80.00000000
25	46	1	84.00000000	80.00000000
25	47	1	84.00000000	80.00000000
25	48	1	84.00000000	80.00000000
25	49	1	84.00000000	80.00000000
25	50	1	84.00000000	80.00000000
25	51	1	84.00000000	80.00000000
25	52	1	84.00000000	80.00000000
25	53	1	84.00000000	80.00000000
25	54	1	84.00000000	80.00000000
25	55	1	84.00000000	80.00000000
25	56	1	84.00000000	80.00000000
25	57	1	84.00000000	80.00000000
25	58	1	84.00000000	80.00000000
25	59	1	84.00000000	80.00000000
25	60	1	84.00000000	80.00000000
25	61	1	84.00000000	80.00000000
25	62	1	84.00000000	80.00000000
25	63	1	84.00000000	80.00000000
25	64	1	84.00000000	80.00000000
25	65	1	84.00000000	80.00000000
25	66	1	84.00000000	80.00000000
25	67	1	84.00000000	80.00000000
25	68	1	84.00000000	80.00000000
25	69	1	84.00000000	80.00000000
25	70	1	84.00000000	80.00000000
25	71	1	84.00000000	80.00000000
25	72	1	84.00000000	80.00000000
25	73	1	84.00000000	80.00000000
25	74	1	84.00000000	80.00000000
25	75	1	84.00000000	80.00000000
25	76	1	84.00000000	80.00000000
25	77	1	84.00000000	80.00000000
25	78	1	84.00000000	80.00000000
25	79	1	84.00000000	80.00000000
25	80	1	84.00000000	80.00000000
25	81	1	84.00000000	80.00000000
25	82	1	84.00000000	80.00000000
25	83	1	84.00000000	80.00000000
25	84	1	84.00000000	80.00000000
25	85	1	84.00000000	80.00000000
25	86	1	84.00000000	80.00000000
25	87	1	84.00000000	80.00000000
25	88	1	84.00000000	80.00000000
25	89	1	84.00000000	80.00000000
25	90	1	84.00000000	80.00000000
25	91	1	84.00000000	80.00000000
25	92	1	84.00000000	80.00000000
25	93	1	84.00000000	80.00000000
25	94	1	84.00000000	80.00000000
25	95	1	84.00000000	80.00000000
25	96	1	84.00000000	80.00000000
25	97	1	84.00000000	80.00000000
25	98	1	84.00000000	80.00000000
25	99	1	84.00000000	80.00000000
25	100	1	84.00000000	80.00000000
25	101	1	84.00000000	80.00000000
25	102	1	84.00000000	80.00000000
25	103	1	84.00000000	80.00000000
25	104	1	84.00000000	80.00000000
25	105	1	84.00000000	80.00000000
25	106	1	84.00000000	80.00000000
25	107	1	84.00000000	80.00000000
25	108	1	84.00000000	80.00000000
25	109	1	84.00000000	80.00000000
25	110	1	84.00000000	80.00000000
25	111	1	84.00000000	80.00000000
25	112	1	84.00000000	80.00000000
25	113	1	84.00000000	80.00000000
25	114	1	84.00000000	80.00000000
25	115	1	84.00000000	80.00000000
25	116	1	84.00000000	80.00000000
25	117	1	84.00000000	80.00000000
25	118	1	84.00000000	80.00000000
25	119	1	84.00000000	80.00000000
25	120	1	84.00000000	80.00000000
25	121	1	84.00000000	80.00000000
25	122	1	84.00000000	80.00000000
25	123	1	84.00000000	80.00000000
25	124	1	84.00000000	80.00000000
25	125	1	84.00000000	80.00000000
25	126	1	84.00000000	80.00000000
25	127	1	84.00000000	80.00000000
25	128	1	84.00000000	80.00000000
25	129	1	84.00000000	80.00000000
25	130	1	84.00000000	80.00000000
25	131	1	84.00000000	80.00000000
25	132	1	84.00000000	80.00000000
25	133	1	84.00000000	80.00000000
25	134	1	84.00000000	80.00000000
25	135	1	84.00000000	80.00000000
25	136	1	84.00000000	80.00000000
25	137	1	84.00000000	80.00000000
25	138	1	84.00000000	80.00000000
25	139	1	84.00000000	80.00000000
25	140	1	84.00000000	80.00000000
25	141	1	84.00000000	80.00000000
25	142	1	84.00000000	80.00000000
25	143	1	84.00000000	80.00000000
25	144	1	84.00000000	80.00000000
25	145	1	84.00000000	80.00000000
25	146	1	84.00000000	80.00000000
25	147	1	84.00000000	80.00000000
25	148	1	84.00000000	80.00000000
25	149	1	84.00000000	80.00000000
25	150	1	84.00000000	80.00000000
25	151	1	84.00000000	80.00000000
25	152	1	84.00000000	80.00000000
25	153	1	84.00000000	80.00000000
25	154	1	84.00000000	80.00000000
25	155	1	84.00000000	80.00000000
25	156	1	84.00000000	80.00000000
25	157	1	84.00000000	80.00000000
25	158	1	84.00000000	80.00000000
25	159	1	84.00000000	80.00000000
25	160	1	84.00000000	80.00000000
25	161	1	84.00000000	80.00000000
25	162	1	84.00000000	80.00000000
25	163	1	84.00000000	80.00000000
25	164	1	84.00000000	80.00000000
25	165	1	84.00000000	80.00000000
25	166	1	84.00000000	80.00000000
25	167	1	84.00000000	80.00000000
25	168	1	84.00000000	80.00000000
25	169	1	84.00000000	80.00000000
25	170	1	84.00000000	80.00000000
25	171	1	84.00000000	80.00000000
25	172	1	84.00000000	80.00000000
25	173	1	84.00000000	80.00000000
25	174	1	84.00000000	80.00000000
25	175	1	84.00000000	80.00000000
25	176	1	84.00000000	80.00000000
25	177	1	84.00000000	80.00000000
25	178	1	84.00000000	80.00000000
25	179	1	84.00000000	80.00000000
25	180	1	84.00000000	80.00000000
25	181	1	84.00000000	80.00000000
25	182	1	84.00000000	80.00000000
25	183	1	84.00000000	80.00000000
25	184	1	84.00000000	80.00000000
25	185	1	84.00000000	80.00000000
25	186	1	84.00000000	80.00000000
25	187	1	84.00000000	80.00000000
25	188	1	84.00000000	80.00000000
25	189	1	84.00000000	80.00000000
25	190	1	84.00000000	80.00000000
25	191	1	84.00000000	80.00000000
25	192	1	84.00000000	80.00000000
25	193	1	84.00000000	80.00000000
25	194	1	84.00000000	80.00000000
25	195	1	84.00000000	80.00000000
25	196	1	84.00000000	80.00000000
25	197	1	84.00000000	80.00000000
25	198	1	84.00000000	80.00000000
25	199	1	84.00000000	80.00000000
25	200	1	84.00000000	80.00000000
25	201	1	84.00000000	80.00000000
26	0	1	84.00000000	80.00000000
26	1	1	84.00000000	80.00000000
26	2	1	84.00000000	80.00000000
26	3	1	84.00000000	80.00000000
26	4	1	84.00000000	80.00000000
26	5	1	84.00000000	80.00000000
26	6	1	84.00000000	80.00000000
26	7	1	84.00000000	80.00000000
26	8	1	84.00000000	80.00000000
26	9	1	84.00000000	80.00000000
26	10	1	84.00000000	80.00000000
26	11	1	84.00000000	80.00000000
26	12	1	84.00000000	80.00000000
26	13	1	84.00000000	80.00000000
26	14	1	84.00000000	80.00000000
26	15	1	84.00000000	80.00000000
26	16	1	84.00000000	80.00000000
26	17	1	84.00000000	80.00000000
26	18	1	84.00000000	80.00000000
26	19	1	84.00000000	80.00000000
26	20	1	84.00000000	80.00000000
26	21	1	84.00000000	80.00000000
26	22	1	84.00000000	80.00000000
26	23	1	84.00000000	80.00000000
26	24	1	84.00000000	80.00000000
26	25	1	84.00000000	80.00000000
26	26	1	84.00000000	80.00000000
26	27	1	84.00000000	80.00000000
26	28	1	84.00000000	80.00000000
26	29	1	84.00000000	80.00000000
26	30	1	84.00000000	80.00000000
26	31	1	84.00000000	80.00000000
26	32	1	84.00000000	80.00000000
26	33	1	84.00000000	80.00000000
26	34	1	84.00000000	80.00000000
26	35	1	84.00000000	80.00000000
26	36	1	84.00000000	80.00000000
26	37	1	84.00000000	80.00000000
26	38	1	84.00000000	80.00000000
26	39	1	84.00000000	80.00000000
26	40	1	84.00000000	80.00000000
26	41	1	84.00000000	80.00000000
26	42	1	84.00000000	80.00000000
26	43	1	84.00000000	80.00000000
26	44	1	84.00000000	80.00000000
26	45	1	84.00000000	80.00000000
26	46	1	84.00000000	80.00000000
26	47	1	84.00000000	80.00000000
26	48	1	84.00000000	80.00000000
26	49	1	84.00000000	80.00000000
26	50	1	84.00000000	80.00000000
26	51	1	84.00000000	80.00000000
26	52	1	84.00000000	80.00000000
26	53	1	84.00000000	80.00000000
26	54	1	84.00000000	80.00000000
26	55	1	84.00000000	80.00000000
26	56	1	84.00000000	80.00000000
26	57	1	84.00000000	80.00000000
26	58	1	84.00000000	80.00000000
26	59	1	84.00000000	80.00000000
26	60	1	84.00000000	80.00000000
26	61	1	84.00000000	80.00000000
26	62	1	84.00000000	80.00000000
26	63	1	84.00000000	80.00000000
26	64	1	84.00000000	80.00000000
26	65	1	84.00000000	80.00000000
26	66	1	84.00000000	80.00000000
26	67	1	84.00000000	80.00000000
26	68	1	84.00000000	80.00000000
26	69	1	84.00000000	80.00000000
26	70	1	84.00000000	80.00000000
26	71	1	84.00000000	80.00000000
26	72	1	84.00000000	80.00000000
26	73	1	84.00000000	80.00000000
26	74	1	84.00000000	80.00000000
26	75	1	84.00000000	80.00000000
26	76	1	84.00000000	80.00000000
26	77	1	84.00000000	80.00000000
26	78	1	84.00000000	80.00000000
26	79	1	84.00000000	80.00000000
26	80	1	84.00000000	80.00000000
26	81	1	84.00000000	80.00000000
26	82	1	84.00000000	80.00000000
26	83	1	84.00000000	80.00000000
26	84	1	84.00000000	80.00000000
26	85	1	84.00000000	80.00000000
26	86	1	84.00000000	80.00000000
26	87	1	84.00000000	80.00000000
26	88	1	84.00000000	80.00000000
26	89	1	84.00000000	80.00000000
26	90	1	84.00000000	80.00000000
26	91	1	84.00000000	80.00000000
26	92	1	84.00000000	80.00000000
26	93	1	84.00000000	80.00000000
26	94	1	84.00000000	80.00000000
26	95	1	84.00000000	80.00000000
26	96	1	84.00000000	80.00000000
26	97	1	84.00000000	80.00000000
26	98	1	84.00000000	80.00000000
26	99	1	84.00000000	80.00000000
26	100	1	84.00000000	80.00000000
26	101	1	84.00000000	80.00000000
26	102	1	84.00000000	80.00000000
26	103	1	84.00000000	80.00000000
26	104	1	84.00000000	80.00000000
26	105	1	84.00000000	80.00000000
26	106	1	84.00000000	80.00000000
26	107	1	84.00000000	80.00000000
26	108	1	84.00000000	80.00000000
26	109	1	84.00000000	80.00000000
26	110	1	84.00000000	80.00000000
26	111	1	84.00000000	80.00000000
26	112	1	84.00000000	80.00000000
26	113	1	84.00000000	80.00000000
26	114	1	84.00000000	80.00000000
26	115	1	84.00000000	80.00000000
26	116	1	84.00000000	80.00000000
26	117	1	84.00000000	80.00000000
26	118	1	84.00000000	80.00000000
26	119	1	84.00000000	80.00000000
26	120	1	84.00000000	80.00000000
26	121	1	84.00000000	80.00000000
26	122	1	84.00000000	80.00000000
26	123	1	84.00000000	80.00000000
26	124	1	84.00000000	80.00000000
26	125	1	84.00000000	80.00000000
26	126	1	84.00000000	80.00000000
26	127	1	84.00000000	80.00000000
26	128	1	84.00000000	80.00000000
26	129	1	84.00000000	80.00000000
26	130	1	84.00000000	80.00000000
26	131	1	84.00000000	80.00000000
26	132	1	84.00000000	80.00000000
26	133	1	84.00000000	80.00000000
26	134	1	84.00000000	80.00000000
26	135	1	84.00000000	80.00000000
26	136	1	84.00000000	80.00000000
26	137	1	84.00000000	80.00000000
26	138	1	84.00000000	80.00000000
26	139	1	84.00000000	80.00000000
26	140	1	84.00000000	80.00000000
26	141	1	84.00000000	80.00000000
26	142	1	84.00000000	80.00000000
26	143	1	84.00000000	80.00000000
26	144	1	84.00000000	80.00000000
26	145	1	84.00000000	80.00000000
26	146	1	84.00000000	80.00000000
26	147	1	84.00000000	80.00000000
26	148	1	84.00000000	80.00000000
26	149	1	84.00000000	80.00000000
26	150	1	84.00000000	80.00000000
26	151	1	84.00000000	80.00000000
26	152	1	84.00000000	80.00000000
26	153	1	84.00000000	80.00000000
26	154	1	84.00000000	80.00000000
26	155	1	84.00000000	80.00000000
26	156	1	84.00000000	80.00000000
26	157	1	84.00000000	80.00000000
26	158	1	84.00000000	80.00000000
26	159	1	84.00000000	80.00000000
26	160	1	84.00000000	80.00000000
26	161	1	84.00000000	80.00000000
26	162	1	84.00000000	80.00000000
26	163	1	84.00000000	80.00000000
26	164	1	84.00000000	80.00000000
26	165	1	84.00000000	80.00000000
26	166	1	84.00000000	80.00000000
26	167	1	84.00000000	80.00000000
26	168	1	84.00000000	80.00000000
26	169	1	84.00000000	80.00000000
26	170	1	84.00000000	80.00000000
26	171	1	84.00000000	80.00000000
26	172	1	84.00000000	80.00000000
26	173	1	84.00000000	80.00000000
26	174	1	84.00000000	80.00000000
26	175	1	84.00000000	80.00000000
26	176	1	84.00000000	80.00000000
26	177	1	84.00000000	80.00000000
26	178	1	84.00000000	80.00000000
26	179	1	84.00000000	80.00000000
26	180	1	84.00000000	80.00000000
26	181	1	84.00000000	80.00000000
26	182	1	84.00000000	80.00000000
26	183	1	84.00000000	80.00000000
26	184	1	84.00000000	80.00000000
26	185	1	84.00000000	80.00000000
26	186	1	84.00000000	80.00000000
26	187	1	84.00000000	80.00000000
26	188	1	84.00000000	80.00000000
26	189	1	84.00000000	80.00000000
26	190	1	84.00000000	80.00000000
26	191	1	84.00000000	80.00000000
26	192	1	84.00000000	80.00000000
26	193	1	84.00000000	80.00000000
26	194	1	84.00000000	80.00000000
26	195	1	84.00000000	80.00000000
26	196	1	84.00000000	80.00000000
26	197	1	84.00000000	80.00000000
26	198	1	84.00000000	80.00000000
26	199	1	84.00000000	80.00000000
27	0	1	84.00000000	80.00000000
27	1	1	84.00000000	80.00000000
27	2	1	84.00000000	80.00000000
27	3	1	84.00000000	80.00000000
27	4	1	84.00000000	80.00000000
27	5	1	84.00000000	80.00000000
27	6	1	84.00000000	80.00000000
27	7	1	84.00000000	80.00000000
27	8	1	84.00000000	80.00000000
27	9	1	84.00000000	80.00000000
27	10	1	84.00000000	80.00000000
27	11	1	84.00000000	80.00000000
27	12	1	84.00000000	80.00000000
27	13	1	84.00000000	80.00000000
27	14	1	84.00000000	80.00000000
27	15	1	84.00000000	80.00000000
27	16	1	84.00000000	80.00000000
27	17	1	84.00000000	80.00000000
27	18	1	84.00000000	80.00000000
27	19	1	84.00000000	80.00000000
27	20	1	84.00000000	80.00000000
27	21	1	84.00000000	80.00000000
27	22	1	84.00000000	80.00000000
27	23	1	84.00000000	80.00000000
27	24	1	84.00000000	80.00000000
27	25	1	84.00000000	80.00000000
27	26	1	84.00000000	80.00000000
27	27	1	84.00000000	80.00000000
27	28	1	84.00000000	80.00000000
27	29	1	84.00000000	80.00000000
27	30	1	84.00000000	80.00000000
27	31	1	84.00000000	80.00000000
27	32	1	84.00000000	80.00000000
27	33	1	84.00000000	80.00000000
27	34	1	84.00000000	80.00000000
27	35	1	84.00000000	80.00000000
27	36	1	84.00000000	80.00000000
27	37	1	84.00000000	80.00000000
27	38	1	84.00000000	80.00000000
27	39	1	84.00000000	80.00000000
27	40	1	84.00000000	80.00000000
27	41	1	84.00000000	80.00000000
27	42	1	84.00000000	80.00000000
27	43	1	84.00000000	80.00000000
27	44	1	84.00000000	80.00000000
27	45	1	84.00000000	80.00000000
27	46	1	84.00000000	80.00000000
27	47	1	84.00000000	80.00000000
27	48	1	84.00000000	80.00000000
27	49	1	84.00000000	80.00000000
27	50	1	84.00000000	80.00000000
27	51	1	84.00000000	80.00000000
27	52	1	84.00000000	80.00000000
27	53	1	84.00000000	80.00000000
27	54	1	84.00000000	80.00000000
27	55	1	84.00000000	80.00000000
27	56	1	84.00000000	80.00000000
27	57	1	84.00000000	80.00000000
27	58	1	84.00000000	80.00000000
27	59	1	84.00000000	80.00000000
27	60	1	84.00000000	80.00000000
27	61	1	84.00000000	80.00000000
27	62	1	84.00000000	80.00000000
27	63	1	84.00000000	80.00000000
27	64	1	84.00000000	80.00000000
27	65	1	84.00000000	80.00000000
27	66	1	84.00000000	80.00000000
27	67	1	84.00000000	80.00000000
27	68	1	84.00000000	80.00000000
27	69	1	84.00000000	80.00000000
27	70	1	84.00000000	80.00000000
27	71	1	84.00000000	80.00000000
27	72	1	84.00000000	80.00000000
27	73	1	84.00000000	80.00000000
27	74	1	84.00000000	80.00000000
27	75	1	84.00000000	80.00000000
27	76	1	84.00000000	80.00000000
27	77	1	84.00000000	80.00000000
27	78	1	84.00000000	80.00000000
27	79	1	84.00000000	80.00000000
27	80	1	84.00000000	80.00000000
27	81	1	84.00000000	80.00000000
27	82	1	84.00000000	80.00000000
27	83	1	84.00000000	80.00000000
27	84	1	84.00000000	80.00000000
27	85	1	84.00000000	80.00000000
27	86	1	84.00000000	80.00000000
27	87	1	84.00000000	80.00000000
27	88	1	84.00000000	80.00000000
27	89	1	84.00000000	80.00000000
27	90	1	84.00000000	80.00000000
27	91	1	84.00000000	80.00000000
27	92	1	84.00000000	80.00000000
27	93	1	84.00000000	80.00000000
27	94	1	84.00000000	80.00000000
27	95	1	84.00000000	80.00000000
27	96	1	84.00000000	80.00000000
27	97	1	84.00000000	80.00000000
27	98	1	84.00000000	80.00000000
27	99	1	84.00000000	80.00000000
27	100	1	84.00000000	80.00000000
27	101	1	84.00000000	80.00000000
27	102	1	84.00000000	80.00000000
27	103	1	84.00000000	80.00000000
27	104	1	84.00000000	80.00000000
27	105	1	84.00000000	80.00000000
27	106	1	84.00000000	80.00000000
27	107	1	84.00000000	80.00000000
27	108	1	84.00000000	80.00000000
27	109	1	84.00000000	80.00000000
27	110	1	84.00000000	80.00000000
27	111	1	84.00000000	80.00000000
27	112	1	84.00000000	80.00000000
27	113	1	84.00000000	80.00000000
27	114	1	84.00000000	80.00000000
27	115	1	84.00000000	80.00000000
27	116	1	84.00000000	80.00000000
27	117	1	84.00000000	80.00000000
27	118	1	84.00000000	80.00000000
27	119	1	84.00000000	80.00000000
27	120	1	84.00000000	80.00000000
27	121	1	84.00000000	80.00000000
27	122	1	84.00000000	80.00000000
27	123	1	84.00000000	80.00000000
27	124	1	84.00000000	80.00000000
27	125	1	84.00000000	80.00000000
27	126	1	84.00000000	80.00000000
27	127	1	84.00000000	80.00000000
27	128	1	84.00000000	80.00000000
27	129	1	84.00000000	80.00000000
27	130	1	84.00000000	80.00000000
27	131	1	84.00000000	80.00000000
27	132	1	84.00000000	80.00000000
27	133	1	84.00000000	80.00000000
27	134	1	84.00000000	80.00000000
27	135	1	84.00000000	80.00000000
27	136	1	84.00000000	80.00000000
27	137	1	84.00000000	80.00000000
27	138	1	84.00000000	80.00000000
27	139	1	84.00000000	80.00000000
27	140	1	84.00000000	80.00000000
27	141	1	84.00000000	80.00000000
27	142	1	84.00000000	80.00000000
27	143	1	84.00000000	80.00000000
27	144	1	84.00000000	80.00000000
27	145	1	84.00000000	80.00000000
27	146	1	84.00000000	80.00000000
27	147	1	84.00000000	80.00000000
27	148	1	84.00000000	80.00000000
27	149	1	84.00000000	80.00000000
27	150	1	84.00000000	80.00000000
27	151	1	84.00000000	80.00000000
27	152	1	84.00000000	80.00000000
27	153	1	84.00000000	80.00000000
27	154	1	84.00000000	80.00000000
27	155	1	84.00000000	80.00000000
27	156	1	84.00000000	80.00000000
27	157	1	84.00000000	80.00000000
27	158	1	84.00000000	80.00000000
27	159	1	84.00000000	80.00000000
27	160	1	84.00000000	80.00000000
27	161	1	84.00000000	80.00000000
27	162	1	84.00000000	80.00000000
27	163	1	84.00000000	80.00000000
27	164	1	84.00000000	80.00000000
27	165	1	84.00000000	80.00000000
27	166	1	84.00000000	80.00000000
27	167	1	84.00000000	80.00000000
27	168	1	84.00000000	80.00000000
27	169	1	84.00000000	80.00000000
27	170	1	84.00000000	80.00000000
27	171	1	84.00000000	80.00000000
27	172	1	84.00000000	80.00000000
27	173	1	84.00000000	80.00000000
27	174	1	84.00000000	80.00000000
27	175	1	84.00000000	80.00000000
27	176	1	84.00000000	80.00000000
27	177	1	84.00000000	80.00000000
27	178	1	84.00000000	80.00000000
27	179	1	84.00000000	80.00000000
27	180	1	84.00000000	80.00000000
27	181	1	84.00000000	80.00000000
27	182	1	84.00000000	80.00000000
27	183	1	84.00000000	80.00000000
27	184	1	84.00000000	80.00000000
27	185	1	84.00000000	80.00000000
27	186	1	84.00000000	80.00000000
27	187	1	84.00000000	80.00000000
27	188	1	84.00000000	80.00000000
27	189	1	84.00000000	80.00000000
27	190	1	84.00000000	80.00000000
27	191	1	84.00000000	80.00000000
27	192	1	84.00000000	80.00000000
27	193	1	84.00000000	80.00000000
27	194	1	84.00000000	80.00000000
27	195	1	84.00000000	80.00000000
28	0	1	84.00000000	80.00000000
28	1	1	84.00000000	80.00000000
28	2	1	84.00000000	80.00000000
28	3	1	84.00000000	80.00000000
28	4	1	84.00000000	80.00000000
28	5	1	84.00000000	80.00000000
28	6	1	84.00000000	80.00000000
28	7	1	84.00000000	80.00000000
28	8	1	84.00000000	80.00000000
28	9	1	84.00000000	80.00000000
28	10	1	84.00000000	80.00000000
28	11	1	84.00000000	80.00000000
28	12	1	84.00000000	80.00000000
28	13	1	84.00000000	80.00000000
28	14	1	84.00000000	80.00000000
28	15	1	84.00000000	80.00000000
28	16	1	84.00000000	80.00000000
28	17	1	84.00000000	80.00000000
28	18	1	84.00000000	80.00000000
28	19	1	84.00000000	80.00000000
28	20	1	84.00000000	80.00000000
28	21	1	84.00000000	80.00000000
28	22	1	84.00000000	80.00000000
28	23	1	84.00000000	80.00000000
28	24	1	84.00000000	80.00000000
28	25	1	84.00000000	80.00000000
28	26	1	84.00000000	80.00000000
28	27	1	84.00000000	80.00000000
28	28	1	84.00000000	80.00000000
28	29	1	84.00000000	80.00000000
28	30	1	84.00000000	80.00000000
28	31	1	84.00000000	80.00000000
28	32	1	84.00000000	80.00000000
28	33	1	84.00000000	80.00000000
28	34	1	84.00000000	80.00000000
28	35	1	84.00000000	80.00000000
28	36	1	84.00000000	80.00000000
28	37	1	84.00000000	80.00000000
28	38	1	84.00000000	80.00000000
28	39	1	84.00000000	80.00000000
28	40	1	84.00000000	80.00000000
28	41	1	84.00000000	80.00000000
28	42	1	84.00000000	80.00000000
28	43	1	84.00000000	80.00000000
28	44	1	84.00000000	80.00000000
28	45	1	84.00000000	80.00000000
28	46	1	84.00000000	80.00000000
28	47	1	84.00000000	80.00000000
28	48	1	84.00000000	80.00000000
28	49	1	84.00000000	80.00000000
28	50	1	84.00000000	80.00000000
28	51	1	84.00000000	80.00000000
28	52	1	84.00000000	80.00000000
28	53	1	84.00000000	80.00000000
28	54	1	84.00000000	80.00000000
28	55	1	84.00000000	80.00000000
28	56	1	84.00000000	80.00000000
28	57	1	84.00000000	80.00000000
28	58	1	84.00000000	80.00000000
28	59	1	84.00000000	80.00000000
28	60	1	84.00000000	80.00000000
28	61	1	84.00000000	80.00000000
28	62	1	84.00000000	80.00000000
28	63	1	84.00000000	80.00000000
28	64	1	84.00000000	80.00000000
28	65	1	84.00000000	80.00000000
28	66	1	84.00000000	80.00000000
28	67	1	84.00000000	80.00000000
28	68	1	84.00000000	80.00000000
28	69	1	84.00000000	80.00000000
28	70	1	84.00000000	80.00000000
28	71	1	84.00000000	80.00000000
28	72	1	84.00000000	80.00000000
28	73	1	84.00000000	80.00000000
28	74	1	84.00000000	80.00000000
28	75	1	84.00000000	80.00000000
28	76	1	84.00000000	80.00000000
28	77	1	84.00000000	80.00000000
28	78	1	84.00000000	80.00000000
28	79	1	84.00000000	80.00000000
28	80	1	84.00000000	80.00000000
28	81	1	84.00000000	80.00000000
28	82	1	84.00000000	80.00000000
28	83	1	84.00000000	80.00000000
28	84	1	84.00000000	80.00000000
28	85	1	84.00000000	80.00000000
28	86	1	84.00000000	80.00000000
28	87	1	84.00000000	80.00000000
28	88	1	84.00000000	80.00000000
28	89	1	84.00000000	80.00000000
28	90	1	84.00000000	80.00000000
28	91	1	84.00000000	80.00000000
28	92	1	84.00000000	80.00000000
28	93	1	84.00000000	80.00000000
28	94	1	84.00000000	80.00000000
28	95	1	84.00000000	80.00000000
28	96	1	84.00000000	80.00000000
28	97	1	84.00000000	80.00000000
28	98	1	84.00000000	80.00000000
28	99	1	84.00000000	80.00000000
28	100	1	84.00000000	80.00000000
28	101	1	84.00000000	80.00000000
28	102	1	84.00000000	80.00000000
28	103	1	84.00000000	80.00000000
28	104	1	84.00000000	80.00000000
28	105	1	84.00000000	80.00000000
28	106	1	84.00000000	80.00000000
28	107	1	84.00000000	80.00000000
28	108	1	84.00000000	80.00000000
28	109	1	84.00000000	80.00000000
28	110	1	84.00000000	80.00000000
28	111	1	84.00000000	80.00000000
28	112	1	84.00000000	80.00000000
28	113	1	84.00000000	80.00000000
28	114	1	84.00000000	80.00000000
28	115	1	84.00000000	80.00000000
28	116	1	84.00000000	80.00000000
28	117	1	84.00000000	80.00000000
28	118	1	84.00000000	80.00000000
28	119	1	84.00000000	80.00000000
28	120	1	84.00000000	80.00000000
28	121	1	84.00000000	80.00000000
28	122	1	84.00000000	80.00000000
28	123	1	84.00000000	80.00000000
28	124	1	84.00000000	80.00000000
28	125	1	84.00000000	80.00000000
28	126	1	84.00000000	80.00000000
28	127	1	84.00000000	80.00000000
28	128	1	84.00000000	80.00000000
28	129	1	84.00000000	80.00000000
28	130	1	84.00000000	80.00000000
28	131	1	84.00000000	80.00000000
28	132	1	84.00000000	80.00000000
28	133	1	84.00000000	80.00000000
28	134	1	84.00000000	80.00000000
28	135	1	84.00000000	80.00000000
28	136	1	84.00000000	80.00000000
28	137	1	84.00000000	80.00000000
28	138	1	84.00000000	80.00000000
28	139	1	84.00000000	80.00000000
28	140	1	84.00000000	80.00000000
28	141	1	84.00000000	80.00000000
28	142	1	84.00000000	80.00000000
28	143	1	84.00000000	80.00000000
28	144	1	84.00000000	80.00000000
28	145	1	84.00000000	80.00000000
28	146	1	84.00000000	80.00000000
28	147	1	84.00000000	80.00000000
28	148	1	84.00000000	80.00000000
28	149	1	84.00000000	80.00000000
28	150	1	84.00000000	80.00000000
28	151	1	84.00000000	80.00000000
28	152	1	84.00000000	80.00000000
28	153	1	84.00000000	80.00000000
28	154	1	84.00000000	80.00000000
28	155	1	84.00000000	80.00000000
28	156	1	84.00000000	80.00000000
28	157	1	84.00000000	80.00000000
28	158	1	84.00000000	80.00000000
28	159	1	84.00000000	80.00000000
28	160	1	84.00000000	80.00000000
28	161	1	84.00000000	80.00000000
28	162	1	84.00000000	80.00000000
28	163	1	84.00000000	80.00000000
28	164	1	84.00000000	80.00000000
28	165	1	84.00000000	80.00000000
28	166	1	84.00000000	80.00000000
28	167	1	84.00000000	80.00000000
28	168	1	84.00000000	80.00000000
28	169	1	84.00000000	80.00000000
28	170	1	84.00000000	80.00000000
28	171	1	84.00000000	80.00000000
28	172	1	84.00000000	80.00000000
28	173	1	84.00000000	80.00000000
28	174	1	84.00000000	80.00000000
28	175	1	84.00000000	80.00000000
28	176	1	84.00000000	80.00000000
28	177	1	84.00000000	80.00000000
29	0	1	84.00000000	80.00000000
29	1	1	84.00000000	80.00000000
29	2	1	84.00000000	80.00000000
29	3	1	84.00000000	80.00000000
29	4	1	84.00000000	80.00000000
29	5	1	84.00000000	80.00000000
29	6	1	84.00000000	80.00000000
29	7	1	84.00000000	80.00000000
29	8	1	84.00000000	80.00000000
29	9	1	84.00000000	80.00000000
29	10	1	84.00000000	80.00000000
29	11	1	84.00000000	80.00000000
29	12	1	84.00000000	80.00000000
29	13	1	84.00000000	80.00000000
29	14	1	84.00000000	80.00000000
29	15	1	84.00000000	80.00000000
29	16	1	84.00000000	80.00000000
29	17	1	84.00000000	80.00000000
29	18	1	84.00000000	80.00000000
29	19	1	84.00000000	80.00000000
29	20	1	84.00000000	80.00000000
29	21	1	84.00000000	80.00000000
29	22	1	84.00000000	80.00000000
29	23	1	84.00000000	80.00000000
29	24	1	84.00000000	80.00000000
29	25	1	84.00000000	80.00000000
29	26	1	84.00000000	80.00000000
29	27	1	84.00000000	80.00000000
29	28	1	84.00000000	80.00000000
29	29	1	84.00000000	80.00000000
29	30	1	84.00000000	80.00000000
29	31	1	84.00000000	80.00000000
29	32	1	84.00000000	80.00000000
29	33	1	84.00000000	80.00000000
29	34	1	84.00000000	80.00000000
29	35	1	84.00000000	80.00000000
29	36	1	84.00000000	80.00000000
29	37	1	84.00000000	80.00000000
29	38	1	84.00000000	80.00000000
29	39	1	84.00000000	80.00000000
29	40	1	84.00000000	80.00000000
29	41	1	84.00000000	80.00000000
29	42	1	84.00000000	80.00000000
29	43	1	84.00000000	80.00000000
29	44	1	84.00000000	80.00000000
29	45	1	84.00000000	80.00000000
29	46	1	84.00000000	80.00000000
29	47	1	84.00000000	80.00000000
29	48	1	84.00000000	80.00000000
29	49	1	84.00000000	80.00000000
29	50	1	84.00000000	80.00000000
29	51	1	84.00000000	80.00000000
29	52	1	84.00000000	80.00000000
29	53	1	84.00000000	80.00000000
29	54	1	84.00000000	80.00000000
29	55	1	84.00000000	80.00000000
29	56	1	84.00000000	80.00000000
29	57	1	84.00000000	80.00000000
29	58	1	84.00000000	80.00000000
29	59	1	84.00000000	80.00000000
29	60	1	84.00000000	80.00000000
29	61	1	84.00000000	80.00000000
29	62	1	84.00000000	80.00000000
29	63	1	84.00000000	80.00000000
29	64	1	84.00000000	80.00000000
29	65	1	84.00000000	80.00000000
29	66	1	84.00000000	80.00000000
29	67	1	84.00000000	80.00000000
29	68	1	84.00000000	80.00000000
29	69	1	84.00000000	80.00000000
29	70	1	84.00000000	80.00000000
29	71	1	84.00000000	80.00000000
29	72	1	84.00000000	80.00000000
29	73	1	84.00000000	80.00000000
29	74	1	84.00000000	80.00000000
29	75	1	84.00000000	80.00000000
29	76	1	84.00000000	80.00000000
29	77	1	84.00000000	80.00000000
29	78	1	84.00000000	80.00000000
29	79	1	84.00000000	80.00000000
29	80	1	84.00000000	80.00000000
29	81	1	84.00000000	80.00000000
29	82	1	84.00000000	80.00000000
29	83	1	84.00000000	80.00000000
29	84	1	84.00000000	80.00000000
29	85	1	84.00000000	80.00000000
29	86	1	84.00000000	80.00000000
29	87	1	84.00000000	80.00000000
29	88	1	84.00000000	80.00000000
29	89	1	84.00000000	80.00000000
29	90	1	84.00000000	80.00000000
29	91	1	84.00000000	80.00000000
29	92	1	84.00000000	80.00000000
29	93	1	84.00000000	80.00000000
29	94	1	84.00000000	80.00000000
29	95	1	84.00000000	80.00000000
29	96	1	84.00000000	80.00000000
29	97	1	84.00000000	80.00000000
29	98	1	84.00000000	80.00000000
29	99	1	84.00000000	80.00000000
29	100	1	84.00000000	80.00000000
29	101	1	84.00000000	80.00000000
29	102	1	84.00000000	80.00000000
29	103	1	84.00000000	80.00000000
29	104	1	84.00000000	80.00000000
29	105	1	84.00000000	80.00000000
29	106	1	84.00000000	80.00000000
29	107	1	84.00000000	80.00000000
29	108	1	84.00000000	80.00000000
29	109	1	84.00000000	80.00000000
29	110	1	84.00000000	80.00000000
29	111	1	84.00000000	80.00000000
29	112	1	84.00000000	80.00000000
29	113	1	84.00000000	80.00000000
29	114	1	84.00000000	80.00000000
29	115	1	84.00000000	80.00000000
29	116	1	84.00000000	80.00000000
29	117	1	84.00000000	80.00000000
29	118	1	84.00000000	80.00000000
29	119	1	84.00000000	80.00000000
29	120	1	84.00000000	80.00000000
29	121	1	84.00000000	80.00000000
29	122	1	84.00000000	80.00000000
29	123	1	84.00000000	80.00000000
29	124	1	84.00000000	80.00000000
29	125	1	84.00000000	80.00000000
29	126	1	84.00000000	80.00000000
29	127	1	84.00000000	80.00000000
29	128	1	84.00000000	80.00000000
29	129	1	84.00000000	80.00000000
30	0	1	84.00000000	80.00000000
30	1	1	84.00000000	80.00000000
30	2	1	84.00000000	80.00000000
30	3	1	84.00000000	80.00000000
30	4	1	84.00000000	80.00000000
30	5	1	84.00000000	80.00000000
30	6	1	84.00000000	80.00000000
30	7	1	84.00000000	80.00000000
30	8	1	84.00000000	80.00000000
30	9	1	84.00000000	80.00000000
30	10	1	84.00000000	80.00000000
30	11	1	84.00000000	80.00000000
30	12	1	84.00000000	80.00000000
30	13	1	84.00000000	80.00000000
30	14	1	84.00000000	80.00000000
30	15	1	84.00000000	80.00000000
30	16	1	84.00000000	80.00000000
30	17	1	84.00000000	80.00000000
30	18	1	84.00000000	80.00000000
30	19	1	84.00000000	80.00000000
30	20	1	84.00000000	80.00000000
30	21	1	84.00000000	80.00000000
30	22	1	84.00000000	80.00000000
30	23	1	84.00000000	80.00000000
30	24	1	84.00000000	80.00000000
30	25	1	84.00000000	80.00000000
30	26	1	84.00000000	80.00000000
30	27	1	84.00000000	80.00000000
30	28	1	84.00000000	80.00000000
30	29	1	84.00000000	80.00000000
30	30	1	84.00000000	80.00000000
30	31	1	84.00000000	80.00000000
30	32	1	84.00000000	80.00000000
30	33	1	84.00000000	80.00000000
30	34	1	84.00000000	80.00000000
30	35	1	84.00000000	80.00000000
30	36	1	84.00000000	80.00000000
30	37	1	84.00000000	80.00000000
30	38	1	84.00000000	80.00000000
30	39	1	84.00000000	80.00000000
30	40	1	84.00000000	80.00000000
30	41	1	84.00000000	80.00000000
30	42	1	84.00000000	80.00000000
30	43	1	84.00000000	80.00000000
30	44	1	84.00000000	80.00000000
30	45	1	84.00000000	80.00000000
30	46	1	84.00000000	80.00000000
30	47	1	84.00000000	80.00000000
30	48	1	84.00000000	80.00000000
30	49	1	84.00000000	80.00000000
30	50	1	84.00000000	80.00000000
30	51	1	84.00000000	80.00000000
30	52	1	84.00000000	80.00000000
30	53	1	84.00000000	80.00000000
30	54	1	84.00000000	80.00000000
30	55	1	84.00000000	80.00000000
30	56	1	84.00000000	80.00000000
30	57	1	84.00000000	80.00000000
30	58	1	84.00000000	80.00000000
30	59	1	84.00000000	80.00000000
30	60	1	84.00000000	80.00000000
30	61	1	84.00000000	80.00000000
30	62	1	84.00000000	80.00000000
30	63	1	84.00000000	80.00000000
30	64	1	84.00000000	80.00000000
30	65	1	84.00000000	80.00000000
30	66	1	84.00000000	80.00000000
30	67	1	84.00000000	80.00000000
30	68	1	84.00000000	80.00000000
30	69	1	84.00000000	80.00000000
30	70	1	84.00000000	80.00000000
30	71	1	84.00000000	80.00000000
30	72	1	84.00000000	80.00000000
30	73	1	84.00000000	80.00000000
30	74	1	84.00000000	80.00000000
30	75	1	84.00000000	80.00000000
30	76	1	84.00000000	80.00000000
30	77	1	84.00000000	80.00000000
30	78	1	84.00000000	80.00000000
30	79	1	84.00000000	80.00000000
30	80	1	84.00000000	80.00000000
30	81	1	84.00000000	80.00000000
30	82	1	84.00000000	80.00000000
30	83	1	84.00000000	80.00000000
30	84	1	84.00000000	80.00000000
30	85	1	84.00000000	80.00000000
30	86	1	84.00000000	80.00000000
30	87	1	84.00000000	80.00000000
30	88	1	84.00000000	80.00000000
30	89	1	84.00000000	80.00000000
30	90	1	84.00000000	80.00000000
30	91	1	84.00000000	80.00000000
30	92	1	84.00000000	80.00000000
30	93	1	84.00000000	80.00000000
30	94	1	84.00000000	80.00000000
30	95	1	84.00000000	80.00000000
30	96	1	84.00000000	80.00000000
30	97	1	84.00000000	80.00000000
30	98	1	84.00000000	80.00000000
30	99	1	84.00000000	80.00000000
30	100	1	84.00000000	80.00000000
30	101	1	84.00000000	80.00000000
30	102	1	84.00000000	80.00000000
30	103	1	84.00000000	80.00000000
30	104	1	84.00000000	80.00000000
30	105	1	84.00000000	80.00000000
30	106	1	84.00000000	80.00000000
30	107	1	84.00000000	80.00000000
31	0	1	84.00000000	80.00000000
31	1	1	84.00000000	80.00000000
31	2	1	84.00000000	80.00000000
31	3	1	84.00000000	80.00000000
31	4	1	84.00000000	80.00000000
31	5	1	84.00000000	80.00000000
31	6	1	84.00000000	80.00000000
31	7	1	84.00000000	80.00000000
31	8	1	84.00000000	80.00000000
31	9	1	84.00000000	80.00000000
31	10	1	84.00000000	80.00000000
31	11	1	84.00000000	80.00000000
31	12	1	84.00000000	80.00000000
31	13	1	84.00000000	80.00000000
31	14	1	84.00000000	80.00000000
31	15	1	84.00000000	80.00000000
31	16	1	84.00000000	80.00000000
31	17	1	84.00000000	80.00000000
31	18	1	84.00000000	80.00000000
31	19	1	84.00000000	80.00000000
31	20	1	84.00000000	80.00000000
31	21	1	84.00000000	80.00000000
31	22	1	84.00000000	80.00000000
31	23	1	84.00000000	80.00000000
31	24	1	84.00000000	80.00000000
31	25	1	84.00000000	80.00000000
31	26	1	84.00000000	80.00000000
31	27	1	84.00000000	80.00000000
31	28	1	84.00000000	80.00000000
31	29	1	84.00000000	80.00000000
31	30	1	84.00000000	80.00000000
31	31	1	84.00000000	80.00000000
31	32	1	84.00000000	80.00000000
31	33	1	84.00000000	80.00000000
31	34	1	84.00000000	80.00000000
31	35	1	84.00000000	80.00000000
31	36	1	84.00000000	80.00000000
31	37	1	84.00000000	80.00000000
31	38	1	84.00000000	80.00000000
31	39	1	84.00000000	80.00000000
31	40	1	84.00000000	80.00000000
31	41	1	84.00000000	80.00000000
31	42	1	84.00000000	80.00000000
31	43	1	84.00000000	80.00000000
31	44	1	84.00000000	80.00000000
31	45	1	84.00000000	80.00000000
31	46	1	84.00000000	80.00000000
31	47	1	84.00000000	80.00000000
31	48	1	84.00000000	80.00000000
31	49	1	84.00000000	80.00000000
31	50	1	84.00000000	80.00000000
31	51	1	84.00000000	80.00000000
31	52	1	84.00000000	80.00000000
31	53	1	84.00000000	80.00000000
31	54	1	84.00000000	80.00000000
31	55	1	84.00000000	80.00000000
31	56	1	84.00000000	80.00000000
31	57	1	84.00000000	80.00000000
31	58	1	84.00000000	80.00000000
31	59	1	84.00000000	80.00000000
31	60	1	84.00000000	80.00000000
31	61	1	84.00000000	80.00000000
31	62	1	84.00000000	80.00000000
31	63	1	84.00000000	80.00000000
31	64	1	84.00000000	80.00000000
31	65	1	84.00000000	80.00000000
31	66	1	84.00000000	80.00000000
31	67	1	84.00000000	80.00000000
31	68	1	84.00000000	80.00000000
31	69	1	84.00000000	80.00000000
31	70	1	84.00000000	80.00000000
31	71	1	84.00000000	80.00000000
31	72	1	84.00000000	80.00000000
31	73	1	84.00000000	80.00000000
31	74	1	84.00000000	80.00000000
31	75	1	84.00000000	80.00000000
31	76	1	84.00000000	80.00000000
31	77	1	84.00000000	80.00000000
31	78	1	84.00000000	80.00000000
31	79	1	84.00000000	80.00000000
31	80	1	84.00000000	80.00000000
31	81	1	84.00000000	80.00000000
31	82	1	84.00000000	80.00000000
31	83	1	84.00000000	80.00000000
31	84	1	84.00000000	80.00000000
31	85	1	84.00000000	80.00000000
31	86	1	84.00000000	80.00000000
31	87	1	84.00000000	80.00000000
31	88	1	84.00000000	80.00000000
31	89	1	84.00000000	80.00000000
########################################
# TPC Y : y = (ct-p0)*p1               #
########################################
0	0	2	-1291.03409362	0.05500000
0	1	2	-1300.96564467	0.05500000
0	2	2	-1296.23737032	0.05500000
0	3	2	-1261.20972932	0.05500000
0	4	2	-1287.05820752	0.05500000
0	5	2	-1281.72467123	0.05500000
0	6	2	-1276.29835709	0.05500000
0	7	2	-1279.35383991	0.05500000
0	8	2	-1290.82328525	0.05500000
0	9	2	-1263.79012989	0.05500000
0	10	2	-1278.52632354	0.05500000
0	11	2	-1326.18446277	0.05500000
0	12	2	-1285.21784719	0.05500000
0	13	2	-1276.21653177	0.05500000
0	14	2	-1287.05820752	0.05500000
0	15	2	-1288.50374488	0.05500000
0	16	2	-1283.25900821	0.05500000
0	17	2	-1287.05820752	0.05500000
0	18	2	-1304.28629047	0.05500000
0	19	2	-1268.38266182	0.05500000
0	20	2	-1304.42639035	0.05500000
0	21	2	-1286.58758962	0.05500000
0	22	2	-1294.49656578	0.05500000
0	23	2	-1290.69782014	0.05500000
0	24	2	-1249.23006125	0.05500000
0	25	2	-1229.44845367	0.05500000
0	26	2	-1263.65342833	0.05500000
0	27	2	-1260.00298149	0.05500000
0	28	2	-1258.93474129	0.05500000
0	29	2	-1257.95781148	0.05500000
0	30	2	-1252.32213133	0.05500000
0	31	2	-1255.06915273	0.05500000
0	32	2	-1262.41669292	0.05500000
0	33	2	-1256.25656761	0.05500000
0	34	2	-1268.76405529	0.05500000
0	35	2	-1260.85880636	0.05500000
0	36	2	-1263.33746655	0.05500000
0	37	2	-1260.40606023	0.05500000
0	38	2	-1263.46122491	0.05500000
0	39	2	-1247.56744733	0.05500000
0	40	2	-1254.63954175	0.05500000
0	41	2	-1246.96694741	0.05500000
0	42	2	-1257.69611495	0.05500000
0	43	2	-1255.98907348	0.05500000
0	44	2	-1252.83191419	0.05500000
0	45	2	-1253.78622565	0.05500000
0	46	2	-1248.62085530	0.05500000
0	47	2	-1241.44190996	0.05500000
1	0	2	-1271.45988558	0.05500000
1	1	2	-1285.20403761	0.05500000
1	2	2	-1263.92059495	0.05500000
1	3	2	-1290.26955100	0.05500000
1	4	2	-1267.48854274	0.05500000
1	5	2	-1294.57803774	0.05500000
1	6	2	-1265.25066423	0.05500000
1	7	2	-1246.35206933	0.05500000
1	8	2	-1272.17005372	0.05500000
1	9	2	-1268.58621811	0.05500000
1	10	2	-1279.49559542	0.05500000
1	11	2	-1257.78360594	0.05500000
1	12	2	-1275.48297469	0.05500000
1	13	2	-1294.73355196	0.05500000
1	14	2	-1288.70410150	0.05500000
1	15	2	-1269.31200434	0.05500000
1	16	2	-1279.92508647	0.05500000
1	17	2	-1266.02228918	0.05500000
1	18	2	-1279.04257257	0.05500000
1	19	2	-1275.30568303	0.05500000
1	20	2	-1273.64642826	0.05500000
1	21	2	-1275.66123870	0.05500000
1	22	2	-1283.30874482	0.05500000
1	23	2	-1280.73213658	0.05500000
1	24	2	-1265.11907267	0.05500000
1	25	2	-1275.21613237	0.05500000
1	26	2	-1275.71852487	0.05500000
1	27	2	-1262.50891842	0.05500000
1	28	2	-1269.25098023	0.05500000
1	29	2	-1278.67220562	0.05500000
1	30	2	-1265.45478030	0.05500000
1	31	2	-1278.52081687	0.05500000
1	32	2	-1268.74438136	0.05500000
1	33	2	-1290.57838894	0.05500000
1	34	2	-1271.50973425	0.05500000
1	35	2	-1281.48054936	0.05500000
1	36	2	-1279.72522375	0.05500000
1	37	2	-1288.76597686	0.05500000
1	38	2	-1270.32966085	0.05500000
1	39	2	-1283.64523482	0.05500000
1	40	2	-1277.80428069	0.05500000
1	41	2	-1283.25693498	0.05500000
1	42	2	-1274.75633043	0.05500000
1	43	2	-1273.49115913	0.05500000
1	44	2	-1269.85425778	0.05500000
1	45	2	-1279.72057960	0.05500000
1	46	2	-1279.04419147	0.05500000
1	47	2	-1272.77693891	0.05500000
2	0	2	-1280.12945110	0.05500000
2	1	2	-1284.97318710	0.05500000
2	2	2	-1272.29085985	0.05500000
2	3	2	-1272.83004038	0.05500000
2	4	2	-1289.02053408	0.05500000
2	5	2	-1260.09698115	0.05500000
2	6	2	-1288.03720242	0.05500000
2	7	2	-1259.22518439	0.05500000
2	8	2	-1288.55741590	0.05500000
2	9	2	-1265.21355372	0.05500000
2	10	2	-1300.13242729	0.05500000
2	11	2	-1260.58778870	0.05500000
2	12	2	-1280.50891581	0.05500000
2	13	2	-1269.95409696	0.05500000
2	14	2	-1302.44041007	0.05500000
2	15	2	-1276.37349086	0.05500000
2	16	2	-1275.36242670	0.05500000
2	17	2	-1269.49035303	0.05500000
2	18	2	-1287.02364166	0.05500000
2	19	2	-1268.98085296	0.05500000
2	20	2	-1282.29828336	0.05500000
2	21	2	-1276.47172111	0.05500000
2	22	2	-1289.38904836	0.05500000
2	23	2	-1273.08502216	0.05500000
2	24	2	-1296.30562373	0.05500000
2	25	2	-1280.71820955	0.05500000
2	26	2	-1274.20009248	0.05500000
2	27	2	-1275.99700043	0.05500000
2	28	2	-1291.83418281	0.05500000
2	29	2	-1277.52819586	0.05500000
2	30	2	-1284.67662177	0.05500000
2	31	2	-1280.98696619	0.05500000
2	32	2	-1289.35384993	0.05500000
2	33	2	-1266.61113296	0.05500000
2	34	2	-1292.96340700	0.05500000
2	35	2	-1280.86203380	0.05500000
2	36	2	-1301.86886220	0.05500000
2	37	2	-1272.07678009	0.05500000
2	38	2	-1282.56578634	0.05500000
2	39	2	-1277.65239910	0.05500000
2	40	2	-1282.13232341	0.05500000
2	41	2	-1282.73586773	0.05500000
2	42	2	-1280.89758807	0.05500000
2	43	2	-1277.82480086	0.05500000
2	44	2	-1279.30619277	0.05500000
2	45	2	-1279.23426907	0.05500000
2	46	2	-1282.03729173	0.05500000
2	47	2	-1274.78638990	0.05500000
2	48	2	-1278.82218906	0.05500000
2	49	2	-1277.07247951	0.05500000
2	50	2	-1281.41215616	0.05500000
2	51	2	-1279.59063034	0.05500000
2	52	2	-1284.61498253	0.05500000
2	53	2	-1284.19812431	0.05500000
2	54	2	-1281.70764635	0.05500000
2	55	2	-1280.99411190	0.05500000
2	56	2	-1290.48679441	0.05500000
2	57	2	-1285.10564129	0.05500000
2	58	2	-1286.41778177	0.05500000
2	59	2	-1281.50959814	0.05500000
2	60	2	-1282.81095173	0.05500000
2	61	2	-1283.87092629	0.05500000
2	62	2	-1285.75356095	0.05500000
2	63	2	-1255.19697369	0.05500000
2	64	2	-1286.35808468	0.05500000
2	65	2	-1280.80425919	0.05500000
2	66	2	-1281.77736404	0.05500000
2	67	2	-1279.64296771	0.05500000
2	68	2	-1277.55934987	0.05500000
2	69	2	-1277.73568628	0.05500000
2	70	2	-1280.62828519	0.05500000
2	71	2	-1276.66291299	0.05500000
3	0	2	-1259.30027828	0.05500000
3	1	2	-1265.77325746	0.05500000
3	2	2	-1263.66201606	0.05500000
3	3	2	-1259.34774692	0.05500000
3	4	2	-1262.92815264	0.05500000
3	5	2	-1261.06545927	0.05500000
3	6	2	-1264.52978380	0.05500000
3	7	2	-1266.07496582	0.05500000
3	8	2	-1265.91132979	0.05500000
3	9	2	-1263.60667258	0.05500000
3	10	2	-1258.57343276	0.05500000
3	11	2	-1265.42314409	0.05500000
3	12	2	-1260.29832677	0.05500000
3	13	2	-1262.29450268	0.05500000
3	14	2	-1261.52950623	0.05500000
3	15	2	-1265.72515250	0.05500000
3	16	2	-1266.58425901	0.05500000
3	17	2	-1262.53454538	0.05500000
3	18	2	-1263.16826557	0.05500000
3	19	2	-1268.82438867	0.05500000
3	20	2	-1271.76435755	0.05500000
3	21	2	-1267.34835980	0.05500000
3	22	2	-1268.44419129	0.05500000
3	23	2	-1273.13872823	0.05500000
3	24	2	-1263.26080662	0.05500000
3	25	2	-1260.49718979	0.05500000
3	26	2	-1268.78476484	0.05500000
3	27	2	-1265.07842751	0.05500000
3	28	2	-1264.09227430	0.05500000
3	29	2	-1266.12374382	0.05500000
3	30	2	-1268.59976181	0.05500000
3	31	2	-1267.98855212	0.05500000
3	32	2	-1270.50352666	0.05500000
3	33	2	-1266.68033043	0.05500000
3	34	2	-1266.26761702	0.05500000
3	35	2	-1268.66962490	0.05500000
3	36	2	-1271.24429472	0.05500000
3	37	2	-1267.20976197	0.05500000
3	38	2	-1264.82603843	0.05500000
3	39	2	-1265.47561720	0.05500000
3	40	2	-1270.65947235	0.05500000
3	41	2	-1267.20943817	0.05500000
3	42	2	-1268.41819256	0.05500000
3	43	2	-1271.18205675	0.05500000
3	44	2	-1267.70327179	0.05500000
3	45	2	-1261.52942367	0.05500000
3	46	2	-1267.25371387	0.05500000
3	47	2	-1267.69859577	0.05500000
3	48	2	-1272.96976871	0.05500000
3	49	2	-1266.91392598	0.05500000
3	50	2	-1252.44977428	0.05500000
3	51	2	-1272.41124099	0.05500000
3	52	2	-1252.95732797	0.05500000
3	53	2	-1272.90501765	0.05500000
3	54	2	-1267.12651948	0.05500000
3	55	2	-1263.10915603	0.05500000
3	56	2	-1265.98631407	0.05500000
3	57	2	-1269.52348372	0.05500000
3	58	2	-1267.16714995	0.05500000
3	59	2	-1268.29802908	0.05500000
3	60	2	-1268.27720743	0.05500000
3	61	2	-1271.18470520	0.05500000
3	62	2	-1261.12783127	0.05500000
3	63	2	-1265.00836149	0.05500000
3	64	2	-1266.66834728	0.05500000
3	65	2	-1262.13873612	0.05500000
3	66	2	-1271.29692837	0.05500000
3	67	2	-1270.03840139	0.05500000
3	68	2	-1267.70233041	0.05500000
3	69	2	-1270.73973651	0.05500000
3	70	2	-1272.42086181	0.05500000
3	71	2	-1274.86901680	0.05500000
3	72	2	-1271.04717815	0.05500000
3	73	2	-1274.25082480	0.05500000
3	74	2	-1273.40514752	0.05500000
3	75	2	-1273.09246397	0.05500000
3	76	2	-1273.07984716	0.05500000
3	77	2	-1271.37898213	0.05500000
3	78	2	-1272.79715747	0.05500000
3	79	2	-1268.01430750	0.05500000
3	80	2	-1274.23911785	0.05500000
3	81	2	-1273.47886188	0.05500000
3	82	2	-1262.03477962	0.05500000
3	83	2	-1296.67471361	0.05500000
3	84	2	-1258.72867672	0.05500000
3	85	2	-1280.64966238	0.05500000
3	86	2	-1265.29340917	0.05500000
3	87	2	-1269.49111566	0.05500000
3	88	2	-1267.13239948	0.05500000
3	89	2	-1268.31130556	0.05500000
3	90	2	-1252.49378820	0.05500000
3	91	2	-1269.78473233	0.05500000
3	92	2	-1264.82474948	0.05500000
3	93	2	-1264.63257396	0.05500000
3	94	2	-1267.51621008	0.05500000
3	95	2	-1263.10943163	0.05500000
4	0	2	-1243.56507757	0.05500000
4	1	2	-1255.66056401	0.05500000
4	2	2	-1261.73126222	0.05500000
4	3	2	-1225.21011603	0.05500000
4	4	2	-1256.11746198	0.05500000
4	5	2	-1231.95637480	0.05500000
4	6	2	-1257.95652789	0.05500000
4	7	2	-1244.83657855	0.05500000
4	8	2	-1249.65371146	0.05500000
4	9	2	-1247.26244257	0.05500000
4	10	2	-1246.45220206	0.05500000
4	11	2	-1249.05188820	0.05500000
4	12	2	-1248.74395672	0.05500000
4	13	2	-1247.60430064	0.05500000
4	14	2	-1254.06332743	0.05500000
4	15	2	-1236.74485741	0.05500000
4	16	2	-1193.87577614	0.05500000
4	17	2	-1248.31055894	0.05500000
4	18	2	-1239.51882840	0.05500000
4	19	2	-1251.32499900	0.05500000
4	20	2	-1256.93156163	0.05500000
4	21	2	-1275.21839775	0.05500000
4	22	2	-1258.21862301	0.05500000
4	23	2	-1203.67127220	0.05500000
4	24	2	-1262.80345446	0.05500000
4	25	2	-1253.70776026	0.05500000
4	26	2	-1302.81149931	0.05500000
4	27	2	-1256.08612696	0.05500000
4	28	2	-1279.69796346	0.05500000
4	29	2	-1262.38167292	0.05500000
4	30	2	-1262.42079765	0.05500000
4	31	2	-1257.72281054	0.05500000
4	32	2	-1269.66268189	0.05500000
4	33	2	-1243.12675301	0.05500000
4	34	2	-1262.63989701	0.05500000
4	35	2	-1261.51612523	0.05500000
4	36	2	-1261.78337376	0.05500000
4	37	2	-1277.43412191	0.05500000
4	38	2	-1266.79133063	0.05500000
4	39	2	-1259.20179023	0.05500000
4	40	2	-1275.73678458	0.05500000
4	41	2	-1247.46475610	0.05500000
4	42	2	-1306.63942323	0.05500000
4	43	2	-1252.36271321	0.05500000
4	44	2	-1256.13016761	0.05500000
4	45	2	-1239.25109987	0.05500000
4	46	2	-1257.02244965	0.05500000
4	47	2	-1286.54122787	0.05500000
4	48	2	-1257.34054998	0.05500000
4	49	2	-1264.87860637	0.05500000
4	50	2	-1230.44556518	0.05500000
4	51	2	-1248.51924973	0.05500000
4	52	2	-1258.89264732	0.05500000
4	53	2	-1260.65939723	0.05500000
4	54	2	-1251.29488136	0.05500000
4	55	2	-1251.06097324	0.05500000
4	56	2	-1243.20914956	0.05500000
4	57	2	-1251.23671820	0.05500000
4	58	2	-1246.89559557	0.05500000
4	59	2	-1243.83277830	0.05500000
4	60	2	-1287.34602191	0.05500000
4	61	2	-1275.54042809	0.05500000
4	62	2	-1282.89407958	0.05500000
4	63	2	-1273.12261256	0.05500000
4	64	2	-1286.21400749	0.05500000
4	65	2	-1267.18950284	0.05500000
4	66	2	-1288.37399117	0.05500000
4	67	2	-1271.94039937	0.05500000
4	68	2	-1274.65614636	0.05500000
4	69	2	-1272.51279363	0.05500000
4	70	2	-1280.79902150	0.05500000
4	71	2	-1277.61323622	0.05500000
4	72	2	-1288.58736690	0.05500000
4	73	2	-1274.25615795	0.05500000
4	74	2	-1283.60225699	0.05500000
4	75	2	-1271.70910210	0.05500000
4	76	2	-1292.30105808	0.05500000
4	77	2	-1279.68165688	0.05500000
4	78	2	-1288.67509534	0.05500000
4	79	2	-1284.87703964	0.05500000
4	80	2	-1288.52585637	0.05500000
4	81	2	-1279.25019861	0.05500000
4	82	2	-1287.25511368	0.05500000
4	83	2	-1278.45920741	0.05500000
4	84	2	-1292.07067792	0.05500000
4	85	2	-1289.02973372	0.05500000
4	86	2	-1283.80501809	0.05500000
4	87	2	-1286.65442293	0.05500000
4	88	2	-1284.68872521	0.05500000
4	89	2	-1288.57122637	0.05500000
4	90	2	-1292.73884788	0.05500000
4	91	2	-1288.56356567	0.05500000
4	92	2	-1288.53495321	0.05500000
4	93	2	-1287.48596717	0.05500000
4	94	2	-1290.20278751	0.05500000
4	95	2	-1287.94817658	0.05500000
4	96	2	-1287.68818077	0.05500000
4	97	2	-1289.44636711	0.05500000
4	98	2	-1295.42601436	0.05500000
4	99	2	-1290.10620582	0.05500000
4	100	2	-1248.12975564	0.05500000
4	101	2	-1250.36398515	0.05500000
4	102	2	-1247.92918883	0.05500000
4	103	2	-1252.55129258	0.05500000
4	104	2	-1257.57286282	0.05500000
4	105	2	-1246.31396481	0.05500000
4	106	2	-1246.46002993	0.05500000
4	107	2	-1251.43160544	0.05500000
4	108	2	-1246.05948824	0.05500000
4	109	2	-1250.57881163	0.05500000
4	110	2	-1242.94053406	0.05500000
4	111	2	-1238.89236901	0.05500000
4	112	2	-1237.48827543	0.05500000
4	113	2	-1239.60774708	0.05500000
4	114	2	-1241.50259251	0.05500000
4	115	2	-1258.55908606	0.05500000
4	116	2	-1241.39227955	0.05500000
4	117	2	-1243.34488810	0.05500000
4	118	2	-1246.00495185	0.05500000
4	119	2	-1256.04103692	0.05500000
5	0	2	-1238.94372884	0.05472853
5	1	2	-1245.67078108	0.05472853
5	2	2	-1243.59995783	0.05472853
5	3	2	-1245.13406294	0.05472853
5	4	2	-1244.78539949	0.05472853
5	5	2	-1246.86564648	0.05472853
5	6	2	-1240.08593122	0.05472853
5	7	2	-1243.48237372	0.05472853
5	8	2	-1242.20602824	0.05472853
5	9	2	-1242.40236966	0.05472853
5	10	2	-1242.35899808	0.05472853
5	11	2	-1241.65411912	0.05472853
5	12	2	-1241.67817266	0.05472853
5	13	2	-1240.35545702	0.05472853
5	14	2	-1242.18034470	0.05472853
5	15	2	-1240.21213251	0.05472853
5	16	2	-1238.43805650	0.05472853
5	17	2	-1237.45250628	0.05472853
5	18	2	-1238.09944363	0.05472853
5	19	2	-1235.00785577	0.05472853
5	20	2	-1233.34622546	0.05472853
5	21	2	-1232.99892474	0.05472853
5	22	2	-1231.96496048	0.05472853
5	23	2	-1233.19081876	0.05472853
5	24	2	-1238.78190861	0.05472853
5	25	2	-1238.43266398	0.05472853
5	26	2	-1241.06432271	0.05472853
5	27	2	-1236.21807320	0.05472853
5	28	2	-1236.96188575	0.05472853
5	29	2	-1236.49778921	0.05472853
5	30	2	-1237.80592193	0.05472853
5	31	2	-1246.18465909	0.05472853
5	32	2	-1238.73147580	0.05472853
5	33	2	-1239.13384891	0.05472853
5	34	2	-1237.36308869	0.05472853
5	35	2	-1237.65984219	0.05472853
5	36	2	-1235.68735624	0.05472853
5	37	2	-1245.21586536	0.05472853
5	38	2	-1236.19202667	0.05472853
5	39	2	-1237.24498645	0.05472853
5	40	2	-1239.00881483	0.05472853
5	41	2	-1241.09909320	0.05472853
5	42	2	-1235.81619040	0.05472853
5	43	2	-1235.54262478	0.05472853
5	44	2	-1236.83945178	0.05472853
5	45	2	-1237.13154875	0.05472853
5	46	2	-1238.80159673	0.05472853
5	47	2	-1238.60901537	0.05472853
5	48	2	-1232.95542327	0.05472853
5	49	2	-1229.61012547	0.05472853
5	50	2	-1235.13054744	0.05472853
5	51	2	-1235.55678236	0.05472853
5	52	2	-1234.81531562	0.05472853
5	53	2	-1235.50009686	0.05472853
5	54	2	-1233.75983657	0.05472853
5	55	2	-1233.64957799	0.05472853
5	56	2	-1236.83264329	0.05472853
5	57	2	-1238.42699363	0.05472853
5	58	2	-1239.99077917	0.05472853
5	59	2	-1239.18241394	0.05472853
5	60	2	-1238.70351373	0.05472853
5	61	2	-1239.01696587	0.05472853
5	62	2	-1238.52421956	0.05472853
5	63	2	-1239.25386331	0.05472853
5	64	2	-1237.76473674	0.05472853
5	65	2	-1236.07904341	0.05472853
5	66	2	-1235.02727358	0.05472853
5	67	2	-1245.13811878	0.05472853
5	68	2	-1232.81334957	0.05472853
5	69	2	-1232.99577584	0.05472853
5	70	2	-1232.77927451	0.05472853
5	71	2	-1236.63539993	0.05472853
5	72	2	-1263.55749242	0.05472853
5	73	2	-1277.34802515	0.05472853
5	74	2	-1261.23845994	0.05472853
5	75	2	-1275.12260014	0.05472853
5	76	2	-1261.81832200	0.05472853
5	77	2	-1274.31493355	0.05472853
5	78	2	-1260.57377501	0.05472853
5	79	2	-1274.26281542	0.05472853
5	80	2	-1265.27505583	0.05472853
5	81	2	-1278.08514520	0.05472853
5	82	2	-1265.27505583	0.05472853
5	83	2	-1275.73806914	0.05472853
5	84	2	-1256.79815907	0.05472853
5	85	2	-1268.54161141	0.05472853
5	86	2	-1262.56368107	0.05472853
5	87	2	-1269.74502517	0.05472853
5	88	2	-1264.38117853	0.05472853
5	89	2	-1265.43511503	0.05472853
5	90	2	-1260.67696501	0.05472853
5	91	2	-1262.06876600	0.05472853
5	92	2	-1259.56440714	0.05472853
5	93	2	-1260.55140848	0.05472853
5	94	2	-1260.13274002	0.05472853
5	95	2	-1263.01943918	0.05472853
5	96	2	-1262.54331105	0.05472853
5	97	2	-1267.50111722	0.05472853
5	98	2	-1262.97061206	0.05472853
5	99	2	-1268.38756505	0.05472853
5	100	2	-1262.91534692	0.05472853
5	101	2	-1265.90684499	0.05472853
5	102	2	-1259.85871586	0.05472853
5	103	2	-1263.38627221	0.05472853
5	104	2	-1259.52462954	0.05472853
5	105	2	-1263.42104267	0.05472853
5	106	2	-1260.10679876	0.05472853
5	107	2	-1264.94853290	0.05472853
5	108	2	-1260.81947554	0.05472853
5	109	2	-1266.25043770	0.05472853
5	110	2	-1262.67581371	0.05472853
5	111	2	-1267.16357753	0.05472853
5	112	2	-1264.31443226	0.05472853
5	113	2	-1267.43765401	0.05472853
5	114	2	-1264.33304905	0.05472853
5	115	2	-1267.95223941	0.05472853
5	116	2	-1265.25579390	0.05472853
5	117	2	-1268.13476898	0.05472853
5	118	2	-1264.94497171	0.05472853
5	119	2	-1266.36143120	0.05472853
5	120	2	-1236.90770263	0.05472853
5	121	2	-1236.90738709	0.05472853
5	122	2	-1237.65302648	0.05472853
5	123	2	-1236.58505244	0.05472853
5	124	2	-1237.81032530	0.05472853
5	125	2	-1238.15466581	0.05472853
5	126	2	-1237.64861842	0.05472853
5	127	2	-1237.98539352	0.05472853
5	128	2	-1239.66541023	0.05472853
5	129	2	-1241.15448912	0.05472853
5	130	2	-1240.23502959	0.05472853
5	131	2	-1241.33542398	0.05472853
5	132	2	-1244.48122488	0.05472853
5	133	2	-1242.22515543	0.05472853
5	134	2	-1246.98857524	0.05472853
5	135	2	-1243.63519444	0.05472853
5	136	2	-1247.33230827	0.05472853
5	137	2	-1241.63596637	0.05472853
5	138	2	-1244.41250242	0.05472853
5	139	2	-1245.00147388	0.05472853
5	140	2	-1248.35326651	0.05472853
5	141	2	-1244.91691208	0.05472853
5	142	2	-1248.97094478	0.05472853
5	143	2	-1247.13115790	0.05472853
6	0	2	-1280.55226480	0.05466618
6	1	2	-1277.28557015	0.05466618
6	2	2	-1281.04503880	0.05466618
6	3	2	-1278.35033257	0.05466618
6	4	2	-1282.41368581	0.05466618
6	5	2	-1278.01213851	0.05466618
6	6	2	-1278.80898325	0.05466618
6	7	2	-1279.00818754	0.05466618
6	8	2	-1279.56144281	0.05466618
6	9	2	-1278.38085154	0.05466618
6	10	2	-1279.26799667	0.05466618
6	11	2	-1277.51966312	0.05466618
6	12	2	-1279.10385980	0.05466618
6	13	2	-1277.46377756	0.05466618
6	14	2	-1278.11449314	0.05466618
6	15	2	-1277.90831975	0.05466618
6	16	2	-1278.85816071	0.05466618
6	17	2	-1278.32780300	0.05466618
6	18	2	-1277.60216592	0.05466618
6	19	2	-1276.67676048	0.05466618
6	20	2	-1277.94788002	0.05466618
6	21	2	-1277.84544478	0.05466618
6	22	2	-1275.54246760	0.05466618
6	23	2	-1275.28389264	0.05466618
6	24	2	-1276.99548949	0.05466618
6	25	2	-1275.81878243	0.05466618
6	26	2	-1275.82153438	0.05466618
6	27	2	-1277.25409274	0.05466618
6	28	2	-1225.25017799	0.05466618
6	29	2	-1223.42181298	0.05466618
6	30	2	-1227.01194846	0.05466618
6	31	2	-1222.51055207	0.05466618
6	32	2	-1222.20219097	0.05466618
6	33	2	-1224.23955513	0.05466618
6	34	2	-1224.32165660	0.05466618
6	35	2	-1225.19636102	0.05466618
6	36	2	-1228.48238278	0.05466618
6	37	2	-1224.97497987	0.05466618
6	38	2	-1226.92814345	0.05466618
6	39	2	-1225.81754885	0.05466618
6	40	2	-1225.54175866	0.05466618
6	41	2	-1223.16618731	0.05466618
6	42	2	-1225.55136039	0.05466618
6	43	2	-1225.96493530	0.05466618
6	44	2	-1226.43921438	0.05466618
6	45	2	-1224.51074460	0.05466618
6	46	2	-1226.26268326	0.05466618
6	47	2	-1225.19625407	0.05466618
6	48	2	-1227.29351674	0.05466618
6	49	2	-1225.35517553	0.05466618
6	50	2	-1226.83261729	0.05466618
6	51	2	-1224.31137549	0.05466618
6	52	2	-1225.85282241	0.05466618
6	53	2	-1222.90723677	0.05466618
6	54	2	-1223.56874935	0.05466618
6	55	2	-1221.79291810	0.05466618
6	56	2	-1221.41224815	0.05466618
6	57	2	-1220.38177395	0.05466618
6	58	2	-1221.21239770	0.05466618
6	59	2	-1220.30812568	0.05466618
6	60	2	-1221.64375323	0.05466618
6	61	2	-1220.33675473	0.05466618
6	62	2	-1221.85897502	0.05466618
6	63	2	-1219.60465494	0.05466618
6	64	2	-1220.08667194	0.05466618
6	65	2	-1219.81890924	0.05466618
6	66	2	-1221.22095583	0.05466618
6	67	2	-1220.44155856	0.05466618
6	68	2	-1224.49117568	0.05466618
6	69	2	-1221.59193166	0.05466618
6	70	2	-1223.32828496	0.05466618
6	71	2	-1222.85729182	0.05466618
6	72	2	-1226.31913130	0.05466618
6	73	2	-1224.45700003	0.05466618
6	74	2	-1224.66654338	0.05466618
6	75	2	-1225.17436628	0.05466618
6	76	2	-1223.30072311	0.05466618
6	77	2	-1222.98162396	0.05466618
6	78	2	-1223.71805859	0.05466618
6	79	2	-1223.96948656	0.05466618
6	80	2	-1226.94974807	0.05466618
6	81	2	-1215.87134202	0.05466618
6	82	2	-1227.01524251	0.05466618
6	83	2	-1219.15913906	0.05466618
6	84	2	-1242.49132203	0.05466618
6	85	2	-1238.63223255	0.05466618
6	86	2	-1242.13797447	0.05466618
6	87	2	-1240.85059143	0.05466618
6	88	2	-1241.55024358	0.05466618
6	89	2	-1235.25421145	0.05466618
6	90	2	-1239.93465364	0.05466618
6	91	2	-1237.67078945	0.05466618
6	92	2	-1234.25251642	0.05466618
6	93	2	-1239.84866452	0.05466618
6	94	2	-1234.25251642	0.05466618
6	95	2	-1234.25251642	0.05466618
6	96	2	-1235.86837471	0.05466618
6	97	2	-1234.25251642	0.05466618
6	98	2	-1233.71966526	0.05466618
6	99	2	-1233.39720658	0.05466618
6	100	2	-1232.27607549	0.05466618
6	101	2	-1227.67131478	0.05466618
6	102	2	-1230.85017563	0.05466618
6	103	2	-1227.59425790	0.05466618
6	104	2	-1231.43766506	0.05466618
6	105	2	-1231.20318865	0.05466618
6	106	2	-1230.99563959	0.05466618
6	107	2	-1233.01654541	0.05466618
6	108	2	-1231.24070192	0.05466618
6	109	2	-1234.60862932	0.05466618
6	110	2	-1231.90844161	0.05466618
6	111	2	-1234.36738180	0.05466618
6	112	2	-1234.04429182	0.05466618
6	113	2	-1232.91024546	0.05466618
6	114	2	-1234.10187104	0.05466618
6	115	2	-1234.44386662	0.05466618
6	116	2	-1235.06548751	0.05466618
6	117	2	-1234.47425480	0.05466618
6	118	2	-1232.84896732	0.05466618
6	119	2	-1232.99832878	0.05466618
6	120	2	-1231.84587526	0.05466618
6	121	2	-1231.97661155	0.05466618
6	122	2	-1231.42317378	0.05466618
6	123	2	-1231.53575627	0.05466618
6	124	2	-1233.06925710	0.05466618
6	125	2	-1231.81185410	0.05466618
6	126	2	-1232.97456744	0.05466618
6	127	2	-1232.97371692	0.05466618
6	128	2	-1234.01198608	0.05466618
6	129	2	-1234.61686128	0.05466618
6	130	2	-1234.32610586	0.05466618
6	131	2	-1234.41368622	0.05466618
6	132	2	-1235.70536322	0.05466618
6	133	2	-1235.48670716	0.05466618
6	134	2	-1234.42157926	0.05466618
6	135	2	-1234.99950584	0.05466618
6	136	2	-1233.77426309	0.05466618
6	137	2	-1234.60317725	0.05466618
6	138	2	-1235.29815818	0.05466618
6	139	2	-1232.44938751	0.05466618
6	140	2	-1268.54966521	0.05466618
6	141	2	-1268.76270931	0.05466618
6	142	2	-1267.28216592	0.05466618
6	143	2	-1270.19873026	0.05466618
6	144	2	-1269.00200948	0.05466618
6	145	2	-1270.46621276	0.05466618
6	146	2	-1271.85604702	0.05466618
6	147	2	-1273.19914868	0.05466618
6	148	2	-1272.04043586	0.05466618
6	149	2	-1273.50328048	0.05466618
6	150	2	-1273.57550110	0.05466618
6	151	2	-1275.66643915	0.05466618
6	152	2	-1275.88470328	0.05466618
6	153	2	-1277.06289749	0.05466618
6	154	2	-1270.69057529	0.05466618
6	155	2	-1276.82859343	0.05466618
6	156	2	-1271.64554680	0.05466618
6	157	2	-1277.85227219	0.05466618
6	158	2	-1274.70752986	0.05466618
6	159	2	-1278.94323622	0.05466618
6	160	2	-1271.98764966	0.05466618
6	161	2	-1279.35337742	0.05466618
6	162	2	-1274.27343817	0.05466618
6	163	2	-1282.60939489	0.05466618
6	164	2	-1273.23710981	0.05466618
6	165	2	-1281.59310416	0.05466618
6	166	2	-1275.20837661	0.05466618
6	167	2	-1281.42588839	0.05466618
7	0	2	-1277.00575120	0.05472447
7	1	2	-1269.65716003	0.05472447
7	2	2	-1280.26172850	0.05472447
7	3	2	-1275.05332876	0.05472447
7	4	2	-1277.29409115	0.05472447
7	5	2	-1277.29555810	0.05472447
7	6	2	-1276.01829430	0.05472447
7	7	2	-1276.37758547	0.05472447
7	8	2	-1275.79381741	0.05472447
7	9	2	-1276.22239777	0.05472447
7	10	2	-1275.98823214	0.05472447
7	11	2	-1275.49908966	0.05472447
7	12	2	-1276.39524644	0.05472447
7	13	2	-1274.90019668	0.05472447
7	14	2	-1275.18667904	0.05472447
7	15	2	-1276.19621923	0.05472447
7	16	2	-1276.14489442	0.05472447
7	17	2	-1276.82354120	0.05472447
7	18	2	-1276.29679692	0.05472447
7	19	2	-1272.58744497	0.05472447
7	20	2	-1273.60003688	0.05472447
7	21	2	-1270.41818252	0.05472447
7	22	2	-1272.13580722	0.05472447
7	23	2	-1270.41620597	0.05472447
7	24	2	-1272.99147724	0.05472447
7	25	2	-1273.13269051	0.05472447
7	26	2	-1272.14763261	0.05472447
7	27	2	-1272.02012941	0.05472447
7	28	2	-1275.64442409	0.05472447
7	29	2	-1272.43192362	0.05472447
7	30	2	-1272.50596558	0.05472447
7	31	2	-1270.55059101	0.05472447
7	32	2	-1234.87981149	0.05472447
7	33	2	-1238.55938554	0.05472447
7	34	2	-1237.23764033	0.05472447
7	35	2	-1237.68439303	0.05472447
7	36	2	-1240.27611396	0.05472447
7	37	2	-1240.14615911	0.05472447
7	38	2	-1240.38679752	0.05472447
7	39	2	-1238.34898212	0.05472447
7	40	2	-1238.32319968	0.05472447
7	41	2	-1236.78001571	0.05472447
7	42	2	-1236.83240987	0.05472447
7	43	2	-1236.79086134	0.05472447
7	44	2	-1236.48181331	0.05472447
7	45	2	-1234.45260928	0.05472447
7	46	2	-1233.69416260	0.05472447
7	47	2	-1233.32791009	0.05472447
7	48	2	-1235.61414268	0.05472447
7	49	2	-1233.96058903	0.05472447
7	50	2	-1232.83560606	0.05472447
7	51	2	-1234.17951431	0.05472447
7	52	2	-1234.72470453	0.05472447
7	53	2	-1235.63468446	0.05472447
7	54	2	-1235.16093428	0.05472447
7	55	2	-1236.46690692	0.05472447
7	56	2	-1236.24634686	0.05472447
7	57	2	-1236.93448351	0.05472447
7	58	2	-1238.30927410	0.05472447
7	59	2	-1237.48156486	0.05472447
7	60	2	-1238.46851422	0.05472447
7	61	2	-1237.01759179	0.05472447
7	62	2	-1235.82085722	0.05472447
7	63	2	-1238.46111936	0.05472447
7	64	2	-1234.94897558	0.05472447
7	65	2	-1233.93806017	0.05472447
7	66	2	-1235.66096770	0.05472447
7	67	2	-1234.93742056	0.05472447
7	68	2	-1234.32596613	0.05472447
7	69	2	-1233.26882725	0.05472447
7	70	2	-1233.40157521	0.05472447
7	71	2	-1232.04211873	0.05472447
7	72	2	-1232.64195154	0.05472447
7	73	2	-1231.96152327	0.05472447
7	74	2	-1232.54302719	0.05472447
7	75	2	-1232.80537784	0.05472447
7	76	2	-1233.92736661	0.05472447
7	77	2	-1233.75057789	0.05472447
7	78	2	-1233.45814075	0.05472447
7	79	2	-1235.82554784	0.05472447
7	80	2	-1236.36236960	0.05472447
7	81	2	-1235.01869242	0.05472447
7	82	2	-1236.23706912	0.05472447
7	83	2	-1235.89827649	0.05472447
7	84	2	-1235.18390653	0.05472447
7	85	2	-1235.76318656	0.05472447
7	86	2	-1238.23180827	0.05472447
7	87	2	-1235.42516352	0.05472447
7	88	2	-1236.73274314	0.05472447
7	89	2	-1234.94169822	0.05472447
7	90	2	-1236.03330546	0.05472447
7	91	2	-1234.78704160	0.05472447
7	92	2	-1237.51516669	0.05472447
7	93	2	-1233.78054872	0.05472447
7	94	2	-1237.65260708	0.05472447
7	95	2	-1235.75117954	0.05472447
7	96	2	-1214.62016385	0.05472447
7	97	2	-1215.68237383	0.05472447
7	98	2	-1214.61128232	0.05472447
7	99	2	-1214.17816216	0.05472447
7	100	2	-1211.32643994	0.05472447
7	101	2	-1212.58670475	0.05472447
7	102	2	-1211.59359391	0.05472447
7	103	2	-1214.40298468	0.05472447
7	104	2	-1210.81665411	0.05472447
7	105	2	-1215.97188333	0.05472447
7	106	2	-1215.26526014	0.05472447
7	107	2	-1210.81665411	0.05472447
7	108	2	-1209.96233930	0.05472447
7	109	2	-1210.33989462	0.05472447
7	110	2	-1209.83079837	0.05472447
7	111	2	-1209.33315848	0.05472447
7	112	2	-1206.60814967	0.05472447
7	113	2	-1206.46442663	0.05472447
7	114	2	-1205.42168161	0.05472447
7	115	2	-1205.99418680	0.05472447
7	116	2	-1203.94895324	0.05472447
7	117	2	-1207.10379254	0.05472447
7	118	2	-1204.22778698	0.05472447
7	119	2	-1207.65125183	0.05472447
7	120	2	-1206.48942936	0.05472447
7	121	2	-1205.91133110	0.05472447
7	122	2	-1207.62231957	0.05472447
7	123	2	-1207.02135907	0.05472447
7	124	2	-1208.25260442	0.05472447
7	125	2	-1210.16991755	0.05472447
7	126	2	-1209.85852764	0.05472447
7	127	2	-1211.63004379	0.05472447
7	128	2	-1209.73201532	0.05472447
7	129	2	-1211.70959272	0.05472447
7	130	2	-1210.72942143	0.05472447
7	131	2	-1211.92910384	0.05472447
7	132	2	-1210.10838220	0.05472447
7	133	2	-1212.01465306	0.05472447
7	134	2	-1209.90739952	0.05472447
7	135	2	-1210.69728254	0.05472447
7	136	2	-1209.65077251	0.05472447
7	137	2	-1210.06578195	0.05472447
7	138	2	-1208.40145057	0.05472447
7	139	2	-1209.33576551	0.05472447
7	140	2	-1209.49261958	0.05472447
7	141	2	-1210.35122707	0.05472447
7	142	2	-1209.31703493	0.05472447
7	143	2	-1209.81606187	0.05472447
7	144	2	-1209.42283138	0.05472447
7	145	2	-1209.93160506	0.05472447
7	146	2	-1212.93928344	0.05472447
7	147	2	-1212.75046229	0.05472447
7	148	2	-1212.81789987	0.05472447
7	149	2	-1214.42628593	0.05472447
7	150	2	-1213.10536680	0.05472447
7	151	2	-1214.13003500	0.05472447
7	152	2	-1214.34109428	0.05472447
7	153	2	-1214.65335229	0.05472447
7	154	2	-1213.47512093	0.05472447
7	155	2	-1214.67846011	0.05472447
7	156	2	-1213.05915128	0.05472447
7	157	2	-1215.85870679	0.05472447
7	158	2	-1213.90629675	0.05472447
7	159	2	-1213.79723628	0.05472447
7	160	2	-1271.12868694	0.05472447
7	161	2	-1270.01499548	0.05472447
7	162	2	-1267.81338379	0.05472447
7	163	2	-1270.78029702	0.05472447
7	164	2	-1270.92831304	0.05472447
7	165	2	-1273.22228527	0.05472447
7	166	2	-1272.99234730	0.05472447
7	167	2	-1274.46499366	0.05472447
7	168	2	-1272.84907405	0.05472447
7	169	2	-1274.67115629	0.05472447
7	170	2	-1273.32251061	0.05472447
7	171	2	-1275.22428967	0.05472447
7	172	2	-1274.16859229	0.05472447
7	173	2	-1275.62924022	0.05472447
7	174	2	-1275.56980881	0.05472447
7	175	2	-1275.57973543	0.05472447
7	176	2	-1277.05710223	0.05472447
7	177	2	-1278.01690613	0.05472447
7	178	2	-1276.92712284	0.05472447
7	179	2	-1278.83343522	0.05472447
7	180	2	-1272.58682504	0.05472447
7	181	2	-1276.83519584	0.05472447
7	182	2	-1275.31082184	0.05472447
7	183	2	-1281.91940835	0.05472447
7	184	2	-1274.89044289	0.05472447
7	185	2	-1277.63538438	0.05472447
7	186	2	-1272.92908439	0.05472447
7	187	2	-1279.48218588	0.05472447
7	188	2	-1273.27834762	0.05472447
7	189	2	-1279.81359680	0.05472447
7	190	2	-1272.09622536	0.05472447
7	191	2	-1278.60080045	0.05472447
8	0	2	-1250.47829018	0.05463369
8	1	2	-1256.19758811	0.05463369
8	2	2	-1249.75575237	0.05463369
8	3	2	-1258.60771948	0.05463369
8	4	2	-1251.12592633	0.05463369
8	5	2	-1257.22939764	0.05463369
8	6	2	-1256.54567954	0.05463369
8	7	2	-1257.01251308	0.05463369
8	8	2	-1256.83399392	0.05463369
8	9	2	-1256.36677254	0.05463369
8	10	2	-1257.51411774	0.05463369
8	11	2	-1257.64701718	0.05463369
8	12	2	-1257.51460893	0.05463369
8	13	2	-1260.15449943	0.05463369
8	14	2	-1257.17478407	0.05463369
8	15	2	-1257.94672858	0.05463369
8	16	2	-1257.61764494	0.05463369
8	17	2	-1259.39616579	0.05463369
8	18	2	-1260.90608896	0.05463369
8	19	2	-1259.44480296	0.05463369
8	20	2	-1257.28238742	0.05463369
8	21	2	-1257.89728363	0.05463369
8	22	2	-1256.86658489	0.05463369
8	23	2	-1260.77595217	0.05463369
8	24	2	-1259.47725269	0.05463369
8	25	2	-1263.20186505	0.05463369
8	26	2	-1261.64137039	0.05463369
8	27	2	-1258.18985055	0.05463369
8	28	2	-1261.00434734	0.05463369
8	29	2	-1259.23487843	0.05463369
8	30	2	-1259.65919260	0.05463369
8	31	2	-1259.28575983	0.05463369
8	32	2	-1256.92392210	0.05463369
8	33	2	-1260.73040020	0.05463369
8	34	2	-1255.30300684	0.05463369
8	35	2	-1260.38503991	0.05463369
8	36	2	-1259.43710991	0.05463369
8	37	2	-1261.81013467	0.05463369
8	38	2	-1264.90792093	0.05463369
8	39	2	-1262.51964623	0.05463369
8	40	2	-1263.86914027	0.05463369
8	41	2	-1264.11017678	0.05463369
8	42	2	-1262.97500124	0.05463369
8	43	2	-1264.18088476	0.05463369
8	44	2	-1261.97998695	0.05463369
8	45	2	-1260.91813315	0.05463369
8	46	2	-1261.81262261	0.05463369
8	47	2	-1261.78270694	0.05463369
8	48	2	-1258.77270899	0.05463369
8	49	2	-1258.54403769	0.05463369
8	50	2	-1257.05974656	0.05463369
8	51	2	-1257.80168653	0.05463369
8	52	2	-1256.69617653	0.05463369
8	53	2	-1258.38662389	0.05463369
8	54	2	-1256.94424790	0.05463369
8	55	2	-1261.50661255	0.05463369
8	56	2	-1261.15740398	0.05463369
8	57	2	-1260.19842312	0.05463369
8	58	2	-1261.02791743	0.05463369
8	59	2	-1262.84650351	0.05463369
8	60	2	-1260.33849409	0.05463369
8	61	2	-1261.93195845	0.05463369
8	62	2	-1260.87532205	0.05463369
8	63	2	-1259.84358710	0.05463369
8	64	2	-1259.65576217	0.05463369
8	65	2	-1261.75662802	0.05463369
8	66	2	-1258.53952043	0.05463369
8	67	2	-1260.28390739	0.05463369
8	68	2	-1257.30405674	0.05463369
8	69	2	-1259.48038518	0.05463369
8	70	2	-1258.32946323	0.05463369
8	71	2	-1257.01469923	0.05463369
8	72	2	-1257.36565608	0.05463369
8	73	2	-1259.80868718	0.05463369
8	74	2	-1256.83963230	0.05463369
8	75	2	-1256.86622848	0.05463369
8	76	2	0.00000000	0.05463369
8	77	2	0.00000000	0.05463369
8	78	2	0.00000000	0.05463369
8	79	2	0.00000000	0.05463369
8	80	2	0.00000000	0.05463369
8	81	2	0.00000000	0.05463369
8	82	2	0.00000000	0.05463369
8	83	2	0.00000000	0.05463369
8	84	2	0.00000000	0.05463369
8	85	2	0.00000000	0.05463369
8	86	2	-1251.07911446	0.05463369
8	87	2	-1252.42765484	0.05463369
8	88	2	-1252.87793263	0.05463369
8	89	2	-1251.38179104	0.05463369
8	90	2	-1251.23985189	0.05463369
8	91	2	-1253.02817647	0.05463369
8	92	2	-1253.68922472	0.05463369
8	93	2	-1255.64743737	0.05463369
8	94	2	-1253.87868470	0.05463369
8	95	2	-1252.70388386	0.05463369
8	96	2	-1255.39021778	0.05463369
8	97	2	-1257.31897503	0.05463369
8	98	2	-1257.58976567	0.05463369
8	99	2	-1259.10579707	0.05463369
8	100	2	-1257.55930927	0.05463369
8	101	2	-1258.26308449	0.05463369
8	102	2	-1259.52279109	0.05463369
8	103	2	-1260.76405906	0.05463369
8	104	2	-1258.77733257	0.05463369
8	105	2	-1263.47951782	0.05463369
8	106	2	-1259.60248042	0.05463369
8	107	2	-1262.59355747	0.05463369
8	108	2	-1280.61865565	0.05463369
8	109	2	-1279.15691969	0.05463369
8	110	2	-1279.55718492	0.05463369
8	111	2	-1273.86633650	0.05463369
8	112	2	-1276.69374134	0.05463369
8	113	2	-1273.86633650	0.05463369
8	114	2	-1273.86633650	0.05463369
8	115	2	-1279.20559975	0.05463369
8	116	2	-1273.86633650	0.05463369
8	117	2	-1281.46877997	0.05463369
8	118	2	-1279.86047703	0.05463369
8	119	2	-1273.86633650	0.05463369
8	120	2	-1276.06764843	0.05463369
8	121	2	-1275.24358568	0.05463369
8	122	2	-1274.73934597	0.05463369
8	123	2	-1274.01372525	0.05463369
8	124	2	-1274.41906447	0.05463369
8	125	2	-1272.65632261	0.05463369
8	126	2	-1273.86633650	0.05463369
8	127	2	-1270.92599582	0.05463369
8	128	2	0.00000000	0.05463369
8	129	2	0.00000000	0.05463369
8	130	2	0.00000000	0.05463369
8	131	2	0.00000000	0.05463369
8	132	2	0.00000000	0.05463369
8	133	2	0.00000000	0.05463369
8	134	2	0.00000000	0.05463369
8	135	2	0.00000000	0.05463369
8	136	2	0.00000000	0.05463369
8	137	2	0.00000000	0.05463369
8	138	2	0.00000000	0.05463369
8	139	2	0.00000000	0.05463369
8	140	2	-1263.84073584	0.05463369
8	141	2	-1268.03684687	0.05463369
8	142	2	-1268.10599517	0.05463369
8	143	2	-1270.22114106	0.05463369
8	144	2	-1268.87933536	0.05463369
8	145	2	-1269.33896964	0.05463369
8	146	2	-1269.43871620	0.05463369
8	147	2	-1270.26121145	0.05463369
8	148	2	-1269.18920850	0.05463369
8	149	2	-1270.20915642	0.05463369
8	150	2	-1269.01495231	0.05463369
8	151	2	-1272.22168377	0.05463369
8	152	2	-1270.60178511	0.05463369
8	153	2	-1270.25975467	0.05463369
8	154	2	-1257.21767338	0.05463369
8	155	2	-1270.51142581	0.05463369
8	156	2	-1269.73769139	0.05463369
8	157	2	-1271.56720370	0.05463369
8	158	2	-1273.86633650	0.05463369
8	159	2	-1275.78765163	0.05463369
8	160	2	-1271.52989552	0.05463369
8	161	2	-1270.77292121	0.05463369
8	162	2	-1271.35850255	0.05463369
8	163	2	-1270.59643241	0.05463369
8	164	2	-1270.66396461	0.05463369
8	165	2	-1272.99443705	0.05463369
8	166	2	-1272.77118711	0.05463369
8	167	2	-1271.96606259	0.05463369
8	168	2	-1272.10162782	0.05463369
8	169	2	-1273.71177059	0.05463369
8	170	2	-1273.42604300	0.05463369
8	171	2	-1273.63872201	0.05463369
8	172	2	-1271.62369026	0.05463369
8	173	2	-1272.63801515	0.05463369
8	174	2	-1273.18192558	0.05463369
8	175	2	-1275.53436266	0.05463369
8	176	2	-1275.48813764	0.05463369
8	177	2	-1274.25086026	0.05463369
8	178	2	-1274.26974783	0.05463369
8	179	2	-1274.69720710	0.05463369
8	180	2	-1273.75733171	0.05463369
8	181	2	-1274.46538826	0.05463369
8	182	2	-1274.32831400	0.05463369
8	183	2	-1275.71368017	0.05463369
8	184	2	-1278.21130322	0.05463369
8	185	2	-1277.89037121	0.05463369
8	186	2	-1276.83454796	0.05463369
8	187	2	-1278.49936828	0.05463369
8	188	2	-1275.56206871	0.05463369
8	189	2	-1277.02573681	0.05463369
8	190	2	-1278.05960899	0.05463369
8	191	2	-1276.38565228	0.05463369
8	192	2	-1276.14782201	0.05463369
8	193	2	-1277.03423959	0.05463369
8	194	2	-1276.18706661	0.05463369
8	195	2	-1274.70099736	0.05463369
8	196	2	-1276.45407891	0.05463369
8	197	2	-1275.11981100	0.05463369
8	198	2	-1274.72617533	0.05463369
8	199	2	-1275.84692640	0.05463369
8	200	2	-1274.71801797	0.05463369
8	201	2	-1277.12251723	0.05463369
8	202	2	-1276.06272515	0.05463369
8	203	2	-1279.55971326	0.05463369
8	204	2	-1273.24249909	0.05463369
8	205	2	-1278.18599543	0.05463369
8	206	2	-1277.28077843	0.05463369
8	207	2	-1282.10853913	0.05463369
8	208	2	-1274.14660860	0.05463369
8	209	2	-1274.19829271	0.05463369
8	210	2	-1273.18248627	0.05463369
8	211	2	-1275.45227034	0.05463369
8	212	2	-1271.50748556	0.05463369
8	213	2	-1273.44848451	0.05463369
8	214	2	-1269.60370521	0.05463369
8	215	2	-1275.04964305	0.05463369
9	0	2	-1255.98876682	0.05460931
9	1	2	-1253.48457408	0.05460931
9	2	2	-1256.87409923	0.05460931
9	3	2	-1255.84774695	0.05460931
9	4	2	-1262.67631631	0.05460931
9	5	2	-1262.15615953	0.05460931
9	6	2	-1262.12756563	0.05460931
9	7	2	-1262.45268285	0.05460931
9	8	2	-1262.94651540	0.05460931
9	9	2	-1262.30043244	0.05460931
9	10	2	-1262.00777239	0.05460931
9	11	2	-1262.62762142	0.05460931
9	12	2	-1262.52125922	0.05460931
9	13	2	-1264.96008741	0.05460931
9	14	2	-1264.44840126	0.05460931
9	15	2	-1266.03071866	0.05460931
9	16	2	-1266.87104206	0.05460931
9	17	2	-1267.13896032	0.05460931
9	18	2	-1268.10886149	0.05460931
9	19	2	-1267.26742404	0.05460931
9	20	2	-1265.35388048	0.05460931
9	21	2	-1269.31269682	0.05460931
9	22	2	-1266.14670788	0.05460931
9	23	2	-1268.94128279	0.05460931
9	24	2	-1269.24766409	0.05460931
9	25	2	-1268.68733294	0.05460931
9	26	2	-1270.35752567	0.05460931
9	27	2	-1267.28567653	0.05460931
9	28	2	-1269.17732608	0.05460931
9	29	2	-1267.73978149	0.05460931
9	30	2	-1267.00246340	0.05460931
9	31	2	-1269.56677875	0.05460931
9	32	2	-1264.88910064	0.05460931
9	33	2	-1266.01251983	0.05460931
9	34	2	-1266.86780543	0.05460931
9	35	2	-1267.33537392	0.05460931
9	36	2	-1269.80239040	0.05460931
9	37	2	-1268.69677702	0.05460931
9	38	2	-1268.35119389	0.05460931
9	39	2	-1271.06216496	0.05460931
9	40	2	-1264.27331559	0.05460931
9	41	2	-1269.35677857	0.05460931
9	42	2	-1267.39412323	0.05460931
9	43	2	-1268.25815621	0.05460931
9	44	2	-1273.73735394	0.05460931
9	45	2	-1274.10547968	0.05460931
9	46	2	-1271.97336248	0.05460931
9	47	2	-1274.19013141	0.05460931
9	48	2	-1269.57849202	0.05460931
9	49	2	-1271.30499613	0.05460931
9	50	2	-1269.81459314	0.05460931
9	51	2	-1271.64114419	0.05460931
9	52	2	-1271.34296500	0.05460931
9	53	2	-1270.52690013	0.05460931
9	54	2	-1269.57809558	0.05460931
9	55	2	-1270.36682652	0.05460931
9	56	2	-1270.60741804	0.05460931
9	57	2	-1270.94383662	0.05460931
9	58	2	-1268.73857992	0.05460931
9	59	2	-1270.02615592	0.05460931
9	60	2	-1268.49209506	0.05460931
9	61	2	-1269.42774987	0.05460931
9	62	2	-1271.48706120	0.05460931
9	63	2	-1270.00002058	0.05460931
9	64	2	-1268.03809384	0.05460931
9	65	2	-1268.11155233	0.05460931
9	66	2	-1267.22158443	0.05460931
9	67	2	-1267.55750906	0.05460931
9	68	2	-1266.33615250	0.05460931
9	69	2	-1266.89052666	0.05460931
9	70	2	-1264.20181254	0.05460931
9	71	2	-1264.37138406	0.05460931
9	72	2	0.00000000	0.05460931
9	73	2	0.00000000	0.05460931
9	74	2	0.00000000	0.05460931
9	75	2	0.00000000	0.05460931
9	76	2	0.00000000	0.05460931
9	77	2	0.00000000	0.05460931
9	78	2	0.00000000	0.05460931
9	79	2	0.00000000	0.05460931
9	80	2	0.00000000	0.05460931
9	81	2	0.00000000	0.05460931
9	82	2	0.00000000	0.05460931
9	83	2	0.00000000	0.05460931
9	84	2	0.00000000	0.05460931
9	85	2	0.00000000	0.05460931
9	86	2	0.00000000	0.05460931
9	87	2	0.00000000	0.05460931
9	88	2	0.00000000	0.05460931
9	89	2	0.00000000	0.05460931
9	90	2	0.00000000	0.05460931
9	91	2	0.00000000	0.05460931
9	92	2	0.00000000	0.05460931
9	93	2	0.00000000	0.05460931
9	94	2	0.00000000	0.05460931
9	95	2	0.00000000	0.05460931
9	96	2	0.00000000	0.05460931
9	97	2	0.00000000	0.05460931
9	98	2	0.00000000	0.05460931
9	99	2	0.00000000	0.05460931
9	100	2	0.00000000	0.05460931
9	101	2	0.00000000	0.05460931
9	102	2	0.00000000	0.05460931
9	103	2	0.00000000	0.05460931
9	104	2	0.00000000	0.05460931
9	105	2	0.00000000	0.05460931
9	106	2	0.00000000	0.05460931
9	107	2	0.00000000	0.05460931
9	108	2	0.00000000	0.05460931
9	109	2	-1264.04013773	0.05460931
9	110	2	-1265.34119210	0.05460931
9	111	2	-1268.62121559	0.05460931
9	112	2	-1270.37595487	0.05460931
9	113	2	-1271.27863602	0.05460931
9	114	2	-1271.80400064	0.05460931
9	115	2	-1273.03806175	0.05460931
9	116	2	-1269.62397239	0.05460931
9	117	2	-1277.33159271	0.05460931
9	118	2	-1270.91255292	0.05460931
9	119	2	-1276.50000833	0.05460931
9	120	2	-1279.15196785	0.05460931
9	121	2	-1277.01620869	0.05460931
9	122	2	-1274.49598464	0.05460931
9	123	2	-1274.49598464	0.05460931
9	124	2	-1274.49598464	0.05460931
9	125	2	-1274.49598464	0.05460931
9	126	2	-1274.49598464	0.05460931
9	127	2	-1277.84700079	0.05460931
9	128	2	-1274.49598464	0.05460931
9	129	2	-1274.49598464	0.05460931
9	130	2	-1278.10662377	0.05460931
9	131	2	-1274.49598464	0.05460931
9	132	2	0.00000000	0.05460931
9	133	2	0.00000000	0.05460931
9	134	2	0.00000000	0.05460931
9	135	2	0.00000000	0.05460931
9	136	2	0.00000000	0.05460931
9	137	2	0.00000000	0.05460931
9	138	2	0.00000000	0.05460931
9	139	2	0.00000000	0.05460931
9	140	2	0.00000000	0.05460931
9	141	2	0.00000000	0.05460931
9	142	2	0.00000000	0.05460931
9	143	2	0.00000000	0.05460931
9	144	2	0.00000000	0.05460931
9	145	2	0.00000000	0.05460931
9	146	2	0.00000000	0.05460931
9	147	2	0.00000000	0.05460931
9	148	2	0.00000000	0.05460931
9	149	2	0.00000000	0.05460931
9	150	2	0.00000000	0.05460931
9	151	2	0.00000000	0.05460931
9	152	2	0.00000000	0.05460931
9	153	2	0.00000000	0.05460931
9	154	2	0.00000000	0.05460931
9	155	2	0.00000000	0.05460931
9	156	2	0.00000000	0.05460931
9	157	2	0.00000000	0.05460931
9	158	2	0.00000000	0.05460931
9	159	2	0.00000000	0.05460931
9	160	2	0.00000000	0.05460931
9	161	2	0.00000000	0.05460931
9	162	2	0.00000000	0.05460931
9	163	2	0.00000000	0.05460931
9	164	2	0.00000000	0.05460931
9	165	2	0.00000000	0.05460931
9	166	2	0.00000000	0.05460931
9	167	2	0.00000000	0.05460931
9	168	2	-1270.72732724	0.05460931
9	169	2	-1272.37440874	0.05460931
9	170	2	-1272.65054560	0.05460931
9	171	2	-1273.59823205	0.05460931
9	172	2	-1274.21764846	0.05460931
9	173	2	-1272.40539018	0.05460931
9	174	2	-1274.03563414	0.05460931
9	175	2	-1272.90169812	0.05460931
9	176	2	-1272.57993726	0.05460931
9	177	2	-1273.63825902	0.05460931
9	178	2	-1273.03703124	0.05460931
9	179	2	-1273.93477248	0.05460931
9	180	2	-1273.85788366	0.05460931
9	181	2	-1272.98970998	0.05460931
9	182	2	-1273.34934449	0.05460931
9	183	2	-1273.92276092	0.05460931
9	184	2	-1276.19423772	0.05460931
9	185	2	-1273.71141937	0.05460931
9	186	2	-1273.25986065	0.05460931
9	187	2	-1274.18969855	0.05460931
9	188	2	-1274.30924806	0.05460931
9	189	2	-1274.35558554	0.05460931
9	190	2	-1275.05136957	0.05460931
9	191	2	-1275.34914114	0.05460931
9	192	2	-1276.27179947	0.05460931
9	193	2	-1277.41679522	0.05460931
9	194	2	-1275.85079659	0.05460931
9	195	2	-1276.75597657	0.05460931
9	196	2	-1276.27705465	0.05460931
9	197	2	-1275.68666167	0.05460931
9	198	2	-1278.43566820	0.05460931
9	199	2	-1278.38593588	0.05460931
9	200	2	-1278.37931327	0.05460931
9	201	2	-1277.88010673	0.05460931
9	202	2	-1276.96800612	0.05460931
9	203	2	-1275.44526041	0.05460931
9	204	2	-1276.66495510	0.05460931
9	205	2	-1275.30140145	0.05460931
9	206	2	-1275.62993094	0.05460931
9	207	2	-1275.43382673	0.05460931
9	208	2	-1275.78066149	0.05460931
9	209	2	-1276.85129580	0.05460931
9	210	2	-1275.27001049	0.05460931
9	211	2	-1275.13311594	0.05460931
9	212	2	-1275.64637085	0.05460931
9	213	2	-1274.27372796	0.05460931
9	214	2	-1275.60877435	0.05460931
9	215	2	-1273.25131009	0.05460931
9	216	2	-1274.09606256	0.05460931
9	217	2	-1275.35552978	0.05460931
9	218	2	-1274.50338885	0.05460931
9	219	2	-1275.15665249	0.05460931
9	220	2	-1274.48651179	0.05460931
9	221	2	-1274.63113212	0.05460931
9	222	2	-1273.46828418	0.05460931
9	223	2	-1274.19092661	0.05460931
9	224	2	-1274.07029989	0.05460931
9	225	2	-1275.40942650	0.05460931
9	226	2	-1275.20206842	0.05460931
9	227	2	-1278.31367801	0.05460931
9	228	2	-1274.93685368	0.05460931
9	229	2	-1272.89932932	0.05460931
9	230	2	-1272.79455752	0.05460931
9	231	2	-1271.54885588	0.05460931
9	232	2	-1271.70589126	0.05460931
9	233	2	-1273.34630323	0.05460931
9	234	2	-1269.71968587	0.05460931
9	235	2	-1272.30098890	0.05460931
9	236	2	-1269.99690482	0.05460931
9	237	2	-1268.21180003	0.05460931
9	238	2	-1268.41514495	0.05460931
9	239	2	-1269.57285488	0.05460931
10	0	2	-1211.96501506	0.05460219
10	1	2	-1210.96489834	0.05460219
10	2	2	-1206.00673882	0.05460219
10	3	2	-1214.41067147	0.05460219
10	4	2	-1213.28121605	0.05460219
10	5	2	-1216.80954531	0.05460219
10	6	2	-1217.66112794	0.05460219
10	7	2	-1218.84864031	0.05460219
10	8	2	-1220.53679979	0.05460219
10	9	2	-1216.16140087	0.05460219
10	10	2	-1219.73961587	0.05460219
10	11	2	-1216.04638923	0.05460219
10	12	2	-1219.71075769	0.05460219
10	13	2	-1217.21846781	0.05460219
10	14	2	-1218.05811667	0.05460219
10	15	2	-1219.20134968	0.05460219
10	16	2	-1217.24541074	0.05460219
10	17	2	-1223.66972950	0.05460219
10	18	2	-1217.82106106	0.05460219
10	19	2	-1220.98887423	0.05460219
10	20	2	-1218.80844725	0.05460219
10	21	2	-1220.72897851	0.05460219
10	22	2	-1218.12744085	0.05460219
10	23	2	-1221.65580980	0.05460219
10	24	2	-1220.52447148	0.05460219
10	25	2	-1221.87315333	0.05460219
10	26	2	-1224.23849618	0.05460219
10	27	2	-1226.38719365	0.05460219
10	28	2	-1225.76257500	0.05460219
10	29	2	-1230.30735458	0.05460219
10	30	2	-1230.87067103	0.05460219
10	31	2	-1230.58435011	0.05460219
10	32	2	-1229.56462452	0.05460219
10	33	2	-1230.59270516	0.05460219
10	34	2	-1229.32640487	0.05460219
10	35	2	-1228.57401534	0.05460219
10	36	2	-1229.00877632	0.05460219
10	37	2	-1229.59956923	0.05460219
10	38	2	-1227.54316920	0.05460219
10	39	2	-1230.20221415	0.05460219
10	40	2	-1230.58565418	0.05460219
10	41	2	-1227.67389753	0.05460219
10	42	2	-1227.46027908	0.05460219
10	43	2	-1227.20814238	0.05460219
10	44	2	-1226.23687688	0.05460219
10	45	2	-1227.22738568	0.05460219
10	46	2	-1226.82236349	0.05460219
10	47	2	-1223.54414558	0.05460219
10	48	2	-1215.21246061	0.05460219
10	49	2	0.00000000	0.05460219
10	50	2	0.00000000	0.05460219
10	51	2	0.00000000	0.05460219
10	52	2	0.00000000	0.05460219
10	53	2	0.00000000	0.05460219
10	54	2	0.00000000	0.05460219
10	55	2	0.00000000	0.05460219
10	56	2	0.00000000	0.05460219
10	57	2	0.00000000	0.05460219
10	58	2	0.00000000	0.05460219
10	59	2	0.00000000	0.05460219
10	60	2	0.00000000	0.05460219
10	61	2	0.00000000	0.05460219
10	62	2	0.00000000	0.05460219
10	63	2	0.00000000	0.05460219
10	64	2	0.00000000	0.05460219
10	65	2	0.00000000	0.05460219
10	66	2	0.00000000	0.05460219
10	67	2	0.00000000	0.05460219
10	68	2	0.00000000	0.05460219
10	69	2	0.00000000	0.05460219
10	70	2	0.00000000	0.05460219
10	71	2	0.00000000	0.05460219
10	72	2	0.00000000	0.05460219
10	73	2	0.00000000	0.05460219
10	74	2	0.00000000	0.05460219
10	75	2	0.00000000	0.05460219
10	76	2	0.00000000	0.05460219
10	77	2	0.00000000	0.05460219
10	78	2	0.00000000	0.05460219
10	79	2	0.00000000	0.05460219
10	80	2	0.00000000	0.05460219
10	81	2	0.00000000	0.05460219
10	82	2	0.00000000	0.05460219
10	83	2	0.00000000	0.05460219
10	84	2	0.00000000	0.05460219
10	85	2	0.00000000	0.05460219
10	86	2	0.00000000	0.05460219
10	87	2	0.00000000	0.05460219
10	88	2	0.00000000	0.05460219
10	89	2	0.00000000	0.05460219
10	90	2	0.00000000	0.05460219
10	91	2	0.00000000	0.05460219
10	92	2	0.00000000	0.05460219
10	93	2	0.00000000	0.05460219
10	94	2	0.00000000	0.05460219
10	95	2	0.00000000	0.05460219
10	96	2	0.00000000	0.05460219
10	97	2	0.00000000	0.05460219
10	98	2	-1225.25718966	0.05460219
10	99	2	-1225.38218097	0.05460219
10	100	2	-1225.79320743	0.05460219
10	101	2	-1229.67307172	0.05460219
10	102	2	-1224.53797124	0.05460219
10	103	2	-1226.21707500	0.05460219
10	104	2	-1237.32717228	0.05460219
10	105	2	-1228.57399466	0.05460219
10	106	2	-1228.57399466	0.05460219
10	107	2	-1227.48958796	0.05460219
10	108	2	-1228.57399466	0.05460219
10	109	2	-1228.57399466	0.05460219
10	110	2	0.00000000	0.05460219
10	111	2	0.00000000	0.05460219
10	112	2	0.00000000	0.05460219
10	113	2	0.00000000	0.05460219
10	114	2	0.00000000	0.05460219
10	115	2	0.00000000	0.05460219
10	116	2	0.00000000	0.05460219
10	117	2	0.00000000	0.05460219
10	118	2	0.00000000	0.05460219
10	119	2	0.00000000	0.05460219
10	120	2	0.00000000	0.05460219
10	121	2	0.00000000	0.05460219
10	122	2	0.00000000	0.05460219
10	123	2	0.00000000	0.05460219
10	124	2	0.00000000	0.05460219
10	125	2	0.00000000	0.05460219
10	126	2	0.00000000	0.05460219
10	127	2	0.00000000	0.05460219
10	128	2	0.00000000	0.05460219
10	129	2	0.00000000	0.05460219
10	130	2	0.00000000	0.05460219
10	131	2	0.00000000	0.05460219
10	132	2	0.00000000	0.05460219
10	133	2	0.00000000	0.05460219
10	134	2	0.00000000	0.05460219
10	135	2	0.00000000	0.05460219
10	136	2	0.00000000	0.05460219
10	137	2	0.00000000	0.05460219
10	138	2	0.00000000	0.05460219
10	139	2	0.00000000	0.05460219
10	140	2	0.00000000	0.05460219
10	141	2	0.00000000	0.05460219
10	142	2	0.00000000	0.05460219
10	143	2	0.00000000	0.05460219
10	144	2	0.00000000	0.05460219
10	145	2	0.00000000	0.05460219
10	146	2	0.00000000	0.05460219
10	147	2	0.00000000	0.05460219
10	148	2	0.00000000	0.05460219
10	149	2	0.00000000	0.05460219
10	150	2	0.00000000	0.05460219
10	151	2	0.00000000	0.05460219
10	152	2	0.00000000	0.05460219
10	153	2	0.00000000	0.05460219
10	154	2	0.00000000	0.05460219
10	155	2	0.00000000	0.05460219
10	156	2	0.00000000	0.05460219
10	157	2	0.00000000	0.05460219
10	158	2	0.00000000	0.05460219
10	159	2	-1213.61280217	0.05460219
10	160	2	-1225.03511738	0.05460219
10	161	2	-1221.37538782	0.05460219
10	162	2	-1224.07779207	0.05460219
10	163	2	-1221.11859573	0.05460219
10	164	2	-1222.34017318	0.05460219
10	165	2	-1229.70040178	0.05460219
10	166	2	-1231.48150671	0.05460219
10	167	2	-1228.78746681	0.05460219
10	168	2	-1228.53933663	0.05460219
10	169	2	-1230.75939318	0.05460219
10	170	2	-1227.02487796	0.05460219
10	171	2	-1225.53252464	0.05460219
10	172	2	-1227.22447652	0.05460219
10	173	2	-1227.32166355	0.05460219
10	174	2	-1229.37164455	0.05460219
10	175	2	-1226.73225977	0.05460219
10	176	2	-1229.52808676	0.05460219
10	177	2	-1229.13797133	0.05460219
10	178	2	-1232.83858460	0.05460219
10	179	2	-1231.68003368	0.05460219
10	180	2	-1234.33067806	0.05460219
10	181	2	-1232.11235788	0.05460219
10	182	2	-1233.63514062	0.05460219
10	183	2	-1233.12173821	0.05460219
10	184	2	-1231.27055967	0.05460219
10	185	2	-1231.37635711	0.05460219
10	186	2	-1232.12512362	0.05460219
10	187	2	-1230.94943549	0.05460219
10	188	2	-1230.64913351	0.05460219
10	189	2	-1229.86652368	0.05460219
10	190	2	-1230.38035590	0.05460219
10	191	2	-1229.80695208	0.05460219
10	192	2	-1230.90623169	0.05460219
10	193	2	-1230.25441647	0.05460219
10	194	2	-1230.95276949	0.05460219
10	195	2	-1230.99818775	0.05460219
10	196	2	-1231.54865953	0.05460219
10	197	2	-1231.70200741	0.05460219
10	198	2	-1227.90799715	0.05460219
10	199	2	-1226.95148744	0.05460219
10	200	2	-1228.24763938	0.05460219
10	201	2	-1226.40349810	0.05460219
10	202	2	-1227.59522096	0.05460219
10	203	2	-1226.53476253	0.05460219
10	204	2	-1224.90800803	0.05460219
10	205	2	-1223.68194203	0.05460219
10	206	2	-1225.81391786	0.05460219
10	207	2	-1225.20576893	0.05460219
11	0	2	-1209.87751545	0.05495285
11	1	2	-1213.24799206	0.05495285
11	2	2	-1211.09464202	0.05495285
11	3	2	-1210.38031467	0.05495285
11	4	2	-1214.15544740	0.05495285
11	5	2	-1211.34332243	0.05495285
11	6	2	-1215.73963451	0.05495285
11	7	2	-1213.10577438	0.05495285
11	8	2	-1217.25574120	0.05495285
11	9	2	-1215.06332616	0.05495285
11	10	2	-1218.04760271	0.05495285
11	11	2	-1218.71588338	0.05495285
11	12	2	-1216.13526417	0.05495285
11	13	2	-1221.34946301	0.05495285
11	14	2	-1218.69178071	0.05495285
11	15	2	-1223.52209001	0.05495285
11	16	2	-1219.45273055	0.05495285
11	17	2	-1219.84206559	0.05495285
11	18	2	-1219.10802973	0.05495285
11	19	2	-1221.09865829	0.05495285
11	20	2	-1224.77514002	0.05495285
11	21	2	-1224.36729227	0.05495285
11	22	2	-1225.65146831	0.05495285
11	23	2	-1224.68117168	0.05495285
11	24	2	-1226.92048362	0.05495285
11	25	2	-1226.74334681	0.05495285
11	26	2	-1229.48063178	0.05495285
11	27	2	-1233.02355727	0.05495285
11	28	2	-1234.99845495	0.05495285
11	29	2	-1234.48409092	0.05495285
11	30	2	-1232.22538300	0.05495285
11	31	2	-1232.61958642	0.05495285
11	32	2	-1231.73026448	0.05495285
11	33	2	-1232.26255587	0.05495285
11	34	2	-1231.87904903	0.05495285
11	35	2	-1231.42957672	0.05495285
11	36	2	-1234.06791019	0.05495285
11	37	2	-1231.45446047	0.05495285
11	38	2	-1229.34618397	0.05495285
11	39	2	-1228.32920374	0.05495285
11	40	2	-1228.05493285	0.05495285
11	41	2	-1228.88926814	0.05495285
11	42	2	0.00000000	0.05495285
11	43	2	0.00000000	0.05495285
11	44	2	0.00000000	0.05495285
11	45	2	0.00000000	0.05495285
11	46	2	0.00000000	0.05495285
11	47	2	0.00000000	0.05495285
11	48	2	0.00000000	0.05495285
11	49	2	0.00000000	0.05495285
11	50	2	0.00000000	0.05495285
11	51	2	0.00000000	0.05495285
11	52	2	0.00000000	0.05495285
11	53	2	0.00000000	0.05495285
11	54	2	0.00000000	0.05495285
11	55	2	0.00000000	0.05495285
11	56	2	-1227.25014851	0.05495285
11	57	2	-1227.77951039	0.05495285
11	58	2	-1229.07337067	0.05495285
11	59	2	-1231.83180561	0.05495285
11	60	2	-1234.33427987	0.05495285
11	61	2	-1234.39217166	0.05495285
11	62	2	-1236.70508298	0.05495285
11	63	2	-1232.49399795	0.05495285
11	64	2	-1232.55529648	0.05495285
11	65	2	-1231.06386191	0.05495285
11	66	2	-1232.73675727	0.05495285
11	67	2	-1232.50563114	0.05495285
11	68	2	-1231.81001562	0.05495285
11	69	2	-1232.45050617	0.05495285
11	70	2	-1234.86941652	0.05495285
11	71	2	-1231.79992381	0.05495285
11	72	2	-1230.39754238	0.05495285
11	73	2	-1230.29564869	0.05495285
11	74	2	-1229.86537625	0.05495285
11	75	2	-1229.24621363	0.05495285
11	76	2	-1227.74012670	0.05495285
11	77	2	-1227.30101630	0.05495285
11	78	2	-1228.73631173	0.05495285
11	79	2	-1227.63269859	0.05495285
11	80	2	-1226.82372410	0.05495285
11	81	2	-1228.81682109	0.05495285
11	82	2	-1229.13442333	0.05495285
11	83	2	-1229.79983949	0.05495285
11	84	2	-1228.04563989	0.05495285
11	85	2	-1229.15105936	0.05495285
11	86	2	-1226.96939298	0.05495285
11	87	2	-1226.87329350	0.05495285
11	88	2	-1227.85063082	0.05495285
11	89	2	-1226.93676290	0.05495285
11	90	2	-1227.36220238	0.05495285
11	91	2	-1227.16366969	0.05495285
11	92	2	-1225.19506807	0.05495285
11	93	2	-1228.12461510	0.05495285
11	94	2	0.00000000	0.05495285
11	95	2	0.00000000	0.05495285
11	96	2	0.00000000	0.05495285
11	97	2	0.00000000	0.05495285
11	98	2	0.00000000	0.05495285
11	99	2	0.00000000	0.05495285
11	100	2	0.00000000	0.05495285
11	101	2	0.00000000	0.05495285
11	102	2	0.00000000	0.05495285
11	103	2	0.00000000	0.05495285
11	104	2	0.00000000	0.05495285
11	105	2	0.00000000	0.05495285
11	106	2	0.00000000	0.05495285
11	107	2	0.00000000	0.05495285
11	108	2	-1223.52235842	0.05495285
11	109	2	-1222.56705869	0.05495285
11	110	2	0.00000000	0.05495285
11	111	2	0.00000000	0.05495285
11	112	2	0.00000000	0.05495285
11	113	2	0.00000000	0.05495285
11	114	2	0.00000000	0.05495285
11	115	2	0.00000000	0.05495285
11	116	2	0.00000000	0.05495285
11	117	2	0.00000000	0.05495285
11	118	2	0.00000000	0.05495285
11	119	2	0.00000000	0.05495285
11	120	2	0.00000000	0.05495285
11	121	2	0.00000000	0.05495285
11	122	2	0.00000000	0.05495285
11	123	2	0.00000000	0.05495285
11	124	2	-1222.56705869	0.05495285
11	125	2	-1219.59461618	0.05495285
11	126	2	-1221.76413499	0.05495285
11	127	2	-1222.46886267	0.05495285
11	128	2	-1224.38228658	0.05495285
11	129	2	-1223.05747150	0.05495285
11	130	2	-1225.23418617	0.05495285
11	131	2	-1224.20666783	0.05495285
11	132	2	-1225.79821954	0.05495285
11	133	2	-1225.95754093	0.05495285
11	134	2	-1227.98062282	0.05495285
11	135	2	-1225.69151296	0.05495285
11	136	2	-1226.84166092	0.05495285
11	137	2	-1224.94895076	0.05495285
11	138	2	-1226.37479780	0.05495285
11	139	2	-1224.43417896	0.05495285
11	140	2	-1226.39514803	0.05495285
11	141	2	-1223.55242823	0.05495285
11	142	2	-1224.92613495	0.05495285
11	143	2	-1223.59131725	0.05495285
11	144	2	-1225.14521780	0.05495285
11	145	2	-1223.14466398	0.05495285
11	146	2	-1224.09852980	0.05495285
11	147	2	-1221.73409466	0.05495285
11	148	2	-1223.40508954	0.05495285
11	149	2	-1221.34322706	0.05495285
11	150	2	-1224.15475241	0.05495285
11	151	2	-1223.33237632	0.05495285
11	152	2	-1227.24582009	0.05495285
11	153	2	-1224.75029798	0.05495285
11	154	2	-1226.30005581	0.05495285
11	155	2	-1223.36973070	0.05495285
11	156	2	-1224.17267407	0.05495285
11	157	2	-1221.44358450	0.05495285
11	158	2	-1221.22668619	0.05495285
11	159	2	-1216.08863993	0.05495285
11	160	2	-1215.41424584	0.05495285
11	161	2	-1213.37174396	0.05495285
11	162	2	0.00000000	0.05495285
11	163	2	0.00000000	0.05495285
11	164	2	0.00000000	0.05495285
11	165	2	0.00000000	0.05495285
11	166	2	0.00000000	0.05495285
11	167	2	0.00000000	0.05495285
11	168	2	0.00000000	0.05495285
11	169	2	0.00000000	0.05495285
11	170	2	0.00000000	0.05495285
11	171	2	0.00000000	0.05495285
11	172	2	0.00000000	0.05495285
11	173	2	0.00000000	0.05495285
11	174	2	0.00000000	0.05495285
11	175	2	0.00000000	0.05495285
11	176	2	-1218.58402900	0.05495285
11	177	2	-1223.05992557	0.05495285
11	178	2	-1222.71197754	0.05495285
11	179	2	-1219.42073898	0.05495285
11	180	2	-1224.86252420	0.05495285
11	181	2	-1223.01612041	0.05495285
11	182	2	-1223.87134699	0.05495285
11	183	2	-1221.82431281	0.05495285
11	184	2	-1223.78120076	0.05495285
11	185	2	-1223.16858936	0.05495285
11	186	2	-1222.65610118	0.05495285
11	187	2	-1222.71546111	0.05495285
11	188	2	-1224.69894474	0.05495285
11	189	2	-1222.77221152	0.05495285
11	190	2	-1225.34918654	0.05495285
11	191	2	-1221.01197059	0.05495285
11	192	2	-1224.57733999	0.05495285
11	193	2	-1225.86411769	0.05495285
11	194	2	-1227.76256216	0.05495285
11	195	2	-1226.24588272	0.05495285
11	196	2	-1226.15818109	0.05495285
11	197	2	-1226.39906738	0.05495285
11	198	2	-1224.38079537	0.05495285
11	199	2	-1222.51061065	0.05495285
11	200	2	-1221.64220690	0.05495285
11	201	2	-1220.86961131	0.05495285
11	202	2	-1221.51243340	0.05495285
11	203	2	-1222.10243572	0.05495285
11	204	2	-1222.59698715	0.05495285
11	205	2	-1222.48524683	0.05495285
11	206	2	-1223.00425187	0.05495285
11	207	2	-1220.35620997	0.05495285
11	208	2	-1222.79180507	0.05495285
11	209	2	-1220.26487742	0.05495285
11	210	2	-1220.51642386	0.05495285
11	211	2	-1216.28733771	0.05495285
11	212	2	-1217.75876504	0.05495285
11	213	2	-1215.71746134	0.05495285
11	214	2	-1216.08736423	0.05495285
11	215	2	-1215.51064932	0.05495285
11	216	2	-1214.11867536	0.05495285
11	217	2	-1214.82952627	0.05495285
12	0	2	-1189.10972048	0.05471704
12	1	2	-1218.10857423	0.05471704
12	2	2	-1193.69694214	0.05471704
12	3	2	-1214.53089244	0.05471704
12	4	2	-1201.90699756	0.05471704
12	5	2	-1234.15742323	0.05471704
12	6	2	-1187.68518653	0.05471704
12	7	2	-1234.49193173	0.05471704
12	8	2	-1221.72176052	0.05471704
12	9	2	-1238.39246091	0.05471704
12	10	2	-1220.59512656	0.05471704
12	11	2	-1254.98505713	0.05471704
12	12	2	-1248.40573025	0.05471704
12	13	2	-1255.66747496	0.05471704
12	14	2	-1253.39679015	0.05471704
12	15	2	-1257.54582264	0.05471704
12	16	2	-1248.00022924	0.05471704
12	17	2	-1251.73281905	0.05471704
12	18	2	-1256.30384685	0.05471704
12	19	2	-1254.67976489	0.05471704
12	20	2	-1261.54683455	0.05471704
12	21	2	-1263.58575202	0.05471704
12	22	2	-1243.70940010	0.05471704
12	23	2	-1277.96145295	0.05471704
12	24	2	-1255.25191008	0.05471704
12	25	2	-1274.66244771	0.05471704
12	26	2	-1266.51393596	0.05471704
12	27	2	-1285.40542146	0.05471704
12	28	2	-1271.12023677	0.05471704
12	29	2	-1274.90463256	0.05471704
12	30	2	-1262.52191631	0.05471704
12	31	2	-1278.00911495	0.05471704
12	32	2	-1266.87023015	0.05471704
12	33	2	-1266.94951861	0.05471704
12	34	2	-1266.98860423	0.05471704
12	35	2	-1267.75992160	0.05471704
12	36	2	0.00000000	0.05471704
12	37	2	0.00000000	0.05471704
12	38	2	0.00000000	0.05471704
12	39	2	0.00000000	0.05471704
12	40	2	0.00000000	0.05471704
12	41	2	0.00000000	0.05471704
12	42	2	0.00000000	0.05471704
12	43	2	0.00000000	0.05471704
12	44	2	0.00000000	0.05471704
12	45	2	0.00000000	0.05471704
12	46	2	0.00000000	0.05471704
12	47	2	0.00000000	0.05471704
12	48	2	-1268.28415623	0.05471704
12	49	2	-1274.99503162	0.05471704
12	50	2	-1256.24437036	0.05471704
12	51	2	-1263.24089972	0.05471704
12	52	2	-1266.46331655	0.05471704
12	53	2	-1271.82294073	0.05471704
12	54	2	-1262.45003144	0.05471704
12	55	2	-1268.00801509	0.05471704
12	56	2	-1266.22930967	0.05471704
12	57	2	-1276.13116481	0.05471704
12	58	2	-1268.15610443	0.05471704
12	59	2	-1269.14352444	0.05471704
12	60	2	-1267.81194644	0.05471704
12	61	2	-1273.79828629	0.05471704
12	62	2	-1269.72667356	0.05471704
12	63	2	-1272.15945134	0.05471704
12	64	2	-1273.79976475	0.05471704
12	65	2	-1276.26877845	0.05471704
12	66	2	-1265.40666079	0.05471704
12	67	2	-1286.47878019	0.05471704
12	68	2	-1260.69846798	0.05471704
12	69	2	-1286.11232645	0.05471704
12	70	2	-1265.03713522	0.05471704
12	71	2	-1275.28120707	0.05471704
12	72	2	-1274.57733670	0.05471704
12	73	2	-1272.68989365	0.05471704
12	74	2	-1271.62989297	0.05471704
12	75	2	-1275.33786079	0.05471704
12	76	2	-1265.23696172	0.05471704
12	77	2	-1277.34523730	0.05471704
12	78	2	-1263.70403624	0.05471704
12	79	2	-1271.19356056	0.05471704
12	80	2	-1282.16039167	0.05471704
12	81	2	-1273.01807351	0.05471704
12	82	2	-1259.80226454	0.05471704
12	83	2	-1271.75025969	0.05471704
12	84	2	-1261.91660149	0.05471704
12	85	2	-1270.03116620	0.05471704
12	86	2	-1258.48751027	0.05471704
12	87	2	-1268.59248380	0.05471704
12	88	2	-1260.78953063	0.05471704
12	89	2	-1267.18481202	0.05471704
12	90	2	-1261.29639271	0.05471704
12	91	2	-1268.25185699	0.05471704
12	92	2	-1253.66245302	0.05471704
12	93	2	-1268.39455478	0.05471704
12	94	2	-1253.10423165	0.05471704
12	95	2	-1266.44570006	0.05471704
12	96	2	-1255.80329079	0.05471704
12	97	2	-1264.54721706	0.05471704
12	98	2	-1259.57657700	0.05471704
12	99	2	-1265.28339237	0.05471704
12	100	2	-1259.95715512	0.05471704
12	101	2	-1270.57472252	0.05471704
12	102	2	-1258.01743880	0.05471704
12	103	2	-1266.95134452	0.05471704
12	104	2	-1266.75899247	0.05471704
12	105	2	-1251.06331555	0.05471704
12	106	2	0.00000000	0.05471704
12	107	2	0.00000000	0.05471704
12	108	2	0.00000000	0.05471704
12	109	2	0.00000000	0.05471704
12	110	2	0.00000000	0.05471704
12	111	2	0.00000000	0.05471704
12	112	2	0.00000000	0.05471704
12	113	2	0.00000000	0.05471704
12	114	2	0.00000000	0.05471704
12	115	2	0.00000000	0.05471704
12	116	2	0.00000000	0.05471704
12	117	2	0.00000000	0.05471704
12	118	2	0.00000000	0.05471704
12	119	2	0.00000000	0.05471704
12	120	2	0.00000000	0.05471704
12	121	2	0.00000000	0.05471704
12	122	2	0.00000000	0.05471704
12	123	2	0.00000000	0.05471704
12	124	2	-1269.47705560	0.05471704
12	125	2	-1269.47705560	0.05471704
12	126	2	-1269.47705560	0.05471704
12	127	2	-1269.47705560	0.05471704
12	128	2	-1269.47705560	0.05471704
12	129	2	-1269.47705560	0.05471704
12	130	2	-1269.47705560	0.05471704
12	131	2	-1269.47705560	0.05471704
12	132	2	-1272.59457306	0.05471704
12	133	2	-1273.66878427	0.05471704
12	134	2	-1272.89551353	0.05471704
12	135	2	-1274.90182575	0.05471704
12	136	2	-1274.34922077	0.05471704
12	137	2	-1275.29835726	0.05471704
12	138	2	-1274.41494014	0.05471704
12	139	2	-1276.68377033	0.05471704
12	140	2	-1276.24525551	0.05471704
12	141	2	-1276.32288110	0.05471704
12	142	2	-1277.67341497	0.05471704
12	143	2	-1277.29788844	0.05471704
12	144	2	-1277.05278680	0.05471704
12	145	2	-1277.13995524	0.05471704
12	146	2	-1277.09902247	0.05471704
12	147	2	-1277.95452877	0.05471704
12	148	2	-1276.32860253	0.05471704
12	149	2	-1276.13222074	0.05471704
12	150	2	-1275.98120006	0.05471704
12	151	2	-1276.75300659	0.05471704
12	152	2	-1276.27627465	0.05471704
12	153	2	-1275.25169199	0.05471704
12	154	2	-1275.14483645	0.05471704
12	155	2	-1275.17247451	0.05471704
12	156	2	-1274.83585949	0.05471704
12	157	2	-1275.43669979	0.05471704
12	158	2	-1275.82332875	0.05471704
12	159	2	-1276.52363467	0.05471704
12	160	2	-1277.32061293	0.05471704
12	161	2	-1278.30526500	0.05471704
12	162	2	-1278.24407739	0.05471704
12	163	2	-1279.80389749	0.05471704
12	164	2	-1280.02828001	0.05471704
12	165	2	-1280.85322413	0.05471704
12	166	2	-1280.17315499	0.05471704
12	167	2	-1279.19647858	0.05471704
12	168	2	-1277.09038931	0.05471704
12	169	2	-1277.47918158	0.05471704
12	170	2	-1275.74399618	0.05471704
12	171	2	-1276.45529400	0.05471704
12	172	2	-1275.22304628	0.05471704
12	173	2	-1274.02611289	0.05471704
12	174	2	-1273.60626025	0.05471704
12	175	2	-1272.59616904	0.05471704
12	176	2	-1270.18958827	0.05471704
12	177	2	-1269.15036566	0.05471704
12	178	2	-1268.93689724	0.05471704
12	179	2	-1267.43854288	0.05471704
12	180	2	-1268.09861390	0.05471704
12	181	2	-1270.39585744	0.05471704
12	182	2	0.00000000	0.05471704
12	183	2	0.00000000	0.05471704
12	184	2	0.00000000	0.05471704
12	185	2	0.00000000	0.05471704
12	186	2	0.00000000	0.05471704
12	187	2	0.00000000	0.05471704
12	188	2	0.00000000	0.05471704
12	189	2	0.00000000	0.05471704
12	190	2	0.00000000	0.05471704
12	191	2	0.00000000	0.05471704
12	192	2	0.00000000	0.05471704
12	193	2	0.00000000	0.05471704
12	194	2	-1265.61425494	0.05471704
12	195	2	-1267.72132127	0.05471704
12	196	2	-1265.59615805	0.05471704
12	197	2	-1260.55640541	0.05471704
12	198	2	-1258.78920563	0.05471704
12	199	2	-1261.23055196	0.05471704
12	200	2	-1264.28851148	0.05471704
12	201	2	-1265.35241344	0.05471704
12	202	2	-1260.92809191	0.05471704
12	203	2	-1264.92387991	0.05471704
12	204	2	-1268.61613064	0.05471704
12	205	2	-1268.50735484	0.05471704
12	206	2	-1266.75967016	0.05471704
12	207	2	-1268.65775178	0.05471704
12	208	2	-1270.38275362	0.05471704
12	209	2	-1270.01630121	0.05471704
12	210	2	-1268.32958180	0.05471704
12	211	2	-1268.08522729	0.05471704
12	212	2	-1264.16589162	0.05471704
12	213	2	-1255.82558904	0.05471704
12	214	2	-1253.07050970	0.05471704
12	215	2	-1252.27277432	0.05471704
12	216	2	-1252.40102634	0.05471704
12	217	2	-1255.75077696	0.05471704
12	218	2	-1254.70891864	0.05471704
12	219	2	-1255.77516364	0.05471704
12	220	2	-1253.41850728	0.05471704
12	221	2	-1255.27158310	0.05471704
12	222	2	-1255.88927441	0.05471704
12	223	2	-1256.69781794	0.05471704
12	224	2	-1255.93347400	0.05471704
12	225	2	-1258.52238877	0.05471704
12	226	2	-1256.97085895	0.05471704
12	227	2	-1258.70252565	0.05471704
12	228	2	-1261.02672662	0.05471704
12	229	2	-1262.65955486	0.05471704
13	0	2	-1260.50100763	0.05473490
13	1	2	-1241.94888867	0.05473490
13	2	2	-1263.98868979	0.05473490
13	3	2	-1235.46469215	0.05473490
13	4	2	-1269.64168913	0.05473490
13	5	2	-1247.65461114	0.05473490
13	6	2	-1259.31580349	0.05473490
13	7	2	-1261.13133870	0.05473490
13	8	2	-1271.71580707	0.05473490
13	9	2	-1262.47881696	0.05473490
13	10	2	-1296.93836358	0.05473490
13	11	2	-1267.09954714	0.05473490
13	12	2	-1294.17565513	0.05473490
13	13	2	-1261.56829829	0.05473490
13	14	2	-1297.64771005	0.05473490
13	15	2	-1264.04673198	0.05473490
13	16	2	-1279.18831497	0.05473490
13	17	2	0.00000000	0.05473490
13	18	2	0.00000000	0.05473490
13	19	2	0.00000000	0.05473490
13	20	2	0.00000000	0.05473490
13	21	2	0.00000000	0.05473490
13	22	2	0.00000000	0.05473490
13	23	2	0.00000000	0.05473490
13	24	2	0.00000000	0.05473490
13	25	2	0.00000000	0.05473490
13	26	2	0.00000000	0.05473490
13	27	2	0.00000000	0.05473490
13	28	2	-1296.88041639	0.05473490
13	29	2	-1279.45991423	0.05473490
13	30	2	-1288.03812904	0.05473490
13	31	2	-1263.60596888	0.05473490
13	32	2	-1289.59220061	0.05473490
13	33	2	-1267.24037970	0.05473490
13	34	2	-1281.08552767	0.05473490
13	35	2	-1281.84542207	0.05473490
13	36	2	-1284.57911530	0.05473490
13	37	2	-1264.96395224	0.05473490
13	38	2	-1286.34351817	0.05473490
13	39	2	-1266.23586589	0.05473490
13	40	2	-1291.13335808	0.05473490
13	41	2	-1263.54798735	0.05473490
13	42	2	-1286.47204287	0.05473490
13	43	2	-1271.33653889	0.05473490
13	44	2	-1288.68378766	0.05473490
13	45	2	-1272.45309793	0.05473490
13	46	2	-1284.40061779	0.05473490
13	47	2	-1274.39297567	0.05473490
13	48	2	-1282.12781697	0.05473490
13	49	2	-1275.64517709	0.05473490
13	50	2	-1287.09888378	0.05473490
13	51	2	-1268.96641906	0.05473490
13	52	2	-1289.67203359	0.05473490
13	53	2	-1273.09081131	0.05473490
13	54	2	-1284.52263905	0.05473490
13	55	2	-1280.66775394	0.05473490
13	56	2	-1280.97889517	0.05473490
13	57	2	-1277.61500707	0.05473490
13	58	2	-1282.26223163	0.05473490
13	59	2	-1275.82737962	0.05473490
13	60	2	-1282.90202299	0.05473490
13	61	2	-1270.38224892	0.05473490
13	62	2	-1292.68484033	0.05473490
13	63	2	-1258.99195000	0.05473490
13	64	2	-1289.60200270	0.05473490
13	65	2	-1258.46693786	0.05473490
13	66	2	-1283.68310194	0.05473490
13	67	2	-1268.39351921	0.05473490
13	68	2	-1272.15035309	0.05473490
13	69	2	-1261.89332061	0.05473490
13	70	2	-1282.92396636	0.05473490
13	71	2	-1270.06607353	0.05473490
13	72	2	-1278.49847181	0.05473490
13	73	2	-1271.63778221	0.05473490
13	74	2	-1279.03663895	0.05473490
13	75	2	-1265.34724139	0.05473490
13	76	2	-1286.05958421	0.05473490
13	77	2	-1266.77485981	0.05473490
13	78	2	-1278.05512504	0.05473490
13	79	2	-1271.67969603	0.05473490
13	80	2	-1270.89226767	0.05473490
13	81	2	-1270.54786393	0.05473490
13	82	2	-1273.03656777	0.05473490
13	83	2	-1266.92226479	0.05473490
13	84	2	-1277.47149042	0.05473490
13	85	2	-1262.85967294	0.05473490
13	86	2	-1277.07345914	0.05473490
13	87	2	-1264.75613775	0.05473490
13	88	2	-1274.53459213	0.05473490
13	89	2	-1267.49944009	0.05473490
13	90	2	-1279.62667009	0.05473490
13	91	2	-1269.53215835	0.05473490
13	92	2	-1279.95747697	0.05473490
13	93	2	-1272.21710193	0.05473490
13	94	2	-1277.15137964	0.05473490
13	95	2	-1273.72197963	0.05473490
13	96	2	-1279.03730299	0.05473490
13	97	2	-1270.24706550	0.05473490
13	98	2	-1273.30197339	0.05473490
13	99	2	0.00000000	0.05473490
13	100	2	0.00000000	0.05473490
13	101	2	0.00000000	0.05473490
13	102	2	0.00000000	0.05473490
13	103	2	0.00000000	0.05473490
13	104	2	0.00000000	0.05473490
13	105	2	0.00000000	0.05473490
13	106	2	0.00000000	0.05473490
13	107	2	0.00000000	0.05473490
13	108	2	0.00000000	0.05473490
13	109	2	0.00000000	0.05473490
13	110	2	0.00000000	0.05473490
13	111	2	0.00000000	0.05473490
13	112	2	0.00000000	0.05473490
13	113	2	0.00000000	0.05473490
13	114	2	0.00000000	0.05473490
13	115	2	-1262.93660500	0.05473490
13	116	2	-1262.93660500	0.05473490
13	117	2	-1262.93660500	0.05473490
13	118	2	-1262.93660500	0.05473490
13	119	2	-1262.93660500	0.05473490
13	120	2	-1262.93660500	0.05473490
13	121	2	-1262.93660500	0.05473490
13	122	2	-1262.93660500	0.05473490
13	123	2	-1262.93660500	0.05473490
13	124	2	-1262.93660500	0.05473490
13	125	2	-1262.93660500	0.05473490
13	126	2	-1262.40773167	0.05473490
13	127	2	-1262.93660500	0.05473490
13	128	2	-1262.93660500	0.05473490
13	129	2	-1263.21280504	0.05473490
13	130	2	-1264.01609680	0.05473490
13	131	2	-1264.25924308	0.05473490
13	132	2	-1265.89355157	0.05473490
13	133	2	-1266.38887495	0.05473490
13	134	2	-1266.08213048	0.05473490
13	135	2	-1265.99928808	0.05473490
13	136	2	-1265.66388122	0.05473490
13	137	2	-1266.35805192	0.05473490
13	138	2	-1265.99110075	0.05473490
13	139	2	-1265.49835286	0.05473490
13	140	2	-1265.64475984	0.05473490
13	141	2	-1266.11495987	0.05473490
13	142	2	-1266.43696826	0.05473490
13	143	2	-1267.00577116	0.05473490
13	144	2	-1269.19475235	0.05473490
13	145	2	-1269.86833139	0.05473490
13	146	2	-1271.04618512	0.05473490
13	147	2	-1270.75438814	0.05473490
13	148	2	-1271.59827622	0.05473490
13	149	2	-1272.84857136	0.05473490
13	150	2	-1272.96719014	0.05473490
13	151	2	-1272.46970099	0.05473490
13	152	2	-1272.73891699	0.05473490
13	153	2	-1272.07362162	0.05473490
13	154	2	-1272.42468118	0.05473490
13	155	2	-1272.16156673	0.05473490
13	156	2	-1272.77027644	0.05473490
13	157	2	-1273.16594249	0.05473490
13	158	2	-1274.17516231	0.05473490
13	159	2	-1275.17874023	0.05473490
13	160	2	-1276.26863821	0.05473490
13	161	2	-1276.95666139	0.05473490
13	162	2	-1277.80383699	0.05473490
13	163	2	-1277.90448343	0.05473490
13	164	2	-1277.66224405	0.05473490
13	165	2	-1278.71709744	0.05473490
13	166	2	-1278.65116082	0.05473490
13	167	2	-1278.94877437	0.05473490
13	168	2	-1278.58859637	0.05473490
13	169	2	-1279.20730472	0.05473490
13	170	2	-1279.38621841	0.05473490
13	171	2	-1277.26115968	0.05473490
13	172	2	-1278.57028978	0.05473490
13	173	2	-1277.06648169	0.05473490
13	174	2	-1277.53129956	0.05473490
13	175	2	-1278.04245020	0.05473490
13	176	2	-1277.72371232	0.05473490
13	177	2	-1275.64974104	0.05473490
13	178	2	-1275.72183114	0.05473490
13	179	2	-1275.18613555	0.05473490
13	180	2	-1274.38140871	0.05473490
13	181	2	-1271.01512582	0.05473490
13	182	2	-1271.67337906	0.05473490
13	183	2	-1270.50798681	0.05473490
13	184	2	-1273.80049508	0.05473490
13	185	2	-1273.31657231	0.05473490
13	186	2	0.00000000	0.05473490
13	187	2	0.00000000	0.05473490
13	188	2	0.00000000	0.05473490
13	189	2	0.00000000	0.05473490
13	190	2	0.00000000	0.05473490
13	191	2	0.00000000	0.05473490
13	192	2	0.00000000	0.05473490
13	193	2	0.00000000	0.05473490
13	194	2	0.00000000	0.05473490
13	195	2	0.00000000	0.05473490
13	196	2	0.00000000	0.05473490
13	197	2	-1246.91091659	0.05473490
13	198	2	-1246.67531313	0.05473490
13	199	2	-1242.79728527	0.05473490
13	200	2	-1238.16922228	0.05473490
13	201	2	-1242.21654790	0.05473490
13	202	2	-1237.72387606	0.05473490
13	203	2	-1237.89932140	0.05473490
13	204	2	-1232.51430833	0.05473490
13	205	2	-1232.96266594	0.05473490
13	206	2	-1230.57642939	0.05473490
13	207	2	-1230.21382787	0.05473490
13	208	2	-1219.01987225	0.05473490
13	209	2	-1217.04463088	0.05473490
13	210	2	-1215.88870183	0.05473490
13	211	2	-1220.76616169	0.05473490
13	212	2	-1223.40656915	0.05473490
13	213	2	-1215.50676877	0.05473490
14	0	2	-1199.98252446	0.05448071
14	1	2	-1207.79574291	0.05448071
14	2	2	-1202.88393448	0.05448071
14	3	2	-1230.19480076	0.05448071
14	4	2	0.00000000	0.05448071
14	5	2	0.00000000	0.05448071
14	6	2	0.00000000	0.05448071
14	7	2	0.00000000	0.05448071
14	8	2	0.00000000	0.05448071
14	9	2	0.00000000	0.05448071
14	10	2	0.00000000	0.05448071
14	11	2	0.00000000	0.05448071
14	12	2	0.00000000	0.05448071
14	13	2	0.00000000	0.05448071
14	14	2	-1236.56585725	0.05448071
14	15	2	-1238.18119484	0.05448071
14	16	2	-1237.13792646	0.05448071
14	17	2	-1238.93271182	0.05448071
14	18	2	-1236.65349990	0.05448071
14	19	2	-1238.13244304	0.05448071
14	20	2	-1236.79263589	0.05448071
14	21	2	-1240.40536244	0.05448071
14	22	2	-1239.08934924	0.05448071
14	23	2	-1240.03983513	0.05448071
14	24	2	-1235.02147182	0.05448071
14	25	2	-1236.50990123	0.05448071
14	26	2	-1234.76110242	0.05448071
14	27	2	-1236.44398401	0.05448071
14	28	2	-1237.50575220	0.05448071
14	29	2	-1240.09059707	0.05448071
14	30	2	-1234.28795021	0.05448071
14	31	2	-1232.33094254	0.05448071
14	32	2	-1234.77985440	0.05448071
14	33	2	-1238.34076520	0.05448071
14	34	2	-1233.63657239	0.05448071
14	35	2	-1235.52567527	0.05448071
14	36	2	-1234.45975164	0.05448071
14	37	2	-1235.61263427	0.05448071
14	38	2	-1233.36216097	0.05448071
14	39	2	-1236.47545892	0.05448071
14	40	2	-1232.98938561	0.05448071
14	41	2	-1236.40654479	0.05448071
14	42	2	-1233.35140528	0.05448071
14	43	2	-1236.65139034	0.05448071
14	44	2	-1234.82325375	0.05448071
14	45	2	-1238.29637430	0.05448071
14	46	2	-1235.42078174	0.05448071
14	47	2	-1235.97210178	0.05448071
14	48	2	-1234.26927895	0.05448071
14	49	2	-1235.23319156	0.05448071
14	50	2	-1233.92292823	0.05448071
14	51	2	-1233.75880626	0.05448071
14	52	2	-1233.02842136	0.05448071
14	53	2	-1233.70464581	0.05448071
14	54	2	-1229.21780613	0.05448071
14	55	2	-1233.61964384	0.05448071
14	56	2	-1231.21165446	0.05448071
14	57	2	-1233.93670609	0.05448071
14	58	2	-1230.34862985	0.05448071
14	59	2	-1232.48597395	0.05448071
14	60	2	-1229.84403942	0.05448071
14	61	2	-1230.85008321	0.05448071
14	62	2	-1227.32735244	0.05448071
14	63	2	-1228.68151061	0.05448071
14	64	2	-1230.19480076	0.05448071
14	65	2	-1227.28463007	0.05448071
14	66	2	-1225.66948203	0.05448071
14	67	2	-1224.67515988	0.05448071
14	68	2	-1222.92875615	0.05448071
14	69	2	-1224.33710922	0.05448071
14	70	2	-1221.20991555	0.05448071
14	71	2	-1225.19497370	0.05448071
14	72	2	-1220.58127704	0.05448071
14	73	2	-1224.14598820	0.05448071
14	74	2	-1222.15133662	0.05448071
14	75	2	-1223.59216667	0.05448071
14	76	2	-1223.32779102	0.05448071
14	77	2	-1224.03847907	0.05448071
14	78	2	-1223.92168526	0.05448071
14	79	2	-1226.15386255	0.05448071
14	80	2	-1222.59657838	0.05448071
14	81	2	-1224.76333500	0.05448071
14	82	2	-1223.69679899	0.05448071
14	83	2	-1224.52993707	0.05448071
14	84	2	-1223.08007934	0.05448071
14	85	2	-1225.36122932	0.05448071
14	86	2	-1224.96766791	0.05448071
14	87	2	-1228.87678268	0.05448071
14	88	2	-1226.20159620	0.05448071
14	89	2	-1226.92651226	0.05448071
14	90	2	-1226.15730048	0.05448071
14	91	2	-1227.78405307	0.05448071
14	92	2	-1225.76526847	0.05448071
14	93	2	-1228.96440821	0.05448071
14	94	2	0.00000000	0.05448071
14	95	2	0.00000000	0.05448071
14	96	2	0.00000000	0.05448071
14	97	2	0.00000000	0.05448071
14	98	2	0.00000000	0.05448071
14	99	2	0.00000000	0.05448071
14	100	2	0.00000000	0.05448071
14	101	2	0.00000000	0.05448071
14	102	2	0.00000000	0.05448071
14	103	2	0.00000000	0.05448071
14	104	2	-1230.19480076	0.05448071
14	105	2	-1230.19480076	0.05448071
14	106	2	-1230.05471000	0.05448071
14	107	2	-1230.05471000	0.05448071
14	108	2	0.00000000	0.05448071
14	109	2	0.00000000	0.05448071
14	110	2	0.00000000	0.05448071
14	111	2	0.00000000	0.05448071
14	112	2	0.00000000	0.05448071
14	113	2	0.00000000	0.05448071
14	114	2	0.00000000	0.05448071
14	115	2	0.00000000	0.05448071
14	116	2	0.00000000	0.05448071
14	117	2	0.00000000	0.05448071
14	118	2	-1230.05471000	0.05448071
14	119	2	-1230.05471000	0.05448071
14	120	2	-1230.05471000	0.05448071
14	121	2	-1230.05471000	0.05448071
14	122	2	-1230.05471000	0.05448071
14	123	2	-1230.05471000	0.05448071
14	124	2	-1231.64770009	0.05448071
14	125	2	-1229.57251745	0.05448071
14	126	2	-1230.26791807	0.05448071
14	127	2	-1228.25065775	0.05448071
14	128	2	-1229.79508271	0.05448071
14	129	2	-1228.18004473	0.05448071
14	130	2	-1228.68479587	0.05448071
14	131	2	-1227.83989991	0.05448071
14	132	2	-1228.98409732	0.05448071
14	133	2	-1228.63436633	0.05448071
14	134	2	-1229.99904846	0.05448071
14	135	2	-1228.39052409	0.05448071
14	136	2	-1228.95975349	0.05448071
14	137	2	-1228.41424143	0.05448071
14	138	2	-1229.56361999	0.05448071
14	139	2	-1228.63627922	0.05448071
14	140	2	-1231.00858819	0.05448071
14	141	2	-1230.32832781	0.05448071
14	142	2	-1230.50839399	0.05448071
14	143	2	-1229.90489489	0.05448071
14	144	2	-1230.27879814	0.05448071
14	145	2	-1230.47242084	0.05448071
14	146	2	-1231.61975383	0.05448071
14	147	2	-1230.77306037	0.05448071
14	148	2	-1231.23422254	0.05448071
14	149	2	-1232.29382817	0.05448071
14	150	2	-1233.96416618	0.05448071
14	151	2	-1234.55925649	0.05448071
14	152	2	-1234.24224647	0.05448071
14	153	2	-1234.32664883	0.05448071
14	154	2	-1234.82779754	0.05448071
14	155	2	-1235.69533771	0.05448071
14	156	2	-1236.55856837	0.05448071
14	157	2	-1235.71619224	0.05448071
14	158	2	-1236.41675881	0.05448071
14	159	2	-1235.30343644	0.05448071
14	160	2	-1235.99292894	0.05448071
14	161	2	-1235.37150287	0.05448071
14	162	2	-1233.91924436	0.05448071
14	163	2	-1233.59871951	0.05448071
14	164	2	-1234.23265465	0.05448071
14	165	2	-1234.86873844	0.05448071
14	166	2	-1236.51838166	0.05448071
14	167	2	-1236.69646061	0.05448071
14	168	2	-1239.03026716	0.05448071
14	169	2	-1238.33777364	0.05448071
14	170	2	-1237.73538973	0.05448071
14	171	2	-1234.88335062	0.05448071
14	172	2	-1236.28234137	0.05448071
14	173	2	-1236.33627001	0.05448071
14	174	2	-1237.09886724	0.05448071
14	175	2	-1235.74531809	0.05448071
14	176	2	-1235.02312651	0.05448071
14	177	2	-1233.58249963	0.05448071
14	178	2	-1235.84036935	0.05448071
14	179	2	-1234.26675760	0.05448071
14	180	2	-1236.11137236	0.05448071
14	181	2	-1234.68459340	0.05448071
14	182	2	-1236.08114376	0.05448071
14	183	2	-1236.14208425	0.05448071
14	184	2	-1238.02424999	0.05448071
14	185	2	-1236.65431434	0.05448071
14	186	2	-1238.74691490	0.05448071
14	187	2	-1238.94989888	0.05448071
14	188	2	-1238.08259095	0.05448071
14	189	2	-1236.39298467	0.05448071
14	190	2	-1235.84502872	0.05448071
14	191	2	-1233.84764971	0.05448071
14	192	2	-1233.04525922	0.05448071
14	193	2	-1229.18572572	0.05448071
14	194	2	-1231.03974943	0.05448071
14	195	2	-1233.41274876	0.05448071
14	196	2	-1236.60690525	0.05448071
14	197	2	-1235.24876287	0.05448071
14	198	2	0.00000000	0.05448071
14	199	2	0.00000000	0.05448071
14	200	2	0.00000000	0.05448071
14	201	2	0.00000000	0.05448071
14	202	2	0.00000000	0.05448071
14	203	2	0.00000000	0.05448071
14	204	2	0.00000000	0.05448071
14	205	2	0.00000000	0.05448071
14	206	2	0.00000000	0.05448071
14	207	2	0.00000000	0.05448071
14	208	2	-1163.57396824	0.05448071
14	209	2	-1165.79312985	0.05448071
14	210	2	-1158.54887503	0.05448071
14	211	2	-1177.03522281	0.05448071
15	0	2	0.00000000	0.05461101
15	1	2	0.00000000	0.05461101
15	2	2	0.00000000	0.05461101
15	3	2	0.00000000	0.05461101
15	4	2	-1214.27552867	0.05461101
15	5	2	-1219.63006525	0.05461101
15	6	2	-1221.47602698	0.05461101
15	7	2	-1222.69443371	0.05461101
15	8	2	-1223.16298798	0.05461101
15	9	2	-1225.17621200	0.05461101
15	10	2	-1227.89033946	0.05461101
15	11	2	-1229.55386629	0.05461101
15	12	2	-1230.55846282	0.05461101
15	13	2	-1232.16698184	0.05461101
15	14	2	-1232.69557983	0.05461101
15	15	2	-1231.51194515	0.05461101
15	16	2	-1232.95928379	0.05461101
15	17	2	-1230.86205273	0.05461101
15	18	2	-1231.43514701	0.05461101
15	19	2	-1231.67304643	0.05461101
15	20	2	-1233.67606277	0.05461101
15	21	2	-1231.09622115	0.05461101
15	22	2	-1232.03812443	0.05461101
15	23	2	-1230.67312334	0.05461101
15	24	2	-1228.50563028	0.05461101
15	25	2	-1230.10393605	0.05461101
15	26	2	-1228.79497555	0.05461101
15	27	2	-1229.33370558	0.05461101
15	28	2	-1231.23457615	0.05461101
15	29	2	-1232.05409364	0.05461101
15	30	2	-1231.18798826	0.05461101
15	31	2	-1229.71765709	0.05461101
15	32	2	-1229.68187126	0.05461101
15	33	2	-1229.19566261	0.05461101
15	34	2	-1229.53558286	0.05461101
15	35	2	-1229.93235538	0.05461101
15	36	2	-1231.05713679	0.05461101
15	37	2	-1231.40617690	0.05461101
15	38	2	-1228.78322501	0.05461101
15	39	2	-1228.39027649	0.05461101
15	40	2	-1231.49048862	0.05461101
15	41	2	-1230.76597281	0.05461101
15	42	2	-1231.37198762	0.05461101
15	43	2	-1229.80714809	0.05461101
15	44	2	-1231.58490438	0.05461101
15	45	2	-1232.18459228	0.05461101
15	46	2	-1231.84369502	0.05461101
15	47	2	-1230.59626356	0.05461101
15	48	2	-1231.11935883	0.05461101
15	49	2	-1230.53416092	0.05461101
15	50	2	-1232.02485212	0.05461101
15	51	2	-1231.76963313	0.05461101
15	52	2	-1234.94783198	0.05461101
15	53	2	-1234.94108394	0.05461101
15	54	2	-1235.88450194	0.05461101
15	55	2	-1233.24383646	0.05461101
15	56	2	-1235.66833045	0.05461101
15	57	2	-1236.22948515	0.05461101
15	58	2	-1235.48423698	0.05461101
15	59	2	-1232.73280749	0.05461101
15	60	2	-1233.26930588	0.05461101
15	61	2	-1224.11150984	0.05461101
15	62	2	-1236.02954156	0.05461101
15	63	2	-1232.80288921	0.05461101
15	64	2	-1233.40033282	0.05461101
15	65	2	-1231.50516266	0.05461101
15	66	2	-1233.14528086	0.05461101
15	67	2	-1228.16308268	0.05461101
15	68	2	-1232.47823533	0.05461101
15	69	2	-1229.97473958	0.05461101
15	70	2	-1232.22284740	0.05461101
15	71	2	-1231.65029645	0.05461101
15	72	2	-1232.99975254	0.05461101
15	73	2	-1232.49185532	0.05461101
15	74	2	-1232.66395880	0.05461101
15	75	2	-1228.78683738	0.05461101
15	76	2	-1233.65080397	0.05461101
15	77	2	-1230.76216406	0.05461101
15	78	2	-1231.52379257	0.05461101
15	79	2	-1229.54273365	0.05461101
15	80	2	-1232.37864478	0.05461101
15	81	2	-1230.58940721	0.05461101
15	82	2	-1231.27286315	0.05461101
15	83	2	-1230.46703189	0.05461101
15	84	2	-1232.31130119	0.05461101
15	85	2	-1229.76206705	0.05461101
15	86	2	-1231.91238889	0.05461101
15	87	2	-1230.86532368	0.05461101
15	88	2	-1231.92656076	0.05461101
15	89	2	-1231.11493670	0.05461101
15	90	2	-1233.79908295	0.05461101
15	91	2	0.00000000	0.05461101
15	92	2	0.00000000	0.05461101
15	93	2	0.00000000	0.05461101
15	94	2	0.00000000	0.05461101
15	95	2	0.00000000	0.05461101
15	96	2	0.00000000	0.05461101
15	97	2	0.00000000	0.05461101
15	98	2	0.00000000	0.05461101
15	99	2	0.00000000	0.05461101
15	100	2	0.00000000	0.05461101
15	101	2	-1227.37800261	0.05461101
15	102	2	-1229.95278333	0.05461101
15	103	2	-1225.99026887	0.05461101
15	104	2	-1232.80832573	0.05461101
15	105	2	-1224.67185433	0.05461101
15	106	2	-1230.61653781	0.05461101
15	107	2	-1227.51797304	0.05461101
15	108	2	-1227.51797304	0.05461101
15	109	2	-1227.51797304	0.05461101
15	110	2	-1227.51797304	0.05461101
15	111	2	-1227.51797304	0.05461101
15	112	2	-1227.51797304	0.05461101
15	113	2	0.00000000	0.05461101
15	114	2	0.00000000	0.05461101
15	115	2	0.00000000	0.05461101
15	116	2	0.00000000	0.05461101
15	117	2	0.00000000	0.05461101
15	118	2	0.00000000	0.05461101
15	119	2	0.00000000	0.05461101
15	120	2	0.00000000	0.05461101
15	121	2	0.00000000	0.05461101
15	122	2	0.00000000	0.05461101
15	123	2	-1227.51797304	0.05461101
15	124	2	-1227.51797304	0.05461101
15	125	2	-1226.66862664	0.05461101
15	126	2	-1227.51797304	0.05461101
15	127	2	-1227.51797304	0.05461101
15	128	2	-1227.51797304	0.05461101
15	129	2	-1223.44082075	0.05461101
15	130	2	-1223.59905146	0.05461101
15	131	2	-1222.22410567	0.05461101
15	132	2	-1222.64691477	0.05461101
15	133	2	-1222.12040489	0.05461101
15	134	2	-1221.89139514	0.05461101
15	135	2	-1221.24931922	0.05461101
15	136	2	-1221.71470268	0.05461101
15	137	2	-1221.67700741	0.05461101
15	138	2	-1221.90369870	0.05461101
15	139	2	-1220.71321500	0.05461101
15	140	2	-1220.81720516	0.05461101
15	141	2	-1221.00331837	0.05461101
15	142	2	-1221.33853681	0.05461101
15	143	2	-1221.60097513	0.05461101
15	144	2	-1222.91413741	0.05461101
15	145	2	-1223.49396907	0.05461101
15	146	2	-1223.95592762	0.05461101
15	147	2	-1223.57053860	0.05461101
15	148	2	-1223.98858104	0.05461101
15	149	2	-1222.95846902	0.05461101
15	150	2	-1225.44789531	0.05461101
15	151	2	-1224.67855703	0.05461101
15	152	2	-1225.24897605	0.05461101
15	153	2	-1226.79527048	0.05461101
15	154	2	-1226.95568339	0.05461101
15	155	2	-1226.61815919	0.05461101
15	156	2	-1226.94248182	0.05461101
15	157	2	-1226.27561293	0.05461101
15	158	2	-1226.48082826	0.05461101
15	159	2	-1227.37729432	0.05461101
15	160	2	-1228.98838605	0.05461101
15	161	2	-1228.45797284	0.05461101
15	162	2	-1231.08074140	0.05461101
15	163	2	-1230.16510260	0.05461101
15	164	2	-1231.21791887	0.05461101
15	165	2	-1230.55077627	0.05461101
15	166	2	-1231.77188017	0.05461101
15	167	2	-1231.03867988	0.05461101
15	168	2	-1231.82612765	0.05461101
15	169	2	-1231.40182248	0.05461101
15	170	2	-1234.06635467	0.05461101
15	171	2	-1233.09970008	0.05461101
15	172	2	-1233.55352930	0.05461101
15	173	2	-1233.04892474	0.05461101
15	174	2	-1233.42517074	0.05461101
15	175	2	-1233.02649188	0.05461101
15	176	2	-1234.83766445	0.05461101
15	177	2	-1233.01095732	0.05461101
15	178	2	-1235.26208780	0.05461101
15	179	2	-1234.13773452	0.05461101
15	180	2	-1235.81939671	0.05461101
15	181	2	-1233.84815229	0.05461101
15	182	2	-1234.91346674	0.05461101
15	183	2	-1234.97330772	0.05461101
15	184	2	-1236.44479407	0.05461101
15	185	2	-1236.84941563	0.05461101
15	186	2	-1238.25228726	0.05461101
15	187	2	-1237.05944728	0.05461101
15	188	2	-1236.79307427	0.05461101
15	189	2	-1236.36712371	0.05461101
15	190	2	-1236.55647794	0.05461101
15	191	2	-1233.67143007	0.05461101
15	192	2	-1235.15870811	0.05461101
15	193	2	-1235.14895474	0.05461101
15	194	2	-1235.54176526	0.05461101
15	195	2	-1233.47775896	0.05461101
15	196	2	-1232.66514003	0.05461101
15	197	2	-1232.45338184	0.05461101
15	198	2	-1233.99871499	0.05461101
15	199	2	-1232.99871337	0.05461101
15	200	2	-1232.12887208	0.05461101
15	201	2	-1233.89554681	0.05461101
15	202	2	-1230.96119400	0.05461101
15	203	2	-1225.86081125	0.05461101
15	204	2	-1220.08990725	0.05461101
15	205	2	-1212.38024259	0.05461101
15	206	2	-1207.86228553	0.05461101
15	207	2	-1203.45948142	0.05461101
15	208	2	-1195.07675471	0.05461101
15	209	2	-1189.48747964	0.05461101
15	210	2	0.00000000	0.05461101
15	211	2	0.00000000	0.05461101
15	212	2	0.00000000	0.05461101
15	213	2	0.00000000	0.05461101
16	0	2	-1225.45757794	0.05450998
16	1	2	-1236.02786700	0.05450998
16	2	2	-1234.88426255	0.05450998
16	3	2	-1240.80349436	0.05450998
16	4	2	-1247.78809671	0.05450998
16	5	2	-1254.53258856	0.05450998
16	6	2	-1257.59211812	0.05450998
16	7	2	-1263.06286720	0.05450998
16	8	2	-1266.27403827	0.05450998
16	9	2	-1271.28339144	0.05450998
16	10	2	-1273.72789600	0.05450998
16	11	2	-1275.90939730	0.05450998
16	12	2	-1277.11604070	0.05450998
16	13	2	-1280.21064808	0.05450998
16	14	2	-1281.12432547	0.05450998
16	15	2	-1281.24671214	0.05450998
16	16	2	-1279.51652195	0.05450998
16	17	2	-1278.68635615	0.05450998
16	18	2	-1276.33474012	0.05450998
16	19	2	-1281.07291791	0.05450998
16	20	2	-1278.40363974	0.05450998
16	21	2	-1278.69325146	0.05450998
16	22	2	-1280.29795917	0.05450998
16	23	2	-1278.12010587	0.05450998
16	24	2	-1279.87067798	0.05450998
16	25	2	-1277.97890107	0.05450998
16	26	2	-1277.47627979	0.05450998
16	27	2	-1276.61788824	0.05450998
16	28	2	-1276.43941114	0.05450998
16	29	2	-1276.23245647	0.05450998
16	30	2	-1275.76299628	0.05450998
16	31	2	-1275.86249670	0.05450998
16	32	2	-1277.47366095	0.05450998
16	33	2	-1275.19351819	0.05450998
16	34	2	-1276.68470409	0.05450998
16	35	2	-1276.33132727	0.05450998
16	36	2	-1277.09461324	0.05450998
16	37	2	-1275.13323249	0.05450998
16	38	2	-1274.75138592	0.05450998
16	39	2	-1274.78360666	0.05450998
16	40	2	-1276.58026559	0.05450998
16	41	2	-1277.78628733	0.05450998
16	42	2	-1275.82498349	0.05450998
16	43	2	-1274.01908187	0.05450998
16	44	2	-1276.28091637	0.05450998
16	45	2	-1275.38822048	0.05450998
16	46	2	-1276.39738509	0.05450998
16	47	2	-1278.70660180	0.05450998
16	48	2	-1278.12440450	0.05450998
16	49	2	-1279.07137628	0.05450998
16	50	2	-1279.20170862	0.05450998
16	51	2	-1278.97972543	0.05450998
16	52	2	-1280.28400763	0.05450998
16	53	2	-1276.55011460	0.05450998
16	54	2	-1280.00831572	0.05450998
16	55	2	-1279.16458012	0.05450998
16	56	2	-1280.61528547	0.05450998
16	57	2	-1278.57126479	0.05450998
16	58	2	-1279.07960490	0.05450998
16	59	2	-1277.72753617	0.05450998
16	60	2	-1276.02352004	0.05450998
16	61	2	-1277.85895092	0.05450998
16	62	2	-1279.31588334	0.05450998
16	63	2	-1280.19431396	0.05450998
16	64	2	-1279.54058462	0.05450998
16	65	2	-1278.59149532	0.05450998
16	66	2	-1277.19407786	0.05450998
16	67	2	-1279.17328080	0.05450998
16	68	2	-1278.69440485	0.05450998
16	69	2	-1276.46013193	0.05450998
16	70	2	-1278.70177154	0.05450998
16	71	2	-1277.88626269	0.05450998
16	72	2	-1277.17428330	0.05450998
16	73	2	-1274.21057454	0.05450998
16	74	2	-1274.83975790	0.05450998
16	75	2	-1275.42392263	0.05450998
16	76	2	-1275.14383311	0.05450998
16	77	2	-1273.38873538	0.05450998
16	78	2	-1274.08300347	0.05450998
16	79	2	-1273.89125754	0.05450998
16	80	2	-1274.53882587	0.05450998
16	81	2	-1274.01818589	0.05450998
16	82	2	-1272.98669563	0.05450998
16	83	2	-1275.17411904	0.05450998
16	84	2	-1274.01601569	0.05450998
16	85	2	-1272.75331071	0.05450998
16	86	2	-1273.40360548	0.05450998
16	87	2	-1274.04050871	0.05450998
16	88	2	-1271.86637805	0.05450998
16	89	2	-1270.62246481	0.05450998
16	90	2	-1272.66295122	0.05450998
16	91	2	0.00000000	0.05450998
16	92	2	0.00000000	0.05450998
16	93	2	0.00000000	0.05450998
16	94	2	0.00000000	0.05450998
16	95	2	0.00000000	0.05450998
16	96	2	0.00000000	0.05450998
16	97	2	0.00000000	0.05450998
16	98	2	0.00000000	0.05450998
16	99	2	0.00000000	0.05450998
16	100	2	-1273.67692537	0.05450998
16	101	2	-1273.23868970	0.05450998
16	102	2	-1273.66782385	0.05450998
16	103	2	-1272.63697135	0.05450998
16	104	2	-1272.63727218	0.05450998
16	105	2	-1270.95792126	0.05450998
16	106	2	-1273.23648661	0.05450998
16	107	2	-1272.22270771	0.05450998
16	108	2	-1272.93092739	0.05450998
16	109	2	-1271.14380332	0.05450998
16	110	2	-1281.09464984	0.05450998
16	111	2	-1280.37013606	0.05450998
16	112	2	-1272.50571494	0.05450998
16	113	2	-1272.50571494	0.05450998
16	114	2	-1272.50571494	0.05450998
16	115	2	-1272.50571494	0.05450998
16	116	2	-1272.50571494	0.05450998
16	117	2	-1272.50571494	0.05450998
16	118	2	-1272.50571494	0.05450998
16	119	2	-1272.50571494	0.05450998
16	120	2	0.00000000	0.05450998
16	121	2	0.00000000	0.05450998
16	122	2	0.00000000	0.05450998
16	123	2	0.00000000	0.05450998
16	124	2	0.00000000	0.05450998
16	125	2	0.00000000	0.05450998
16	126	2	0.00000000	0.05450998
16	127	2	0.00000000	0.05450998
16	128	2	0.00000000	0.05450998
16	129	2	-1272.50571494	0.05450998
16	130	2	-1272.50571494	0.05450998
16	131	2	-1277.75452835	0.05450998
16	132	2	-1277.56670312	0.05450998
16	133	2	-1276.85053530	0.05450998
16	134	2	-1277.72550126	0.05450998
16	135	2	-1276.70298361	0.05450998
16	136	2	-1276.46253874	0.05450998
16	137	2	-1277.39258008	0.05450998
16	138	2	-1275.98101920	0.05450998
16	139	2	-1276.09052017	0.05450998
16	140	2	-1273.76635980	0.05450998
16	141	2	-1274.13115152	0.05450998
16	142	2	-1273.52414388	0.05450998
16	143	2	-1273.62800214	0.05450998
16	144	2	-1274.17232237	0.05450998
16	145	2	-1274.45734179	0.05450998
16	146	2	-1274.05054752	0.05450998
16	147	2	-1273.79599932	0.05450998
16	148	2	-1273.39112986	0.05450998
16	149	2	-1274.70235420	0.05450998
16	150	2	-1274.64506342	0.05450998
16	151	2	-1274.21125583	0.05450998
16	152	2	-1275.12471989	0.05450998
16	153	2	-1275.47591954	0.05450998
16	154	2	-1275.89229693	0.05450998
16	155	2	-1276.71237970	0.05450998
16	156	2	-1275.09371102	0.05450998
16	157	2	-1276.08314212	0.05450998
16	158	2	-1273.84215143	0.05450998
16	159	2	-1276.61048466	0.05450998
16	160	2	-1275.85678328	0.05450998
16	161	2	-1275.80188163	0.05450998
16	162	2	-1274.86554935	0.05450998
16	163	2	-1272.50571494	0.05450998
16	164	2	-1274.59125695	0.05450998
16	165	2	-1275.05988317	0.05450998
16	166	2	-1274.64764699	0.05450998
16	167	2	-1275.15478521	0.05450998
16	168	2	-1275.99963310	0.05450998
16	169	2	-1276.16707159	0.05450998
16	170	2	-1277.34063245	0.05450998
16	171	2	-1272.50571494	0.05450998
16	172	2	-1277.05650399	0.05450998
16	173	2	-1277.76201585	0.05450998
16	174	2	-1277.95958910	0.05450998
16	175	2	-1277.28371584	0.05450998
16	176	2	-1277.47666184	0.05450998
16	177	2	-1278.69634985	0.05450998
16	178	2	-1278.55047981	0.05450998
16	179	2	-1278.05895496	0.05450998
16	180	2	-1277.80927837	0.05450998
16	181	2	-1277.77768511	0.05450998
16	182	2	-1277.49198958	0.05450998
16	183	2	-1278.42826806	0.05450998
16	184	2	-1278.99135204	0.05450998
16	185	2	-1279.69838515	0.05450998
16	186	2	-1280.05695925	0.05450998
16	187	2	-1280.43249002	0.05450998
16	188	2	-1279.88654582	0.05450998
16	189	2	-1280.40941718	0.05450998
16	190	2	-1279.15347791	0.05450998
16	191	2	-1279.97426990	0.05450998
16	192	2	-1279.20746332	0.05450998
16	193	2	-1278.58744542	0.05450998
16	194	2	-1278.52159613	0.05450998
16	195	2	-1278.98284594	0.05450998
16	196	2	-1277.90507563	0.05450998
16	197	2	-1278.86614028	0.05450998
16	198	2	-1278.11671234	0.05450998
16	199	2	-1277.10110003	0.05450998
16	200	2	-1276.05319212	0.05450998
16	201	2	-1276.88868533	0.05450998
16	202	2	-1276.74526982	0.05450998
16	203	2	-1276.78120159	0.05450998
16	204	2	-1276.08386579	0.05450998
16	205	2	-1275.64712469	0.05450998
16	206	2	-1277.81729546	0.05450998
16	207	2	-1272.78817517	0.05450998
16	208	2	-1268.68656814	0.05450998
16	209	2	-1266.76235510	0.05450998
16	210	2	-1263.10895783	0.05450998
16	211	2	-1259.14521250	0.05450998
16	212	2	-1257.57666224	0.05450998
16	213	2	-1247.78979786	0.05450998
16	214	2	-1236.42931317	0.05450998
16	215	2	-1228.50764833	0.05450998
16	216	2	-1215.56284852	0.05450998
16	217	2	-1212.78640661	0.05450998
16	218	2	-1212.31226962	0.05450998
16	219	2	-1272.50571494	0.05450998
17	0	2	-1220.95738948	0.05446364
17	1	2	-1232.36222898	0.05446364
17	2	2	-1236.44218216	0.05446364
17	3	2	-1245.77305903	0.05446364
17	4	2	-1254.12322799	0.05446364
17	5	2	-1260.97632172	0.05446364
17	6	2	-1265.23818238	0.05446364
17	7	2	-1270.93075612	0.05446364
17	8	2	-1271.95821829	0.05446364
17	9	2	-1275.65020722	0.05446364
17	10	2	-1272.68776133	0.05446364
17	11	2	-1276.82683741	0.05446364
17	12	2	-1278.51693377	0.05446364
17	13	2	-1276.91715468	0.05446364
17	14	2	-1277.46637442	0.05446364
17	15	2	-1277.54176438	0.05446364
17	16	2	-1275.51835529	0.05446364
17	17	2	-1277.34703030	0.05446364
17	18	2	-1277.28692623	0.05446364
17	19	2	-1276.55257054	0.05446364
17	20	2	-1277.74393249	0.05446364
17	21	2	-1278.86709576	0.05446364
17	22	2	-1276.31932440	0.05446364
17	23	2	-1275.26838513	0.05446364
17	24	2	-1276.05898247	0.05446364
17	25	2	-1276.45003113	0.05446364
17	26	2	-1275.73498970	0.05446364
17	27	2	-1275.95330383	0.05446364
17	28	2	-1278.08438610	0.05446364
17	29	2	-1276.91792913	0.05446364
17	30	2	-1276.72918973	0.05446364
17	31	2	-1277.32993403	0.05446364
17	32	2	-1274.99600216	0.05446364
17	33	2	-1276.05500749	0.05446364
17	34	2	-1276.58015854	0.05446364
17	35	2	-1277.20947202	0.05446364
17	36	2	-1276.64628172	0.05446364
17	37	2	-1279.24381979	0.05446364
17	38	2	-1278.38370944	0.05446364
17	39	2	-1279.80977407	0.05446364
17	40	2	-1278.41319956	0.05446364
17	41	2	-1277.48763315	0.05446364
17	42	2	-1276.60637116	0.05446364
17	43	2	-1276.87998080	0.05446364
17	44	2	-1277.05775625	0.05446364
17	45	2	-1278.73588976	0.05446364
17	46	2	-1280.06100945	0.05446364
17	47	2	-1280.99171426	0.05446364
17	48	2	-1279.12608888	0.05446364
17	49	2	-1281.24215847	0.05446364
17	50	2	-1281.39692476	0.05446364
17	51	2	-1281.66285292	0.05446364
17	52	2	-1283.03328488	0.05446364
17	53	2	-1282.65435269	0.05446364
17	54	2	-1283.64931416	0.05446364
17	55	2	-1284.26685237	0.05446364
17	56	2	-1281.89609586	0.05446364
17	57	2	-1277.31362531	0.05446364
17	58	2	-1285.25163034	0.05446364
17	59	2	-1281.99228900	0.05446364
17	60	2	-1280.53040448	0.05446364
17	61	2	-1281.71700397	0.05446364
17	62	2	-1284.32854896	0.05446364
17	63	2	-1283.32344460	0.05446364
17	64	2	-1282.61364454	0.05446364
17	65	2	-1282.94980403	0.05446364
17	66	2	-1284.80086273	0.05446364
17	67	2	-1283.84499340	0.05446364
17	68	2	-1284.00913357	0.05446364
17	69	2	-1284.44565745	0.05446364
17	70	2	-1282.28133065	0.05446364
17	71	2	-1283.56646627	0.05446364
17	72	2	-1279.81632707	0.05446364
17	73	2	-1282.00291632	0.05446364
17	74	2	-1281.79044499	0.05446364
17	75	2	-1281.81449334	0.05446364
17	76	2	-1280.80539067	0.05446364
17	77	2	-1282.59373294	0.05446364
17	78	2	-1281.17657392	0.05446364
17	79	2	-1282.17981201	0.05446364
17	80	2	-1280.21347960	0.05446364
17	81	2	-1281.49026109	0.05446364
17	82	2	-1283.91405236	0.05446364
17	83	2	-1282.96312588	0.05446364
17	84	2	-1280.06705919	0.05446364
17	85	2	-1281.76167159	0.05446364
17	86	2	-1281.40159383	0.05446364
17	87	2	-1280.66798760	0.05446364
17	88	2	-1278.69044217	0.05446364
17	89	2	0.00000000	0.05446364
17	90	2	0.00000000	0.05446364
17	91	2	0.00000000	0.05446364
17	92	2	0.00000000	0.05446364
17	93	2	0.00000000	0.05446364
17	94	2	0.00000000	0.05446364
17	95	2	0.00000000	0.05446364
17	96	2	0.00000000	0.05446364
17	97	2	0.00000000	0.05446364
17	98	2	-1277.86578547	0.05446364
17	99	2	-1280.96108316	0.05446364
17	100	2	-1281.47417976	0.05446364
17	101	2	-1281.81738553	0.05446364
17	102	2	-1281.73664542	0.05446364
17	103	2	-1281.88278234	0.05446364
17	104	2	-1281.53349596	0.05446364
17	105	2	-1280.01698566	0.05446364
17	106	2	-1280.84164444	0.05446364
17	107	2	-1280.36452820	0.05446364
17	108	2	-1279.99850634	0.05446364
17	109	2	-1278.36468862	0.05446364
17	110	2	-1282.90794063	0.05446364
17	111	2	-1280.60288110	0.05446364
17	112	2	-1276.12369779	0.05446364
17	113	2	-1276.12369779	0.05446364
17	114	2	-1276.12369779	0.05446364
17	115	2	-1276.12369779	0.05446364
17	116	2	-1276.12369779	0.05446364
17	117	2	-1275.27306344	0.05446364
17	118	2	-1276.04941784	0.05446364
17	119	2	-1277.50630055	0.05446364
17	120	2	-1276.12369779	0.05446364
17	121	2	-1276.12369779	0.05446364
17	122	2	-1276.12369779	0.05446364
17	123	2	-1276.12369779	0.05446364
17	124	2	-1276.12369779	0.05446364
17	125	2	-1276.12369779	0.05446364
17	126	2	0.00000000	0.05446364
17	127	2	0.00000000	0.05446364
17	128	2	0.00000000	0.05446364
17	129	2	0.00000000	0.05446364
17	130	2	0.00000000	0.05446364
17	131	2	0.00000000	0.05446364
17	132	2	0.00000000	0.05446364
17	133	2	0.00000000	0.05446364
17	134	2	0.00000000	0.05446364
17	135	2	-1283.41956674	0.05446364
17	136	2	-1275.24990613	0.05446364
17	137	2	-1274.74172563	0.05446364
17	138	2	-1275.30730126	0.05446364
17	139	2	-1276.37343787	0.05446364
17	140	2	-1275.88445570	0.05446364
17	141	2	-1274.46910638	0.05446364
17	142	2	-1273.74400867	0.05446364
17	143	2	-1272.77531189	0.05446364
17	144	2	-1271.58682356	0.05446364
17	145	2	-1271.00757686	0.05446364
17	146	2	-1271.66857471	0.05446364
17	147	2	-1271.75969484	0.05446364
17	148	2	-1272.60932338	0.05446364
17	149	2	-1274.00163703	0.05446364
17	150	2	-1276.32540098	0.05446364
17	151	2	-1276.27434642	0.05446364
17	152	2	-1276.25250102	0.05446364
17	153	2	-1276.91887647	0.05446364
17	154	2	-1277.08488470	0.05446364
17	155	2	-1276.21564521	0.05446364
17	156	2	-1277.24846060	0.05446364
17	157	2	-1276.61607696	0.05446364
17	158	2	-1275.80731954	0.05446364
17	159	2	-1275.74063073	0.05446364
17	160	2	-1276.10038284	0.05446364
17	161	2	-1276.11780281	0.05446364
17	162	2	-1276.15062308	0.05446364
17	163	2	-1275.78638676	0.05446364
17	164	2	-1276.91508145	0.05446364
17	165	2	-1276.45367230	0.05446364
17	166	2	-1276.05213863	0.05446364
17	167	2	-1275.38828522	0.05446364
17	168	2	-1275.44035322	0.05446364
17	169	2	-1275.19938415	0.05446364
17	170	2	-1276.53178731	0.05446364
17	171	2	-1276.79212739	0.05446364
17	172	2	-1277.94809366	0.05446364
17	173	2	-1277.83608483	0.05446364
17	174	2	-1278.88611208	0.05446364
17	175	2	-1279.36053895	0.05446364
17	176	2	-1279.68876944	0.05446364
17	177	2	-1279.50742092	0.05446364
17	178	2	-1279.04501503	0.05446364
17	179	2	-1280.07404273	0.05446364
17	180	2	-1280.63888852	0.05446364
17	181	2	-1282.07626465	0.05446364
17	182	2	-1282.28702327	0.05446364
17	183	2	-1284.26980762	0.05446364
17	184	2	-1282.85306246	0.05446364
17	185	2	-1284.69871150	0.05446364
17	186	2	-1282.40422463	0.05446364
17	187	2	-1282.64705131	0.05446364
17	188	2	-1283.33843756	0.05446364
17	189	2	-1283.16404255	0.05446364
17	190	2	-1282.95526760	0.05446364
17	191	2	-1284.01170698	0.05446364
17	192	2	-1284.28745170	0.05446364
17	193	2	-1284.78488490	0.05446364
17	194	2	-1283.77854973	0.05446364
17	195	2	-1283.96916605	0.05446364
17	196	2	-1284.74854430	0.05446364
17	197	2	-1283.26525149	0.05446364
17	198	2	-1282.76008431	0.05446364
17	199	2	-1283.93292249	0.05446364
17	200	2	-1283.75728580	0.05446364
17	201	2	-1284.89582691	0.05446364
17	202	2	-1284.05581339	0.05446364
17	203	2	-1283.81140122	0.05446364
17	204	2	-1284.16415106	0.05446364
17	205	2	-1285.39477936	0.05446364
17	206	2	-1285.05088753	0.05446364
17	207	2	-1283.53835269	0.05446364
17	208	2	-1284.76620465	0.05446364
17	209	2	-1284.19507423	0.05446364
17	210	2	-1283.81995303	0.05446364
17	211	2	-1281.87919615	0.05446364
17	212	2	-1282.70334957	0.05446364
17	213	2	-1282.16278840	0.05446364
17	214	2	-1279.37626158	0.05446364
17	215	2	-1276.70513616	0.05446364
17	216	2	-1273.61149810	0.05446364
17	217	2	-1269.95438410	0.05446364
17	218	2	-1267.29010628	0.05446364
17	219	2	-1256.09772032	0.05446364
17	220	2	-1243.57664869	0.05446364
17	221	2	-1227.51249781	0.05446364
17	222	2	-1215.00939404	0.05446364
17	223	2	-1199.99466378	0.05446364
18	0	2	-1241.22998339	0.05455081
18	1	2	-1230.38595069	0.05455081
18	2	2	-1205.58315453	0.05455081
18	3	2	-1231.44634874	0.05455081
18	4	2	-1233.92412100	0.05455081
18	5	2	-1228.75468341	0.05455081
18	6	2	-1234.14900756	0.05455081
18	7	2	-1234.56455835	0.05455081
18	8	2	-1237.18928236	0.05455081
18	9	2	-1234.18704203	0.05455081
18	10	2	-1240.03178680	0.05455081
18	11	2	-1235.69883946	0.05455081
18	12	2	-1240.08541218	0.05455081
18	13	2	-1239.94426959	0.05455081
18	14	2	-1240.41971412	0.05455081
18	15	2	-1235.81164242	0.05455081
18	16	2	-1239.74925930	0.05455081
18	17	2	-1237.36553074	0.05455081
18	18	2	-1240.22657601	0.05455081
18	19	2	-1232.62587540	0.05455081
18	20	2	-1239.86859262	0.05455081
18	21	2	-1239.04050608	0.05455081
18	22	2	-1240.92449523	0.05455081
18	23	2	-1238.29653807	0.05455081
18	24	2	-1238.10367167	0.05455081
18	25	2	-1235.05597821	0.05455081
18	26	2	-1241.26139471	0.05455081
18	27	2	-1233.67099420	0.05455081
18	28	2	-1237.52200474	0.05455081
18	29	2	-1234.54128290	0.05455081
18	30	2	-1237.83050728	0.05455081
18	31	2	-1239.84239075	0.05455081
18	32	2	-1240.91907256	0.05455081
18	33	2	-1241.36486946	0.05455081
18	34	2	-1241.98929582	0.05455081
18	35	2	-1242.32349661	0.05455081
18	36	2	-1241.54491109	0.05455081
18	37	2	-1241.19851039	0.05455081
18	38	2	-1242.14304841	0.05455081
18	39	2	-1243.00912458	0.05455081
18	40	2	-1244.18124582	0.05455081
18	41	2	-1241.34907688	0.05455081
18	42	2	-1242.18051466	0.05455081
18	43	2	-1246.12270250	0.05455081
18	44	2	-1242.94544613	0.05455081
18	45	2	-1244.98445232	0.05455081
18	46	2	-1245.64774371	0.05455081
18	47	2	-1243.47486489	0.05455081
18	48	2	-1245.03350045	0.05455081
18	49	2	-1242.43046550	0.05455081
18	50	2	-1245.43114756	0.05455081
18	51	2	-1242.06901420	0.05455081
18	52	2	-1244.90841930	0.05455081
18	53	2	-1242.97651243	0.05455081
18	54	2	-1245.79384697	0.05455081
18	55	2	-1240.88827179	0.05455081
18	56	2	-1244.81746072	0.05455081
18	57	2	-1244.55746554	0.05455081
18	58	2	-1246.54084040	0.05455081
18	59	2	-1240.41858612	0.05455081
18	60	2	-1243.56219321	0.05455081
18	61	2	-1242.90602644	0.05455081
18	62	2	-1246.39998467	0.05455081
18	63	2	-1241.28346432	0.05455081
18	64	2	-1247.70677757	0.05455081
18	65	2	-1244.98824648	0.05455081
18	66	2	-1248.03476152	0.05455081
18	67	2	-1247.07617147	0.05455081
18	68	2	-1246.88723796	0.05455081
18	69	2	-1246.87775085	0.05455081
18	70	2	-1246.01646393	0.05455081
18	71	2	-1246.86934653	0.05455081
18	72	2	-1245.26932800	0.05455081
18	73	2	-1245.55060366	0.05455081
18	74	2	-1244.39963255	0.05455081
18	75	2	-1244.97940502	0.05455081
18	76	2	-1242.24962686	0.05455081
18	77	2	-1243.44164266	0.05455081
18	78	2	-1241.46914189	0.05455081
18	79	2	-1240.45624808	0.05455081
18	80	2	-1237.75613278	0.05455081
18	81	2	-1238.92520246	0.05455081
18	82	2	-1240.30212894	0.05455081
18	83	2	-1241.54367908	0.05455081
18	84	2	-1238.19656642	0.05455081
18	85	2	-1238.71377866	0.05455081
18	86	2	-1239.34638927	0.05455081
18	87	2	-1239.67667393	0.05455081
18	88	2	-1237.60794821	0.05455081
18	89	2	0.00000000	0.05455081
18	90	2	0.00000000	0.05455081
18	91	2	0.00000000	0.05455081
18	92	2	0.00000000	0.05455081
18	93	2	0.00000000	0.05455081
18	94	2	0.00000000	0.05455081
18	95	2	0.00000000	0.05455081
18	96	2	0.00000000	0.05455081
18	97	2	0.00000000	0.05455081
18	98	2	-1235.57412977	0.05455081
18	99	2	-1239.54025743	0.05455081
18	100	2	-1238.31916797	0.05455081
18	101	2	-1240.80077092	0.05455081
18	102	2	-1239.74306293	0.05455081
18	103	2	-1240.76157315	0.05455081
18	104	2	-1236.96800886	0.05455081
18	105	2	-1238.94042998	0.05455081
18	106	2	-1238.24227078	0.05455081
18	107	2	-1240.47680261	0.05455081
18	108	2	-1238.44880593	0.05455081
18	109	2	-1240.59007313	0.05455081
18	110	2	-1240.14332249	0.05455081
18	111	2	-1242.44878248	0.05455081
18	112	2	-1236.96042297	0.05455081
18	113	2	-1244.31940267	0.05455081
18	114	2	-1237.61832172	0.05455081
18	115	2	-1245.82525395	0.05455081
18	116	2	-1222.88555780	0.05455081
18	117	2	-1245.02800549	0.05455081
18	118	2	-1229.13774177	0.05455081
18	119	2	-1229.13774177	0.05455081
18	120	2	-1229.13774177	0.05455081
18	121	2	-1229.13774177	0.05455081
18	122	2	-1229.13774177	0.05455081
18	123	2	-1229.13774177	0.05455081
18	124	2	-1229.13774177	0.05455081
18	125	2	-1229.13774177	0.05455081
18	126	2	-1229.13774177	0.05455081
18	127	2	-1229.13774177	0.05455081
18	128	2	-1229.13774177	0.05455081
18	129	2	-1229.13774177	0.05455081
18	130	2	-1229.13774177	0.05455081
18	131	2	-1229.13774177	0.05455081
18	132	2	-1229.13774177	0.05455081
18	133	2	-1238.37727015	0.05455081
18	134	2	0.00000000	0.05455081
18	135	2	0.00000000	0.05455081
18	136	2	0.00000000	0.05455081
18	137	2	0.00000000	0.05455081
18	138	2	0.00000000	0.05455081
18	139	2	0.00000000	0.05455081
18	140	2	0.00000000	0.05455081
18	141	2	0.00000000	0.05455081
18	142	2	0.00000000	0.05455081
18	143	2	-1240.67814535	0.05455081
18	144	2	-1233.31830981	0.05455081
18	145	2	-1237.93023188	0.05455081
18	146	2	-1231.06620521	0.05455081
18	147	2	-1235.53937022	0.05455081
18	148	2	-1230.06772385	0.05455081
18	149	2	-1234.44147244	0.05455081
18	150	2	-1229.12411939	0.05455081
18	151	2	-1232.56794166	0.05455081
18	152	2	-1227.53570951	0.05455081
18	153	2	-1232.85543955	0.05455081
18	154	2	-1227.51214076	0.05455081
18	155	2	-1233.10887369	0.05455081
18	156	2	-1227.02677199	0.05455081
18	157	2	-1232.59921533	0.05455081
18	158	2	-1226.94174402	0.05455081
18	159	2	-1234.57589410	0.05455081
18	160	2	-1227.78485325	0.05455081
18	161	2	-1232.06716448	0.05455081
18	162	2	-1225.58250748	0.05455081
18	163	2	-1230.72901238	0.05455081
18	164	2	-1225.25923483	0.05455081
18	165	2	-1231.29195205	0.05455081
18	166	2	-1226.81219117	0.05455081
18	167	2	-1232.57244753	0.05455081
18	168	2	-1227.20956314	0.05455081
18	169	2	-1232.82365886	0.05455081
18	170	2	-1226.12566782	0.05455081
18	171	2	-1232.67759436	0.05455081
18	172	2	-1226.11305895	0.05455081
18	173	2	-1232.15477302	0.05455081
18	174	2	-1225.74368068	0.05455081
18	175	2	-1231.09668416	0.05455081
18	176	2	-1225.02007977	0.05455081
18	177	2	-1229.95551962	0.05455081
18	178	2	-1224.38142852	0.05455081
18	179	2	-1228.81466426	0.05455081
18	180	2	-1223.35652564	0.05455081
18	181	2	-1227.09572667	0.05455081
18	182	2	-1224.59210427	0.05455081
18	183	2	-1229.97549307	0.05455081
18	184	2	-1224.90808213	0.05455081
18	185	2	-1230.19753922	0.05455081
18	186	2	-1225.80411025	0.05455081
18	187	2	-1230.52921335	0.05455081
18	188	2	-1226.62137219	0.05455081
18	189	2	-1231.08188281	0.05455081
18	190	2	-1226.09164764	0.05455081
18	191	2	-1230.64724121	0.05455081
18	192	2	-1226.78452734	0.05455081
18	193	2	-1230.32807931	0.05455081
18	194	2	-1226.85844068	0.05455081
18	195	2	-1230.54699864	0.05455081
18	196	2	-1227.65365387	0.05455081
18	197	2	-1230.95684561	0.05455081
18	198	2	-1227.95341658	0.05455081
18	199	2	-1232.50464658	0.05455081
18	200	2	-1228.17576066	0.05455081
18	201	2	-1231.31570140	0.05455081
18	202	2	-1229.09016352	0.05455081
18	203	2	-1232.33996818	0.05455081
18	204	2	-1230.36229029	0.05455081
18	205	2	-1234.53985925	0.05455081
18	206	2	-1231.39540591	0.05455081
18	207	2	-1236.55779625	0.05455081
18	208	2	-1235.54252082	0.05455081
18	209	2	-1236.70270097	0.05455081
18	210	2	-1233.82951486	0.05455081
18	211	2	-1235.87723644	0.05455081
18	212	2	-1234.99438159	0.05455081
18	213	2	-1237.14253626	0.05455081
18	214	2	-1235.25138371	0.05455081
18	215	2	-1235.90746214	0.05455081
18	216	2	-1233.23142899	0.05455081
18	217	2	-1235.98375159	0.05455081
18	218	2	-1233.57370348	0.05455081
18	219	2	-1235.14266601	0.05455081
18	220	2	-1233.19301082	0.05455081
18	221	2	-1236.30767523	0.05455081
18	222	2	-1233.43415047	0.05455081
18	223	2	-1231.68474047	0.05455081
18	224	2	-1227.44200459	0.05455081
18	225	2	-1223.17523620	0.05455081
18	226	2	-1216.83258509	0.05455081
18	227	2	-1211.65495413	0.05455081
18	228	2	-1201.20055340	0.05455081
18	229	2	-1188.50459742	0.05455081
18	230	2	-1179.26533511	0.05455081
18	231	2	-1229.13774177	0.05455081
19	0	2	-1225.16594481	0.05448531
19	1	2	-1220.62316925	0.05448531
19	2	2	-1234.39876360	0.05448531
19	3	2	-1239.17719895	0.05448531
19	4	2	-1237.59888348	0.05448531
19	5	2	-1242.33551386	0.05448531
19	6	2	-1239.84596176	0.05448531
19	7	2	-1241.92312059	0.05448531
19	8	2	-1241.25891583	0.05448531
19	9	2	-1243.26881315	0.05448531
19	10	2	-1241.25441948	0.05448531
19	11	2	-1242.65308004	0.05448531
19	12	2	-1242.57123139	0.05448531
19	13	2	-1243.88288433	0.05448531
19	14	2	-1241.10273570	0.05448531
19	15	2	-1242.36386902	0.05448531
19	16	2	-1240.64341523	0.05448531
19	17	2	-1241.56208385	0.05448531
19	18	2	-1239.80043065	0.05448531
19	19	2	-1239.30213568	0.05448531
19	20	2	-1240.84956678	0.05448531
19	21	2	-1241.76529598	0.05448531
19	22	2	-1240.38597548	0.05448531
19	23	2	-1241.33917338	0.05448531
19	24	2	-1240.49366886	0.05448531
19	25	2	-1244.58216900	0.05448531
19	26	2	-1243.77584557	0.05448531
19	27	2	-1238.97089373	0.05448531
19	28	2	-1241.74084145	0.05448531
19	29	2	-1243.93980159	0.05448531
19	30	2	-1245.09214739	0.05448531
19	31	2	-1245.46583016	0.05448531
19	32	2	-1245.17541672	0.05448531
19	33	2	-1244.95712240	0.05448531
19	34	2	-1245.77921035	0.05448531
19	35	2	-1244.65289489	0.05448531
19	36	2	-1246.38502080	0.05448531
19	37	2	-1246.65385463	0.05448531
19	38	2	-1247.62495230	0.05448531
19	39	2	-1247.32236147	0.05448531
19	40	2	-1247.50066402	0.05448531
19	41	2	-1247.98085801	0.05448531
19	42	2	-1247.50220189	0.05448531
19	43	2	-1249.44138217	0.05448531
19	44	2	-1248.14546006	0.05448531
19	45	2	-1249.77127159	0.05448531
19	46	2	-1247.92789531	0.05448531
19	47	2	-1248.68571329	0.05448531
19	48	2	-1246.77837762	0.05448531
19	49	2	-1249.95635412	0.05448531
19	50	2	-1247.27628164	0.05448531
19	51	2	-1249.85684027	0.05448531
19	52	2	-1247.95050123	0.05448531
19	53	2	-1248.13050544	0.05448531
19	54	2	-1248.58151157	0.05448531
19	55	2	-1250.74438512	0.05448531
19	56	2	-1247.15103011	0.05448531
19	57	2	-1249.66693357	0.05448531
19	58	2	-1242.53468378	0.05448531
19	59	2	-1253.74791900	0.05448531
19	60	2	-1247.93666322	0.05448531
19	61	2	-1255.70539799	0.05448531
19	62	2	-1253.24846132	0.05448531
19	63	2	-1253.81038764	0.05448531
19	64	2	-1253.69428815	0.05448531
19	65	2	-1253.94474569	0.05448531
19	66	2	-1252.94452508	0.05448531
19	67	2	-1252.00244687	0.05448531
19	68	2	-1251.92975437	0.05448531
19	69	2	-1249.69432544	0.05448531
19	70	2	-1250.70935243	0.05448531
19	71	2	-1249.94391788	0.05448531
19	72	2	-1249.69566874	0.05448531
19	73	2	-1250.56910944	0.05448531
19	74	2	-1249.90305836	0.05448531
19	75	2	-1248.12774497	0.05448531
19	76	2	-1247.95280355	0.05448531
19	77	2	-1248.39217843	0.05448531
19	78	2	-1248.34243504	0.05448531
19	79	2	-1248.67057053	0.05448531
19	80	2	-1247.14071271	0.05448531
19	81	2	-1245.66242427	0.05448531
19	82	2	-1247.57786191	0.05448531
19	83	2	-1247.33414678	0.05448531
19	84	2	-1245.66522572	0.05448531
19	85	2	-1247.07761358	0.05448531
19	86	2	-1245.02343328	0.05448531
19	87	2	-1247.62827479	0.05448531
19	88	2	0.00000000	0.05448531
19	89	2	0.00000000	0.05448531
19	90	2	0.00000000	0.05448531
19	91	2	0.00000000	0.05448531
19	92	2	0.00000000	0.05448531
19	93	2	0.00000000	0.05448531
19	94	2	0.00000000	0.05448531
19	95	2	0.00000000	0.05448531
19	96	2	0.00000000	0.05448531
19	97	2	-1243.88266730	0.05448531
19	98	2	-1243.20941263	0.05448531
19	99	2	-1243.94092630	0.05448531
19	100	2	-1243.48974420	0.05448531
19	101	2	-1242.97855311	0.05448531
19	102	2	-1244.06971471	0.05448531
19	103	2	-1243.22709509	0.05448531
19	104	2	-1244.24628121	0.05448531
19	105	2	-1245.54246972	0.05448531
19	106	2	-1245.67330589	0.05448531
19	107	2	-1246.39249530	0.05448531
19	108	2	-1245.35064455	0.05448531
19	109	2	-1246.43960523	0.05448531
19	110	2	-1247.95328886	0.05448531
19	111	2	-1248.97947585	0.05448531
19	112	2	-1246.83334346	0.05448531
19	113	2	-1248.20687977	0.05448531
19	114	2	-1247.63614388	0.05448531
19	115	2	-1249.82072612	0.05448531
19	116	2	-1245.40776360	0.05448531
19	117	2	-1251.12411530	0.05448531
19	118	2	-1246.94131875	0.05448531
19	119	2	-1244.65301439	0.05448531
19	120	2	-1244.65301439	0.05448531
19	121	2	-1244.65301439	0.05448531
19	122	2	-1241.00654710	0.05448531
19	123	2	-1244.65301439	0.05448531
19	124	2	-1244.65301439	0.05448531
19	125	2	-1244.65301439	0.05448531
19	126	2	-1244.65301439	0.05448531
19	127	2	-1244.65301439	0.05448531
19	128	2	-1244.65301439	0.05448531
19	129	2	-1244.65301439	0.05448531
19	130	2	-1244.65301439	0.05448531
19	131	2	-1244.65301439	0.05448531
19	132	2	-1242.25979277	0.05448531
19	133	2	-1243.82873382	0.05448531
19	134	2	-1240.20708292	0.05448531
19	135	2	-1242.38395676	0.05448531
19	136	2	-1240.20506901	0.05448531
19	137	2	-1244.65301439	0.05448531
19	138	2	-1239.39944305	0.05448531
19	139	2	-1244.65301439	0.05448531
19	140	2	-1244.65301439	0.05448531
19	141	2	0.00000000	0.05448531
19	142	2	0.00000000	0.05448531
19	143	2	0.00000000	0.05448531
19	144	2	0.00000000	0.05448531
19	145	2	0.00000000	0.05448531
19	146	2	0.00000000	0.05448531
19	147	2	0.00000000	0.05448531
19	148	2	0.00000000	0.05448531
19	149	2	0.00000000	0.05448531
19	150	2	-1241.03814911	0.05448531
19	151	2	-1244.02667176	0.05448531
19	152	2	-1242.46913369	0.05448531
19	153	2	-1244.43845108	0.05448531
19	154	2	-1242.66769840	0.05448531
19	155	2	-1244.49010993	0.05448531
19	156	2	-1243.96939117	0.05448531
19	157	2	-1247.11438037	0.05448531
19	158	2	-1244.57447031	0.05448531
19	159	2	-1247.41655658	0.05448531
19	160	2	-1244.37289908	0.05448531
19	161	2	-1246.40193149	0.05448531
19	162	2	-1245.73568439	0.05448531
19	163	2	-1247.19005514	0.05448531
19	164	2	-1244.91091099	0.05448531
19	165	2	-1247.29266054	0.05448531
19	166	2	-1244.92681155	0.05448531
19	167	2	-1245.49091785	0.05448531
19	168	2	-1244.30896816	0.05448531
19	169	2	-1245.50551514	0.05448531
19	170	2	-1243.99654467	0.05448531
19	171	2	-1246.11670040	0.05448531
19	172	2	-1245.73849265	0.05448531
19	173	2	-1246.55348255	0.05448531
19	174	2	-1244.87913391	0.05448531
19	175	2	-1246.92100053	0.05448531
19	176	2	-1244.68062141	0.05448531
19	177	2	-1246.77476813	0.05448531
19	178	2	-1244.30492365	0.05448531
19	179	2	-1245.73425043	0.05448531
19	180	2	-1244.75705007	0.05448531
19	181	2	-1247.08253089	0.05448531
19	182	2	-1246.62221272	0.05448531
19	183	2	-1245.24334973	0.05448531
19	184	2	-1245.56490865	0.05448531
19	185	2	-1245.95575819	0.05448531
19	186	2	-1246.06445996	0.05448531
19	187	2	-1246.08699601	0.05448531
19	188	2	-1245.58647259	0.05448531
19	189	2	-1246.99575793	0.05448531
19	190	2	-1246.07036183	0.05448531
19	191	2	-1247.63308728	0.05448531
19	192	2	-1247.28400207	0.05448531
19	193	2	-1247.44199953	0.05448531
19	194	2	-1247.37293119	0.05448531
19	195	2	-1249.00420618	0.05448531
19	196	2	-1249.04294694	0.05448531
19	197	2	-1249.27964421	0.05448531
19	198	2	-1248.08202668	0.05448531
19	199	2	-1248.39120283	0.05448531
19	200	2	-1248.00704120	0.05448531
19	201	2	-1248.83284392	0.05448531
19	202	2	-1247.45171533	0.05448531
19	203	2	-1248.04286779	0.05448531
19	204	2	-1247.87736674	0.05448531
19	205	2	-1247.56426152	0.05448531
19	206	2	-1247.04520116	0.05448531
19	207	2	-1248.71033250	0.05448531
19	208	2	-1247.44459862	0.05448531
19	209	2	-1246.96596799	0.05448531
19	210	2	-1247.29253652	0.05448531
19	211	2	-1247.89956448	0.05448531
19	212	2	-1248.55928567	0.05448531
19	213	2	-1248.48445611	0.05448531
19	214	2	-1250.80086383	0.05448531
19	215	2	-1249.52237582	0.05448531
19	216	2	-1247.80067164	0.05448531
19	217	2	-1247.34339591	0.05448531
19	218	2	-1246.44688562	0.05448531
19	219	2	-1245.26452848	0.05448531
19	220	2	-1245.55641318	0.05448531
19	221	2	-1244.70899437	0.05448531
19	222	2	-1243.16781380	0.05448531
19	223	2	-1242.33040405	0.05448531
19	224	2	-1240.77820984	0.05448531
19	225	2	-1242.80144846	0.05448531
19	226	2	-1244.84958426	0.05448531
19	227	2	-1244.30554229	0.05448531
19	228	2	-1246.54323974	0.05448531
19	229	2	-1250.38955259	0.05448531
19	230	2	-1248.94358776	0.05448531
19	231	2	-1244.35371481	0.05448531
19	232	2	-1240.06985868	0.05448531
19	233	2	-1232.29827098	0.05448531
19	234	2	-1230.05405718	0.05448531
19	235	2	-1226.85188043	0.05448531
19	236	2	-1221.09409579	0.05448531
19	237	2	-1212.68912175	0.05448531
20	0	2	-1272.96372719	0.05447832
20	1	2	-1272.06340250	0.05447832
20	2	2	-1273.42915012	0.05447832
20	3	2	-1268.19250654	0.05447832
20	4	2	-1266.94524230	0.05447832
20	5	2	-1267.07698750	0.05447832
20	6	2	-1265.10669145	0.05447832
20	7	2	-1265.21986750	0.05447832
20	8	2	-1265.53194412	0.05447832
20	9	2	-1265.13073929	0.05447832
20	10	2	-1267.38349181	0.05447832
20	11	2	-1270.05889767	0.05447832
20	12	2	-1268.74638306	0.05447832
20	13	2	-1268.26842344	0.05447832
20	14	2	-1268.77201118	0.05447832
20	15	2	-1268.11371920	0.05447832
20	16	2	-1268.66203293	0.05447832
20	17	2	-1267.78433590	0.05447832
20	18	2	-1268.66310806	0.05447832
20	19	2	-1267.40438883	0.05447832
20	20	2	-1269.64824760	0.05447832
20	21	2	-1270.05037707	0.05447832
20	22	2	-1268.83431724	0.05447832
20	23	2	-1269.10112471	0.05447832
20	24	2	-1269.71818763	0.05447832
20	25	2	-1264.45562197	0.05447832
20	26	2	-1267.63189044	0.05447832
20	27	2	-1268.13567207	0.05447832
20	28	2	-1271.45759174	0.05447832
20	29	2	-1269.53207071	0.05447832
20	30	2	-1271.55213706	0.05447832
20	31	2	-1268.85820129	0.05447832
20	32	2	-1270.81982921	0.05447832
20	33	2	-1270.09553384	0.05447832
20	34	2	-1271.19411915	0.05447832
20	35	2	-1268.21794096	0.05447832
20	36	2	-1271.63071028	0.05447832
20	37	2	-1271.67307224	0.05447832
20	38	2	-1272.39479715	0.05447832
20	39	2	-1271.40659906	0.05447832
20	40	2	-1272.40001958	0.05447832
20	41	2	-1271.31724638	0.05447832
20	42	2	-1269.85276633	0.05447832
20	43	2	-1268.51555193	0.05447832
20	44	2	-1268.98904652	0.05447832
20	45	2	-1269.01440921	0.05447832
20	46	2	-1272.74686004	0.05447832
20	47	2	-1273.05240788	0.05447832
20	48	2	-1276.69079870	0.05447832
20	49	2	-1276.04568343	0.05447832
20	50	2	-1279.15787299	0.05447832
20	51	2	-1278.84812550	0.05447832
20	52	2	-1279.18894236	0.05447832
20	53	2	-1277.99278868	0.05447832
20	54	2	-1279.61414673	0.05447832
20	55	2	-1280.69190777	0.05447832
20	56	2	-1281.78641417	0.05447832
20	57	2	-1278.53844344	0.05447832
20	58	2	-1276.65882273	0.05447832
20	59	2	-1279.10785633	0.05447832
20	60	2	-1278.03812992	0.05447832
20	61	2	-1279.95006717	0.05447832
20	62	2	-1281.46289357	0.05447832
20	63	2	-1276.53454444	0.05447832
20	64	2	-1280.30098756	0.05447832
20	65	2	-1281.58890549	0.05447832
20	66	2	-1280.23491191	0.05447832
20	67	2	-1279.05412816	0.05447832
20	68	2	-1278.58755581	0.05447832
20	69	2	-1277.36659851	0.05447832
20	70	2	-1278.87138216	0.05447832
20	71	2	-1271.11127969	0.05447832
20	72	2	-1278.15577104	0.05447832
20	73	2	-1274.77966330	0.05447832
20	74	2	-1279.38597794	0.05447832
20	75	2	-1273.93765010	0.05447832
20	76	2	-1275.86571753	0.05447832
20	77	2	-1273.45148872	0.05447832
20	78	2	-1275.33647386	0.05447832
20	79	2	-1269.95156340	0.05447832
20	80	2	-1274.71598465	0.05447832
20	81	2	-1272.60786125	0.05447832
20	82	2	-1275.16470856	0.05447832
20	83	2	-1268.73337866	0.05447832
20	84	2	-1271.32505268	0.05447832
20	85	2	-1267.60406041	0.05447832
20	86	2	-1276.41414617	0.05447832
20	87	2	0.00000000	0.05447832
20	88	2	0.00000000	0.05447832
20	89	2	0.00000000	0.05447832
20	90	2	0.00000000	0.05447832
20	91	2	0.00000000	0.05447832
20	92	2	0.00000000	0.05447832
20	93	2	0.00000000	0.05447832
20	94	2	0.00000000	0.05447832
20	95	2	0.00000000	0.05447832
20	96	2	-1269.73588765	0.05447832
20	97	2	-1262.11739733	0.05447832
20	98	2	-1264.86645741	0.05447832
20	99	2	-1261.77868927	0.05447832
20	100	2	-1265.89809253	0.05447832
20	101	2	-1262.30672330	0.05447832
20	102	2	-1266.75008865	0.05447832
20	103	2	-1262.44849960	0.05447832
20	104	2	-1266.34397104	0.05447832
20	105	2	-1261.82609961	0.05447832
20	106	2	-1267.94562965	0.05447832
20	107	2	-1262.18205506	0.05447832
20	108	2	-1266.13370634	0.05447832
20	109	2	-1258.76129067	0.05447832
20	110	2	-1266.16328094	0.05447832
20	111	2	-1260.93674410	0.05447832
20	112	2	-1265.58918446	0.05447832
20	113	2	-1260.60072776	0.05447832
20	114	2	-1267.00489490	0.05447832
20	115	2	-1259.98122299	0.05447832
20	116	2	-1267.02731272	0.05447832
20	117	2	-1260.96107662	0.05447832
20	118	2	-1270.41860075	0.05447832
20	119	2	-1258.60435727	0.05447832
20	120	2	-1279.09560558	0.05447832
20	121	2	-1253.03980009	0.05447832
20	122	2	-1277.72434462	0.05447832
20	123	2	-1277.72434462	0.05447832
20	124	2	-1277.72434462	0.05447832
20	125	2	-1277.72434462	0.05447832
20	126	2	-1277.72434462	0.05447832
20	127	2	-1277.72434462	0.05447832
20	128	2	-1277.72434462	0.05447832
20	129	2	-1277.72434462	0.05447832
20	130	2	-1277.72434462	0.05447832
20	131	2	-1277.72434462	0.05447832
20	132	2	-1277.72434462	0.05447832
20	133	2	-1277.72434462	0.05447832
20	134	2	-1277.72434462	0.05447832
20	135	2	-1277.72434462	0.05447832
20	136	2	-1277.72434462	0.05447832
20	137	2	-1277.72434462	0.05447832
20	138	2	-1277.72434462	0.05447832
20	139	2	-1277.72434462	0.05447832
20	140	2	-1284.20617552	0.05447832
20	141	2	-1282.88220667	0.05447832
20	142	2	-1277.72434462	0.05447832
20	143	2	-1277.72434462	0.05447832
20	144	2	-1277.72434462	0.05447832
20	145	2	-1277.72434462	0.05447832
20	146	2	-1277.72434462	0.05447832
20	147	2	-1279.75127097	0.05447832
20	148	2	0.00000000	0.05447832
20	149	2	0.00000000	0.05447832
20	150	2	0.00000000	0.05447832
20	151	2	0.00000000	0.05447832
20	152	2	0.00000000	0.05447832
20	153	2	0.00000000	0.05447832
20	154	2	0.00000000	0.05447832
20	155	2	0.00000000	0.05447832
20	156	2	0.00000000	0.05447832
20	157	2	-1286.53047489	0.05447832
20	158	2	-1286.95128333	0.05447832
20	159	2	-1287.47836459	0.05447832
20	160	2	-1287.06058726	0.05447832
20	161	2	-1287.28694835	0.05447832
20	162	2	-1286.91195984	0.05447832
20	163	2	-1285.55880028	0.05447832
20	164	2	-1284.83258750	0.05447832
20	165	2	-1283.55868082	0.05447832
20	166	2	-1283.56115484	0.05447832
20	167	2	-1284.22778072	0.05447832
20	168	2	-1284.60570872	0.05447832
20	169	2	-1284.49344129	0.05447832
20	170	2	-1285.18993758	0.05447832
20	171	2	-1282.46673985	0.05447832
20	172	2	-1283.50299041	0.05447832
20	173	2	-1281.71592251	0.05447832
20	174	2	-1281.55856723	0.05447832
20	175	2	-1283.15829939	0.05447832
20	176	2	-1283.10897006	0.05447832
20	177	2	-1283.84370646	0.05447832
20	178	2	-1284.06729852	0.05447832
20	179	2	-1284.81476818	0.05447832
20	180	2	-1283.82018439	0.05447832
20	181	2	-1285.47296205	0.05447832
20	182	2	-1287.16574093	0.05447832
20	183	2	-1286.18616523	0.05447832
20	184	2	-1285.42412701	0.05447832
20	185	2	-1285.13727304	0.05447832
20	186	2	-1284.21449122	0.05447832
20	187	2	-1284.22589181	0.05447832
20	188	2	-1282.92451148	0.05447832
20	189	2	-1282.87955959	0.05447832
20	190	2	-1282.42565924	0.05447832
20	191	2	-1283.24775827	0.05447832
20	192	2	-1282.51218626	0.05447832
20	193	2	-1281.60257767	0.05447832
20	194	2	-1281.35941805	0.05447832
20	195	2	-1281.86955450	0.05447832
20	196	2	-1281.39492048	0.05447832
20	197	2	-1279.75763464	0.05447832
20	198	2	-1277.59439811	0.05447832
20	199	2	-1277.81860958	0.05447832
20	200	2	-1279.29738041	0.05447832
20	201	2	-1280.74215975	0.05447832
20	202	2	-1280.41544759	0.05447832
20	203	2	-1280.70504668	0.05447832
20	204	2	-1281.65921914	0.05447832
20	205	2	-1280.78363200	0.05447832
20	206	2	-1282.13856903	0.05447832
20	207	2	-1282.03227966	0.05447832
20	208	2	-1281.61888774	0.05447832
20	209	2	-1280.36696268	0.05447832
20	210	2	-1281.09071229	0.05447832
20	211	2	-1282.19738241	0.05447832
20	212	2	-1281.40537953	0.05447832
20	213	2	-1281.41762960	0.05447832
20	214	2	-1282.11065570	0.05447832
20	215	2	-1280.96441551	0.05447832
20	216	2	-1283.48964734	0.05447832
20	217	2	-1282.56659928	0.05447832
20	218	2	-1283.10744770	0.05447832
20	219	2	-1282.90692904	0.05447832
20	220	2	-1279.54984071	0.05447832
20	221	2	-1278.20613338	0.05447832
20	222	2	-1276.93210759	0.05447832
20	223	2	-1272.13687736	0.05447832
20	224	2	-1267.60653875	0.05447832
20	225	2	-1266.64353303	0.05447832
20	226	2	-1257.34350836	0.05447832
20	227	2	-1256.17344379	0.05447832
20	228	2	-1259.84062976	0.05447832
20	229	2	-1259.93741649	0.05447832
20	230	2	-1259.36639492	0.05447832
20	231	2	-1265.16649052	0.05447832
20	232	2	-1260.72431415	0.05447832
20	233	2	-1261.77018970	0.05447832
20	234	2	-1257.16831284	0.05447832
20	235	2	-1259.05773288	0.05447832
20	236	2	-1257.88930497	0.05447832
20	237	2	-1258.55619396	0.05447832
20	238	2	-1255.20820239	0.05447832
20	239	2	-1249.99994265	0.05447832
20	240	2	-1254.94694526	0.05447832
20	241	2	-1244.22739034	0.05447832
20	242	2	-1277.64059513	0.05447832
20	243	2	-1277.72434462	0.05447832
21	0	2	-1273.75749067	0.05456307
21	1	2	-1279.48541097	0.05456307
21	2	2	-1278.19393394	0.05456307
21	3	2	-1279.59209786	0.05456307
21	4	2	-1279.28202476	0.05456307
21	5	2	-1277.62201469	0.05456307
21	6	2	-1277.93067572	0.05456307
21	7	2	-1277.66767898	0.05456307
21	8	2	-1278.89924512	0.05456307
21	9	2	-1279.74780204	0.05456307
21	10	2	-1279.23462326	0.05456307
21	11	2	-1278.86641319	0.05456307
21	12	2	-1278.72299265	0.05456307
21	13	2	-1278.50844067	0.05456307
21	14	2	-1279.96871826	0.05456307
21	15	2	-1282.47724533	0.05456307
21	16	2	-1275.91737818	0.05456307
21	17	2	-1281.17044826	0.05456307
21	18	2	-1282.49515532	0.05456307
21	19	2	-1282.95191407	0.05456307
21	20	2	-1283.31999062	0.05456307
21	21	2	-1283.58440889	0.05456307
21	22	2	-1283.39262450	0.05456307
21	23	2	-1285.06308568	0.05456307
21	24	2	-1286.02965138	0.05456307
21	25	2	-1283.90232513	0.05456307
21	26	2	-1285.05781269	0.05456307
21	27	2	-1285.45846388	0.05456307
21	28	2	-1285.54446894	0.05456307
21	29	2	-1286.33464778	0.05456307
21	30	2	-1284.67695372	0.05456307
21	31	2	-1285.86815625	0.05456307
21	32	2	-1284.50948403	0.05456307
21	33	2	-1286.96525020	0.05456307
21	34	2	-1286.40401916	0.05456307
21	35	2	-1287.40856916	0.05456307
21	36	2	-1288.29879625	0.05456307
21	37	2	-1287.08850702	0.05456307
21	38	2	-1285.17709341	0.05456307
21	39	2	-1286.72582570	0.05456307
21	40	2	-1287.89376132	0.05456307
21	41	2	-1288.99742671	0.05456307
21	42	2	-1286.23118505	0.05456307
21	43	2	-1288.27004445	0.05456307
21	44	2	-1288.07657273	0.05456307
21	45	2	-1289.29954900	0.05456307
21	46	2	-1291.31479770	0.05456307
21	47	2	-1290.59897911	0.05456307
21	48	2	-1284.28409208	0.05456307
21	49	2	-1294.21332291	0.05456307
21	50	2	-1294.10989927	0.05456307
21	51	2	-1293.86228008	0.05456307
21	52	2	-1294.82564304	0.05456307
21	53	2	-1294.42464262	0.05456307
21	54	2	-1293.57013863	0.05456307
21	55	2	-1294.65320083	0.05456307
21	56	2	-1293.04401745	0.05456307
21	57	2	-1291.88411359	0.05456307
21	58	2	-1291.15790121	0.05456307
21	59	2	-1290.04402742	0.05456307
21	60	2	-1291.47264544	0.05456307
21	61	2	-1289.05292625	0.05456307
21	62	2	-1292.70649071	0.05456307
21	63	2	-1294.73890503	0.05456307
21	64	2	-1291.71409682	0.05456307
21	65	2	-1292.03736162	0.05456307
21	66	2	-1290.07397313	0.05456307
21	67	2	-1290.70843540	0.05456307
21	68	2	-1288.59847951	0.05456307
21	69	2	-1289.87548235	0.05456307
21	70	2	-1287.94464728	0.05456307
21	71	2	-1290.38204518	0.05456307
21	72	2	-1289.87525041	0.05456307
21	73	2	-1287.38145142	0.05456307
21	74	2	-1287.87733648	0.05456307
21	75	2	-1286.53476535	0.05456307
21	76	2	-1284.42571517	0.05456307
21	77	2	-1285.56124540	0.05456307
21	78	2	0.00000000	0.05456307
21	79	2	0.00000000	0.05456307
21	80	2	0.00000000	0.05456307
21	81	2	0.00000000	0.05456307
21	82	2	0.00000000	0.05456307
21	83	2	0.00000000	0.05456307
21	84	2	0.00000000	0.05456307
21	85	2	0.00000000	0.05456307
21	86	2	-1277.23207357	0.05456307
21	87	2	-1279.46761263	0.05456307
21	88	2	-1280.33353959	0.05456307
21	89	2	-1281.79747757	0.05456307
21	90	2	-1281.57839731	0.05456307
21	91	2	-1282.23307327	0.05456307
21	92	2	-1281.40785789	0.05456307
21	93	2	-1280.48986074	0.05456307
21	94	2	-1280.07451372	0.05456307
21	95	2	-1280.51290530	0.05456307
21	96	2	-1279.40290793	0.05456307
21	97	2	-1280.41073546	0.05456307
21	98	2	-1279.09102672	0.05456307
21	99	2	-1280.58370583	0.05456307
21	100	2	-1279.05063600	0.05456307
21	101	2	-1279.01675081	0.05456307
21	102	2	-1279.40789052	0.05456307
21	103	2	-1280.18091957	0.05456307
21	104	2	-1278.77108034	0.05456307
21	105	2	-1279.54943798	0.05456307
21	106	2	-1281.46281678	0.05456307
21	107	2	-1281.01163869	0.05456307
21	108	2	-1283.77406988	0.05456307
21	109	2	-1280.86029695	0.05456307
21	110	2	-1281.37670973	0.05456307
21	111	2	-1282.99518795	0.05456307
21	112	2	-1282.54877507	0.05456307
21	113	2	-1282.60278891	0.05456307
21	114	2	-1284.73814503	0.05456307
21	115	2	-1284.73814503	0.05456307
21	116	2	-1273.42561905	0.05456307
21	117	2	-1273.42561905	0.05456307
21	118	2	-1273.42561905	0.05456307
21	119	2	-1273.42561905	0.05456307
21	120	2	-1273.42561905	0.05456307
21	121	2	-1273.42561905	0.05456307
21	122	2	-1273.42561905	0.05456307
21	123	2	-1273.42561905	0.05456307
21	124	2	-1273.42561905	0.05456307
21	125	2	-1273.42561905	0.05456307
21	126	2	-1273.42561905	0.05456307
21	127	2	-1273.42561905	0.05456307
21	128	2	-1273.42561905	0.05456307
21	129	2	-1273.42561905	0.05456307
21	130	2	-1273.42561905	0.05456307
21	131	2	-1273.42561905	0.05456307
21	132	2	-1273.42561905	0.05456307
21	133	2	-1273.42561905	0.05456307
21	134	2	-1283.75413181	0.05456307
21	135	2	-1273.42561905	0.05456307
21	136	2	-1273.42561905	0.05456307
21	137	2	-1281.05628686	0.05456307
21	138	2	-1282.58260453	0.05456307
21	139	2	-1278.85970976	0.05456307
21	140	2	-1281.20856378	0.05456307
21	141	2	-1279.25003025	0.05456307
21	142	2	-1281.67497624	0.05456307
21	143	2	-1278.56894162	0.05456307
21	144	2	-1280.90880094	0.05456307
21	145	2	-1279.00946605	0.05456307
21	146	2	0.00000000	0.05456307
21	147	2	0.00000000	0.05456307
21	148	2	0.00000000	0.05456307
21	149	2	0.00000000	0.05456307
21	150	2	0.00000000	0.05456307
21	151	2	0.00000000	0.05456307
21	152	2	0.00000000	0.05456307
21	153	2	0.00000000	0.05456307
21	154	2	-1289.77121195	0.05456307
21	155	2	-1287.14543628	0.05456307
21	156	2	-1289.19334106	0.05456307
21	157	2	-1287.89480195	0.05456307
21	158	2	-1289.59183989	0.05456307
21	159	2	-1287.64528046	0.05456307
21	160	2	-1289.14500430	0.05456307
21	161	2	-1288.33205498	0.05456307
21	162	2	-1289.25329171	0.05456307
21	163	2	-1287.55642992	0.05456307
21	164	2	-1289.45313657	0.05456307
21	165	2	-1289.19609930	0.05456307
21	166	2	-1291.65835300	0.05456307
21	167	2	-1287.86491703	0.05456307
21	168	2	-1289.60929293	0.05456307
21	169	2	-1287.28509552	0.05456307
21	170	2	-1289.15333959	0.05456307
21	171	2	-1288.95623630	0.05456307
21	172	2	-1290.21314979	0.05456307
21	173	2	-1288.52000689	0.05456307
21	174	2	-1291.02819984	0.05456307
21	175	2	-1288.64406441	0.05456307
21	176	2	-1290.94613966	0.05456307
21	177	2	-1289.39187647	0.05456307
21	178	2	-1291.69808380	0.05456307
21	179	2	-1291.12522663	0.05456307
21	180	2	-1290.07729395	0.05456307
21	181	2	-1288.85457033	0.05456307
21	182	2	-1288.34877589	0.05456307
21	183	2	-1286.64650585	0.05456307
21	184	2	-1287.34476599	0.05456307
21	185	2	-1288.27930210	0.05456307
21	186	2	-1286.65816860	0.05456307
21	187	2	-1286.69408016	0.05456307
21	188	2	-1287.50489219	0.05456307
21	189	2	-1287.39029301	0.05456307
21	190	2	-1286.14027162	0.05456307
21	191	2	-1284.90628554	0.05456307
21	192	2	-1286.56291718	0.05456307
21	193	2	-1284.39831329	0.05456307
21	194	2	-1286.64242923	0.05456307
21	195	2	-1284.89223460	0.05456307
21	196	2	-1284.90447699	0.05456307
21	197	2	-1283.83972587	0.05456307
21	198	2	-1283.76528515	0.05456307
21	199	2	-1283.00459232	0.05456307
21	200	2	-1281.48711972	0.05456307
21	201	2	-1281.48328460	0.05456307
21	202	2	-1281.52048200	0.05456307
21	203	2	-1281.02595727	0.05456307
21	204	2	-1280.87883250	0.05456307
21	205	2	-1280.39576726	0.05456307
21	206	2	-1280.26269187	0.05456307
21	207	2	-1279.30008830	0.05456307
21	208	2	-1278.55435396	0.05456307
21	209	2	-1274.27863640	0.05456307
21	210	2	-1274.03321451	0.05456307
21	211	2	-1271.15087630	0.05456307
21	212	2	-1269.68839534	0.05456307
21	213	2	-1265.93024448	0.05456307
21	214	2	-1259.18470981	0.05456307
21	215	2	-1254.42647875	0.05456307
21	216	2	-1246.83893688	0.05456307
21	217	2	-1240.84070017	0.05456307
21	218	2	-1237.41395191	0.05456307
21	219	2	-1233.29873025	0.05456307
21	220	2	-1226.68300558	0.05456307
21	221	2	-1224.43975647	0.05456307
21	222	2	-1224.96173110	0.05456307
21	223	2	-1221.86027056	0.05456307
21	224	2	-1219.37180074	0.05456307
21	225	2	-1220.93506607	0.05456307
21	226	2	-1219.80295703	0.05456307
21	227	2	-1219.22096997	0.05456307
21	228	2	-1220.23786250	0.05456307
21	229	2	-1218.64909306	0.05456307
21	230	2	-1218.90059029	0.05456307
21	231	2	-1220.39731924	0.05456307
22	0	2	-1236.09384646	0.05456652
22	1	2	-1234.79349911	0.05456652
22	2	2	-1236.67085102	0.05456652
22	3	2	-1234.14225173	0.05456652
22	4	2	-1234.29637762	0.05456652
22	5	2	-1234.21590942	0.05456652
22	6	2	-1234.15832909	0.05456652
22	7	2	-1237.17238040	0.05456652
22	8	2	-1238.22971840	0.05456652
22	9	2	-1240.23436939	0.05456652
22	10	2	-1240.63714949	0.05456652
22	11	2	-1241.19389377	0.05456652
22	12	2	-1241.25150304	0.05456652
22	13	2	-1242.81632737	0.05456652
22	14	2	-1243.09724245	0.05456652
22	15	2	-1242.30769582	0.05456652
22	16	2	-1244.07169457	0.05456652
22	17	2	-1244.33415817	0.05456652
22	18	2	-1243.25708049	0.05456652
22	19	2	-1243.21380474	0.05456652
22	20	2	-1244.85047374	0.05456652
22	21	2	-1242.29616799	0.05456652
22	22	2	-1245.02651350	0.05456652
22	23	2	-1245.81358702	0.05456652
22	24	2	-1248.33454786	0.05456652
22	25	2	-1249.08122357	0.05456652
22	26	2	-1249.28713402	0.05456652
22	27	2	-1249.86873427	0.05456652
22	28	2	-1251.53121150	0.05456652
22	29	2	-1253.00817242	0.05456652
22	30	2	-1249.83479054	0.05456652
22	31	2	-1250.76050393	0.05456652
22	32	2	-1249.46049982	0.05456652
22	33	2	-1251.51356038	0.05456652
22	34	2	-1251.67284473	0.05456652
22	35	2	-1250.97375188	0.05456652
22	36	2	-1251.65687256	0.05456652
22	37	2	-1240.96369131	0.05456652
22	38	2	-1248.74423625	0.05456652
22	39	2	-1251.86674406	0.05456652
22	40	2	-1252.20517541	0.05456652
22	41	2	-1252.12306036	0.05456652
22	42	2	-1252.61872286	0.05456652
22	43	2	-1252.90147382	0.05456652
22	44	2	-1256.84498000	0.05456652
22	45	2	-1252.88391268	0.05456652
22	46	2	-1252.98559724	0.05456652
22	47	2	-1251.75726514	0.05456652
22	48	2	-1250.36702421	0.05456652
22	49	2	-1251.60720238	0.05456652
22	50	2	-1247.31601635	0.05456652
22	51	2	-1248.53104197	0.05456652
22	52	2	-1254.04977266	0.05456652
22	53	2	-1250.44175691	0.05456652
22	54	2	-1249.03979057	0.05456652
22	55	2	-1248.80367786	0.05456652
22	56	2	-1248.92204989	0.05456652
22	57	2	-1249.63021364	0.05456652
22	58	2	-1249.03652359	0.05456652
22	59	2	-1249.52889171	0.05456652
22	60	2	-1249.14417601	0.05456652
22	61	2	-1249.38506490	0.05456652
22	62	2	-1245.35601810	0.05456652
22	63	2	-1245.31036188	0.05456652
22	64	2	-1242.93047294	0.05456652
22	65	2	-1242.39981975	0.05456652
22	66	2	-1240.67824713	0.05456652
22	67	2	0.00000000	0.05456652
22	68	2	0.00000000	0.05456652
22	69	2	0.00000000	0.05456652
22	70	2	0.00000000	0.05456652
22	71	2	0.00000000	0.05456652
22	72	2	0.00000000	0.05456652
22	73	2	0.00000000	0.05456652
22	74	2	0.00000000	0.05456652
22	75	2	-1246.41539273	0.05456652
22	76	2	-1243.06231454	0.05456652
22	77	2	-1240.50871985	0.05456652
22	78	2	-1239.64235287	0.05456652
22	79	2	-1239.39500679	0.05456652
22	80	2	-1239.04958362	0.05456652
22	81	2	-1238.18772763	0.05456652
22	82	2	-1237.09997277	0.05456652
22	83	2	-1236.07180639	0.05456652
22	84	2	-1234.69606843	0.05456652
22	85	2	-1234.47003265	0.05456652
22	86	2	-1234.82877898	0.05456652
22	87	2	-1234.89385211	0.05456652
22	88	2	-1233.47343877	0.05456652
22	89	2	-1234.79209157	0.05456652
22	90	2	-1232.77807721	0.05456652
22	91	2	-1234.71954921	0.05456652
22	92	2	-1232.82057450	0.05456652
22	93	2	-1231.28317709	0.05456652
22	94	2	-1230.67469058	0.05456652
22	95	2	-1231.40586030	0.05456652
22	96	2	-1231.12518668	0.05456652
22	97	2	-1232.33148839	0.05456652
22	98	2	-1232.54381788	0.05456652
22	99	2	-1234.33984009	0.05456652
22	100	2	-1233.48453860	0.05456652
22	101	2	-1233.99529792	0.05456652
22	102	2	-1233.44526332	0.05456652
22	103	2	-1234.18614801	0.05456652
22	104	2	-1231.05643732	0.05456652
22	105	2	-1233.51082936	0.05456652
22	106	2	-1232.82274768	0.05456652
22	107	2	-1237.27875556	0.05456652
22	108	2	-1232.09778038	0.05456652
22	109	2	-1254.93614692	0.05456652
22	110	2	-1240.86057462	0.05456652
22	111	2	-1240.86057462	0.05456652
22	112	2	-1240.86057462	0.05456652
22	113	2	-1240.86057462	0.05456652
22	114	2	-1240.86057462	0.05456652
22	115	2	-1240.86057462	0.05456652
22	116	2	-1240.86057462	0.05456652
22	117	2	-1240.86057462	0.05456652
22	118	2	-1240.86057462	0.05456652
22	119	2	-1240.86057462	0.05456652
22	120	2	-1240.86057462	0.05456652
22	121	2	-1240.86057462	0.05456652
22	122	2	-1240.86057462	0.05456652
22	123	2	-1240.86057462	0.05456652
22	124	2	-1240.86057462	0.05456652
22	125	2	-1249.32186657	0.05456652
22	126	2	-1247.36648127	0.05456652
22	127	2	-1250.94058920	0.05456652
22	128	2	-1240.86057462	0.05456652
22	129	2	-1252.59990297	0.05456652
22	130	2	-1250.42649722	0.05456652
22	131	2	-1251.75034835	0.05456652
22	132	2	-1250.04878801	0.05456652
22	133	2	-1252.85975982	0.05456652
22	134	2	-1250.82704780	0.05456652
22	135	2	-1252.44016698	0.05456652
22	136	2	-1249.51291423	0.05456652
22	137	2	-1250.14126761	0.05456652
22	138	2	-1247.57976496	0.05456652
22	139	2	-1250.24747082	0.05456652
22	140	2	-1246.75641814	0.05456652
22	141	2	-1247.00815497	0.05456652
22	142	2	-1245.03006731	0.05456652
22	143	2	0.00000000	0.05456652
22	144	2	0.00000000	0.05456652
22	145	2	0.00000000	0.05456652
22	146	2	0.00000000	0.05456652
22	147	2	0.00000000	0.05456652
22	148	2	0.00000000	0.05456652
22	149	2	0.00000000	0.05456652
22	150	2	0.00000000	0.05456652
22	151	2	-1249.49534544	0.05456652
22	152	2	-1247.10574661	0.05456652
22	153	2	-1248.15046482	0.05456652
22	154	2	-1246.86209003	0.05456652
22	155	2	-1248.91337395	0.05456652
22	156	2	-1248.66022963	0.05456652
22	157	2	-1249.34049387	0.05456652
22	158	2	-1248.90207581	0.05456652
22	159	2	-1250.47864556	0.05456652
22	160	2	-1249.17235222	0.05456652
22	161	2	-1249.84547851	0.05456652
22	162	2	-1248.68678052	0.05456652
22	163	2	-1251.09208893	0.05456652
22	164	2	-1250.07521560	0.05456652
22	165	2	-1250.60681933	0.05456652
22	166	2	-1250.02243191	0.05456652
22	167	2	-1251.91801384	0.05456652
22	168	2	-1252.14086531	0.05456652
22	169	2	-1254.05192044	0.05456652
22	170	2	-1251.91395790	0.05456652
22	171	2	-1252.11762696	0.05456652
22	172	2	-1251.57457624	0.05456652
22	173	2	-1252.85793812	0.05456652
22	174	2	-1252.65625253	0.05456652
22	175	2	-1253.35718636	0.05456652
22	176	2	-1251.82831113	0.05456652
22	177	2	-1252.79399974	0.05456652
22	178	2	-1250.56577316	0.05456652
22	179	2	-1251.64145209	0.05456652
22	180	2	-1250.86478482	0.05456652
22	181	2	-1250.47704967	0.05456652
22	182	2	-1248.82311939	0.05456652
22	183	2	-1249.85477557	0.05456652
22	184	2	-1248.25374876	0.05456652
22	185	2	-1249.18567190	0.05456652
22	186	2	-1246.77055140	0.05456652
22	187	2	-1247.09496465	0.05456652
22	188	2	-1244.94174804	0.05456652
22	189	2	-1245.30636704	0.05456652
22	190	2	-1243.97310387	0.05456652
22	191	2	-1245.95414222	0.05456652
22	192	2	-1242.74420256	0.05456652
22	193	2	-1243.01905214	0.05456652
22	194	2	-1240.76611818	0.05456652
22	195	2	-1241.87796276	0.05456652
22	196	2	-1240.92061727	0.05456652
22	197	2	-1241.38703572	0.05456652
22	198	2	-1238.82935984	0.05456652
22	199	2	-1239.42287231	0.05456652
22	200	2	-1238.36825717	0.05456652
22	201	2	-1237.88776171	0.05456652
22	202	2	-1234.43982152	0.05456652
22	203	2	-1234.08441090	0.05456652
22	204	2	-1227.65814920	0.05456652
22	205	2	-1226.30351046	0.05456652
22	206	2	-1222.41309433	0.05456652
22	207	2	-1220.05215665	0.05456652
22	208	2	-1211.88950297	0.05456652
22	209	2	-1204.49962675	0.05456652
22	210	2	-1197.44486174	0.05456652
22	211	2	-1191.70964380	0.05456652
22	212	2	-1190.35839877	0.05456652
22	213	2	-1187.66229411	0.05456652
22	214	2	-1181.43146932	0.05456652
22	215	2	-1176.32573966	0.05456652
22	216	2	-1182.67116093	0.05456652
22	217	2	-1240.86057462	0.05456652
23	0	2	-1216.60572331	0.05440126
23	1	2	-1224.71951577	0.05440126
23	2	2	-1224.40650668	0.05440126
23	3	2	-1227.54765402	0.05440126
23	4	2	-1224.51916183	0.05440126
23	5	2	-1229.00455112	0.05440126
23	6	2	-1225.91705805	0.05440126
23	7	2	-1230.02280270	0.05440126
23	8	2	-1232.51674967	0.05440126
23	9	2	-1234.61271822	0.05440126
23	10	2	-1233.04160798	0.05440126
23	11	2	-1237.87706031	0.05440126
23	12	2	-1236.37646854	0.05440126
23	13	2	-1240.95945222	0.05440126
23	14	2	-1238.89753335	0.05440126
23	15	2	-1242.72804149	0.05440126
23	16	2	-1242.55370221	0.05440126
23	17	2	-1244.12875628	0.05440126
23	18	2	-1244.25382074	0.05440126
23	19	2	-1244.47173464	0.05440126
23	20	2	-1243.48146452	0.05440126
23	21	2	-1245.90114394	0.05440126
23	22	2	-1240.43239263	0.05440126
23	23	2	-1243.08494667	0.05440126
23	24	2	-1242.09154962	0.05440126
23	25	2	-1243.34269748	0.05440126
23	26	2	-1244.26869086	0.05440126
23	27	2	-1245.39396473	0.05440126
23	28	2	-1241.49294672	0.05440126
23	29	2	-1245.87533650	0.05440126
23	30	2	-1244.59214288	0.05440126
23	31	2	-1246.18689135	0.05440126
23	32	2	-1246.34474249	0.05440126
23	33	2	-1245.22247396	0.05440126
23	34	2	-1246.94961962	0.05440126
23	35	2	-1245.65700801	0.05440126
23	36	2	-1248.15805801	0.05440126
23	37	2	-1248.48849587	0.05440126
23	38	2	-1244.65428082	0.05440126
23	39	2	-1245.86587408	0.05440126
23	40	2	-1242.64157666	0.05440126
23	41	2	-1245.99094441	0.05440126
23	42	2	-1243.86475046	0.05440126
23	43	2	-1244.26022089	0.05440126
23	44	2	-1246.34232442	0.05440126
23	45	2	-1246.33144283	0.05440126
23	46	2	-1244.16880249	0.05440126
23	47	2	-1243.76252242	0.05440126
23	48	2	-1242.67646717	0.05440126
23	49	2	-1243.02996185	0.05440126
23	50	2	-1241.54168937	0.05440126
23	51	2	-1245.87080435	0.05440126
23	52	2	-1247.52723307	0.05440126
23	53	2	-1248.03114337	0.05440126
23	54	2	-1241.93187642	0.05440126
23	55	2	-1242.39462395	0.05440126
23	56	2	-1240.17371953	0.05440126
23	57	2	-1239.28946063	0.05440126
23	58	2	-1234.11119785	0.05440126
23	59	2	0.00000000	0.05440126
23	60	2	0.00000000	0.05440126
23	61	2	0.00000000	0.05440126
23	62	2	0.00000000	0.05440126
23	63	2	0.00000000	0.05440126
23	64	2	0.00000000	0.05440126
23	65	2	0.00000000	0.05440126
23	66	2	0.00000000	0.05440126
23	67	2	0.00000000	0.05440126
23	68	2	-1231.08921417	0.05440126
23	69	2	-1237.64248238	0.05440126
23	70	2	-1237.59798530	0.05440126
23	71	2	-1242.22700793	0.05440126
23	72	2	-1239.11009779	0.05440126
23	73	2	-1241.71654245	0.05440126
23	74	2	-1238.44339887	0.05440126
23	75	2	-1240.81257830	0.05440126
23	76	2	-1237.02924896	0.05440126
23	77	2	-1238.59622977	0.05440126
23	78	2	-1237.17938142	0.05440126
23	79	2	-1240.99027901	0.05440126
23	80	2	-1236.86503515	0.05440126
23	81	2	-1239.16575725	0.05440126
23	82	2	-1234.80950312	0.05440126
23	83	2	-1237.50691659	0.05440126
23	84	2	-1233.15349330	0.05440126
23	85	2	-1236.40220516	0.05440126
23	86	2	-1233.68983864	0.05440126
23	87	2	-1237.29436227	0.05440126
23	88	2	-1232.33330652	0.05440126
23	89	2	-1236.39259410	0.05440126
23	90	2	-1232.00997278	0.05440126
23	91	2	-1237.72754116	0.05440126
23	92	2	-1233.65082780	0.05440126
23	93	2	-1239.49319279	0.05440126
23	94	2	-1233.45835059	0.05440126
23	95	2	-1239.06856828	0.05440126
23	96	2	-1233.56527562	0.05440126
23	97	2	-1238.96553315	0.05440126
23	98	2	-1234.47385235	0.05440126
23	99	2	-1239.21019951	0.05440126
23	100	2	-1232.89978125	0.05440126
23	101	2	-1244.98955817	0.05440126
23	102	2	-1239.31340015	0.05440126
23	103	2	-1239.31340015	0.05440126
23	104	2	-1239.31340015	0.05440126
23	105	2	-1240.63093275	0.05440126
23	106	2	-1238.81117810	0.05440126
23	107	2	-1235.32763431	0.05440126
23	108	2	-1237.93503789	0.05440126
23	109	2	-1232.44993242	0.05440126
23	110	2	-1240.63093275	0.05440126
23	111	2	-1240.63093275	0.05440126
23	112	2	-1288.87638034	0.05440126
23	113	2	-1240.63093275	0.05440126
23	114	2	-1240.63093275	0.05440126
23	115	2	-1240.63093275	0.05440126
23	116	2	-1240.63093275	0.05440126
23	117	2	-1240.63093275	0.05440126
23	118	2	-1240.63093275	0.05440126
23	119	2	-1240.63093275	0.05440126
23	120	2	-1240.63093275	0.05440126
23	121	2	-1240.63093275	0.05440126
23	122	2	-1240.63093275	0.05440126
23	123	2	-1239.30534787	0.05440126
23	124	2	-1241.15032327	0.05440126
23	125	2	-1240.01698020	0.05440126
23	126	2	-1240.50069915	0.05440126
23	127	2	-1241.02300215	0.05440126
23	128	2	-1244.06833515	0.05440126
23	129	2	-1243.42281475	0.05440126
23	130	2	-1246.35772091	0.05440126
23	131	2	-1246.00407855	0.05440126
23	132	2	-1247.64637461	0.05440126
23	133	2	-1246.08929373	0.05440126
23	134	2	-1248.63311688	0.05440126
23	135	2	-1246.23663998	0.05440126
23	136	2	-1245.86413019	0.05440126
23	137	2	-1243.59912212	0.05440126
23	138	2	-1244.59240947	0.05440126
23	139	2	-1243.56728036	0.05440126
23	140	2	-1243.45237097	0.05440126
23	141	2	-1242.69411927	0.05440126
23	142	2	0.00000000	0.05440126
23	143	2	0.00000000	0.05440126
23	144	2	0.00000000	0.05440126
23	145	2	0.00000000	0.05440126
23	146	2	0.00000000	0.05440126
23	147	2	0.00000000	0.05440126
23	148	2	0.00000000	0.05440126
23	149	2	0.00000000	0.05440126
23	150	2	0.00000000	0.05440126
23	151	2	-1244.94665381	0.05440126
23	152	2	-1245.92464381	0.05440126
23	153	2	-1245.91814121	0.05440126
23	154	2	-1246.15534174	0.05440126
23	155	2	-1246.43919496	0.05440126
23	156	2	-1248.16314880	0.05440126
23	157	2	-1246.78609798	0.05440126
23	158	2	-1247.48122666	0.05440126
23	159	2	-1246.35145579	0.05440126
23	160	2	-1247.95866011	0.05440126
23	161	2	-1247.65875425	0.05440126
23	162	2	-1250.35094671	0.05440126
23	163	2	-1248.96472966	0.05440126
23	164	2	-1250.76325048	0.05440126
23	165	2	-1249.49983149	0.05440126
23	166	2	-1250.87284626	0.05440126
23	167	2	-1253.16232945	0.05440126
23	168	2	-1253.99588537	0.05440126
23	169	2	-1252.53099264	0.05440126
23	170	2	-1251.39378217	0.05440126
23	171	2	-1250.87250657	0.05440126
23	172	2	-1251.60192325	0.05440126
23	173	2	-1250.49542794	0.05440126
23	174	2	-1252.48135087	0.05440126
23	175	2	-1248.98313982	0.05440126
23	176	2	-1249.53190782	0.05440126
23	177	2	-1249.42526801	0.05440126
23	178	2	-1249.71254482	0.05440126
23	179	2	-1249.86161491	0.05440126
23	180	2	-1248.60764636	0.05440126
23	181	2	-1246.87752960	0.05440126
23	182	2	-1245.69422880	0.05440126
23	183	2	-1244.70597367	0.05440126
23	184	2	-1244.34202551	0.05440126
23	185	2	-1242.76660596	0.05440126
23	186	2	-1241.85367687	0.05440126
23	187	2	-1238.67126246	0.05440126
23	188	2	-1238.03545526	0.05440126
23	189	2	-1235.41196557	0.05440126
23	190	2	-1238.25146213	0.05440126
23	191	2	-1236.06479549	0.05440126
23	192	2	-1236.00071885	0.05440126
23	193	2	-1232.29194402	0.05440126
23	194	2	-1234.61794158	0.05440126
23	195	2	-1233.06972090	0.05440126
23	196	2	-1237.18781628	0.05440126
23	197	2	-1233.29220385	0.05440126
23	198	2	-1234.44269193	0.05440126
23	199	2	-1230.43626464	0.05440126
23	200	2	-1231.94528467	0.05440126
23	201	2	-1227.18617417	0.05440126
23	202	2	-1226.09378209	0.05440126
23	203	2	-1221.49637439	0.05440126
23	204	2	-1217.76864289	0.05440126
23	205	2	-1209.32273070	0.05440126
23	206	2	-1207.36680154	0.05440126
23	207	2	-1197.85540195	0.05440126
23	208	2	-1184.21950236	0.05440126
23	209	2	-1180.58287399	0.05440126
24	0	2	-1270.33217363	0.05429060
24	1	2	-1253.55711899	0.05429060
24	2	2	-1258.92798760	0.05429060
24	3	2	-1262.59810646	0.05429060
24	4	2	-1261.72083912	0.05429060
24	5	2	-1265.70116149	0.05429060
24	6	2	-1265.39091690	0.05429060
24	7	2	-1272.20372268	0.05429060
24	8	2	-1273.59368560	0.05429060
24	9	2	-1272.14632284	0.05429060
24	10	2	-1275.85635875	0.05429060
24	11	2	-1274.91711636	0.05429060
24	12	2	-1279.28767765	0.05429060
24	13	2	-1280.02813109	0.05429060
24	14	2	-1278.04188532	0.05429060
24	15	2	-1285.01988819	0.05429060
24	16	2	-1277.39832596	0.05429060
24	17	2	-1283.31940908	0.05429060
24	18	2	-1279.90795743	0.05429060
24	19	2	-1281.48406957	0.05429060
24	20	2	-1278.90325882	0.05429060
24	21	2	-1279.85572043	0.05429060
24	22	2	-1273.62868784	0.05429060
24	23	2	-1281.37898511	0.05429060
24	24	2	-1265.78535097	0.05429060
24	25	2	-1281.25076005	0.05429060
24	26	2	-1281.10027241	0.05429060
24	27	2	-1278.36105004	0.05429060
24	28	2	-1279.81925877	0.05429060
24	29	2	-1278.73870796	0.05429060
24	30	2	-1278.74001393	0.05429060
24	31	2	-1282.57340312	0.05429060
24	32	2	-1276.97581793	0.05429060
24	33	2	-1281.88467879	0.05429060
24	34	2	-1279.39559023	0.05429060
24	35	2	-1279.95910656	0.05429060
24	36	2	-1279.08740305	0.05429060
24	37	2	-1277.61144316	0.05429060
24	38	2	-1281.84841736	0.05429060
24	39	2	-1282.00924247	0.05429060
24	40	2	-1277.57247027	0.05429060
24	41	2	-1274.96247056	0.05429060
24	42	2	-1275.82241047	0.05429060
24	43	2	-1276.58029992	0.05429060
24	44	2	-1274.03409101	0.05429060
24	45	2	-1274.90918265	0.05429060
24	46	2	-1276.46159761	0.05429060
24	47	2	-1278.27025075	0.05429060
24	48	2	-1273.89496528	0.05429060
24	49	2	-1271.76297972	0.05429060
24	50	2	-1270.22504019	0.05429060
24	51	2	-1266.88442202	0.05429060
24	52	2	-1261.16801857	0.05429060
24	53	2	0.00000000	0.05429060
24	54	2	0.00000000	0.05429060
24	55	2	0.00000000	0.05429060
24	56	2	0.00000000	0.05429060
24	57	2	0.00000000	0.05429060
24	58	2	0.00000000	0.05429060
24	59	2	0.00000000	0.05429060
24	60	2	0.00000000	0.05429060
24	61	2	0.00000000	0.05429060
24	62	2	-1267.66004057	0.05429060
24	63	2	-1268.26175489	0.05429060
24	64	2	-1265.45597858	0.05429060
24	65	2	-1265.95585436	0.05429060
24	66	2	-1264.98475941	0.05429060
24	67	2	-1267.37619303	0.05429060
24	68	2	-1265.11001942	0.05429060
24	69	2	-1265.73985296	0.05429060
24	70	2	-1263.68420767	0.05429060
24	71	2	-1264.10482530	0.05429060
24	72	2	-1263.34584327	0.05429060
24	73	2	-1262.71743168	0.05429060
24	74	2	-1262.41370005	0.05429060
24	75	2	-1263.37160620	0.05429060
24	76	2	-1262.07459041	0.05429060
24	77	2	-1264.03020311	0.05429060
24	78	2	-1263.47616080	0.05429060
24	79	2	-1264.19716792	0.05429060
24	80	2	-1263.23137007	0.05429060
24	81	2	-1263.76372255	0.05429060
24	82	2	-1263.24049164	0.05429060
24	83	2	-1265.82477453	0.05429060
24	84	2	-1262.29844894	0.05429060
24	85	2	-1263.58096262	0.05429060
24	86	2	-1261.15690422	0.05429060
24	87	2	-1264.47751999	0.05429060
24	88	2	-1262.65606875	0.05429060
24	89	2	-1264.36411615	0.05429060
24	90	2	-1262.35701531	0.05429060
24	91	2	-1263.95638687	0.05429060
24	92	2	-1262.26292104	0.05429060
24	93	2	-1263.19365980	0.05429060
24	94	2	-1261.56280529	0.05429060
24	95	2	-1264.31867802	0.05429060
24	96	2	-1262.25028114	0.05429060
24	97	2	-1263.18816276	0.05429060
24	98	2	-1261.44003980	0.05429060
24	99	2	-1263.58432859	0.05429060
24	100	2	-1261.00290319	0.05429060
24	101	2	-1270.33217363	0.05429060
24	102	2	-1270.33217363	0.05429060
24	103	2	-1278.79541322	0.05429060
24	104	2	-1278.79541322	0.05429060
24	105	2	-1278.79541322	0.05429060
24	106	2	-1278.79541322	0.05429060
24	107	2	-1278.79541322	0.05429060
24	108	2	-1278.79541322	0.05429060
24	109	2	-1279.42651510	0.05429060
24	110	2	-1278.79541322	0.05429060
24	111	2	-1278.79541322	0.05429060
24	112	2	-1278.79541322	0.05429060
24	113	2	-1278.79541322	0.05429060
24	114	2	-1278.79541322	0.05429060
24	115	2	-1278.79541322	0.05429060
24	116	2	-1278.79541322	0.05429060
24	117	2	-1278.79541322	0.05429060
24	118	2	-1281.85710448	0.05429060
24	119	2	-1281.09676227	0.05429060
24	120	2	-1279.35806545	0.05429060
24	121	2	-1280.14120127	0.05429060
24	122	2	-1280.77831811	0.05429060
24	123	2	-1281.11545819	0.05429060
24	124	2	-1281.64894410	0.05429060
24	125	2	-1281.13265569	0.05429060
24	126	2	-1280.89622595	0.05429060
24	127	2	-1283.49932513	0.05429060
24	128	2	-1285.25634508	0.05429060
24	129	2	-1284.05335040	0.05429060
24	130	2	-1285.09643786	0.05429060
24	131	2	-1284.69200733	0.05429060
24	132	2	-1286.77595288	0.05429060
24	133	2	-1286.65404978	0.05429060
24	134	2	-1287.03310183	0.05429060
24	135	2	-1286.66685569	0.05429060
24	136	2	-1288.36051703	0.05429060
24	137	2	-1288.19895398	0.05429060
24	138	2	-1286.89623579	0.05429060
24	139	2	-1284.27303953	0.05429060
24	140	2	-1278.99051490	0.05429060
24	141	2	-1276.27387087	0.05429060
24	142	2	-1277.14220141	0.05429060
24	143	2	-1276.05134861	0.05429060
24	144	2	0.00000000	0.05429060
24	145	2	0.00000000	0.05429060
24	146	2	0.00000000	0.05429060
24	147	2	0.00000000	0.05429060
24	148	2	0.00000000	0.05429060
24	149	2	0.00000000	0.05429060
24	150	2	0.00000000	0.05429060
24	151	2	0.00000000	0.05429060
24	152	2	0.00000000	0.05429060
24	153	2	-1272.06468808	0.05429060
24	154	2	-1272.45588480	0.05429060
24	155	2	-1274.46156126	0.05429060
24	156	2	-1275.69906020	0.05429060
24	157	2	-1277.60638712	0.05429060
24	158	2	-1280.12508938	0.05429060
24	159	2	-1281.65590380	0.05429060
24	160	2	-1282.98220854	0.05429060
24	161	2	-1284.46178939	0.05429060
24	162	2	-1284.40744118	0.05429060
24	163	2	-1284.82910219	0.05429060
24	164	2	-1284.32710262	0.05429060
24	165	2	-1286.74604619	0.05429060
24	166	2	-1286.77348815	0.05429060
24	167	2	-1283.63346102	0.05429060
24	168	2	-1284.37870899	0.05429060
24	169	2	-1283.87187043	0.05429060
24	170	2	-1284.14538328	0.05429060
24	171	2	-1283.18156648	0.05429060
24	172	2	-1283.39140394	0.05429060
24	173	2	-1283.28129132	0.05429060
24	174	2	-1283.42121389	0.05429060
24	175	2	-1282.72439360	0.05429060
24	176	2	-1281.18405779	0.05429060
24	177	2	-1280.93625262	0.05429060
24	178	2	-1279.15732694	0.05429060
24	179	2	-1278.37466854	0.05429060
24	180	2	-1277.43544647	0.05429060
24	181	2	-1275.80319560	0.05429060
24	182	2	-1276.66674944	0.05429060
24	183	2	-1272.62713259	0.05429060
24	184	2	-1274.13758690	0.05429060
24	185	2	-1272.92445879	0.05429060
24	186	2	-1273.46493824	0.05429060
24	187	2	-1271.15200307	0.05429060
24	188	2	-1270.60798671	0.05429060
24	189	2	-1271.77944185	0.05429060
24	190	2	-1271.07879422	0.05429060
24	191	2	-1270.42254994	0.05429060
24	192	2	-1271.37696539	0.05429060
24	193	2	-1270.03057245	0.05429060
24	194	2	-1271.42008369	0.05429060
24	195	2	-1272.63105812	0.05429060
24	196	2	-1273.55470211	0.05429060
24	197	2	-1272.38133597	0.05429060
24	198	2	-1274.20389938	0.05429060
24	199	2	-1276.06429248	0.05429060
24	200	2	-1275.33999149	0.05429060
24	201	2	-1276.28753694	0.05429060
24	202	2	-1274.58228415	0.05429060
24	203	2	-1269.41805139	0.05429060
24	204	2	-1259.12470083	0.05429060
24	205	2	-1255.47458915	0.05429060
25	0	2	-1256.50729079	0.05459152
25	1	2	-1228.35861397	0.05459152
25	2	2	-1239.72652467	0.05459152
25	3	2	-1236.08879569	0.05459152
25	4	2	-1243.32985100	0.05459152
25	5	2	-1243.71097351	0.05459152
25	6	2	-1248.56327383	0.05459152
25	7	2	-1249.79829228	0.05459152
25	8	2	-1253.83939213	0.05459152
25	9	2	-1257.28615226	0.05459152
25	10	2	-1255.56739000	0.05459152
25	11	2	-1255.41839381	0.05459152
25	12	2	-1259.47247850	0.05459152
25	13	2	-1260.43875846	0.05459152
25	14	2	-1256.88119281	0.05459152
25	15	2	-1256.70101650	0.05459152
25	16	2	-1255.44381663	0.05459152
25	17	2	-1262.54988471	0.05459152
25	18	2	-1263.98317627	0.05459152
25	19	2	-1251.95776404	0.05459152
25	20	2	-1257.97203110	0.05459152
25	21	2	-1254.20674543	0.05459152
25	22	2	-1255.47165286	0.05459152
25	23	2	-1254.28783947	0.05459152
25	24	2	-1256.17460589	0.05459152
25	25	2	-1262.97146587	0.05459152
25	26	2	-1257.64271152	0.05459152
25	27	2	-1258.63196934	0.05459152
25	28	2	-1257.37255697	0.05459152
25	29	2	-1252.50275805	0.05459152
25	30	2	-1256.28082978	0.05459152
25	31	2	-1249.41531198	0.05459152
25	32	2	-1254.80072477	0.05459152
25	33	2	-1259.15319560	0.05459152
25	34	2	-1257.31846805	0.05459152
25	35	2	-1257.74288292	0.05459152
25	36	2	-1260.06385658	0.05459152
25	37	2	-1259.44970261	0.05459152
25	38	2	-1260.00126334	0.05459152
25	39	2	-1256.52535782	0.05459152
25	40	2	-1260.85928519	0.05459152
25	41	2	-1263.60968201	0.05459152
25	42	2	-1263.78455313	0.05459152
25	43	2	-1257.85507290	0.05459152
25	44	2	-1258.62083769	0.05459152
25	45	2	-1254.68459023	0.05459152
25	46	2	-1252.11061330	0.05459152
25	47	2	-1244.47307223	0.05459152
25	48	2	0.00000000	0.05459152
25	49	2	0.00000000	0.05459152
25	50	2	0.00000000	0.05459152
25	51	2	0.00000000	0.05459152
25	52	2	0.00000000	0.05459152
25	53	2	0.00000000	0.05459152
25	54	2	0.00000000	0.05459152
25	55	2	0.00000000	0.05459152
25	56	2	-1259.90526129	0.05459152
25	57	2	-1254.25053420	0.05459152
25	58	2	-1256.66935116	0.05459152
25	59	2	-1254.64221886	0.05459152
25	60	2	-1255.55050466	0.05459152
25	61	2	-1252.93981830	0.05459152
25	62	2	-1257.02178010	0.05459152
25	63	2	-1256.95515389	0.05459152
25	64	2	-1259.40114895	0.05459152
25	65	2	-1256.53405653	0.05459152
25	66	2	-1259.43688008	0.05459152
25	67	2	-1258.65797976	0.05459152
25	68	2	-1260.44875219	0.05459152
25	69	2	-1258.26570851	0.05459152
25	70	2	-1261.10341976	0.05459152
25	71	2	-1259.83621759	0.05459152
25	72	2	-1259.95857524	0.05459152
25	73	2	-1258.36190154	0.05459152
25	74	2	-1262.16832958	0.05459152
25	75	2	-1259.25803269	0.05459152
25	76	2	-1261.97379153	0.05459152
25	77	2	-1258.78906592	0.05459152
25	78	2	-1259.60649368	0.05459152
25	79	2	-1258.60196200	0.05459152
25	80	2	-1260.16791446	0.05459152
25	81	2	-1259.22664300	0.05459152
25	82	2	-1261.78605510	0.05459152
25	83	2	-1258.28357827	0.05459152
25	84	2	-1260.64548915	0.05459152
25	85	2	-1258.48658042	0.05459152
25	86	2	-1260.90517286	0.05459152
25	87	2	-1259.06934244	0.05459152
25	88	2	-1258.76693246	0.05459152
25	89	2	-1257.06350491	0.05459152
25	90	2	-1258.25857569	0.05459152
25	91	2	-1255.29213099	0.05459152
25	92	2	-1258.12793000	0.05459152
25	93	2	-1256.73052148	0.05459152
25	94	2	-1259.44319064	0.05459152
25	95	2	-1256.94377677	0.05459152
25	96	2	-1257.50744478	0.05459152
25	97	2	-1256.27483050	0.05459152
25	98	2	-1261.11664283	0.05459152
25	99	2	-1255.08812856	0.05459152
25	100	2	-1256.05005199	0.05459152
25	101	2	-1265.13504305	0.05459152
25	102	2	-1266.42588040	0.05459152
25	103	2	-1276.48095527	0.05459152
25	104	2	-1276.48095527	0.05459152
25	105	2	-1276.48095527	0.05459152
25	106	2	-1276.48095527	0.05459152
25	107	2	-1276.48095527	0.05459152
25	108	2	-1276.48095527	0.05459152
25	109	2	-1276.48095527	0.05459152
25	110	2	-1276.48095527	0.05459152
25	111	2	-1267.57360919	0.05459152
25	112	2	-1265.51285956	0.05459152
25	113	2	-1266.03214112	0.05459152
25	114	2	-1264.77587373	0.05459152
25	115	2	-1276.48095527	0.05459152
25	116	2	-1276.48095527	0.05459152
25	117	2	-1266.07494104	0.05459152
25	118	2	-1264.81352844	0.05459152
25	119	2	-1267.50120052	0.05459152
25	120	2	-1267.44978575	0.05459152
25	121	2	-1267.17153987	0.05459152
25	122	2	-1266.09242383	0.05459152
25	123	2	-1268.61873066	0.05459152
25	124	2	-1267.55108672	0.05459152
25	125	2	-1270.61241015	0.05459152
25	126	2	-1270.80635707	0.05459152
25	127	2	-1270.71307612	0.05459152
25	128	2	-1270.56783328	0.05459152
25	129	2	-1272.19650573	0.05459152
25	130	2	-1270.39545864	0.05459152
25	131	2	-1272.36445990	0.05459152
25	132	2	-1273.18325077	0.05459152
25	133	2	-1274.62272315	0.05459152
25	134	2	-1274.58754878	0.05459152
25	135	2	-1275.67287708	0.05459152
25	136	2	-1276.17730100	0.05459152
25	137	2	-1277.36109749	0.05459152
25	138	2	-1278.44993148	0.05459152
25	139	2	-1277.80365541	0.05459152
25	140	2	-1276.51903638	0.05459152
25	141	2	-1276.42370251	0.05459152
25	142	2	-1276.29084631	0.05459152
25	143	2	-1276.62871893	0.05459152
25	144	2	-1276.48147239	0.05459152
25	145	2	-1274.67512447	0.05459152
25	146	2	0.00000000	0.05459152
25	147	2	0.00000000	0.05459152
25	148	2	0.00000000	0.05459152
25	149	2	0.00000000	0.05459152
25	150	2	0.00000000	0.05459152
25	151	2	0.00000000	0.05459152
25	152	2	0.00000000	0.05459152
25	153	2	0.00000000	0.05459152
25	154	2	-1266.93542688	0.05459152
25	155	2	-1270.67177887	0.05459152
25	156	2	-1273.40284965	0.05459152
25	157	2	-1275.48474576	0.05459152
25	158	2	-1276.37700459	0.05459152
25	159	2	-1277.87888399	0.05459152
25	160	2	-1280.35339418	0.05459152
25	161	2	-1280.18013234	0.05459152
25	162	2	-1281.78080503	0.05459152
25	163	2	-1281.09674828	0.05459152
25	164	2	-1280.73714788	0.05459152
25	165	2	-1281.29055854	0.05459152
25	166	2	-1282.24281393	0.05459152
25	167	2	-1279.95247902	0.05459152
25	168	2	-1280.65625901	0.05459152
25	169	2	-1278.52485986	0.05459152
25	170	2	-1278.79779663	0.05459152
25	171	2	-1279.14949334	0.05459152
25	172	2	-1279.84380600	0.05459152
25	173	2	-1277.58148909	0.05459152
25	174	2	-1280.26380231	0.05459152
25	175	2	-1279.09042523	0.05459152
25	176	2	-1279.71762768	0.05459152
25	177	2	-1279.63511817	0.05459152
25	178	2	-1279.67332867	0.05459152
25	179	2	-1276.54549672	0.05459152
25	180	2	-1277.55869803	0.05459152
25	181	2	-1278.05594324	0.05459152
25	182	2	-1277.57548658	0.05459152
25	183	2	-1279.08548719	0.05459152
25	184	2	-1279.45195814	0.05459152
25	185	2	-1281.03478418	0.05459152
25	186	2	-1280.06070591	0.05459152
25	187	2	-1280.20264262	0.05459152
25	188	2	-1279.65522555	0.05459152
25	189	2	-1281.33899540	0.05459152
25	190	2	-1283.35527190	0.05459152
25	191	2	-1282.26404708	0.05459152
25	192	2	-1284.22064799	0.05459152
25	193	2	-1284.57696077	0.05459152
25	194	2	-1285.95695464	0.05459152
25	195	2	-1286.62325633	0.05459152
25	196	2	-1287.07128932	0.05459152
25	197	2	-1288.90489309	0.05459152
25	198	2	-1286.89216366	0.05459152
25	199	2	-1286.91248369	0.05459152
25	200	2	-1283.48835159	0.05459152
25	201	2	-1282.50673810	0.05459152
26	0	2	-1222.73081774	0.05435059
26	1	2	-1191.67281621	0.05435059
26	2	2	-1193.71203626	0.05435059
26	3	2	-1195.48063856	0.05435059
26	4	2	-1191.88939975	0.05435059
26	5	2	-1203.36597165	0.05435059
26	6	2	-1196.27629954	0.05435059
26	7	2	-1204.14068398	0.05435059
26	8	2	-1205.81130833	0.05435059
26	9	2	-1209.28129171	0.05435059
26	10	2	-1206.50190733	0.05435059
26	11	2	-1208.96428805	0.05435059
26	12	2	-1203.93957696	0.05435059
26	13	2	-1229.81887935	0.05435059
26	14	2	-1203.95265212	0.05435059
26	15	2	-1209.94077693	0.05435059
26	16	2	-1208.08412512	0.05435059
26	17	2	-1211.94302194	0.05435059
26	18	2	-1210.49369815	0.05435059
26	19	2	-1205.04038533	0.05435059
26	20	2	-1208.42664153	0.05435059
26	21	2	-1206.70627454	0.05435059
26	22	2	-1209.49051429	0.05435059
26	23	2	-1211.31674414	0.05435059
26	24	2	-1207.07814224	0.05435059
26	25	2	-1212.05597911	0.05435059
26	26	2	-1204.99628612	0.05435059
26	27	2	-1205.26852563	0.05435059
26	28	2	-1216.77347942	0.05435059
26	29	2	-1212.11959684	0.05435059
26	30	2	-1215.34844484	0.05435059
26	31	2	-1216.52685341	0.05435059
26	32	2	-1217.71796411	0.05435059
26	33	2	-1219.56252824	0.05435059
26	34	2	-1216.24119137	0.05435059
26	35	2	-1216.12751323	0.05435059
26	36	2	-1223.55782207	0.05435059
26	37	2	-1220.83406007	0.05435059
26	38	2	-1223.28850893	0.05435059
26	39	2	-1224.87393901	0.05435059
26	40	2	-1222.27104976	0.05435059
26	41	2	-1218.82201559	0.05435059
26	42	2	-1208.03907837	0.05435059
26	43	2	0.00000000	0.05435059
26	44	2	0.00000000	0.05435059
26	45	2	0.00000000	0.05435059
26	46	2	0.00000000	0.05435059
26	47	2	0.00000000	0.05435059
26	48	2	0.00000000	0.05435059
26	49	2	0.00000000	0.05435059
26	50	2	0.00000000	0.05435059
26	51	2	-1232.99405667	0.05435059
26	52	2	-1236.39456114	0.05435059
26	53	2	-1238.61462949	0.05435059
26	54	2	-1237.83639493	0.05435059
26	55	2	-1238.47528979	0.05435059
26	56	2	-1237.06367433	0.05435059
26	57	2	-1239.40881018	0.05435059
26	58	2	-1237.20940445	0.05435059
26	59	2	-1235.82693203	0.05435059
26	60	2	-1235.96562982	0.05435059
26	61	2	-1235.00790412	0.05435059
26	62	2	-1235.44373466	0.05435059
26	63	2	-1234.92400855	0.05435059
26	64	2	-1235.49578622	0.05435059
26	65	2	-1234.01816020	0.05435059
26	66	2	-1234.37564556	0.05435059
26	67	2	-1233.24592083	0.05435059
26	68	2	-1231.65706982	0.05435059
26	69	2	-1231.80453150	0.05435059
26	70	2	-1230.45582740	0.05435059
26	71	2	-1231.12512007	0.05435059
26	72	2	-1230.97357942	0.05435059
26	73	2	-1231.97899886	0.05435059
26	74	2	-1233.04348823	0.05435059
26	75	2	-1231.50019905	0.05435059
26	76	2	-1233.50141146	0.05435059
26	77	2	-1231.94983844	0.05435059
26	78	2	-1231.61941586	0.05435059
26	79	2	-1225.08731488	0.05435059
26	80	2	-1228.68019954	0.05435059
26	81	2	-1232.07196076	0.05435059
26	82	2	-1231.99704180	0.05435059
26	83	2	-1232.32903885	0.05435059
26	84	2	-1231.61427326	0.05435059
26	85	2	-1231.74808631	0.05435059
26	86	2	-1232.56954026	0.05435059
26	87	2	-1233.65147756	0.05435059
26	88	2	-1233.56056710	0.05435059
26	89	2	-1232.88074378	0.05435059
26	90	2	-1234.53368641	0.05435059
26	91	2	-1234.00122294	0.05435059
26	92	2	-1235.24612786	0.05435059
26	93	2	-1232.49234189	0.05435059
26	94	2	-1234.41478597	0.05435059
26	95	2	-1233.72201191	0.05435059
26	96	2	-1236.83171714	0.05435059
26	97	2	-1231.70406441	0.05435059
26	98	2	-1236.97446035	0.05435059
26	99	2	-1222.73081774	0.05435059
26	100	2	-1236.64143850	0.05435059
26	101	2	-1236.64143850	0.05435059
26	102	2	-1236.64143850	0.05435059
26	103	2	-1236.64143850	0.05435059
26	104	2	-1236.64143850	0.05435059
26	105	2	-1236.64143850	0.05435059
26	106	2	-1236.64143850	0.05435059
26	107	2	-1236.64143850	0.05435059
26	108	2	-1236.64143850	0.05435059
26	109	2	-1236.64143850	0.05435059
26	110	2	-1236.64143850	0.05435059
26	111	2	-1236.64143850	0.05435059
26	112	2	-1236.64143850	0.05435059
26	113	2	-1240.82968466	0.05435059
26	114	2	-1241.22590697	0.05435059
26	115	2	-1239.77678754	0.05435059
26	116	2	-1238.66210663	0.05435059
26	117	2	-1237.95038079	0.05435059
26	118	2	-1238.00073575	0.05435059
26	119	2	-1237.43863189	0.05435059
26	120	2	-1237.60778672	0.05435059
26	121	2	-1235.99420284	0.05435059
26	122	2	-1235.49780728	0.05435059
26	123	2	-1235.04658176	0.05435059
26	124	2	-1236.75897729	0.05435059
26	125	2	-1235.47783769	0.05435059
26	126	2	-1233.70039165	0.05435059
26	127	2	-1230.78685854	0.05435059
26	128	2	-1230.84254431	0.05435059
26	129	2	-1231.37622134	0.05435059
26	130	2	-1233.06991427	0.05435059
26	131	2	-1234.25719072	0.05435059
26	132	2	-1235.63824231	0.05435059
26	133	2	-1235.49620088	0.05435059
26	134	2	-1238.06203479	0.05435059
26	135	2	-1240.18139249	0.05435059
26	136	2	-1240.17206137	0.05435059
26	137	2	-1242.20667739	0.05435059
26	138	2	-1243.31068076	0.05435059
26	139	2	-1243.47633724	0.05435059
26	140	2	-1246.06202439	0.05435059
26	141	2	-1248.16576978	0.05435059
26	142	2	-1246.35879670	0.05435059
26	143	2	-1246.61142716	0.05435059
26	144	2	-1244.99587477	0.05435059
26	145	2	-1244.31076806	0.05435059
26	146	2	-1242.45839814	0.05435059
26	147	2	-1242.18820820	0.05435059
26	148	2	-1240.79578384	0.05435059
26	149	2	0.00000000	0.05435059
26	150	2	0.00000000	0.05435059
26	151	2	0.00000000	0.05435059
26	152	2	0.00000000	0.05435059
26	153	2	0.00000000	0.05435059
26	154	2	0.00000000	0.05435059
26	155	2	0.00000000	0.05435059
26	156	2	0.00000000	0.05435059
26	157	2	-1223.95587192	0.05435059
26	158	2	-1229.44603811	0.05435059
26	159	2	-1231.48195184	0.05435059
26	160	2	-1231.16692480	0.05435059
26	161	2	-1232.28739447	0.05435059
26	162	2	-1232.90416735	0.05435059
26	163	2	-1232.82779217	0.05435059
26	164	2	-1231.41196421	0.05435059
26	165	2	-1230.25190350	0.05435059
26	166	2	-1231.35777622	0.05435059
26	167	2	-1229.52378526	0.05435059
26	168	2	-1231.07235941	0.05435059
26	169	2	-1229.79318796	0.05435059
26	170	2	-1229.61791061	0.05435059
26	171	2	-1229.48472109	0.05435059
26	172	2	-1226.43341503	0.05435059
26	173	2	-1227.83268393	0.05435059
26	174	2	-1226.41883751	0.05435059
26	175	2	-1227.74101552	0.05435059
26	176	2	-1228.09805213	0.05435059
26	177	2	-1229.04661510	0.05435059
26	178	2	-1229.91822139	0.05435059
26	179	2	-1230.77175363	0.05435059
26	180	2	-1230.94164276	0.05435059
26	181	2	-1228.71622418	0.05435059
26	182	2	-1230.60540976	0.05435059
26	183	2	-1231.41026761	0.05435059
26	184	2	-1233.38262141	0.05435059
26	185	2	-1232.03036134	0.05435059
26	186	2	-1234.37511500	0.05435059
26	187	2	-1236.34283043	0.05435059
26	188	2	-1238.32849655	0.05435059
26	189	2	-1240.11238692	0.05435059
26	190	2	-1243.22819584	0.05435059
26	191	2	-1245.34107314	0.05435059
26	192	2	-1245.70371467	0.05435059
26	193	2	-1246.50348849	0.05435059
26	194	2	-1249.20743282	0.05435059
26	195	2	-1248.65205986	0.05435059
26	196	2	-1248.50891345	0.05435059
26	197	2	-1251.59717447	0.05435059
26	198	2	-1247.72074610	0.05435059
26	199	2	-1244.32991653	0.05435059
27	0	2	-1135.71275815	0.05446114
27	1	2	-1147.95384625	0.05446114
27	2	2	-1145.71955345	0.05446114
27	3	2	-1155.48794896	0.05446114
27	4	2	-1150.08576576	0.05446114
27	5	2	-1159.89722309	0.05446114
27	6	2	-1143.53192243	0.05446114
27	7	2	-1216.13932635	0.05446114
27	8	2	-1164.71624686	0.05446114
27	9	2	-1154.05191271	0.05446114
27	10	2	-1202.56320453	0.05446114
27	11	2	-1159.66135617	0.05446114
27	12	2	-1158.65600280	0.05446114
27	13	2	-1157.19197684	0.05446114
27	14	2	-1172.30926673	0.05446114
27	15	2	-1202.56320453	0.05446114
27	16	2	-1202.56320453	0.05446114
27	17	2	-1168.10969564	0.05446114
27	18	2	-1164.40131271	0.05446114
27	19	2	-1162.58830302	0.05446114
27	20	2	-1164.44174845	0.05446114
27	21	2	-1164.73660028	0.05446114
27	22	2	-1202.56320453	0.05446114
27	23	2	-1168.79721751	0.05446114
27	24	2	-1163.66835736	0.05446114
27	25	2	-1175.79752801	0.05446114
27	26	2	-1176.61261576	0.05446114
27	27	2	-1180.40060081	0.05446114
27	28	2	-1177.49488341	0.05446114
27	29	2	-1183.37709908	0.05446114
27	30	2	-1197.88782247	0.05446114
27	31	2	-1181.21163592	0.05446114
27	32	2	-1183.41798076	0.05446114
27	33	2	-1188.15212480	0.05446114
27	34	2	-1190.21818784	0.05446114
27	35	2	-1190.08090771	0.05446114
27	36	2	-1173.98380084	0.05446114
27	37	2	0.00000000	0.05446114
27	38	2	0.00000000	0.05446114
27	39	2	0.00000000	0.05446114
27	40	2	0.00000000	0.05446114
27	41	2	0.00000000	0.05446114
27	42	2	0.00000000	0.05446114
27	43	2	0.00000000	0.05446114
27	44	2	0.00000000	0.05446114
27	45	2	0.00000000	0.05446114
27	46	2	-1215.28463520	0.05446114
27	47	2	-1217.91305718	0.05446114
27	48	2	-1219.78771553	0.05446114
27	49	2	-1220.94792492	0.05446114
27	50	2	-1221.13419988	0.05446114
27	51	2	-1222.58237226	0.05446114
27	52	2	-1222.30888104	0.05446114
27	53	2	-1224.22757705	0.05446114
27	54	2	-1225.48906174	0.05446114
27	55	2	-1225.30950862	0.05446114
27	56	2	-1224.52177851	0.05446114
27	57	2	-1224.79391824	0.05446114
27	58	2	-1225.12651337	0.05446114
27	59	2	-1225.69473088	0.05446114
27	60	2	-1226.98312982	0.05446114
27	61	2	-1227.83372739	0.05446114
27	62	2	-1227.98962357	0.05446114
27	63	2	-1227.82620881	0.05446114
27	64	2	-1226.49045391	0.05446114
27	65	2	-1224.72838077	0.05446114
27	66	2	-1226.35082669	0.05446114
27	67	2	-1226.33735260	0.05446114
27	68	2	-1226.65123139	0.05446114
27	69	2	-1226.03990889	0.05446114
27	70	2	-1223.80524172	0.05446114
27	71	2	-1225.56349989	0.05446114
27	72	2	-1224.52751524	0.05446114
27	73	2	-1224.38414454	0.05446114
27	74	2	-1222.43392691	0.05446114
27	75	2	-1223.08288380	0.05446114
27	76	2	-1222.33763078	0.05446114
27	77	2	-1223.19820036	0.05446114
27	78	2	-1221.47163778	0.05446114
27	79	2	-1222.08941512	0.05446114
27	80	2	-1220.98495751	0.05446114
27	81	2	-1222.65077780	0.05446114
27	82	2	-1221.71585464	0.05446114
27	83	2	-1222.35724844	0.05446114
27	84	2	-1219.40286553	0.05446114
27	85	2	-1220.65456760	0.05446114
27	86	2	-1220.37489920	0.05446114
27	87	2	-1223.83585918	0.05446114
27	88	2	-1222.61804499	0.05446114
27	89	2	-1223.89634907	0.05446114
27	90	2	-1223.92659212	0.05446114
27	91	2	-1226.32044500	0.05446114
27	92	2	-1225.53465883	0.05446114
27	93	2	-1226.73146941	0.05446114
27	94	2	-1225.90570599	0.05446114
27	95	2	-1227.99001560	0.05446114
27	96	2	-1222.93618562	0.05446114
27	97	2	-1228.29554553	0.05446114
27	98	2	-1240.56545849	0.05446114
27	99	2	-1222.34168828	0.05446114
27	100	2	-1222.34168828	0.05446114
27	101	2	-1222.34168828	0.05446114
27	102	2	-1222.34168828	0.05446114
27	103	2	-1222.34168828	0.05446114
27	104	2	-1222.34168828	0.05446114
27	105	2	-1222.34168828	0.05446114
27	106	2	-1222.34168828	0.05446114
27	107	2	-1224.54311181	0.05446114
27	108	2	-1222.34168828	0.05446114
27	109	2	-1222.34168828	0.05446114
27	110	2	-1222.34168828	0.05446114
27	111	2	-1222.34168828	0.05446114
27	112	2	-1222.34168828	0.05446114
27	113	2	-1230.89296000	0.05446114
27	114	2	-1232.87101436	0.05446114
27	115	2	-1229.86566946	0.05446114
27	116	2	-1232.80079252	0.05446114
27	117	2	-1234.09520469	0.05446114
27	118	2	-1231.79959758	0.05446114
27	119	2	-1231.62632314	0.05446114
27	120	2	-1233.75825847	0.05446114
27	121	2	-1231.27814971	0.05446114
27	122	2	-1232.54708764	0.05446114
27	123	2	-1231.84882637	0.05446114
27	124	2	-1233.02682914	0.05446114
27	125	2	-1231.34515103	0.05446114
27	126	2	-1230.83213624	0.05446114
27	127	2	-1228.32663291	0.05446114
27	128	2	-1228.23324276	0.05446114
27	129	2	-1226.57436218	0.05446114
27	130	2	-1227.08553531	0.05446114
27	131	2	-1226.41972085	0.05446114
27	132	2	-1228.69342235	0.05446114
27	133	2	-1228.38644113	0.05446114
27	134	2	-1231.80057181	0.05446114
27	135	2	-1229.36525127	0.05446114
27	136	2	-1231.58013311	0.05446114
27	137	2	-1232.72400515	0.05446114
27	138	2	-1234.21190091	0.05446114
27	139	2	-1232.46911612	0.05446114
27	140	2	-1234.32705035	0.05446114
27	141	2	-1233.26023587	0.05446114
27	142	2	-1236.31319507	0.05446114
27	143	2	-1234.70900818	0.05446114
27	144	2	-1234.12562034	0.05446114
27	145	2	-1232.19920967	0.05446114
27	146	2	-1232.49806988	0.05446114
27	147	2	-1230.76529656	0.05446114
27	148	2	-1231.65407986	0.05446114
27	149	2	-1227.66329225	0.05446114
27	150	2	0.00000000	0.05446114
27	151	2	0.00000000	0.05446114
27	152	2	0.00000000	0.05446114
27	153	2	0.00000000	0.05446114
27	154	2	0.00000000	0.05446114
27	155	2	0.00000000	0.05446114
27	156	2	0.00000000	0.05446114
27	157	2	0.00000000	0.05446114
27	158	2	0.00000000	0.05446114
27	159	2	-1198.02988956	0.05446114
27	160	2	-1206.39316293	0.05446114
27	161	2	-1203.37141190	0.05446114
27	162	2	-1205.59414845	0.05446114
27	163	2	-1204.62092512	0.05446114
27	164	2	-1202.67214879	0.05446114
27	165	2	-1201.07933306	0.05446114
27	166	2	-1200.33490631	0.05446114
27	167	2	-1196.44900668	0.05446114
27	168	2	-1197.71344269	0.05446114
27	169	2	-1198.23484901	0.05446114
27	170	2	-1193.65685672	0.05446114
27	171	2	-1190.87866911	0.05446114
27	172	2	-1190.20499228	0.05446114
27	173	2	-1191.34261999	0.05446114
27	174	2	-1194.00857314	0.05446114
27	175	2	-1194.51407202	0.05446114
27	176	2	-1196.85953344	0.05446114
27	177	2	-1201.49705191	0.05446114
27	178	2	-1205.07476640	0.05446114
27	179	2	-1206.92732108	0.05446114
27	180	2	-1211.87292522	0.05446114
27	181	2	-1213.95173548	0.05446114
27	182	2	-1217.55415567	0.05446114
27	183	2	-1221.81769889	0.05446114
27	184	2	-1224.50902629	0.05446114
27	185	2	-1226.22141614	0.05446114
27	186	2	-1229.06978969	0.05446114
27	187	2	-1230.54943744	0.05446114
27	188	2	-1233.70079710	0.05446114
27	189	2	-1237.04424799	0.05446114
27	190	2	-1238.86820406	0.05446114
27	191	2	-1240.71493121	0.05446114
27	192	2	-1242.89267914	0.05446114
27	193	2	-1243.57746710	0.05446114
27	194	2	-1242.21390190	0.05446114
27	195	2	-1236.87025112	0.05446114
28	0	2	-1239.18961382	0.05453995
28	1	2	-1239.18961382	0.05453995
28	2	2	-1239.18961382	0.05453995
28	3	2	-1162.18185494	0.05453995
28	4	2	-1239.18961382	0.05453995
28	5	2	-1179.96852851	0.05453995
28	6	2	-1239.18961382	0.05453995
28	7	2	-1239.18961382	0.05453995
28	8	2	-1169.80982251	0.05453995
28	9	2	-1239.18961382	0.05453995
28	10	2	-1239.18961382	0.05453995
28	11	2	-1239.18961382	0.05453995
28	12	2	-1157.54955628	0.05453995
28	13	2	-1191.04664471	0.05453995
28	14	2	-1174.80002877	0.05453995
28	15	2	-1176.52799441	0.05453995
28	16	2	-1170.56407915	0.05453995
28	17	2	-1239.18961382	0.05453995
28	18	2	-1239.18961382	0.05453995
28	19	2	-1176.69807433	0.05453995
28	20	2	-1193.01228096	0.05453995
28	21	2	-1196.04145600	0.05453995
28	22	2	-1191.60240116	0.05453995
28	23	2	-1239.18961382	0.05453995
28	24	2	0.00000000	0.05453995
28	25	2	0.00000000	0.05453995
28	26	2	0.00000000	0.05453995
28	27	2	0.00000000	0.05453995
28	28	2	0.00000000	0.05453995
28	29	2	0.00000000	0.05453995
28	30	2	0.00000000	0.05453995
28	31	2	0.00000000	0.05453995
28	32	2	0.00000000	0.05453995
28	33	2	-1221.26327002	0.05453995
28	34	2	-1230.80505106	0.05453995
28	35	2	-1232.41788144	0.05453995
28	36	2	-1233.42275733	0.05453995
28	37	2	-1235.93819444	0.05453995
28	38	2	-1237.91458635	0.05453995
28	39	2	-1241.31714999	0.05453995
28	40	2	-1244.29305096	0.05453995
28	41	2	-1246.40614745	0.05453995
28	42	2	-1247.98553617	0.05453995
28	43	2	-1250.68237682	0.05453995
28	44	2	-1253.84420824	0.05453995
28	45	2	-1256.52969337	0.05453995
28	46	2	-1258.15516785	0.05453995
28	47	2	-1258.48075478	0.05453995
28	48	2	-1261.07346476	0.05453995
28	49	2	-1260.57115184	0.05453995
28	50	2	-1260.33696645	0.05453995
28	51	2	-1262.49587739	0.05453995
28	52	2	-1261.27761992	0.05453995
28	53	2	-1260.69132944	0.05453995
28	54	2	-1259.09605572	0.05453995
28	55	2	-1259.88020279	0.05453995
28	56	2	-1258.94390929	0.05453995
28	57	2	-1259.23047677	0.05453995
28	58	2	-1258.63108813	0.05453995
28	59	2	-1257.48517464	0.05453995
28	60	2	-1256.58661873	0.05453995
28	61	2	-1254.95761399	0.05453995
28	62	2	-1254.46046237	0.05453995
28	63	2	-1254.60073787	0.05453995
28	64	2	-1254.13882563	0.05453995
28	65	2	-1256.32355862	0.05453995
28	66	2	-1255.02020354	0.05453995
28	67	2	-1254.98427013	0.05453995
28	68	2	-1252.50822992	0.05453995
28	69	2	-1254.14434536	0.05453995
28	70	2	-1251.33353364	0.05453995
28	71	2	-1251.89484076	0.05453995
28	72	2	-1251.46186005	0.05453995
28	73	2	-1252.87706240	0.05453995
28	74	2	-1250.88639183	0.05453995
28	75	2	-1254.53202208	0.05453995
28	76	2	-1251.58156283	0.05453995
28	77	2	-1254.20481698	0.05453995
28	78	2	-1251.67938635	0.05453995
28	79	2	-1255.19245419	0.05453995
28	80	2	-1252.09041489	0.05453995
28	81	2	-1255.40263826	0.05453995
28	82	2	-1252.04984484	0.05453995
28	83	2	-1255.49541667	0.05453995
28	84	2	-1251.37465130	0.05453995
28	85	2	-1255.63462934	0.05453995
28	86	2	-1252.10725268	0.05453995
28	87	2	-1262.50894626	0.05453995
28	88	2	-1245.88928275	0.05453995
28	89	2	-1261.53579511	0.05453995
28	90	2	-1271.81359264	0.05453995
28	91	2	-1259.08221821	0.05453995
28	92	2	-1268.86142519	0.05453995
28	93	2	-1260.00110492	0.05453995
28	94	2	-1266.83446218	0.05453995
28	95	2	-1244.13947611	0.05453995
28	96	2	-1244.13947611	0.05453995
28	97	2	-1244.13947611	0.05453995
28	98	2	-1244.13947611	0.05453995
28	99	2	-1257.10514857	0.05453995
28	100	2	-1266.54509386	0.05453995
28	101	2	-1262.29960383	0.05453995
28	102	2	-1265.96252461	0.05453995
28	103	2	-1264.05072422	0.05453995
28	104	2	-1266.83756267	0.05453995
28	105	2	-1263.06839417	0.05453995
28	106	2	-1265.01544003	0.05453995
28	107	2	-1262.50210961	0.05453995
28	108	2	-1265.12807994	0.05453995
28	109	2	-1260.77308801	0.05453995
28	110	2	-1264.13146142	0.05453995
28	111	2	-1262.00274835	0.05453995
28	112	2	-1267.49183897	0.05453995
28	113	2	-1264.22910063	0.05453995
28	114	2	-1268.86738230	0.05453995
28	115	2	-1264.88165165	0.05453995
28	116	2	-1267.10665962	0.05453995
28	117	2	-1264.68689697	0.05453995
28	118	2	-1266.87377389	0.05453995
28	119	2	-1264.68522026	0.05453995
28	120	2	-1267.83575905	0.05453995
28	121	2	-1264.46638775	0.05453995
28	122	2	-1264.53480309	0.05453995
28	123	2	-1262.09156110	0.05453995
28	124	2	-1264.33072174	0.05453995
28	125	2	-1261.73713560	0.05453995
28	126	2	-1264.29917553	0.05453995
28	127	2	-1261.29791358	0.05453995
28	128	2	-1266.26742691	0.05453995
28	129	2	-1262.39844725	0.05453995
28	130	2	-1261.28286244	0.05453995
28	131	2	-1258.64324909	0.05453995
28	132	2	-1259.23861711	0.05453995
28	133	2	-1256.31020502	0.05453995
28	134	2	-1255.98000771	0.05453995
28	135	2	-1254.26656633	0.05453995
28	136	2	-1255.91269541	0.05453995
28	137	2	-1255.97664432	0.05453995
28	138	2	-1252.11853063	0.05453995
28	139	2	-1247.08366142	0.05453995
28	140	2	-1246.62386039	0.05453995
28	141	2	-1243.45289642	0.05453995
28	142	2	-1247.11799753	0.05453995
28	143	2	-1241.63699438	0.05453995
28	144	2	-1239.66981083	0.05453995
28	145	2	0.00000000	0.05453995
28	146	2	0.00000000	0.05453995
28	147	2	0.00000000	0.05453995
28	148	2	0.00000000	0.05453995
28	149	2	0.00000000	0.05453995
28	150	2	0.00000000	0.05453995
28	151	2	0.00000000	0.05453995
28	152	2	0.00000000	0.05453995
28	153	2	0.00000000	0.05453995
28	154	2	-1208.32806866	0.05453995
28	155	2	-1210.53315779	0.05453995
28	156	2	-1205.94431240	0.05453995
28	157	2	-1205.95530726	0.05453995
28	158	2	-1204.19665942	0.05453995
28	159	2	-1205.00591718	0.05453995
28	160	2	-1202.02361605	0.05453995
28	161	2	-1202.89687492	0.05453995
28	162	2	-1199.27118875	0.05453995
28	163	2	-1201.09541329	0.05453995
28	164	2	-1199.12862309	0.05453995
28	165	2	-1199.64910959	0.05453995
28	166	2	-1197.49095016	0.05453995
28	167	2	-1201.54933189	0.05453995
28	168	2	-1209.01821339	0.05453995
28	169	2	-1204.28363233	0.05453995
28	170	2	-1210.38329063	0.05453995
28	171	2	-1206.99185774	0.05453995
28	172	2	-1214.62336665	0.05453995
28	173	2	-1210.52772311	0.05453995
28	174	2	-1219.50815834	0.05453995
28	175	2	-1225.12055756	0.05453995
28	176	2	-1227.41247536	0.05453995
28	177	2	-1226.71534636	0.05453995
29	0	2	0.00000000	0.05455884
29	1	2	0.00000000	0.05455884
29	2	2	0.00000000	0.05455884
29	3	2	0.00000000	0.05455884
29	4	2	0.00000000	0.05455884
29	5	2	-1250.19842105	0.05455884
29	6	2	-1193.46403108	0.05455884
29	7	2	-1196.02096440	0.05455884
29	8	2	-1186.67028315	0.05455884
29	9	2	-1197.33427695	0.05455884
29	10	2	-1201.13178909	0.05455884
29	11	2	-1206.58803976	0.05455884
29	12	2	-1210.35619465	0.05455884
29	13	2	-1219.74567061	0.05455884
29	14	2	-1222.40991247	0.05455884
29	15	2	-1237.23449491	0.05455884
29	16	2	-1237.85392796	0.05455884
29	17	2	-1239.98312380	0.05455884
29	18	2	-1247.23865338	0.05455884
29	19	2	-1251.09475409	0.05455884
29	20	2	-1252.89260629	0.05455884
29	21	2	-1249.87820366	0.05455884
29	22	2	-1254.58245038	0.05455884
29	23	2	-1256.75534682	0.05455884
29	24	2	-1257.14241483	0.05455884
29	25	2	-1261.55218990	0.05455884
29	26	2	-1261.27057591	0.05455884
29	27	2	-1262.39238419	0.05455884
29	28	2	-1261.47020126	0.05455884
29	29	2	-1261.60752826	0.05455884
29	30	2	-1261.14901506	0.05455884
29	31	2	-1261.69638497	0.05455884
29	32	2	-1259.75696012	0.05455884
29	33	2	-1260.98941483	0.05455884
29	34	2	-1261.64164959	0.05455884
29	35	2	-1259.46794701	0.05455884
29	36	2	-1258.17564136	0.05455884
29	37	2	-1259.32899533	0.05455884
29	38	2	-1259.23311887	0.05455884
29	39	2	-1260.61181107	0.05455884
29	40	2	-1259.13365608	0.05455884
29	41	2	-1260.13112762	0.05455884
29	42	2	-1259.60430366	0.05455884
29	43	2	-1259.58414917	0.05455884
29	44	2	-1258.67933355	0.05455884
29	45	2	-1260.18273862	0.05455884
29	46	2	-1259.71996787	0.05455884
29	47	2	-1260.87357163	0.05455884
29	48	2	-1259.76766744	0.05455884
29	49	2	-1260.83021182	0.05455884
29	50	2	-1262.68250048	0.05455884
29	51	2	-1262.01652472	0.05455884
29	52	2	-1261.03138454	0.05455884
29	53	2	-1262.11822751	0.05455884
29	54	2	-1261.57829862	0.05455884
29	55	2	-1261.75987392	0.05455884
29	56	2	-1261.48245101	0.05455884
29	57	2	-1263.37519773	0.05455884
29	58	2	-1264.42673793	0.05455884
29	59	2	-1263.33609685	0.05455884
29	60	2	-1262.11751552	0.05455884
29	61	2	-1262.20300395	0.05455884
29	62	2	-1261.21377533	0.05455884
29	63	2	-1264.76844031	0.05455884
29	64	2	-1260.36913018	0.05455884
29	65	2	-1269.37820855	0.05455884
29	66	2	-1257.62160287	0.05455884
29	67	2	-1267.42111026	0.05455884
29	68	2	-1256.28413719	0.05455884
29	69	2	-1249.79582068	0.05455884
29	70	2	-1249.79582068	0.05455884
29	71	2	-1249.79582068	0.05455884
29	72	2	-1249.79582068	0.05455884
29	73	2	-1249.79582068	0.05455884
29	74	2	-1250.65630422	0.05455884
29	75	2	-1249.79582068	0.05455884
29	76	2	-1257.47260382	0.05455884
29	77	2	-1260.76703664	0.05455884
29	78	2	-1257.77758713	0.05455884
29	79	2	-1260.86253599	0.05455884
29	80	2	-1259.21699321	0.05455884
29	81	2	-1259.83111735	0.05455884
29	82	2	-1258.87752933	0.05455884
29	83	2	-1260.14390462	0.05455884
29	84	2	-1259.42072279	0.05455884
29	85	2	-1260.93333460	0.05455884
29	86	2	-1261.39048855	0.05455884
29	87	2	-1260.54353029	0.05455884
29	88	2	-1261.61649822	0.05455884
29	89	2	-1260.94119969	0.05455884
29	90	2	-1259.61806051	0.05455884
29	91	2	-1262.18412445	0.05455884
29	92	2	-1263.45271442	0.05455884
29	93	2	-1262.56399917	0.05455884
29	94	2	-1262.42751230	0.05455884
29	95	2	-1262.40443791	0.05455884
29	96	2	-1263.52480463	0.05455884
29	97	2	-1263.85068854	0.05455884
29	98	2	-1262.03970677	0.05455884
29	99	2	-1263.71563159	0.05455884
29	100	2	-1264.88030363	0.05455884
29	101	2	-1263.42819046	0.05455884
29	102	2	-1262.14198783	0.05455884
29	103	2	-1263.40790049	0.05455884
29	104	2	-1262.75930812	0.05455884
29	105	2	-1261.88687198	0.05455884
29	106	2	-1259.47469885	0.05455884
29	107	2	-1257.91475240	0.05455884
29	108	2	-1255.46634885	0.05455884
29	109	2	-1254.58628469	0.05455884
29	110	2	-1246.89493657	0.05455884
29	111	2	-1242.86740089	0.05455884
29	112	2	-1239.30430756	0.05455884
29	113	2	-1237.87026486	0.05455884
29	114	2	-1233.72345199	0.05455884
29	115	2	-1228.84104381	0.05455884
29	116	2	-1221.01510886	0.05455884
29	117	2	-1216.86924096	0.05455884
29	118	2	-1219.36869107	0.05455884
29	119	2	-1213.28122591	0.05455884
29	120	2	-1205.88695193	0.05455884
29	121	2	-1207.15170312	0.05455884
29	122	2	-1203.45251239	0.05455884
29	123	2	-1197.22626549	0.05455884
29	124	2	-1202.33643831	0.05455884
29	125	2	0.00000000	0.05455884
29	126	2	0.00000000	0.05455884
29	127	2	0.00000000	0.05455884
29	128	2	0.00000000	0.05455884
29	129	2	0.00000000	0.05455884
30	0	2	-1200.04381973	0.05446943
30	1	2	-1203.09734076	0.05446943
30	2	2	-1161.18727984	0.05446943
30	3	2	-1148.28460346	0.05446943
30	4	2	-1163.01715337	0.05446943
30	5	2	-1163.97181003	0.05446943
30	6	2	-1171.24330413	0.05446943
30	7	2	-1175.54281991	0.05446943
30	8	2	-1179.52735225	0.05446943
30	9	2	-1182.82276000	0.05446943
30	10	2	-1190.28550368	0.05446943
30	11	2	-1194.53718958	0.05446943
30	12	2	-1201.62994410	0.05446943
30	13	2	-1201.16175960	0.05446943
30	14	2	-1203.74463560	0.05446943
30	15	2	-1206.15265509	0.05446943
30	16	2	-1207.08529105	0.05446943
30	17	2	-1206.54807815	0.05446943
30	18	2	-1211.25725655	0.05446943
30	19	2	-1210.44721530	0.05446943
30	20	2	-1211.83577162	0.05446943
30	21	2	-1211.08194960	0.05446943
30	22	2	-1213.50232961	0.05446943
30	23	2	-1213.76622731	0.05446943
30	24	2	-1214.07790078	0.05446943
30	25	2	-1213.76319977	0.05446943
30	26	2	-1215.05724811	0.05446943
30	27	2	-1216.06439125	0.05446943
30	28	2	-1216.68267046	0.05446943
30	29	2	-1216.44324974	0.05446943
30	30	2	-1216.45179209	0.05446943
30	31	2	-1216.16262987	0.05446943
30	32	2	-1216.87613563	0.05446943
30	33	2	-1214.50370465	0.05446943
30	34	2	-1216.35458011	0.05446943
30	35	2	-1215.10387344	0.05446943
30	36	2	-1216.04335756	0.05446943
30	37	2	-1215.26893709	0.05446943
30	38	2	-1214.93606360	0.05446943
30	39	2	-1214.40258548	0.05446943
30	40	2	-1216.49997900	0.05446943
30	41	2	-1214.94391127	0.05446943
30	42	2	-1214.91143385	0.05446943
30	43	2	-1214.23146226	0.05446943
30	44	2	-1213.23757042	0.05446943
30	45	2	-1214.28958727	0.05446943
30	46	2	-1215.04063287	0.05446943
30	47	2	-1214.21158961	0.05446943
30	48	2	-1214.98845407	0.05446943
30	49	2	-1213.08624606	0.05446943
30	50	2	-1214.03409705	0.05446943
30	51	2	-1211.40883416	0.05446943
30	52	2	-1219.95704954	0.05446943
30	53	2	-1209.19155245	0.05446943
30	54	2	-1218.58610869	0.05446943
30	55	2	-1208.75093729	0.05446943
30	56	2	-1215.94124349	0.05446943
30	57	2	-1208.13419721	0.05446943
30	58	2	-1200.04381973	0.05446943
30	59	2	-1200.04381973	0.05446943
30	60	2	-1200.04381973	0.05446943
30	61	2	-1200.04381973	0.05446943
30	62	2	-1200.04381973	0.05446943
30	63	2	-1200.04381973	0.05446943
30	64	2	-1208.97047383	0.05446943
30	65	2	-1206.33883392	0.05446943
30	66	2	-1209.86943965	0.05446943
30	67	2	-1207.83832424	0.05446943
30	68	2	-1209.35197914	0.05446943
30	69	2	-1204.17323755	0.05446943
30	70	2	-1206.16972458	0.05446943
30	71	2	-1204.09984681	0.05446943
30	72	2	-1206.15327548	0.05446943
30	73	2	-1204.45077391	0.05446943
30	74	2	-1205.91148319	0.05446943
30	75	2	-1203.85800756	0.05446943
30	76	2	-1206.18831778	0.05446943
30	77	2	-1203.57306083	0.05446943
30	78	2	-1205.79278979	0.05446943
30	79	2	-1202.03082252	0.05446943
30	80	2	-1203.64954362	0.05446943
30	81	2	-1202.24802160	0.05446943
30	82	2	-1202.41455969	0.05446943
30	83	2	-1199.89181566	0.05446943
30	84	2	-1201.62454800	0.05446943
30	85	2	-1198.81845631	0.05446943
30	86	2	-1200.65764337	0.05446943
30	87	2	-1198.32120528	0.05446943
30	88	2	-1200.17724063	0.05446943
30	89	2	-1198.86981545	0.05446943
30	90	2	-1200.18347618	0.05446943
30	91	2	-1197.15632944	0.05446943
30	92	2	-1199.88149393	0.05446943
30	93	2	-1194.26456915	0.05446943
30	94	2	-1196.02156362	0.05446943
30	95	2	-1190.67081123	0.05446943
30	96	2	-1190.74836957	0.05446943
30	97	2	-1183.72236721	0.05446943
30	98	2	-1180.68984660	0.05446943
30	99	2	-1172.34773311	0.05446943
30	100	2	-1168.82218635	0.05446943
30	101	2	-1161.69596339	0.05446943
30	102	2	-1167.47762977	0.05446943
30	103	2	-1162.66522586	0.05446943
30	104	2	-1158.73420067	0.05446943
30	105	2	-1152.57100002	0.05446943
30	106	2	-1147.81186001	0.05446943
30	107	2	-1146.15048953	0.05446943
31	0	2	-1146.75454253	0.05466243
31	1	2	-1158.88051224	0.05466243
31	2	2	-1160.65486164	0.05466243
31	3	2	-1163.79419062	0.05466243
31	4	2	-1170.21081738	0.05466243
31	5	2	-1175.05606971	0.05466243
31	6	2	-1178.38178540	0.05466243
31	7	2	-1181.67628984	0.05466243
31	8	2	-1185.99117531	0.05466243
31	9	2	-1189.13337027	0.05466243
31	10	2	-1193.29463775	0.05466243
31	11	2	-1194.75706647	0.05466243
31	12	2	-1199.04971478	0.05466243
31	13	2	-1201.71407307	0.05466243
31	14	2	-1201.31393177	0.05466243
31	15	2	-1203.09330525	0.05466243
31	16	2	-1203.28371237	0.05466243
31	17	2	-1204.03030806	0.05466243
31	18	2	-1203.75504477	0.05466243
31	19	2	-1204.24032263	0.05466243
31	20	2	-1206.10135599	0.05466243
31	21	2	-1205.95369620	0.05466243
31	22	2	-1207.33163066	0.05466243
31	23	2	-1206.49086341	0.05466243
31	24	2	-1204.77086556	0.05466243
31	25	2	-1205.47661206	0.05466243
31	26	2	-1203.89323007	0.05466243
31	27	2	-1202.99715481	0.05466243
31	28	2	-1202.66237809	0.05466243
31	29	2	-1203.03304090	0.05466243
31	30	2	-1204.17027714	0.05466243
31	31	2	-1201.58918383	0.05466243
31	32	2	-1200.37410919	0.05466243
31	33	2	-1198.65323330	0.05466243
31	34	2	-1197.64685596	0.05466243
31	35	2	-1196.05220951	0.05466243
31	36	2	-1196.99281641	0.05466243
31	37	2	-1196.68660314	0.05466243
31	38	2	-1193.82874407	0.05466243
31	39	2	-1189.01061597	0.05466243
31	40	2	-1188.58194618	0.05466243
31	41	2	-1187.36501279	0.05466243
31	42	2	-1186.84502580	0.05466243
31	43	2	-1184.61806300	0.05466243
31	44	2	-1184.41910191	0.05466243
31	45	2	-1186.17821877	0.05466243
31	46	2	-1186.59110587	0.05466243
31	47	2	-1183.05005359	0.05466243
31	48	2	-1183.08303943	0.05466243
31	49	2	-1174.42580297	0.05466243
31	50	2	-1179.61276716	0.05466243
31	51	2	-1181.39237459	0.05466243
31	52	2	-1185.57225569	0.05466243
31	53	2	-1182.32623992	0.05466243
31	54	2	-1180.45209355	0.05466243
31	55	2	-1179.72040096	0.05466243
31	56	2	-1183.39422882	0.05466243
31	57	2	-1184.03379654	0.05466243
31	58	2	-1184.72023010	0.05466243
31	59	2	-1184.53294692	0.05466243
31	60	2	-1185.47081615	0.05466243
31	61	2	-1186.11877612	0.05466243
31	62	2	-1188.25024763	0.05466243
31	63	2	-1187.52886601	0.05466243
31	64	2	-1185.86504234	0.05466243
31	65	2	-1188.55842205	0.05466243
31	66	2	-1186.46046281	0.05466243
31	67	2	-1186.44416394	0.05466243
31	68	2	-1184.76420645	0.05466243
31	69	2	-1184.93230986	0.05466243
31	70	2	-1183.30902209	0.05466243
31	71	2	-1184.14280824	0.05466243
31	72	2	-1182.98168047	0.05466243
31	73	2	-1183.14367381	0.05466243
31	74	2	-1179.17354415	0.05466243
31	75	2	-1178.31573131	0.05466243
31	76	2	-1176.95984495	0.05466243
31	77	2	-1173.25920206	0.05466243
31	78	2	-1171.94982968	0.05466243
31	79	2	-1169.64290270	0.05466243
31	80	2	-1164.93508186	0.05466243
31	81	2	-1167.93478883	0.05466243
31	82	2	-1162.83064361	0.05466243
31	83	2	-1161.35984513	0.05466243
31	84	2	-1157.92108159	0.05466243
31	85	2	-1155.64275772	0.05466243
31	86	2	-1146.95305749	0.05466243
31	87	2	-1145.89374073	0.05466243
31	88	2	-1139.85145632	0.05466243
31	89	2	-1143.86520339	0.05466243
########################################
# Coboparameter                        #
# no parameter corresponds to be 50.   #
########################################
#Cobo 	dummy	ATY	p0	p1     p2
0	0	3	1.00000000	-42.28307473	59.87936076
1	0	3	1.00000000	-40.90909091	19.90450765
2	0	3	1.00000000	-40.90909091	21.49958247
3	0	3	1.00000000	-39.09090909	30.93984545
4	0	3	1.00000000	-50.00000000	9.43189943
5	0	3	1.00000000	-44.54545455	19.32787497
6	0	3	1.00000000	-45.45454545	23.69501376
7	0	3	1.00000000	-45.45454545	19.12511174
#####################################################################
# TPC Resolution Parameter (L : p0)			            #
# res_xz^2 = p0^2 + p2^2/(exp(-p1*y)/p3*y + p4^2/12*tan(alpha)^2/p5 #
# res_y^2 = p6^2 + p7^2/(exp(-p1*y)/p8*y                            #
#####################################################################
#B    INorOUt  ATY	p0	p1	p2	p3	p4	p5	p6	p7	p8
#
0	0	4	0.75030000	0.00000000	0.35560000	100.00000000	9.00000000	1.69080000	1.00000000	0.00000000	1.00000000
0	1	4	0.38710000	0.00000000	0.35560000	100.00000000	12.50000000	3.65020000	1.00000000	0.00000000	1.00000000
1	0	4	0.75030000	0.00000000	0.09530000	100.00000000	9.00000000	1.69080000	1.00000000	0.00000000	1.00000000
1	1	4	0.38710000	0.00000000	0.09530000	100.00000000	12.50000000	3.65020000	1.00000000	0.00000000	1.00000000
