#
#  TPCParam_0
#______________________________________________________________________________
#
# Layer	Row	ATY	p0	p1
#
########################################
# TPC ADC : cde = (de-p0)*p1           #
########################################
   0    0    0     0.00000000     1.35036625
   0    1    0     0.00000000     1.35036625
   0    2    0     0.00000000     1.35036625
   0    3    0     0.00000000     1.35036625
   0    4    0     0.00000000     1.35036625
   0    5    0     0.00000000     1.35036625
   0    6    0     0.00000000     1.35036625
   0    7    0     0.00000000     1.35036625
   0    8    0     0.00000000     1.35036625
   0    9    0     0.00000000     1.35036625
   0   10    0     0.00000000     1.35036625
   0   11    0     0.00000000     1.35036625
   0   12    0     0.00000000     1.35036625
   0   13    0     0.00000000     1.35036625
   0   14    0     0.00000000     1.35036625
   0   15    0     0.00000000     1.35036625
   0   16    0     0.00000000     1.35036625
   0   17    0     0.00000000     1.35036625
   0   18    0     0.00000000     1.35036625
   0   19    0     0.00000000     1.35036625
   0   20    0     0.00000000     1.35036625
   0   21    0     0.00000000     1.35036625
   0   22    0     0.00000000     1.35036625
   0   23    0     0.00000000     1.35036625
   0   24    0     0.00000000     1.35036625
   0   25    0     0.00000000     1.35036625
   0   26    0     0.00000000     1.35036625
   0   27    0     0.00000000     1.35036625
   0   28    0     0.00000000     1.35036625
   0   29    0     0.00000000     1.35036625
   0   30    0     0.00000000     1.35036625
   0   31    0     0.00000000     1.35036625
   0   32    0     0.00000000     1.35036625
   0   33    0     0.00000000     1.35036625
   0   34    0     0.00000000     1.35036625
   0   35    0     0.00000000     1.35036625
   0   36    0     0.00000000     1.35036625
   0   37    0     0.00000000     1.35036625
   0   38    0     0.00000000     1.35036625
   0   39    0     0.00000000     1.35036625
   0   40    0     0.00000000     1.35036625
   0   41    0     0.00000000     1.35036625
   0   42    0     0.00000000     1.35036625
   0   43    0     0.00000000     1.35036625
   0   44    0     0.00000000     1.35036625
   0   45    0     0.00000000     1.35036625
   0   46    0     0.00000000     1.35036625
   0   47    0     0.00000000     1.35036625
   1    0    0     0.00000000     1.35036625
   1    1    0     0.00000000     1.35036625
   1    2    0     0.00000000     1.35036625
   1    3    0     0.00000000     1.35036625
   1    4    0     0.00000000     1.35036625
   1    5    0     0.00000000     1.35036625
   1    6    0     0.00000000     1.35036625
   1    7    0     0.00000000     1.35036625
   1    8    0     0.00000000     1.35036625
   1    9    0     0.00000000     1.35036625
   1   10    0     0.00000000     1.35036625
   1   11    0     0.00000000     1.35036625
   1   12    0     0.00000000     1.35036625
   1   13    0     0.00000000     1.35036625
   1   14    0     0.00000000     1.35036625
   1   15    0     0.00000000     1.35036625
   1   16    0     0.00000000     1.35036625
   1   17    0     0.00000000     1.35036625
   1   18    0     0.00000000     1.35036625
   1   19    0     0.00000000     1.35036625
   1   20    0     0.00000000     1.35036625
   1   21    0     0.00000000     1.35036625
   1   22    0     0.00000000     1.35036625
   1   23    0     0.00000000     1.35036625
   1   24    0     0.00000000     1.35036625
   1   25    0     0.00000000     1.35036625
   1   26    0     0.00000000     1.35036625
   1   27    0     0.00000000     1.35036625
   1   28    0     0.00000000     1.35036625
   1   29    0     0.00000000     1.35036625
   1   30    0     0.00000000     1.35036625
   1   31    0     0.00000000     1.35036625
   1   32    0     0.00000000     1.35036625
   1   33    0     0.00000000     1.35036625
   1   34    0     0.00000000     1.35036625
   1   35    0     0.00000000     1.35036625
   1   36    0     0.00000000     1.35036625
   1   37    0     0.00000000     1.35036625
   1   38    0     0.00000000     1.35036625
   1   39    0     0.00000000     1.35036625
   1   40    0     0.00000000     1.35036625
   1   41    0     0.00000000     1.35036625
   1   42    0     0.00000000     1.35036625
   1   43    0     0.00000000     1.35036625
   1   44    0     0.00000000     1.35036625
   1   45    0     0.00000000     1.35036625
   1   46    0     0.00000000     1.35036625
   1   47    0     0.00000000     1.35036625
   2    0    0     0.00000000     1.35036625
   2    1    0     0.00000000     1.35036625
   2    2    0     0.00000000     1.35036625
   2    3    0     0.00000000     1.35036625
   2    4    0     0.00000000     1.35036625
   2    5    0     0.00000000     1.35036625
   2    6    0     0.00000000     1.35036625
   2    7    0     0.00000000     1.35036625
   2    8    0     0.00000000     1.35036625
   2    9    0     0.00000000     1.35036625
   2   10    0     0.00000000     1.35036625
   2   11    0     0.00000000     1.35036625
   2   12    0     0.00000000     1.35036625
   2   13    0     0.00000000     1.35036625
   2   14    0     0.00000000     1.35036625
   2   15    0     0.00000000     1.35036625
   2   16    0     0.00000000     1.35036625
   2   17    0     0.00000000     1.35036625
   2   18    0     0.00000000     1.35036625
   2   19    0     0.00000000     1.35036625
   2   20    0     0.00000000     1.35036625
   2   21    0     0.00000000     1.35036625
   2   22    0     0.00000000     1.35036625
   2   23    0     0.00000000     1.35036625
   2   24    0     0.00000000     1.35036625
   2   25    0     0.00000000     1.35036625
   2   26    0     0.00000000     1.35036625
   2   27    0     0.00000000     1.35036625
   2   28    0     0.00000000     1.35036625
   2   29    0     0.00000000     1.35036625
   2   30    0     0.00000000     1.35036625
   2   31    0     0.00000000     1.35036625
   2   32    0     0.00000000     1.35036625
   2   33    0     0.00000000     1.35036625
   2   34    0     0.00000000     1.35036625
   2   35    0     0.00000000     1.35036625
   2   36    0     0.00000000     1.35036625
   2   37    0     0.00000000     1.35036625
   2   38    0     0.00000000     1.35036625
   2   39    0     0.00000000     1.35036625
   2   40    0     0.00000000     1.35036625
   2   41    0     0.00000000     1.35036625
   2   42    0     0.00000000     1.35036625
   2   43    0     0.00000000     1.35036625
   2   44    0     0.00000000     1.35036625
   2   45    0     0.00000000     1.35036625
   2   46    0     0.00000000     1.35036625
   2   47    0     0.00000000     1.35036625
   2   48    0     0.00000000     1.35036625
   2   49    0     0.00000000     1.35036625
   2   50    0     0.00000000     1.35036625
   2   51    0     0.00000000     1.35036625
   2   52    0     0.00000000     1.35036625
   2   53    0     0.00000000     1.35036625
   2   54    0     0.00000000     1.35036625
   2   55    0     0.00000000     1.35036625
   2   56    0     0.00000000     1.35036625
   2   57    0     0.00000000     1.35036625
   2   58    0     0.00000000     1.35036625
   2   59    0     0.00000000     1.35036625
   2   60    0     0.00000000     1.35036625
   2   61    0     0.00000000     1.35036625
   2   62    0     0.00000000     1.35036625
   2   63    0     0.00000000     1.35036625
   2   64    0     0.00000000     1.35036625
   2   65    0     0.00000000     1.35036625
   2   66    0     0.00000000     1.35036625
   2   67    0     0.00000000     1.35036625
   2   68    0     0.00000000     1.35036625
   2   69    0     0.00000000     1.35036625
   2   70    0     0.00000000     1.35036625
   2   71    0     0.00000000     1.35036625
   3    0    0     0.00000000     1.35036625
   3    1    0     0.00000000     1.35036625
   3    2    0     0.00000000     1.35036625
   3    3    0     0.00000000     1.35036625
   3    4    0     0.00000000     1.35036625
   3    5    0     0.00000000     1.35036625
   3    6    0     0.00000000     1.35036625
   3    7    0     0.00000000     1.35036625
   3    8    0     0.00000000     1.35036625
   3    9    0     0.00000000     1.35036625
   3   10    0     0.00000000     1.35036625
   3   11    0     0.00000000     1.35036625
   3   12    0     0.00000000     1.35036625
   3   13    0     0.00000000     1.35036625
   3   14    0     0.00000000     1.35036625
   3   15    0     0.00000000     1.35036625
   3   16    0     0.00000000     1.35036625
   3   17    0     0.00000000     1.35036625
   3   18    0     0.00000000     1.35036625
   3   19    0     0.00000000     1.35036625
   3   20    0     0.00000000     1.35036625
   3   21    0     0.00000000     1.35036625
   3   22    0     0.00000000     1.35036625
   3   23    0     0.00000000     1.35036625
   3   24    0     0.00000000     1.35036625
   3   25    0     0.00000000     1.35036625
   3   26    0     0.00000000     1.35036625
   3   27    0     0.00000000     1.35036625
   3   28    0     0.00000000     1.35036625
   3   29    0     0.00000000     1.35036625
   3   30    0     0.00000000     1.35036625
   3   31    0     0.00000000     1.35036625
   3   32    0     0.00000000     1.35036625
   3   33    0     0.00000000     1.35036625
   3   34    0     0.00000000     1.35036625
   3   35    0     0.00000000     1.35036625
   3   36    0     0.00000000     1.35036625
   3   37    0     0.00000000     1.35036625
   3   38    0     0.00000000     1.35036625
   3   39    0     0.00000000     1.35036625
   3   40    0     0.00000000     1.35036625
   3   41    0     0.00000000     1.35036625
   3   42    0     0.00000000     1.35036625
   3   43    0     0.00000000     1.35036625
   3   44    0     0.00000000     1.35036625
   3   45    0     0.00000000     1.35036625
   3   46    0     0.00000000     1.35036625
   3   47    0     0.00000000     1.35036625
   3   48    0     0.00000000     1.35036625
   3   49    0     0.00000000     1.35036625
   3   50    0     0.00000000     1.35036625
   3   51    0     0.00000000     1.35036625
   3   52    0     0.00000000     1.35036625
   3   53    0     0.00000000     1.35036625
   3   54    0     0.00000000     1.35036625
   3   55    0     0.00000000     1.35036625
   3   56    0     0.00000000     1.35036625
   3   57    0     0.00000000     1.35036625
   3   58    0     0.00000000     1.35036625
   3   59    0     0.00000000     1.35036625
   3   60    0     0.00000000     1.35036625
   3   61    0     0.00000000     1.35036625
   3   62    0     0.00000000     1.35036625
   3   63    0     0.00000000     1.35036625
   3   64    0     0.00000000     1.35036625
   3   65    0     0.00000000     1.35036625
   3   66    0     0.00000000     1.35036625
   3   67    0     0.00000000     1.35036625
   3   68    0     0.00000000     1.35036625
   3   69    0     0.00000000     1.35036625
   3   70    0     0.00000000     1.35036625
   3   71    0     0.00000000     1.35036625
   3   72    0     0.00000000     1.35036625
   3   73    0     0.00000000     1.35036625
   3   74    0     0.00000000     1.35036625
   3   75    0     0.00000000     1.35036625
   3   76    0     0.00000000     1.35036625
   3   77    0     0.00000000     1.35036625
   3   78    0     0.00000000     1.35036625
   3   79    0     0.00000000     1.35036625
   3   80    0     0.00000000     1.35036625
   3   81    0     0.00000000     1.35036625
   3   82    0     0.00000000     1.35036625
   3   83    0     0.00000000     1.35036625
   3   84    0     0.00000000     1.35036625
   3   85    0     0.00000000     1.35036625
   3   86    0     0.00000000     1.35036625
   3   87    0     0.00000000     1.35036625
   3   88    0     0.00000000     1.35036625
   3   89    0     0.00000000     1.35036625
   3   90    0     0.00000000     1.35036625
   3   91    0     0.00000000     1.35036625
   3   92    0     0.00000000     1.35036625
   3   93    0     0.00000000     1.35036625
   3   94    0     0.00000000     1.35036625
   3   95    0     0.00000000     1.35036625
   4    0    0     0.00000000     1.35036625
   4    1    0     0.00000000     1.35036625
   4    2    0     0.00000000     1.35036625
   4    3    0     0.00000000     1.35036625
   4    4    0     0.00000000     1.35036625
   4    5    0     0.00000000     1.35036625
   4    6    0     0.00000000     1.35036625
   4    7    0     0.00000000     1.35036625
   4    8    0     0.00000000     1.35036625
   4    9    0     0.00000000     1.35036625
   4   10    0     0.00000000     1.35036625
   4   11    0     0.00000000     1.35036625
   4   12    0     0.00000000     1.35036625
   4   13    0     0.00000000     1.35036625
   4   14    0     0.00000000     1.35036625
   4   15    0     0.00000000     1.35036625
   4   16    0     0.00000000     1.35036625
   4   17    0     0.00000000     1.35036625
   4   18    0     0.00000000     1.35036625
   4   19    0     0.00000000     1.35036625
   4   20    0     0.00000000     1.35036625
   4   21    0     0.00000000     1.35036625
   4   22    0     0.00000000     1.35036625
   4   23    0     0.00000000     1.35036625
   4   24    0     0.00000000     1.35036625
   4   25    0     0.00000000     1.35036625
   4   26    0     0.00000000     1.35036625
   4   27    0     0.00000000     1.35036625
   4   28    0     0.00000000     1.35036625
   4   29    0     0.00000000     1.35036625
   4   30    0     0.00000000     1.35036625
   4   31    0     0.00000000     1.35036625
   4   32    0     0.00000000     1.35036625
   4   33    0     0.00000000     1.35036625
   4   34    0     0.00000000     1.35036625
   4   35    0     0.00000000     1.35036625
   4   36    0     0.00000000     1.35036625
   4   37    0     0.00000000     1.35036625
   4   38    0     0.00000000     1.35036625
   4   39    0     0.00000000     1.35036625
   4   40    0     0.00000000     1.35036625
   4   41    0     0.00000000     1.35036625
   4   42    0     0.00000000     1.35036625
   4   43    0     0.00000000     1.35036625
   4   44    0     0.00000000     1.35036625
   4   45    0     0.00000000     1.35036625
   4   46    0     0.00000000     1.35036625
   4   47    0     0.00000000     1.38734290
   4   48    0     0.00000000     1.35036625
   4   49    0     0.00000000     1.35036625
   4   50    0     0.00000000     1.35036625
   4   51    0     0.00000000     1.29680639
   4   52    0     0.00000000     1.22508528
   4   53    0     0.00000000     1.40877956
   4   54    0     0.00000000     1.35743632
   4   55    0     0.00000000     1.33559666
   4   56    0     0.00000000     1.32443240
   4   57    0     0.00000000     1.42309961
   4   58    0     0.00000000     1.35299359
   4   59    0     0.00000000     1.45354223
   4   60    0     0.00000000     1.34151216
   4   61    0     0.00000000     1.38360018
   4   62    0     0.00000000     1.34864348
   4   63    0     0.00000000     1.47681233
   4   64    0     0.00000000     1.47192914
   4   65    0     0.00000000     1.45558920
   4   66    0     0.00000000     1.35295818
   4   67    0     0.00000000     1.39878426
   4   68    0     0.00000000     1.28503771
   4   69    0     0.00000000     1.40085589
   4   70    0     0.00000000     1.39009096
   4   71    0     0.00000000     1.35036625
   4   72    0     0.00000000     1.29161027
   4   73    0     0.00000000     1.43234193
   4   74    0     0.00000000     1.26008201
   4   75    0     0.00000000     1.27680214
   4   76    0     0.00000000     1.21346428
   4   77    0     0.00000000     1.25800880
   4   78    0     0.00000000     1.35036625
   4   79    0     0.00000000     1.48522797
   4   80    0     0.00000000     1.35036625
   4   81    0     0.00000000     1.23040648
   4   82    0     0.00000000     1.35036625
   4   83    0     0.00000000     1.35036625
   4   84    0     0.00000000     1.35036625
   4   85    0     0.00000000     1.35036625
   4   86    0     0.00000000     1.35036625
   4   87    0     0.00000000     1.35036625
   4   88    0     0.00000000     1.35036625
   4   89    0     0.00000000     1.35036625
   4   90    0     0.00000000     1.35036625
   4   91    0     0.00000000     1.35036625
   4   92    0     0.00000000     1.35036625
   4   93    0     0.00000000     1.35036625
   4   94    0     0.00000000     1.35036625
   4   95    0     0.00000000     1.35036625
   4   96    0     0.00000000     1.35036625
   4   97    0     0.00000000     1.35036625
   4   98    0     0.00000000     1.35036625
   4   99    0     0.00000000     1.35036625
   4  100    0     0.00000000     1.35036625
   4  101    0     0.00000000     1.35036625
   4  102    0     0.00000000     1.35036625
   4  103    0     0.00000000     1.35036625
   4  104    0     0.00000000     1.35036625
   4  105    0     0.00000000     1.35036625
   4  106    0     0.00000000     1.35036625
   4  107    0     0.00000000     1.35036625
   4  108    0     0.00000000     1.35036625
   4  109    0     0.00000000     1.35036625
   4  110    0     0.00000000     1.35036625
   4  111    0     0.00000000     1.35036625
   4  112    0     0.00000000     1.35036625
   4  113    0     0.00000000     1.35036625
   4  114    0     0.00000000     1.35036625
   4  115    0     0.00000000     1.35036625
   4  116    0     0.00000000     1.35036625
   4  117    0     0.00000000     1.35036625
   4  118    0     0.00000000     1.35036625
   4  119    0     0.00000000     1.35036625
   5    0    0     0.00000000     1.33127898
   5    1    0     0.00000000     1.32912328
   5    2    0     0.00000000     1.33252020
   5    3    0     0.00000000     1.33364548
   5    4    0     0.00000000     1.35055770
   5    5    0     0.00000000     1.36075807
   5    6    0     0.00000000     1.41328913
   5    7    0     0.00000000     1.45604523
   5    8    0     0.00000000     1.34359649
   5    9    0     0.00000000     1.34399847
   5   10    0     0.00000000     1.33249297
   5   11    0     0.00000000     1.29519101
   5   12    0     0.00000000     1.32665658
   5   13    0     0.00000000     1.31114033
   5   14    0     0.00000000     1.27809385
   5   15    0     0.00000000     1.29614568
   5   16    0     0.00000000     1.33857454
   5   17    0     0.00000000     1.33673696
   5   18    0     0.00000000     1.27544719
   5   19    0     0.00000000     1.33064654
   5   20    0     0.00000000     1.38970761
   5   21    0     0.00000000     1.30932868
   5   22    0     0.00000000     1.23660282
   5   23    0     0.00000000     1.22457020
   5   24    0     0.00000000     1.23175646
   5   25    0     0.00000000     1.32323736
   5   26    0     0.00000000     1.34484262
   5   27    0     0.00000000     1.24859692
   5   28    0     0.00000000     1.34890581
   5   29    0     0.00000000     1.46256898
   5   30    0     0.00000000     1.30877793
   5   31    0     0.00000000     1.25457724
   5   32    0     0.00000000     1.33396219
   5   33    0     0.00000000     1.26485407
   5   34    0     0.00000000     1.02423174
   5   35    0     0.00000000     1.24291141
   5   36    0     0.00000000     1.30726265
   5   37    0     0.00000000     1.21305275
   5   38    0     0.00000000     1.28056338
   5   39    0     0.00000000     1.29084181
   5   40    0     0.00000000     1.21817814
   5   41    0     0.00000000     1.21528584
   5   42    0     0.00000000     1.33445824
   5   43    0     0.00000000     1.28993063
   5   44    0     0.00000000     1.16262593
   5   45    0     0.00000000     1.23001241
   5   46    0     0.00000000     1.18948175
   5   47    0     0.00000000     1.27442075
   5   48    0     0.00000000     1.30434958
   5   49    0     0.00000000     1.28218628
   5   50    0     0.00000000     1.23860252
   5   51    0     0.00000000     1.30656420
   5   52    0     0.00000000     1.19958461
   5   53    0     0.00000000     1.29788789
   5   54    0     0.00000000     1.42580117
   5   55    0     0.00000000     1.36987808
   5   56    0     0.00000000     1.42855413
   5   57    0     0.00000000     1.31178489
   5   58    0     0.00000000     1.31454371
   5   59    0     0.00000000     1.22833647
   5   60    0     0.00000000     1.28930557
   5   61    0     0.00000000     1.34147333
   5   62    0     0.00000000     1.30006038
   5   63    0     0.00000000     1.28467397
   5   64    0     0.00000000     1.24637267
   5   65    0     0.00000000     1.22016465
   5   66    0     0.00000000     1.23264358
   5   67    0     0.00000000     1.24375617
   5   68    0     0.00000000     1.19855179
   5   69    0     0.00000000     1.03754443
   5   70    0     0.00000000     1.12207235
   5   71    0     0.00000000     1.23974904
   5   72    0     0.00000000     1.20962342
   5   73    0     0.00000000     1.20454559
   5   74    0     0.00000000     1.22565257
   5   75    0     0.00000000     1.19780557
   5   76    0     0.00000000     1.23031857
   5   77    0     0.00000000     1.12891108
   5   78    0     0.00000000     1.23465388
   5   79    0     0.00000000     1.14397223
   5   80    0     0.00000000     1.15755899
   5   81    0     0.00000000     1.30393206
   5   82    0     0.00000000     1.13100076
   5   83    0     0.00000000     1.21643535
   5   84    0     0.00000000     1.15665699
   5   85    0     0.00000000     1.22138877
   5   86    0     0.00000000     1.01762132
   5   87    0     0.00000000     1.23631314
   5   88    0     0.00000000     1.38418280
   5   89    0     0.00000000     1.07959002
   5   90    0     0.00000000     1.19233389
   5   91    0     0.00000000     1.16778033
   5   92    0     0.00000000     1.13961635
   5   93    0     0.00000000     1.36585592
   5   94    0     0.00000000     1.12272000
   5   95    0     0.00000000     1.14155596
   5   96    0     0.00000000     1.15009658
   5   97    0     0.00000000     1.11492409
   5   98    0     0.00000000     1.22188253
   5   99    0     0.00000000     1.15906697
   5  100    0     0.00000000     1.33172946
   5  101    0     0.00000000     1.15109534
   5  102    0     0.00000000     1.13629695
   5  103    0     0.00000000     1.24733292
   5  104    0     0.00000000     1.23678579
   5  105    0     0.00000000     1.34676408
   5  106    0     0.00000000     1.26710328
   5  107    0     0.00000000     1.13000954
   5  108    0     0.00000000     1.27364106
   5  109    0     0.00000000     1.36048135
   5  110    0     0.00000000     1.26556529
   5  111    0     0.00000000     1.32090263
   5  112    0     0.00000000     1.33411704
   5  113    0     0.00000000     1.24793080
   5  114    0     0.00000000     1.38926975
   5  115    0     0.00000000     1.24845581
   5  116    0     0.00000000     1.24611670
   5  117    0     0.00000000     1.29221114
   5  118    0     0.00000000     1.29585264
   5  119    0     0.00000000     1.29876366
   5  120    0     0.00000000     1.26058917
   5  121    0     0.00000000     1.30537360
   5  122    0     0.00000000     1.26769222
   5  123    0     0.00000000     1.23733723
   5  124    0     0.00000000     1.26826326
   5  125    0     0.00000000     1.18551029
   5  126    0     0.00000000     1.19340988
   5  127    0     0.00000000     1.17469732
   5  128    0     0.00000000     1.22267309
   5  129    0     0.00000000     1.22915957
   5  130    0     0.00000000     1.33467617
   5  131    0     0.00000000     1.29560608
   5  132    0     0.00000000     1.24897376
   5  133    0     0.00000000     1.21812675
   5  134    0     0.00000000     1.41117708
   5  135    0     0.00000000     1.26931683
   5  136    0     0.00000000     1.30809782
   5  137    0     0.00000000     1.37461702
   5  138    0     0.00000000     1.32427900
   5  139    0     0.00000000     1.24555552
   5  140    0     0.00000000     1.28616187
   5  141    0     0.00000000     1.31535732
   5  142    0     0.00000000     1.29681346
   5  143    0     0.00000000     1.31946894
   6    0    0     0.00000000     1.19036698
   6    1    0     0.00000000     1.20328330
   6    2    0     0.00000000     1.23784750
   6    3    0     0.00000000     1.22297581
   6    4    0     0.00000000     1.21677149
   6    5    0     0.00000000     1.16920716
   6    6    0     0.00000000     1.24540975
   6    7    0     0.00000000     1.26512270
   6    8    0     0.00000000     1.19049102
   6    9    0     0.00000000     1.27373235
   6   10    0     0.00000000     1.32405236
   6   11    0     0.00000000     1.28072138
   6   12    0     0.00000000     1.26474398
   6   13    0     0.00000000     1.20810143
   6   14    0     0.00000000     1.17035271
   6   15    0     0.00000000     1.22759497
   6   16    0     0.00000000     1.13538503
   6   17    0     0.00000000     1.26320679
   6   18    0     0.00000000     1.15855927
   6   19    0     0.00000000     1.21216090
   6   20    0     0.00000000     1.13302631
   6   21    0     0.00000000     1.13282886
   6   22    0     0.00000000     1.10352798
   6   23    0     0.00000000     1.08111339
   6   24    0     0.00000000     0.98284558
   6   25    0     0.00000000     0.90095341
   6   26    0     0.00000000     1.15264358
   6   27    0     0.00000000     1.17649753
   6   28    0     0.00000000     1.35891059
   6   29    0     0.00000000     1.46776229
   6   30    0     0.00000000     1.25298845
   6   31    0     0.00000000     1.26974590
   6   32    0     0.00000000     1.36202219
   6   33    0     0.00000000     1.37852124
   6   34    0     0.00000000     1.29361877
   6   35    0     0.00000000     1.23888833
   6   36    0     0.00000000     1.17368312
   6   37    0     0.00000000     1.24193658
   6   38    0     0.00000000     1.31395912
   6   39    0     0.00000000     1.24877264
   6   40    0     0.00000000     1.31573071
   6   41    0     0.00000000     1.26545352
   6   42    0     0.00000000     1.35214942
   6   43    0     0.00000000     1.28550000
   6   44    0     0.00000000     1.38485398
   6   45    0     0.00000000     1.32756063
   6   46    0     0.00000000     1.44692859
   6   47    0     0.00000000     1.30456777
   6   48    0     0.00000000     1.39898038
   6   49    0     0.00000000     1.36173616
   6   50    0     0.00000000     1.31421830
   6   51    0     0.00000000     1.34330968
   6   52    0     0.00000000     1.17183953
   6   53    0     0.00000000     1.11018042
   6   54    0     0.00000000     1.39801097
   6   55    0     0.00000000     1.11782511
   6   56    0     0.00000000     1.25930936
   6   57    0     0.00000000     1.19438259
   6   58    0     0.00000000     1.42259945
   6   59    0     0.00000000     1.30576049
   6   60    0     0.00000000     1.27362159
   6   61    0     0.00000000     1.39848588
   6   62    0     0.00000000     1.37764967
   6   63    0     0.00000000     1.42500922
   6   64    0     0.00000000     1.46890141
   6   65    0     0.00000000     1.34866934
   6   66    0     0.00000000     1.29545021
   6   67    0     0.00000000     1.41665684
   6   68    0     0.00000000     1.42711040
   6   69    0     0.00000000     1.31850920
   6   70    0     0.00000000     1.33722744
   6   71    0     0.00000000     1.26269212
   6   72    0     0.00000000     1.29443241
   6   73    0     0.00000000     1.31880062
   6   74    0     0.00000000     1.29047683
   6   75    0     0.00000000     1.27201485
   6   76    0     0.00000000     1.26363408
   6   77    0     0.00000000     1.26380730
   6   78    0     0.00000000     1.28751183
   6   79    0     0.00000000     1.25965898
   6   80    0     0.00000000     1.20382637
   6   81    0     0.00000000     1.15330865
   6   82    0     0.00000000     1.15294139
   6   83    0     0.00000000     1.31222751
   6   84    0     0.00000000     1.29460761
   6   85    0     0.00000000     1.32969459
   6   86    0     0.00000000     1.26553850
   6   87    0     0.00000000     1.35254047
   6   88    0     0.00000000     1.29665183
   6   89    0     0.00000000     1.26499079
   6   90    0     0.00000000     1.27131678
   6   91    0     0.00000000     1.30024066
   6   92    0     0.00000000     1.18272581
   6   93    0     0.00000000     1.30929549
   6   94    0     0.00000000     1.21651889
   6   95    0     0.00000000     1.22109851
   6   96    0     0.00000000     1.28501947
   6   97    0     0.00000000     1.21134403
   6   98    0     0.00000000     1.29843162
   6   99    0     0.00000000     1.21590160
   6  100    0     0.00000000     1.23847383
   6  101    0     0.00000000     1.02351654
   6  102    0     0.00000000     1.20845845
   6  103    0     0.00000000     1.33668259
   6  104    0     0.00000000     1.15651884
   6  105    0     0.00000000     1.18575078
   6  106    0     0.00000000     1.18906555
   6  107    0     0.00000000     1.14542770
   6  108    0     0.00000000     1.41116032
   6  109    0     0.00000000     1.16772249
   6  110    0     0.00000000     1.25513620
   6  111    0     0.00000000     1.22403775
   6  112    0     0.00000000     1.15873656
   6  113    0     0.00000000     1.35095345
   6  114    0     0.00000000     1.15374898
   6  115    0     0.00000000     1.34504831
   6  116    0     0.00000000     1.38810403
   6  117    0     0.00000000     1.19302367
   6  118    0     0.00000000     1.29099761
   6  119    0     0.00000000     1.21715617
   6  120    0     0.00000000     1.16269472
   6  121    0     0.00000000     1.27491992
   6  122    0     0.00000000     1.34065136
   6  123    0     0.00000000     1.40834708
   6  124    0     0.00000000     1.26599861
   6  125    0     0.00000000     1.25443334
   6  126    0     0.00000000     1.28964735
   6  127    0     0.00000000     1.30598900
   6  128    0     0.00000000     1.35511814
   6  129    0     0.00000000     1.26158845
   6  130    0     0.00000000     1.28464176
   6  131    0     0.00000000     1.30118781
   6  132    0     0.00000000     1.33093811
   6  133    0     0.00000000     1.21332289
   6  134    0     0.00000000     1.37579138
   6  135    0     0.00000000     1.34386967
   6  136    0     0.00000000     1.11467816
   6  137    0     0.00000000     1.32718728
   6  138    0     0.00000000     1.28895399
   6  139    0     0.00000000     1.32678288
   6  140    0     0.00000000     1.23259986
   6  141    0     0.00000000     1.25034171
   6  142    0     0.00000000     1.29079080
   6  143    0     0.00000000     1.21520078
   6  144    0     0.00000000     1.32958250
   6  145    0     0.00000000     1.14593085
   6  146    0     0.00000000     1.14782625
   6  147    0     0.00000000     1.12952884
   6  148    0     0.00000000     1.24024127
   6  149    0     0.00000000     1.21834194
   6  150    0     0.00000000     1.21682399
   6  151    0     0.00000000     1.20218796
   6  152    0     0.00000000     1.26971740
   6  153    0     0.00000000     1.16713265
   6  154    0     0.00000000     1.12180333
   6  155    0     0.00000000     1.19745258
   6  156    0     0.00000000     1.21257222
   6  157    0     0.00000000     1.16404094
   6  158    0     0.00000000     1.34206252
   6  159    0     0.00000000     1.30787941
   6  160    0     0.00000000     1.30426925
   6  161    0     0.00000000     1.27760812
   6  162    0     0.00000000     1.24460614
   6  163    0     0.00000000     1.25242146
   6  164    0     0.00000000     1.20731146
   6  165    0     0.00000000     1.15744098
   6  166    0     0.00000000     1.20034688
   6  167    0     0.00000000     1.19150494
   7    0    0     0.00000000     1.24437627
   7    1    0     0.00000000     1.29773328
   7    2    0     0.00000000     1.26514414
   7    3    0     0.00000000     1.29937857
   7    4    0     0.00000000     1.27781201
   7    5    0     0.00000000     1.22743374
   7    6    0     0.00000000     1.24369200
   7    7    0     0.00000000     1.25386039
   7    8    0     0.00000000     1.19675989
   7    9    0     0.00000000     1.30422557
   7   10    0     0.00000000     1.28954027
   7   11    0     0.00000000     1.26552447
   7   12    0     0.00000000     1.34560617
   7   13    0     0.00000000     1.32321006
   7   14    0     0.00000000     1.19335699
   7   15    0     0.00000000     1.30479073
   7   16    0     0.00000000     1.16459036
   7   17    0     0.00000000     1.23729712
   7   18    0     0.00000000     1.27911109
   7   19    0     0.00000000     1.32304168
   7   20    0     0.00000000     1.50074378
   7   21    0     0.00000000     1.74977289
   7   22    0     0.00000000     1.20852240
   7   23    0     0.00000000     1.12705082
   7   24    0     0.00000000     1.17820225
   7   25    0     0.00000000     1.20241065
   7   26    0     0.00000000     1.22772507
   7   27    0     0.00000000     1.23579066
   7   28    0     0.00000000     1.25798895
   7   29    0     0.00000000     1.10355113
   7   30    0     0.00000000     0.98612403
   7   31    0     0.00000000     1.17255285
   7   32    0     0.00000000     1.31948378
   7   33    0     0.00000000     1.29884066
   7   34    0     0.00000000     1.18453973
   7   35    0     0.00000000     1.34534497
   7   36    0     0.00000000     1.33183973
   7   37    0     0.00000000     1.36391587
   7   38    0     0.00000000     1.32229920
   7   39    0     0.00000000     1.35278170
   7   40    0     0.00000000     1.22171254
   7   41    0     0.00000000     1.46629656
   7   42    0     0.00000000     1.30895412
   7   43    0     0.00000000     1.39750618
   7   44    0     0.00000000     1.28311351
   7   45    0     0.00000000     1.20579991
   7   46    0     0.00000000     1.22146536
   7   47    0     0.00000000     1.26040944
   7   48    0     0.00000000     1.19659666
   7   49    0     0.00000000     1.15068291
   7   50    0     0.00000000     1.19610171
   7   51    0     0.00000000     1.33750974
   7   52    0     0.00000000     1.24955391
   7   53    0     0.00000000     1.28871559
   7   54    0     0.00000000     1.26259692
   7   55    0     0.00000000     1.26597846
   7   56    0     0.00000000     1.21777694
   7   57    0     0.00000000     1.33624180
   7   58    0     0.00000000     1.26910306
   7   59    0     0.00000000     1.33729584
   7   60    0     0.00000000     1.34240472
   7   61    0     0.00000000     1.41400816
   7   62    0     0.00000000     1.22391511
   7   63    0     0.00000000     1.28760693
   7   64    0     0.00000000     1.34420438
   7   65    0     0.00000000     1.39020642
   7   66    0     0.00000000     1.29518540
   7   67    0     0.00000000     1.31983673
   7   68    0     0.00000000     1.27883407
   7   69    0     0.00000000     1.36561671
   7   70    0     0.00000000     1.26690122
   7   71    0     0.00000000     1.36613738
   7   72    0     0.00000000     1.33832140
   7   73    0     0.00000000     1.43455119
   7   74    0     0.00000000     1.38655255
   7   75    0     0.00000000     1.36058668
   7   76    0     0.00000000     1.34679518
   7   77    0     0.00000000     1.31616379
   7   78    0     0.00000000     1.33594807
   7   79    0     0.00000000     1.34087215
   7   80    0     0.00000000     1.41725759
   7   81    0     0.00000000     1.36129294
   7   82    0     0.00000000     1.37814189
   7   83    0     0.00000000     1.35270265
   7   84    0     0.00000000     1.31575802
   7   85    0     0.00000000     1.36742525
   7   86    0     0.00000000     1.38755899
   7   87    0     0.00000000     1.29624447
   7   88    0     0.00000000     1.22948038
   7   89    0     0.00000000     1.25284626
   7   90    0     0.00000000     1.20951063
   7   91    0     0.00000000     1.26682101
   7   92    0     0.00000000     1.22153510
   7   93    0     0.00000000     1.18314083
   7   94    0     0.00000000     1.18851279
   7   95    0     0.00000000     1.27942424
   7   96    0     0.00000000     1.33218132
   7   97    0     0.00000000     1.33281108
   7   98    0     0.00000000     1.42484494
   7   99    0     0.00000000     1.36253705
   7  100    0     0.00000000     1.36135946
   7  101    0     0.00000000     1.35815080
   7  102    0     0.00000000     1.34572535
   7  103    0     0.00000000     1.44871312
   7  104    0     0.00000000     1.29196209
   7  105    0     0.00000000     1.36978812
   7  106    0     0.00000000     1.37233439
   7  107    0     0.00000000     1.27010103
   7  108    0     0.00000000     1.42696940
   7  109    0     0.00000000     1.24365126
   7  110    0     0.00000000     1.24273438
   7  111    0     0.00000000     1.51128236
   7  112    0     0.00000000     1.17691097
   7  113    0     0.00000000     1.50709976
   7  114    0     0.00000000     1.29964653
   7  115    0     0.00000000     1.35289577
   7  116    0     0.00000000     1.11035004
   7  117    0     0.00000000     1.30613872
   7  118    0     0.00000000     1.49830055
   7  119    0     0.00000000     1.25626735
   7  120    0     0.00000000     1.37047939
   7  121    0     0.00000000     1.32719791
   7  122    0     0.00000000     1.24019268
   7  123    0     0.00000000     1.55113707
   7  124    0     0.00000000     1.25595646
   7  125    0     0.00000000     1.34611821
   7  126    0     0.00000000     1.33605211
   7  127    0     0.00000000     1.18323565
   7  128    0     0.00000000     1.33859338
   7  129    0     0.00000000     1.22784383
   7  130    0     0.00000000     1.31434350
   7  131    0     0.00000000     1.47165297
   7  132    0     0.00000000     1.27130031
   7  133    0     0.00000000     1.34885158
   7  134    0     0.00000000     1.34469655
   7  135    0     0.00000000     1.27002468
   7  136    0     0.00000000     1.34318356
   7  137    0     0.00000000     1.44709825
   7  138    0     0.00000000     1.40272638
   7  139    0     0.00000000     1.38108278
   7  140    0     0.00000000     1.30572288
   7  141    0     0.00000000     1.38002391
   7  142    0     0.00000000     1.41661466
   7  143    0     0.00000000     1.31661591
   7  144    0     0.00000000     1.27174012
   7  145    0     0.00000000     1.26701543
   7  146    0     0.00000000     1.33045545
   7  147    0     0.00000000     1.38632162
   7  148    0     0.00000000     1.33713681
   7  149    0     0.00000000     1.36096420
   7  150    0     0.00000000     1.36181555
   7  151    0     0.00000000     1.42109100
   7  152    0     0.00000000     1.35613243
   7  153    0     0.00000000     1.51822545
   7  154    0     0.00000000     1.56908658
   7  155    0     0.00000000     1.33454346
   7  156    0     0.00000000     1.33676320
   7  157    0     0.00000000     1.60671697
   7  158    0     0.00000000     1.03865350
   7  159    0     0.00000000     1.38718361
   7  160    0     0.00000000     1.05505248
   7  161    0     0.00000000     0.92633663
   7  162    0     0.00000000     0.94442837
   7  163    0     0.00000000     0.98452651
   7  164    0     0.00000000     0.95059582
   7  165    0     0.00000000     0.92715691
   7  166    0     0.00000000     0.90465026
   7  167    0     0.00000000     0.90993621
   7  168    0     0.00000000     0.94551290
   7  169    0     0.00000000     1.16912564
   7  170    0     0.00000000     1.27018957
   7  171    0     0.00000000     1.19458380
   7  172    0     0.00000000     1.22952494
   7  173    0     0.00000000     1.16824543
   7  174    0     0.00000000     1.27684800
   7  175    0     0.00000000     1.24460228
   7  176    0     0.00000000     1.33221914
   7  177    0     0.00000000     1.27613319
   7  178    0     0.00000000     1.23312716
   7  179    0     0.00000000     1.30142877
   7  180    0     0.00000000     1.24925634
   7  181    0     0.00000000     1.22102752
   7  182    0     0.00000000     1.29177183
   7  183    0     0.00000000     1.28723034
   7  184    0     0.00000000     1.31738424
   7  185    0     0.00000000     1.26024816
   7  186    0     0.00000000     1.19929759
   7  187    0     0.00000000     1.18582013
   7  188    0     0.00000000     1.20747376
   7  189    0     0.00000000     1.21128467
   7  190    0     0.00000000     1.21513193
   7  191    0     0.00000000     1.26666348
   8    0    0     0.00000000     1.48413021
   8    1    0     0.00000000     1.37517760
   8    2    0     0.00000000     1.51897804
   8    3    0     0.00000000     1.39224660
   8    4    0     0.00000000     1.51058372
   8    5    0     0.00000000     1.44851196
   8    6    0     0.00000000     1.37658957
   8    7    0     0.00000000     1.36209738
   8    8    0     0.00000000     1.37194239
   8    9    0     0.00000000     1.31724473
   8   10    0     0.00000000     1.40209601
   8   11    0     0.00000000     1.32162398
   8   12    0     0.00000000     1.40092990
   8   13    0     0.00000000     1.35127846
   8   14    0     0.00000000     1.37988718
   8   15    0     0.00000000     1.40408839
   8   16    0     0.00000000     1.43171775
   8   17    0     0.00000000     1.30308455
   8   18    0     0.00000000     1.76792815
   8   19    0     0.00000000     1.22452291
   8   20    0     0.00000000     1.42313946
   8   21    0     0.00000000     1.34935990
   8   22    0     0.00000000     1.36013225
   8   23    0     0.00000000     1.33334126
   8   24    0     0.00000000     1.31455437
   8   25    0     0.00000000     1.37200315
   8   26    0     0.00000000     1.35473510
   8   27    0     0.00000000     1.42445651
   8   28    0     0.00000000     1.35767321
   8   29    0     0.00000000     1.41594735
   8   30    0     0.00000000     1.53657965
   8   31    0     0.00000000     2.06431777
   8   32    0     0.00000000     1.24764405
   8   33    0     0.00000000     1.35706779
   8   34    0     0.00000000     1.19027309
   8   35    0     0.00000000     1.55857669
   8   36    0     0.00000000     1.42392779
   8   37    0     0.00000000     1.29477870
   8   38    0     0.00000000     1.50479814
   8   39    0     0.00000000     1.24613630
   8   40    0     0.00000000     1.40086904
   8   41    0     0.00000000     1.44813053
   8   42    0     0.00000000     1.34076849
   8   43    0     0.00000000     1.38449727
   8   44    0     0.00000000     1.47826867
   8   45    0     0.00000000     1.32076857
   8   46    0     0.00000000     1.80385591
   8   47    0     0.00000000     1.22640414
   8   48    0     0.00000000     1.45145750
   8   49    0     0.00000000     1.32939958
   8   50    0     0.00000000     1.31197985
   8   51    0     0.00000000     1.73326075
   8   52    0     0.00000000     1.34304190
   8   53    0     0.00000000     1.35600384
   8   54    0     0.00000000     1.36078081
   8   55    0     0.00000000     1.26803894
   8   56    0     0.00000000     1.27682075
   8   57    0     0.00000000     1.33788897
   8   58    0     0.00000000     1.37198226
   8   59    0     0.00000000     1.26702102
   8   60    0     0.00000000     1.37768664
   8   61    0     0.00000000     1.28378825
   8   62    0     0.00000000     1.28406600
   8   63    0     0.00000000     1.40233568
   8   64    0     0.00000000     1.40839286
   8   65    0     0.00000000     1.23500670
   8   66    0     0.00000000     1.30710508
   8   67    0     0.00000000     1.39116274
   8   68    0     0.00000000     1.37664350
   8   69    0     0.00000000     1.34762654
   8   70    0     0.00000000     1.32781809
   8   71    0     0.00000000     1.33414119
   8   72    0     0.00000000     1.32974441
   8   73    0     0.00000000     1.32223354
   8   74    0     0.00000000     1.39142837
   8   75    0     0.00000000     1.34775014
   8   76    0     0.00000000     1.00000000
   8   77    0     0.00000000     1.00000000
   8   78    0     0.00000000     1.00000000
   8   79    0     0.00000000     1.00000000
   8   80    0     0.00000000     1.00000000
   8   81    0     0.00000000     1.00000000
   8   82    0     0.00000000     1.00000000
   8   83    0     0.00000000     1.00000000
   8   84    0     0.00000000     1.00000000
   8   85    0     0.00000000     1.00000000
   8   86    0     0.00000000     1.37860557
   8   87    0     0.00000000     1.42971247
   8   88    0     0.00000000     1.42949991
   8   89    0     0.00000000     1.33205970
   8   90    0     0.00000000     1.36838238
   8   91    0     0.00000000     1.39147199
   8   92    0     0.00000000     1.38180578
   8   93    0     0.00000000     1.42366508
   8   94    0     0.00000000     1.37356008
   8   95    0     0.00000000     1.36595902
   8   96    0     0.00000000     1.30225793
   8   97    0     0.00000000     1.31936529
   8   98    0     0.00000000     1.37545283
   8   99    0     0.00000000     1.31621747
   8  100    0     0.00000000     1.30585676
   8  101    0     0.00000000     1.25065751
   8  102    0     0.00000000     1.35322795
   8  103    0     0.00000000     1.30929326
   8  104    0     0.00000000     1.22024692
   8  105    0     0.00000000     1.17711861
   8  106    0     0.00000000     1.24994115
   8  107    0     0.00000000     1.30328185
   8  108    0     0.00000000     1.30315024
   8  109    0     0.00000000     1.29239449
   8  110    0     0.00000000     1.23734936
   8  111    0     0.00000000     1.26547479
   8  112    0     0.00000000     1.22446798
   8  113    0     0.00000000     1.33529842
   8  114    0     0.00000000     1.28845388
   8  115    0     0.00000000     1.33745585
   8  116    0     0.00000000     1.19344935
   8  117    0     0.00000000     1.27705293
   8  118    0     0.00000000     1.30783450
   8  119    0     0.00000000     1.19044332
   8  120    0     0.00000000     1.30848123
   8  121    0     0.00000000     1.28807595
   8  122    0     0.00000000     1.19108361
   8  123    0     0.00000000     1.36421340
   8  124    0     0.00000000     1.22076946
   8  125    0     0.00000000     1.29790653
   8  126    0     0.00000000     1.24238157
   8  127    0     0.00000000     1.19162787
   8  128    0     0.00000000     1.29075291
   8  129    0     0.00000000     1.22606979
   8  130    0     0.00000000     1.00000000
   8  131    0     0.00000000     1.00000000
   8  132    0     0.00000000     1.00000000
   8  133    0     0.00000000     1.00000000
   8  134    0     0.00000000     1.00000000
   8  135    0     0.00000000     1.00000000
   8  136    0     0.00000000     1.00000000
   8  137    0     0.00000000     1.00000000
   8  138    0     0.00000000     1.00000000
   8  139    0     0.00000000     1.00000000
   8  140    0     0.00000000     1.19828484
   8  141    0     0.00000000     1.26875905
   8  142    0     0.00000000     1.19054899
   8  143    0     0.00000000     1.32978030
   8  144    0     0.00000000     1.13524998
   8  145    0     0.00000000     1.11812625
   8  146    0     0.00000000     1.28150629
   8  147    0     0.00000000     1.17400257
   8  148    0     0.00000000     1.22639575
   8  149    0     0.00000000     1.33370192
   8  150    0     0.00000000     1.23035596
   8  151    0     0.00000000     1.31454450
   8  152    0     0.00000000     1.18645552
   8  153    0     0.00000000     1.35571447
   8  154    0     0.00000000     1.01644091
   8  155    0     0.00000000     1.19223224
   8  156    0     0.00000000     1.29986470
   8  157    0     0.00000000     1.38161578
   8  158    0     0.00000000     1.25914524
   8  159    0     0.00000000     1.15846222
   8  160    0     0.00000000     1.18158641
   8  161    0     0.00000000     1.24897517
   8  162    0     0.00000000     1.17985080
   8  163    0     0.00000000     1.29988561
   8  164    0     0.00000000     1.16795467
   8  165    0     0.00000000     1.20976446
   8  166    0     0.00000000     1.25003438
   8  167    0     0.00000000     1.27859725
   8  168    0     0.00000000     1.40725617
   8  169    0     0.00000000     1.28890072
   8  170    0     0.00000000     0.92301773
   8  171    0     0.00000000     0.94129252
   8  172    0     0.00000000     0.98041407
   8  173    0     0.00000000     0.94653608
   8  174    0     0.00000000     0.92858170
   8  175    0     0.00000000     1.08269548
   8  176    0     0.00000000     1.24366227
   8  177    0     0.00000000     1.21482443
   8  178    0     0.00000000     1.16701162
   8  179    0     0.00000000     1.25786316
   8  180    0     0.00000000     1.19757490
   8  181    0     0.00000000     1.24347686
   8  182    0     0.00000000     1.26768299
   8  183    0     0.00000000     1.26729735
   8  184    0     0.00000000     1.28424091
   8  185    0     0.00000000     1.26552004
   8  186    0     0.00000000     1.21558077
   8  187    0     0.00000000     1.30695425
   8  188    0     0.00000000     1.27423719
   8  189    0     0.00000000     1.31866665
   8  190    0     0.00000000     1.30527924
   8  191    0     0.00000000     1.26477591
   8  192    0     0.00000000     1.26019988
   8  193    0     0.00000000     1.32412990
   8  194    0     0.00000000     1.20027359
   8  195    0     0.00000000     1.28307118
   8  196    0     0.00000000     1.19397347
   8  197    0     0.00000000     1.23464285
   8  198    0     0.00000000     1.21129812
   8  199    0     0.00000000     1.20257895
   8  200    0     0.00000000     1.24384798
   8  201    0     0.00000000     1.22032554
   8  202    0     0.00000000     1.32371578
   8  203    0     0.00000000     1.46765986
   8  204    0     0.00000000     1.43262867
   8  205    0     0.00000000     1.30777502
   8  206    0     0.00000000     0.91289336
   8  207    0     0.00000000     1.36964454
   8  208    0     0.00000000     1.36221563
   8  209    0     0.00000000     1.39555190
   8  210    0     0.00000000     1.33518735
   8  211    0     0.00000000     1.39802807
   8  212    0     0.00000000     1.30858681
   8  213    0     0.00000000     1.34088335
   8  214    0     0.00000000     1.42452149
   8  215    0     0.00000000     1.40667959
   9    0    0     0.00000000     1.45126541
   9    1    0     0.00000000     1.56388449
   9    2    0     0.00000000     1.47125875
   9    3    0     0.00000000     1.45250025
   9    4    0     0.00000000     1.36982117
   9    5    0     0.00000000     1.45488221
   9    6    0     0.00000000     1.37338383
   9    7    0     0.00000000     1.39369254
   9    8    0     0.00000000     1.40154822
   9    9    0     0.00000000     1.31126207
   9   10    0     0.00000000     1.41545773
   9   11    0     0.00000000     1.29189133
   9   12    0     0.00000000     1.28652006
   9   13    0     0.00000000     1.31126263
   9   14    0     0.00000000     1.15590502
   9   15    0     0.00000000     1.33767058
   9   16    0     0.00000000     1.40991443
   9   17    0     0.00000000     1.34818693
   9   18    0     0.00000000     1.44502112
   9   19    0     0.00000000     1.32672624
   9   20    0     0.00000000     1.31496368
   9   21    0     0.00000000     1.24719348
   9   22    0     0.00000000     1.18606635
   9   23    0     0.00000000     1.35460601
   9   24    0     0.00000000     1.23459416
   9   25    0     0.00000000     1.18139113
   9   26    0     0.00000000     1.26741281
   9   27    0     0.00000000     1.37566358
   9   28    0     0.00000000     1.29181894
   9   29    0     0.00000000     1.24864987
   9   30    0     0.00000000     1.31688552
   9   31    0     0.00000000     1.29199370
   9   32    0     0.00000000     1.26798217
   9   33    0     0.00000000     2.06885921
   9   34    0     0.00000000     1.76978615
   9   35    0     0.00000000     1.25505935
   9   36    0     0.00000000     1.25985523
   9   37    0     0.00000000     1.25256981
   9   38    0     0.00000000     1.48693815
   9   39    0     0.00000000     1.29195695
   9   40    0     0.00000000     1.21140719
   9   41    0     0.00000000     1.55099562
   9   42    0     0.00000000     1.31976350
   9   43    0     0.00000000     1.25717525
   9   44    0     0.00000000     1.41964034
   9   45    0     0.00000000     1.30776643
   9   46    0     0.00000000     1.37336954
   9   47    0     0.00000000     1.32387046
   9   48    0     0.00000000     1.24824790
   9   49    0     0.00000000     1.43334539
   9   50    0     0.00000000     1.27896483
   9   51    0     0.00000000     1.33644457
   9   52    0     0.00000000     1.49842604
   9   53    0     0.00000000     1.35414706
   9   54    0     0.00000000     1.30393636
   9   55    0     0.00000000     1.33592315
   9   56    0     0.00000000     1.47776606
   9   57    0     0.00000000     1.63129678
   9   58    0     0.00000000     1.35746640
   9   59    0     0.00000000     1.50928848
   9   60    0     0.00000000     1.43869120
   9   61    0     0.00000000     1.15064703
   9   62    0     0.00000000     1.21995472
   9   63    0     0.00000000     1.29986146
   9   64    0     0.00000000     1.36321896
   9   65    0     0.00000000     1.30235625
   9   66    0     0.00000000     1.34968901
   9   67    0     0.00000000     1.39954730
   9   68    0     0.00000000     1.44457289
   9   69    0     0.00000000     1.40136063
   9   70    0     0.00000000     1.39640826
   9   71    0     0.00000000     1.38985466
   9   72    0     0.00000000     1.00000000
   9   73    0     0.00000000     1.00000000
   9   74    0     0.00000000     1.00000000
   9   75    0     0.00000000     1.00000000
   9   76    0     0.00000000     1.00000000
   9   77    0     0.00000000     1.00000000
   9   78    0     0.00000000     1.00000000
   9   79    0     0.00000000     1.00000000
   9   80    0     0.00000000     1.00000000
   9   81    0     0.00000000     1.00000000
   9   82    0     0.00000000     1.00000000
   9   83    0     0.00000000     1.00000000
   9   84    0     0.00000000     1.00000000
   9   85    0     0.00000000     1.00000000
   9   86    0     0.00000000     1.00000000
   9   87    0     0.00000000     1.00000000
   9   88    0     0.00000000     1.00000000
   9   89    0     0.00000000     1.00000000
   9   90    0     0.00000000     1.00000000
   9   91    0     0.00000000     1.00000000
   9   92    0     0.00000000     1.00000000
   9   93    0     0.00000000     1.00000000
   9   94    0     0.00000000     1.00000000
   9   95    0     0.00000000     1.00000000
   9   96    0     0.00000000     1.00000000
   9   97    0     0.00000000     1.00000000
   9   98    0     0.00000000     1.00000000
   9   99    0     0.00000000     1.00000000
   9  100    0     0.00000000     1.00000000
   9  101    0     0.00000000     1.00000000
   9  102    0     0.00000000     1.00000000
   9  103    0     0.00000000     1.00000000
   9  104    0     0.00000000     1.00000000
   9  105    0     0.00000000     1.00000000
   9  106    0     0.00000000     1.00000000
   9  107    0     0.00000000     1.00000000
   9  108    0     0.00000000     1.28805361
   9  109    0     0.00000000     1.31277478
   9  110    0     0.00000000     1.30141089
   9  111    0     0.00000000     1.35592010
   9  112    0     0.00000000     1.29224330
   9  113    0     0.00000000     1.24624579
   9  114    0     0.00000000     1.25556639
   9  115    0     0.00000000     1.28754773
   9  116    0     0.00000000     1.22731399
   9  117    0     0.00000000     1.20515491
   9  118    0     0.00000000     1.19934392
   9  119    0     0.00000000     1.31579543
   9  120    0     0.00000000     1.30063577
   9  121    0     0.00000000     1.39055379
   9  122    0     0.00000000     1.31095856
   9  123    0     0.00000000     1.38398321
   9  124    0     0.00000000     1.36809622
   9  125    0     0.00000000     1.44052572
   9  126    0     0.00000000     1.36606963
   9  127    0     0.00000000     1.38727356
   9  128    0     0.00000000     1.38166811
   9  129    0     0.00000000     1.39781292
   9  130    0     0.00000000     1.44776810
   9  131    0     0.00000000     1.39074716
   9  132    0     0.00000000     1.00000000
   9  133    0     0.00000000     1.00000000
   9  134    0     0.00000000     1.00000000
   9  135    0     0.00000000     1.00000000
   9  136    0     0.00000000     1.00000000
   9  137    0     0.00000000     1.00000000
   9  138    0     0.00000000     1.00000000
   9  139    0     0.00000000     1.00000000
   9  140    0     0.00000000     1.00000000
   9  141    0     0.00000000     1.00000000
   9  142    0     0.00000000     1.00000000
   9  143    0     0.00000000     1.00000000
   9  144    0     0.00000000     1.00000000
   9  145    0     0.00000000     1.00000000
   9  146    0     0.00000000     1.00000000
   9  147    0     0.00000000     1.00000000
   9  148    0     0.00000000     1.00000000
   9  149    0     0.00000000     1.00000000
   9  150    0     0.00000000     1.00000000
   9  151    0     0.00000000     1.00000000
   9  152    0     0.00000000     1.00000000
   9  153    0     0.00000000     1.00000000
   9  154    0     0.00000000     1.00000000
   9  155    0     0.00000000     1.00000000
   9  156    0     0.00000000     1.00000000
   9  157    0     0.00000000     1.00000000
   9  158    0     0.00000000     1.00000000
   9  159    0     0.00000000     1.00000000
   9  160    0     0.00000000     1.00000000
   9  161    0     0.00000000     1.00000000
   9  162    0     0.00000000     1.00000000
   9  163    0     0.00000000     1.00000000
   9  164    0     0.00000000     1.00000000
   9  165    0     0.00000000     1.00000000
   9  166    0     0.00000000     1.00000000
   9  167    0     0.00000000     1.00000000
   9  168    0     0.00000000     1.29862082
   9  169    0     0.00000000     1.55100133
   9  170    0     0.00000000     1.19488964
   9  171    0     0.00000000     1.38173606
   9  172    0     0.00000000     1.47577379
   9  173    0     0.00000000     1.35261027
   9  174    0     0.00000000     1.27629042
   9  175    0     0.00000000     1.37850494
   9  176    0     0.00000000     1.27524066
   9  177    0     0.00000000     1.37919997
   9  178    0     0.00000000     1.36279210
   9  179    0     0.00000000     1.27393975
   9  180    0     0.00000000     1.33228246
   9  181    0     0.00000000     1.30914166
   9  182    0     0.00000000     1.34126333
   9  183    0     0.00000000     1.43732383
   9  184    0     0.00000000     1.31408355
   9  185    0     0.00000000     1.57834594
   9  186    0     0.00000000     1.34392575
   9  187    0     0.00000000     1.46385806
   9  188    0     0.00000000     1.38482487
   9  189    0     0.00000000     1.33003481
   9  190    0     0.00000000     1.23282428
   9  191    0     0.00000000     1.34795503
   9  192    0     0.00000000     1.46493894
   9  193    0     0.00000000     1.34273139
   9  194    0     0.00000000     1.36013040
   9  195    0     0.00000000     1.46676511
   9  196    0     0.00000000     1.28059575
   9  197    0     0.00000000     1.43596872
   9  198    0     0.00000000     1.21451189
   9  199    0     0.00000000     1.31200374
   9  200    0     0.00000000     1.30753249
   9  201    0     0.00000000     1.43500194
   9  202    0     0.00000000     1.27225836
   9  203    0     0.00000000     1.49217581
   9  204    0     0.00000000     1.31043056
   9  205    0     0.00000000     1.40157178
   9  206    0     0.00000000     1.32421248
   9  207    0     0.00000000     1.40305935
   9  208    0     0.00000000     1.32548176
   9  209    0     0.00000000     1.46701389
   9  210    0     0.00000000     1.38702344
   9  211    0     0.00000000     1.37924228
   9  212    0     0.00000000     1.25018985
   9  213    0     0.00000000     1.44854083
   9  214    0     0.00000000     1.35744880
   9  215    0     0.00000000     1.37479618
   9  216    0     0.00000000     1.43325694
   9  217    0     0.00000000     1.42142636
   9  218    0     0.00000000     1.42992153
   9  219    0     0.00000000     1.48621512
   9  220    0     0.00000000     1.42093828
   9  221    0     0.00000000     1.42150009
   9  222    0     0.00000000     1.31820565
   9  223    0     0.00000000     1.35876082
   9  224    0     0.00000000     1.25971677
   9  225    0     0.00000000     1.31782325
   9  226    0     0.00000000     1.35991989
   9  227    0     0.00000000     1.47455058
   9  228    0     0.00000000     1.52561220
   9  229    0     0.00000000     1.50196876
   9  230    0     0.00000000     1.44305673
   9  231    0     0.00000000     1.43605114
   9  232    0     0.00000000     1.54048315
   9  233    0     0.00000000     2.10037028
   9  234    0     0.00000000     1.47778826
   9  235    0     0.00000000     1.62139294
   9  236    0     0.00000000     1.49317292
   9  237    0     0.00000000     1.56536313
   9  238    0     0.00000000     1.46996017
   9  239    0     0.00000000     1.54527135
  10    0    0     0.00000000     1.18331790
  10    1    0     0.00000000     1.33587635
  10    2    0     0.00000000     1.09900723
  10    3    0     0.00000000     1.10447654
  10    4    0     0.00000000     1.28731811
  10    5    0     0.00000000     1.14700929
  10    6    0     0.00000000     1.13047379
  10    7    0     0.00000000     0.97691072
  10    8    0     0.00000000     1.03244112
  10    9    0     0.00000000     1.12568741
  10   10    0     0.00000000     1.22595775
  10   11    0     0.00000000     1.16095902
  10   12    0     0.00000000     1.15538394
  10   13    0     0.00000000     1.10541360
  10   14    0     0.00000000     1.22425291
  10   15    0     0.00000000     1.53388697
  10   16    0     0.00000000     1.26636436
  10   17    0     0.00000000     0.91583995
  10   18    0     0.00000000     1.01531206
  10   19    0     0.00000000     1.20754196
  10   20    0     0.00000000     1.00907137
  10   21    0     0.00000000     1.19807795
  10   22    0     0.00000000     1.02409571
  10   23    0     0.00000000     1.15917410
  10   24    0     0.00000000     1.13775139
  10   25    0     0.00000000     1.11019070
  10   26    0     0.00000000     1.16987725
  10   27    0     0.00000000     0.98368550
  10   28    0     0.00000000     1.14109434
  10   29    0     0.00000000     1.13999082
  10   30    0     0.00000000     1.21500653
  10   31    0     0.00000000     1.28486069
  10   32    0     0.00000000     1.12529241
  10   33    0     0.00000000     1.18756125
  10   34    0     0.00000000     1.13798741
  10   35    0     0.00000000     1.10241313
  10   36    0     0.00000000     1.14636730
  10   37    0     0.00000000     1.33862282
  10   38    0     0.00000000     0.89960647
  10   39    0     0.00000000     1.10064837
  10   40    0     0.00000000     0.86996821
  10   41    0     0.00000000     1.02976944
  10   42    0     0.00000000     0.84465223
  10   43    0     0.00000000     0.96907662
  10   44    0     0.00000000     0.91578945
  10   45    0     0.00000000     1.05431988
  10   46    0     0.00000000     0.90177671
  10   47    0     0.00000000     1.17517804
  10   48    0     0.00000000     1.09408073
  10   49    0     0.00000000     1.00000000
  10   50    0     0.00000000     1.00000000
  10   51    0     0.00000000     1.00000000
  10   52    0     0.00000000     1.00000000
  10   53    0     0.00000000     1.00000000
  10   54    0     0.00000000     1.00000000
  10   55    0     0.00000000     1.00000000
  10   56    0     0.00000000     1.00000000
  10   57    0     0.00000000     1.00000000
  10   58    0     0.00000000     1.00000000
  10   59    0     0.00000000     1.00000000
  10   60    0     0.00000000     1.00000000
  10   61    0     0.00000000     1.00000000
  10   62    0     0.00000000     1.00000000
  10   63    0     0.00000000     1.00000000
  10   64    0     0.00000000     1.00000000
  10   65    0     0.00000000     1.00000000
  10   66    0     0.00000000     1.00000000
  10   67    0     0.00000000     1.00000000
  10   68    0     0.00000000     1.00000000
  10   69    0     0.00000000     1.00000000
  10   70    0     0.00000000     1.00000000
  10   71    0     0.00000000     1.00000000
  10   72    0     0.00000000     1.00000000
  10   73    0     0.00000000     1.00000000
  10   74    0     0.00000000     1.00000000
  10   75    0     0.00000000     1.00000000
  10   76    0     0.00000000     1.00000000
  10   77    0     0.00000000     1.00000000
  10   78    0     0.00000000     1.00000000
  10   79    0     0.00000000     1.00000000
  10   80    0     0.00000000     1.00000000
  10   81    0     0.00000000     1.00000000
  10   82    0     0.00000000     1.00000000
  10   83    0     0.00000000     1.00000000
  10   84    0     0.00000000     1.00000000
  10   85    0     0.00000000     1.00000000
  10   86    0     0.00000000     1.00000000
  10   87    0     0.00000000     1.00000000
  10   88    0     0.00000000     1.00000000
  10   89    0     0.00000000     1.00000000
  10   90    0     0.00000000     1.00000000
  10   91    0     0.00000000     1.00000000
  10   92    0     0.00000000     1.00000000
  10   93    0     0.00000000     1.00000000
  10   94    0     0.00000000     1.00000000
  10   95    0     0.00000000     1.00000000
  10   96    0     0.00000000     1.00000000
  10   97    0     0.00000000     1.00000000
  10   98    0     0.00000000     1.13243387
  10   99    0     0.00000000     1.12852514
  10  100    0     0.00000000     1.19693112
  10  101    0     0.00000000     1.13815717
  10  102    0     0.00000000     1.14329997
  10  103    0     0.00000000     1.14077282
  10  104    0     0.00000000     1.19245965
  10  105    0     0.00000000     1.12734920
  10  106    0     0.00000000     1.07716521
  10  107    0     0.00000000     1.18208075
  10  108    0     0.00000000     1.05866103
  10  109    0     0.00000000     1.16508042
  10  110    0     0.00000000     1.00000000
  10  111    0     0.00000000     1.00000000
  10  112    0     0.00000000     1.00000000
  10  113    0     0.00000000     1.00000000
  10  114    0     0.00000000     1.00000000
  10  115    0     0.00000000     1.00000000
  10  116    0     0.00000000     1.00000000
  10  117    0     0.00000000     1.00000000
  10  118    0     0.00000000     1.00000000
  10  119    0     0.00000000     1.00000000
  10  120    0     0.00000000     1.00000000
  10  121    0     0.00000000     1.00000000
  10  122    0     0.00000000     1.00000000
  10  123    0     0.00000000     1.00000000
  10  124    0     0.00000000     1.00000000
  10  125    0     0.00000000     1.00000000
  10  126    0     0.00000000     1.00000000
  10  127    0     0.00000000     1.00000000
  10  128    0     0.00000000     1.00000000
  10  129    0     0.00000000     1.00000000
  10  130    0     0.00000000     1.00000000
  10  131    0     0.00000000     1.00000000
  10  132    0     0.00000000     1.00000000
  10  133    0     0.00000000     1.00000000
  10  134    0     0.00000000     1.00000000
  10  135    0     0.00000000     1.00000000
  10  136    0     0.00000000     1.00000000
  10  137    0     0.00000000     1.00000000
  10  138    0     0.00000000     1.00000000
  10  139    0     0.00000000     1.00000000
  10  140    0     0.00000000     1.00000000
  10  141    0     0.00000000     1.00000000
  10  142    0     0.00000000     1.00000000
  10  143    0     0.00000000     1.00000000
  10  144    0     0.00000000     1.00000000
  10  145    0     0.00000000     1.00000000
  10  146    0     0.00000000     1.00000000
  10  147    0     0.00000000     1.00000000
  10  148    0     0.00000000     1.00000000
  10  149    0     0.00000000     1.00000000
  10  150    0     0.00000000     1.00000000
  10  151    0     0.00000000     1.00000000
  10  152    0     0.00000000     1.00000000
  10  153    0     0.00000000     1.00000000
  10  154    0     0.00000000     1.00000000
  10  155    0     0.00000000     1.00000000
  10  156    0     0.00000000     1.00000000
  10  157    0     0.00000000     1.00000000
  10  158    0     0.00000000     1.00000000
  10  159    0     0.00000000     0.92615958
  10  160    0     0.00000000     1.01777910
  10  161    0     0.00000000     1.01801791
  10  162    0     0.00000000     1.01325875
  10  163    0     0.00000000     1.25881906
  10  164    0     0.00000000     1.26065607
  10  165    0     0.00000000     0.89975706
  10  166    0     0.00000000     0.91665988
  10  167    0     0.00000000     0.89321300
  10  168    0     0.00000000     0.87360023
  10  169    0     0.00000000     0.90708376
  10  170    0     0.00000000     1.01348089
  10  171    0     0.00000000     1.01904465
  10  172    0     0.00000000     0.99904844
  10  173    0     0.00000000     1.11382358
  10  174    0     0.00000000     0.97844809
  10  175    0     0.00000000     1.08318362
  10  176    0     0.00000000     0.99567944
  10  177    0     0.00000000     1.08216410
  10  178    0     0.00000000     1.04071646
  10  179    0     0.00000000     1.14301077
  10  180    0     0.00000000     1.05722551
  10  181    0     0.00000000     1.19678705
  10  182    0     0.00000000     0.96157330
  10  183    0     0.00000000     1.05930284
  10  184    0     0.00000000     1.02032431
  10  185    0     0.00000000     1.10517635
  10  186    0     0.00000000     0.98638311
  10  187    0     0.00000000     1.11449174
  10  188    0     0.00000000     1.05570792
  10  189    0     0.00000000     1.16695537
  10  190    0     0.00000000     1.11337292
  10  191    0     0.00000000     1.13322086
  10  192    0     0.00000000     1.13210554
  10  193    0     0.00000000     1.14143196
  10  194    0     0.00000000     1.11879381
  10  195    0     0.00000000     1.14362676
  10  196    0     0.00000000     1.06025285
  10  197    0     0.00000000     1.08900685
  10  198    0     0.00000000     1.02911239
  10  199    0     0.00000000     1.10976941
  10  200    0     0.00000000     1.13948407
  10  201    0     0.00000000     1.15609468
  10  202    0     0.00000000     1.10978550
  10  203    0     0.00000000     1.02062910
  10  204    0     0.00000000     1.02705594
  10  205    0     0.00000000     0.95747286
  10  206    0     0.00000000     1.01724762
  10  207    0     0.00000000     1.01848472
  11    0    0     0.00000000     0.95837248
  11    1    0     0.00000000     1.04891992
  11    2    0     0.00000000     0.86788687
  11    3    0     0.00000000     1.12754731
  11    4    0     0.00000000     1.15492849
  11    5    0     0.00000000     0.81838150
  11    6    0     0.00000000     0.90867255
  11    7    0     0.00000000     1.01997661
  11    8    0     0.00000000     0.92787188
  11    9    0     0.00000000     0.87687251
  11   10    0     0.00000000     0.77186233
  11   11    0     0.00000000     0.93062518
  11   12    0     0.00000000     0.99038288
  11   13    0     0.00000000     1.05984922
  11   14    0     0.00000000     0.96219839
  11   15    0     0.00000000     1.09547937
  11   16    0     0.00000000     0.91468547
  11   17    0     0.00000000     1.09208325
  11   18    0     0.00000000     0.83798495
  11   19    0     0.00000000     1.01143178
  11   20    0     0.00000000     0.97232366
  11   21    0     0.00000000     1.11915529
  11   22    0     0.00000000     1.06667761
  11   23    0     0.00000000     1.56039179
  11   24    0     0.00000000     1.17023744
  11   25    0     0.00000000     1.00801017
  11   26    0     0.00000000     1.07057089
  11   27    0     0.00000000     1.18620881
  11   28    0     0.00000000     1.14014549
  11   29    0     0.00000000     1.11765588
  11   30    0     0.00000000     1.63115710
  11   31    0     0.00000000     1.02405939
  11   32    0     0.00000000     1.11117434
  11   33    0     0.00000000     1.02735134
  11   34    0     0.00000000     0.99895172
  11   35    0     0.00000000     0.84335321
  11   36    0     0.00000000     1.06200968
  11   37    0     0.00000000     0.77978537
  11   38    0     0.00000000     0.88853264
  11   39    0     0.00000000     1.11333236
  11   40    0     0.00000000     1.82814747
  11   41    0     0.00000000     1.04819436
  11   42    0     0.00000000     1.00000000
  11   43    0     0.00000000     1.00000000
  11   44    0     0.00000000     1.00000000
  11   45    0     0.00000000     1.00000000
  11   46    0     0.00000000     1.00000000
  11   47    0     0.00000000     1.00000000
  11   48    0     0.00000000     1.00000000
  11   49    0     0.00000000     1.00000000
  11   50    0     0.00000000     1.00000000
  11   51    0     0.00000000     1.00000000
  11   52    0     0.00000000     1.00000000
  11   53    0     0.00000000     1.00000000
  11   54    0     0.00000000     1.00000000
  11   55    0     0.00000000     1.00000000
  11   56    0     0.00000000     1.00774629
  11   57    0     0.00000000     1.12622878
  11   58    0     0.00000000     1.26663871
  11   59    0     0.00000000     1.39092629
  11   60    0     0.00000000     1.30152176
  11   61    0     0.00000000     1.23565900
  11   62    0     0.00000000     1.31886622
  11   63    0     0.00000000     1.19432645
  11   64    0     0.00000000     1.34731231
  11   65    0     0.00000000     1.22161168
  11   66    0     0.00000000     1.31808811
  11   67    0     0.00000000     1.29486979
  11   68    0     0.00000000     1.21685734
  11   69    0     0.00000000     1.35167251
  11   70    0     0.00000000     1.32619542
  11   71    0     0.00000000     1.29539377
  11   72    0     0.00000000     1.25982115
  11   73    0     0.00000000     1.22254046
  11   74    0     0.00000000     1.24502888
  11   75    0     0.00000000     1.23065964
  11   76    0     0.00000000     1.36660917
  11   77    0     0.00000000     1.24374574
  11   78    0     0.00000000     2.39685899
  11   79    0     0.00000000     1.32254319
  11   80    0     0.00000000     1.30290481
  11   81    0     0.00000000     1.28882403
  11   82    0     0.00000000     1.26005572
  11   83    0     0.00000000     1.28117275
  11   84    0     0.00000000     1.26084763
  11   85    0     0.00000000     1.36906286
  11   86    0     0.00000000     1.17797723
  11   87    0     0.00000000     1.22890537
  11   88    0     0.00000000     1.16988620
  11   89    0     0.00000000     1.15334303
  11   90    0     0.00000000     1.20113777
  11   91    0     0.00000000     1.17786304
  11   92    0     0.00000000     1.36100738
  11   93    0     0.00000000     1.32065196
  11   94    0     0.00000000     1.00000000
  11   95    0     0.00000000     1.00000000
  11   96    0     0.00000000     1.00000000
  11   97    0     0.00000000     1.00000000
  11   98    0     0.00000000     1.00000000
  11   99    0     0.00000000     1.00000000
  11  100    0     0.00000000     1.00000000
  11  101    0     0.00000000     1.00000000
  11  102    0     0.00000000     1.00000000
  11  103    0     0.00000000     1.00000000
  11  104    0     0.00000000     1.00000000
  11  105    0     0.00000000     1.00000000
  11  106    0     0.00000000     1.00000000
  11  107    0     0.00000000     1.00000000
  11  108    0     0.00000000     1.11343654
  11  109    0     0.00000000     1.11896150
  11  110    0     0.00000000     1.00000000
  11  111    0     0.00000000     1.00000000
  11  112    0     0.00000000     1.00000000
  11  113    0     0.00000000     1.00000000
  11  114    0     0.00000000     1.00000000
  11  115    0     0.00000000     1.00000000
  11  116    0     0.00000000     1.00000000
  11  117    0     0.00000000     1.00000000
  11  118    0     0.00000000     1.00000000
  11  119    0     0.00000000     1.00000000
  11  120    0     0.00000000     1.00000000
  11  121    0     0.00000000     1.00000000
  11  122    0     0.00000000     1.00000000
  11  123    0     0.00000000     1.00000000
  11  124    0     0.00000000     0.86169509
  11  125    0     0.00000000     0.79532210
  11  126    0     0.00000000     0.81254789
  11  127    0     0.00000000     0.83165707
  11  128    0     0.00000000     0.86651438
  11  129    0     0.00000000     0.85559237
  11  130    0     0.00000000     0.86380807
  11  131    0     0.00000000     0.83996354
  11  132    0     0.00000000     0.85625732
  11  133    0     0.00000000     0.85398109
  11  134    0     0.00000000     0.89514578
  11  135    0     0.00000000     0.89862685
  11  136    0     0.00000000     0.90648753
  11  137    0     0.00000000     0.94331927
  11  138    0     0.00000000     0.94005084
  11  139    0     0.00000000     0.93674462
  11  140    0     0.00000000     0.96059158
  11  141    0     0.00000000     0.93930261
  11  142    0     0.00000000     0.93789254
  11  143    0     0.00000000     0.92812055
  11  144    0     0.00000000     0.91901882
  11  145    0     0.00000000     0.94873799
  11  146    0     0.00000000     0.89025280
  11  147    0     0.00000000     0.90810353
  11  148    0     0.00000000     0.88712725
  11  149    0     0.00000000     0.86117044
  11  150    0     0.00000000     0.85175466
  11  151    0     0.00000000     0.83793362
  11  152    0     0.00000000     0.81285528
  11  153    0     0.00000000     0.81263001
  11  154    0     0.00000000     0.76633465
  11  155    0     0.00000000     0.82608749
  11  156    0     0.00000000     0.84933221
  11  157    0     0.00000000     0.88199594
  11  158    0     0.00000000     0.83587734
  11  159    0     0.00000000     0.81834245
  11  160    0     0.00000000     0.85310683
  11  161    0     0.00000000     0.95357484
  11  162    0     0.00000000     1.00000000
  11  163    0     0.00000000     1.00000000
  11  164    0     0.00000000     1.00000000
  11  165    0     0.00000000     1.00000000
  11  166    0     0.00000000     1.00000000
  11  167    0     0.00000000     1.00000000
  11  168    0     0.00000000     1.00000000
  11  169    0     0.00000000     1.00000000
  11  170    0     0.00000000     1.00000000
  11  171    0     0.00000000     1.00000000
  11  172    0     0.00000000     1.00000000
  11  173    0     0.00000000     1.00000000
  11  174    0     0.00000000     1.00000000
  11  175    0     0.00000000     1.00000000
  11  176    0     0.00000000     0.98057762
  11  177    0     0.00000000     0.86377241
  11  178    0     0.00000000     1.00264589
  11  179    0     0.00000000     1.00610747
  11  180    0     0.00000000     0.97348551
  11  181    0     0.00000000     0.95937300
  11  182    0     0.00000000     0.94391028
  11  183    0     0.00000000     0.94538333
  11  184    0     0.00000000     1.06632149
  11  185    0     0.00000000     1.13121347
  11  186    0     0.00000000     1.08340996
  11  187    0     0.00000000     1.07310697
  11  188    0     0.00000000     1.06241307
  11  189    0     0.00000000     1.09396431
  11  190    0     0.00000000     1.03946723
  11  191    0     0.00000000     1.06398964
  11  192    0     0.00000000     1.09170217
  11  193    0     0.00000000     1.11746635
  11  194    0     0.00000000     1.10064597
  11  195    0     0.00000000     1.07336653
  11  196    0     0.00000000     1.05800048
  11  197    0     0.00000000     1.07423116
  11  198    0     0.00000000     1.05462559
  11  199    0     0.00000000     1.05167290
  11  200    0     0.00000000     1.10840906
  11  201    0     0.00000000     1.08127100
  11  202    0     0.00000000     1.11546485
  11  203    0     0.00000000     1.14513300
  11  204    0     0.00000000     1.14976767
  11  205    0     0.00000000     1.14919815
  11  206    0     0.00000000     1.07704369
  11  207    0     0.00000000     1.21711788
  11  208    0     0.00000000     1.11323438
  11  209    0     0.00000000     1.10718926
  11  210    0     0.00000000     1.08881762
  11  211    0     0.00000000     1.13069708
  11  212    0     0.00000000     1.07518464
  11  213    0     0.00000000     1.11292506
  11  214    0     0.00000000     1.10380606
  11  215    0     0.00000000     1.06866663
  11  216    0     0.00000000     1.16835684
  11  217    0     0.00000000     1.11869383
  12    0    0     0.00000000     1.00216626
  12    1    0     0.00000000     0.96432666
  12    2    0     0.00000000     0.92859138
  12    3    0     0.00000000     1.21935128
  12    4    0     0.00000000     0.94555758
  12    5    0     0.00000000     1.05023501
  12    6    0     0.00000000     0.88154412
  12    7    0     0.00000000     1.06544601
  12    8    0     0.00000000     1.13690768
  12    9    0     0.00000000     1.04562236
  12   10    0     0.00000000     1.36807266
  12   11    0     0.00000000     1.09346202
  12   12    0     0.00000000     1.02528052
  12   13    0     0.00000000     1.00438116
  12   14    0     0.00000000     0.80284678
  12   15    0     0.00000000     1.19888569
  12   16    0     0.00000000     1.15309020
  12   17    0     0.00000000     1.23114133
  12   18    0     0.00000000     0.99180752
  12   19    0     0.00000000     1.11154213
  12   20    0     0.00000000     1.23397130
  12   21    0     0.00000000     1.13209963
  12   22    0     0.00000000     1.50269633
  12   23    0     0.00000000     1.08316340
  12   24    0     0.00000000     1.11909805
  12   25    0     0.00000000     1.07256878
  12   26    0     0.00000000     1.06480716
  12   27    0     0.00000000     1.11698882
  12   28    0     0.00000000     1.04784471
  12   29    0     0.00000000     0.92746181
  12   30    0     0.00000000     1.01077081
  12   31    0     0.00000000     1.06932000
  12   32    0     0.00000000     0.95264800
  12   33    0     0.00000000     0.88292102
  12   34    0     0.00000000     0.86759280
  12   35    0     0.00000000     1.78941474
  12   36    0     0.00000000     1.00000000
  12   37    0     0.00000000     1.00000000
  12   38    0     0.00000000     1.00000000
  12   39    0     0.00000000     1.00000000
  12   40    0     0.00000000     1.00000000
  12   41    0     0.00000000     1.00000000
  12   42    0     0.00000000     1.00000000
  12   43    0     0.00000000     1.00000000
  12   44    0     0.00000000     1.00000000
  12   45    0     0.00000000     1.00000000
  12   46    0     0.00000000     1.00000000
  12   47    0     0.00000000     1.00000000
  12   48    0     0.00000000     1.93140576
  12   49    0     0.00000000     1.15326109
  12   50    0     0.00000000     1.35412824
  12   51    0     0.00000000     1.23474290
  12   52    0     0.00000000     1.31954324
  12   53    0     0.00000000     1.24156596
  12   54    0     0.00000000     1.44341957
  12   55    0     0.00000000     1.42591566
  12   56    0     0.00000000     1.34489942
  12   57    0     0.00000000     1.29915551
  12   58    0     0.00000000     1.25124041
  12   59    0     0.00000000     1.37905872
  12   60    0     0.00000000     1.33007404
  12   61    0     0.00000000     1.25634354
  12   62    0     0.00000000     1.34445070
  12   63    0     0.00000000     1.35635412
  12   64    0     0.00000000     1.33828141
  12   65    0     0.00000000     1.30268173
  12   66    0     0.00000000     1.22379113
  12   67    0     0.00000000     1.33829992
  12   68    0     0.00000000     1.11019249
  12   69    0     0.00000000     1.33692498
  12   70    0     0.00000000     1.19696774
  12   71    0     0.00000000     1.19928351
  12   72    0     0.00000000     1.45112291
  12   73    0     0.00000000     1.19718708
  12   74    0     0.00000000     1.38090472
  12   75    0     0.00000000     1.24333418
  12   76    0     0.00000000     1.43769519
  12   77    0     0.00000000     1.26173762
  12   78    0     0.00000000     1.33868800
  12   79    0     0.00000000     1.27849935
  12   80    0     0.00000000     1.21851370
  12   81    0     0.00000000     1.46961582
  12   82    0     0.00000000     1.35993568
  12   83    0     0.00000000     1.28728151
  12   84    0     0.00000000     1.20754270
  12   85    0     0.00000000     1.29236471
  12   86    0     0.00000000     1.21045836
  12   87    0     0.00000000     1.31547120
  12   88    0     0.00000000     1.30371360
  12   89    0     0.00000000     1.22754014
  12   90    0     0.00000000     1.29366906
  12   91    0     0.00000000     1.20546928
  12   92    0     0.00000000     1.21612471
  12   93    0     0.00000000     1.19983346
  12   94    0     0.00000000     1.26448920
  12   95    0     0.00000000     1.37381669
  12   96    0     0.00000000     1.37933829
  12   97    0     0.00000000     1.28048488
  12   98    0     0.00000000     1.26097410
  12   99    0     0.00000000     1.28323585
  12  100    0     0.00000000     1.29026128
  12  101    0     0.00000000     1.33165641
  12  102    0     0.00000000     1.29187459
  12  103    0     0.00000000     1.34706565
  12  104    0     0.00000000     1.34474026
  12  105    0     0.00000000     1.34565036
  12  106    0     0.00000000     1.00000000
  12  107    0     0.00000000     1.00000000
  12  108    0     0.00000000     1.00000000
  12  109    0     0.00000000     1.00000000
  12  110    0     0.00000000     1.00000000
  12  111    0     0.00000000     1.00000000
  12  112    0     0.00000000     1.00000000
  12  113    0     0.00000000     1.00000000
  12  114    0     0.00000000     1.00000000
  12  115    0     0.00000000     1.00000000
  12  116    0     0.00000000     1.00000000
  12  117    0     0.00000000     1.00000000
  12  118    0     0.00000000     1.00000000
  12  119    0     0.00000000     1.00000000
  12  120    0     0.00000000     1.00000000
  12  121    0     0.00000000     1.00000000
  12  122    0     0.00000000     1.00000000
  12  123    0     0.00000000     1.00000000
  12  124    0     0.00000000     0.75946243
  12  125    0     0.00000000     0.83244295
  12  126    0     0.00000000     0.85491414
  12  127    0     0.00000000     0.85260001
  12  128    0     0.00000000     0.83711186
  12  129    0     0.00000000     0.83522959
  12  130    0     0.00000000     0.81464050
  12  131    0     0.00000000     0.87717315
  12  132    0     0.00000000     0.90269058
  12  133    0     0.00000000     0.88549243
  12  134    0     0.00000000     0.90291644
  12  135    0     0.00000000     0.91518557
  12  136    0     0.00000000     0.92546001
  12  137    0     0.00000000     0.93416079
  12  138    0     0.00000000     0.94550754
  12  139    0     0.00000000     0.97013781
  12  140    0     0.00000000     0.92230440
  12  141    0     0.00000000     0.92553213
  12  142    0     0.00000000     0.91039079
  12  143    0     0.00000000     0.94550765
  12  144    0     0.00000000     0.92949612
  12  145    0     0.00000000     0.91968478
  12  146    0     0.00000000     0.85438460
  12  147    0     0.00000000     0.87565692
  12  148    0     0.00000000     0.84365317
  12  149    0     0.00000000     0.85696152
  12  150    0     0.00000000     0.84696725
  12  151    0     0.00000000     0.84561014
  12  152    0     0.00000000     0.82220097
  12  153    0     0.00000000     0.81372786
  12  154    0     0.00000000     0.78783898
  12  155    0     0.00000000     0.79947106
  12  156    0     0.00000000     0.82657760
  12  157    0     0.00000000     0.82625752
  12  158    0     0.00000000     0.84369669
  12  159    0     0.00000000     0.84901289
  12  160    0     0.00000000     0.86572738
  12  161    0     0.00000000     0.89425326
  12  162    0     0.00000000     0.86648596
  12  163    0     0.00000000     0.86817185
  12  164    0     0.00000000     0.87176898
  12  165    0     0.00000000     0.90931666
  12  166    0     0.00000000     0.90634180
  12  167    0     0.00000000     0.90907006
  12  168    0     0.00000000     0.95122697
  12  169    0     0.00000000     0.91364787
  12  170    0     0.00000000     0.94873452
  12  171    0     0.00000000     0.91326836
  12  172    0     0.00000000     0.92271983
  12  173    0     0.00000000     0.96825423
  12  174    0     0.00000000     0.85515095
  12  175    0     0.00000000     0.87497640
  12  176    0     0.00000000     0.82403849
  12  177    0     0.00000000     0.87657230
  12  178    0     0.00000000     0.87596427
  12  179    0     0.00000000     0.92714780
  12  180    0     0.00000000     0.87637015
  12  181    0     0.00000000     0.98957195
  12  182    0     0.00000000     1.00000000
  12  183    0     0.00000000     1.00000000
  12  184    0     0.00000000     1.00000000
  12  185    0     0.00000000     1.00000000
  12  186    0     0.00000000     1.00000000
  12  187    0     0.00000000     1.00000000
  12  188    0     0.00000000     1.00000000
  12  189    0     0.00000000     1.00000000
  12  190    0     0.00000000     1.00000000
  12  191    0     0.00000000     1.00000000
  12  192    0     0.00000000     1.00000000
  12  193    0     0.00000000     1.00000000
  12  194    0     0.00000000     0.92985648
  12  195    0     0.00000000     0.99904798
  12  196    0     0.00000000     0.95286283
  12  197    0     0.00000000     1.03682462
  12  198    0     0.00000000     0.82668378
  12  199    0     0.00000000     1.00235024
  12  200    0     0.00000000     1.04922205
  12  201    0     0.00000000     1.11760577
  12  202    0     0.00000000     0.99360439
  12  203    0     0.00000000     1.04442665
  12  204    0     0.00000000     1.09939275
  12  205    0     0.00000000     1.07624888
  12  206    0     0.00000000     1.01079245
  12  207    0     0.00000000     1.01688441
  12  208    0     0.00000000     0.91162994
  12  209    0     0.00000000     1.03045235
  12  210    0     0.00000000     1.05312883
  12  211    0     0.00000000     1.07096132
  12  212    0     0.00000000     1.06505228
  12  213    0     0.00000000     1.12537435
  12  214    0     0.00000000     1.04421384
  12  215    0     0.00000000     1.10924987
  12  216    0     0.00000000     1.04680013
  12  217    0     0.00000000     1.07284677
  12  218    0     0.00000000     1.05164791
  12  219    0     0.00000000     1.08993406
  12  220    0     0.00000000     1.10610887
  12  221    0     0.00000000     1.09306132
  12  222    0     0.00000000     1.18029248
  12  223    0     0.00000000     1.14291946
  12  224    0     0.00000000     1.06199613
  12  225    0     0.00000000     1.20740839
  12  226    0     0.00000000     1.04420148
  12  227    0     0.00000000     1.08321081
  12  228    0     0.00000000     1.02351179
  12  229    0     0.00000000     1.12891586
  13    0    0     0.00000000     1.26779586
  13    1    0     0.00000000     1.12590641
  13    2    0     0.00000000     1.28742319
  13    3    0     0.00000000     1.47308503
  13    4    0     0.00000000     1.03728244
  13    5    0     0.00000000     1.23836066
  13    6    0     0.00000000     1.13179668
  13    7    0     0.00000000     0.99630088
  13    8    0     0.00000000     0.91943553
  13    9    0     0.00000000     1.08289341
  13   10    0     0.00000000     1.12511425
  13   11    0     0.00000000     1.87839650
  13   12    0     0.00000000     1.03852591
  13   13    0     0.00000000     1.01384541
  13   14    0     0.00000000     1.26937847
  13   15    0     0.00000000     1.03555828
  13   16    0     0.00000000     1.07530604
  13   17    0     0.00000000     1.00000000
  13   18    0     0.00000000     1.00000000
  13   19    0     0.00000000     1.00000000
  13   20    0     0.00000000     1.00000000
  13   21    0     0.00000000     1.00000000
  13   22    0     0.00000000     1.00000000
  13   23    0     0.00000000     1.00000000
  13   24    0     0.00000000     1.00000000
  13   25    0     0.00000000     1.00000000
  13   26    0     0.00000000     1.00000000
  13   27    0     0.00000000     1.00000000
  13   28    0     0.00000000     1.21035048
  13   29    0     0.00000000     1.24418614
  13   30    0     0.00000000     1.21879371
  13   31    0     0.00000000     1.30989551
  13   32    0     0.00000000     1.28705751
  13   33    0     0.00000000     1.23686217
  13   34    0     0.00000000     1.04203124
  13   35    0     0.00000000     1.15828981
  13   36    0     0.00000000     1.15828981
  13   37    0     0.00000000     1.15828981
  13   38    0     0.00000000     1.31393103
  13   39    0     0.00000000     1.27826474
  13   40    0     0.00000000     1.22319102
  13   41    0     0.00000000     1.34612052
  13   42    0     0.00000000     1.30714594
  13   43    0     0.00000000     1.34266175
  13   44    0     0.00000000     1.26959953
  13   45    0     0.00000000     1.46921464
  13   46    0     0.00000000     1.37808669
  13   47    0     0.00000000     1.32696427
  13   48    0     0.00000000     1.35968484
  13   49    0     0.00000000     1.27441931
  13   50    0     0.00000000     1.23200810
  13   51    0     0.00000000     1.34833583
  13   52    0     0.00000000     1.34014307
  13   53    0     0.00000000     1.36967027
  13   54    0     0.00000000     1.33227091
  13   55    0     0.00000000     1.34501530
  13   56    0     0.00000000     1.17844024
  13   57    0     0.00000000     1.19296331
  13   58    0     0.00000000     1.21686865
  13   59    0     0.00000000     1.18264913
  13   60    0     0.00000000     1.37187945
  13   61    0     0.00000000     1.27586950
  13   62    0     0.00000000     1.25920702
  13   63    0     0.00000000     1.22397893
  13   64    0     0.00000000     1.28160491
  13   65    0     0.00000000     1.24504794
  13   66    0     0.00000000     1.33340679
  13   67    0     0.00000000     1.25606571
  13   68    0     0.00000000     1.40772221
  13   69    0     0.00000000     2.49960371
  13   70    0     0.00000000     1.22712247
  13   71    0     0.00000000     1.38881957
  13   72    0     0.00000000     1.26429822
  13   73    0     0.00000000     1.28608464
  13   74    0     0.00000000     1.26655272
  13   75    0     0.00000000     1.32091457
  13   76    0     0.00000000     1.37249510
  13   77    0     0.00000000     1.20265064
  13   78    0     0.00000000     1.36155247
  13   79    0     0.00000000     1.18982332
  13   80    0     0.00000000     1.27253253
  13   81    0     0.00000000     1.20184598
  13   82    0     0.00000000     1.29357076
  13   83    0     0.00000000     1.51396653
  13   84    0     0.00000000     1.35440797
  13   85    0     0.00000000     1.36977796
  13   86    0     0.00000000     1.28854700
  13   87    0     0.00000000     1.32093251
  13   88    0     0.00000000     1.26551039
  13   89    0     0.00000000     1.35906453
  13   90    0     0.00000000     1.28500309
  13   91    0     0.00000000     1.47219991
  13   92    0     0.00000000     1.41671923
  13   93    0     0.00000000     1.33958641
  13   94    0     0.00000000     1.29597860
  13   95    0     0.00000000     1.33021546
  13   96    0     0.00000000     1.30586614
  13   97    0     0.00000000     1.36517233
  13   98    0     0.00000000     1.28971211
  13   99    0     0.00000000     1.00000000
  13  100    0     0.00000000     1.00000000
  13  101    0     0.00000000     1.00000000
  13  102    0     0.00000000     1.00000000
  13  103    0     0.00000000     1.00000000
  13  104    0     0.00000000     1.00000000
  13  105    0     0.00000000     1.00000000
  13  106    0     0.00000000     1.00000000
  13  107    0     0.00000000     1.00000000
  13  108    0     0.00000000     1.00000000
  13  109    0     0.00000000     1.00000000
  13  110    0     0.00000000     1.00000000
  13  111    0     0.00000000     1.00000000
  13  112    0     0.00000000     1.00000000
  13  113    0     0.00000000     1.00000000
  13  114    0     0.00000000     1.00000000
  13  115    0     0.00000000     0.84823424
  13  116    0     0.00000000     0.84472159
  13  117    0     0.00000000     0.93940761
  13  118    0     0.00000000     0.93202975
  13  119    0     0.00000000     0.97529931
  13  120    0     0.00000000     0.99139498
  13  121    0     0.00000000     0.96613959
  13  122    0     0.00000000     0.98115575
  13  123    0     0.00000000     0.92532154
  13  124    0     0.00000000     0.90971870
  13  125    0     0.00000000     0.85292915
  13  126    0     0.00000000     0.84814599
  13  127    0     0.00000000     0.85075911
  13  128    0     0.00000000     0.85595723
  13  129    0     0.00000000     0.86238036
  13  130    0     0.00000000     0.90630972
  13  131    0     0.00000000     0.88783505
  13  132    0     0.00000000     0.91432964
  13  133    0     0.00000000     0.93410501
  13  134    0     0.00000000     0.99810212
  13  135    0     0.00000000     0.99082824
  13  136    0     0.00000000     1.00953914
  13  137    0     0.00000000     0.99835632
  13  138    0     0.00000000     1.02867817
  13  139    0     0.00000000     1.01496412
  13  140    0     0.00000000     1.05030266
  13  141    0     0.00000000     1.03531409
  13  142    0     0.00000000     1.02198791
  13  143    0     0.00000000     1.04103268
  13  144    0     0.00000000     1.03668554
  13  145    0     0.00000000     1.02988038
  13  146    0     0.00000000     1.03941453
  13  147    0     0.00000000     1.01354084
  13  148    0     0.00000000     1.02724879
  13  149    0     0.00000000     1.01713888
  13  150    0     0.00000000     0.99861460
  13  151    0     0.00000000     0.97991593
  13  152    0     0.00000000     1.01992700
  13  153    0     0.00000000     0.95833783
  13  154    0     0.00000000     0.96367827
  13  155    0     0.00000000     0.94472948
  13  156    0     0.00000000     0.98256842
  13  157    0     0.00000000     0.95204786
  13  158    0     0.00000000     0.91474333
  13  159    0     0.00000000     0.92505333
  13  160    0     0.00000000     0.91275436
  13  161    0     0.00000000     0.87260573
  13  162    0     0.00000000     0.82293982
  13  163    0     0.00000000     0.74432864
  13  164    0     0.00000000     0.77589845
  13  165    0     0.00000000     0.76951240
  13  166    0     0.00000000     0.79983510
  13  167    0     0.00000000     0.73523932
  13  168    0     0.00000000     0.73994597
  13  169    0     0.00000000     0.72513131
  13  170    0     0.00000000     0.74254245
  13  171    0     0.00000000     0.79956241
  13  172    0     0.00000000     0.85847702
  13  173    0     0.00000000     0.86156938
  13  174    0     0.00000000     0.92702438
  13  175    0     0.00000000     0.93524362
  13  176    0     0.00000000     0.99075421
  13  177    0     0.00000000     0.96119861
  13  178    0     0.00000000     0.98450555
  13  179    0     0.00000000     0.97868818
  13  180    0     0.00000000     0.93092517
  13  181    0     0.00000000     0.82508808
  13  182    0     0.00000000     0.87119464
  13  183    0     0.00000000     0.93171248
  13  184    0     0.00000000     0.91631047
  13  185    0     0.00000000     0.99609996
  13  186    0     0.00000000     1.00000000
  13  187    0     0.00000000     1.00000000
  13  188    0     0.00000000     1.00000000
  13  189    0     0.00000000     1.00000000
  13  190    0     0.00000000     1.00000000
  13  191    0     0.00000000     1.00000000
  13  192    0     0.00000000     1.00000000
  13  193    0     0.00000000     1.00000000
  13  194    0     0.00000000     1.00000000
  13  195    0     0.00000000     1.00000000
  13  196    0     0.00000000     1.00000000
  13  197    0     0.00000000     1.12637997
  13  198    0     0.00000000     1.07216594
  13  199    0     0.00000000     1.02051781
  13  200    0     0.00000000     0.94687979
  13  201    0     0.00000000     0.96760128
  13  202    0     0.00000000     0.98624138
  13  203    0     0.00000000     0.96801055
  13  204    0     0.00000000     1.04145889
  13  205    0     0.00000000     1.07085660
  13  206    0     0.00000000     1.10796926
  13  207    0     0.00000000     1.13285866
  13  208    0     0.00000000     1.22507325
  13  209    0     0.00000000     1.20534104
  13  210    0     0.00000000     1.20266025
  13  211    0     0.00000000     1.14022438
  13  212    0     0.00000000     1.29791540
  13  213    0     0.00000000     1.28492599
  14    0    0     0.00000000     1.24977410
  14    1    0     0.00000000     1.20799806
  14    2    0     0.00000000     1.26944686
  14    3    0     0.00000000     1.55746561
  14    4    0     0.00000000     1.00000000
  14    5    0     0.00000000     1.00000000
  14    6    0     0.00000000     1.00000000
  14    7    0     0.00000000     1.00000000
  14    8    0     0.00000000     1.00000000
  14    9    0     0.00000000     1.00000000
  14   10    0     0.00000000     1.00000000
  14   11    0     0.00000000     1.00000000
  14   12    0     0.00000000     1.00000000
  14   13    0     0.00000000     1.00000000
  14   14    0     0.00000000     1.55746561
  14   15    0     0.00000000     1.18899612
  14   16    0     0.00000000     1.03951659
  14   17    0     0.00000000     1.29770482
  14   18    0     0.00000000     1.03308090
  14   19    0     0.00000000     1.13967031
  14   20    0     0.00000000     1.33101615
  14   21    0     0.00000000     1.26214201
  14   22    0     0.00000000     1.37794516
  14   23    0     0.00000000     1.31128599
  14   24    0     0.00000000     1.29333228
  14   25    0     0.00000000     1.32011993
  14   26    0     0.00000000     1.31747123
  14   27    0     0.00000000     1.19929596
  14   28    0     0.00000000     1.01383728
  14   29    0     0.00000000     0.90279448
  14   30    0     0.00000000     0.93830685
  14   31    0     0.00000000     0.97449006
  14   32    0     0.00000000     1.01357580
  14   33    0     0.00000000     1.38966155
  14   34    0     0.00000000     1.36327110
  14   35    0     0.00000000     1.38498452
  14   36    0     0.00000000     1.44554208
  14   37    0     0.00000000     1.34375268
  14   38    0     0.00000000     1.46289952
  14   39    0     0.00000000     1.43751176
  14   40    0     0.00000000     1.43177168
  14   41    0     0.00000000     1.18342295
  14   42    0     0.00000000     1.31709723
  14   43    0     0.00000000     1.32067034
  14   44    0     0.00000000     1.38485351
  14   45    0     0.00000000     1.20791424
  14   46    0     0.00000000     1.40085396
  14   47    0     0.00000000     1.29127673
  14   48    0     0.00000000     1.43112679
  14   49    0     0.00000000     1.40195544
  14   50    0     0.00000000     1.44972419
  14   51    0     0.00000000     1.32577133
  14   52    0     0.00000000     1.23326230
  14   53    0     0.00000000     1.35564954
  14   54    0     0.00000000     1.30441380
  14   55    0     0.00000000     1.39862921
  14   56    0     0.00000000     1.45038300
  14   57    0     0.00000000     1.38275698
  14   58    0     0.00000000     1.25480568
  14   59    0     0.00000000     1.22884029
  14   60    0     0.00000000     1.27110038
  14   61    0     0.00000000     1.32179334
  14   62    0     0.00000000     1.35954857
  14   63    0     0.00000000     1.47208552
  14   64    0     0.00000000     2.50891386
  14   65    0     0.00000000     1.26208088
  14   66    0     0.00000000     1.33104163
  14   67    0     0.00000000     1.31565167
  14   68    0     0.00000000     1.32808131
  14   69    0     0.00000000     1.25353221
  14   70    0     0.00000000     1.28011602
  14   71    0     0.00000000     1.44019015
  14   72    0     0.00000000     1.27783560
  14   73    0     0.00000000     1.36953600
  14   74    0     0.00000000     1.25548913
  14   75    0     0.00000000     1.22974692
  14   76    0     0.00000000     1.25688789
  14   77    0     0.00000000     1.27377085
  14   78    0     0.00000000     1.43900766
  14   79    0     0.00000000     1.43852074
  14   80    0     0.00000000     1.40505553
  14   81    0     0.00000000     1.32271449
  14   82    0     0.00000000     1.27809055
  14   83    0     0.00000000     1.39351158
  14   84    0     0.00000000     1.41301285
  14   85    0     0.00000000     1.36094100
  14   86    0     0.00000000     1.40258752
  14   87    0     0.00000000     1.52873909
  14   88    0     0.00000000     1.27870959
  14   89    0     0.00000000     1.32679581
  14   90    0     0.00000000     1.32169257
  14   91    0     0.00000000     1.38659727
  14   92    0     0.00000000     1.33713354
  14   93    0     0.00000000     1.28409073
  14   94    0     0.00000000     1.00000000
  14   95    0     0.00000000     1.00000000
  14   96    0     0.00000000     1.00000000
  14   97    0     0.00000000     1.00000000
  14   98    0     0.00000000     1.00000000
  14   99    0     0.00000000     1.00000000
  14  100    0     0.00000000     1.00000000
  14  101    0     0.00000000     1.00000000
  14  102    0     0.00000000     1.00000000
  14  103    0     0.00000000     1.00000000
  14  104    0     0.00000000     1.08156269
  14  105    0     0.00000000     1.03700188
  14  106    0     0.00000000     0.94677962
  14  107    0     0.00000000     1.02962346
  14  108    0     0.00000000     1.00000000
  14  109    0     0.00000000     1.00000000
  14  110    0     0.00000000     1.00000000
  14  111    0     0.00000000     1.00000000
  14  112    0     0.00000000     1.00000000
  14  113    0     0.00000000     1.00000000
  14  114    0     0.00000000     1.00000000
  14  115    0     0.00000000     1.00000000
  14  116    0     0.00000000     1.00000000
  14  117    0     0.00000000     1.00000000
  14  118    0     0.00000000     0.91882502
  14  119    0     0.00000000     0.88661229
  14  120    0     0.00000000     0.87686789
  14  121    0     0.00000000     0.93856658
  14  122    0     0.00000000     0.93497858
  14  123    0     0.00000000     0.94931869
  14  124    0     0.00000000     0.92761278
  14  125    0     0.00000000     0.98237446
  14  126    0     0.00000000     0.97212910
  14  127    0     0.00000000     1.02428367
  14  128    0     0.00000000     1.01885174
  14  129    0     0.00000000     1.04707412
  14  130    0     0.00000000     1.02031772
  14  131    0     0.00000000     1.07711436
  14  132    0     0.00000000     1.04830604
  14  133    0     0.00000000     1.05015920
  14  134    0     0.00000000     1.04402121
  14  135    0     0.00000000     1.01504113
  14  136    0     0.00000000     0.98033118
  14  137    0     0.00000000     1.03741688
  14  138    0     0.00000000     0.96217472
  14  139    0     0.00000000     1.02203567
  14  140    0     0.00000000     0.97740783
  14  141    0     0.00000000     1.00830549
  14  142    0     0.00000000     1.02411037
  14  143    0     0.00000000     1.05064026
  14  144    0     0.00000000     1.03227056
  14  145    0     0.00000000     1.02365535
  14  146    0     0.00000000     1.03867956
  14  147    0     0.00000000     1.04497024
  14  148    0     0.00000000     1.01616381
  14  149    0     0.00000000     1.02470398
  14  150    0     0.00000000     1.00886820
  14  151    0     0.00000000     1.01961255
  14  152    0     0.00000000     0.97335092
  14  153    0     0.00000000     0.98655454
  14  154    0     0.00000000     0.94167522
  14  155    0     0.00000000     0.96246913
  14  156    0     0.00000000     0.93082069
  14  157    0     0.00000000     0.95504331
  14  158    0     0.00000000     0.90855708
  14  159    0     0.00000000     0.90314579
  14  160    0     0.00000000     0.88722712
  14  161    0     0.00000000     0.87692635
  14  162    0     0.00000000     0.92245647
  14  163    0     0.00000000     0.89707075
  14  164    0     0.00000000     0.86679314
  14  165    0     0.00000000     0.93617214
  14  166    0     0.00000000     0.92593116
  14  167    0     0.00000000     0.99040706
  14  168    0     0.00000000     0.97419048
  14  169    0     0.00000000     1.00449647
  14  170    0     0.00000000     0.97918049
  14  171    0     0.00000000     0.96002394
  14  172    0     0.00000000     0.96684649
  14  173    0     0.00000000     0.98268496
  14  174    0     0.00000000     0.95948079
  14  175    0     0.00000000     0.97688665
  14  176    0     0.00000000     0.92956008
  14  177    0     0.00000000     0.89751465
  14  178    0     0.00000000     0.89433868
  14  179    0     0.00000000     0.92037235
  14  180    0     0.00000000     0.84985518
  14  181    0     0.00000000     0.88087949
  14  182    0     0.00000000     0.84540730
  14  183    0     0.00000000     0.85592223
  14  184    0     0.00000000     0.88550914
  14  185    0     0.00000000     0.98246750
  14  186    0     0.00000000     0.99244346
  14  187    0     0.00000000     1.12870686
  14  188    0     0.00000000     1.11606271
  14  189    0     0.00000000     1.12609952
  14  190    0     0.00000000     1.12645705
  14  191    0     0.00000000     1.11569879
  14  192    0     0.00000000     1.01689136
  14  193    0     0.00000000     1.03095101
  14  194    0     0.00000000     1.06212325
  14  195    0     0.00000000     1.13212866
  14  196    0     0.00000000     1.11273893
  14  197    0     0.00000000     1.19867284
  14  198    0     0.00000000     1.00000000
  14  199    0     0.00000000     1.00000000
  14  200    0     0.00000000     1.00000000
  14  201    0     0.00000000     1.00000000
  14  202    0     0.00000000     1.00000000
  14  203    0     0.00000000     1.00000000
  14  204    0     0.00000000     1.00000000
  14  205    0     0.00000000     1.00000000
  14  206    0     0.00000000     1.00000000
  14  207    0     0.00000000     1.00000000
  14  208    0     0.00000000     1.21360090
  14  209    0     0.00000000     1.30973095
  14  210    0     0.00000000     1.33508879
  14  211    0     0.00000000     1.47895584
  15    0    0     0.00000000     1.00000000
  15    1    0     0.00000000     1.00000000
  15    2    0     0.00000000     1.00000000
  15    3    0     0.00000000     1.00000000
  15    4    0     0.00000000     1.01714300
  15    5    0     0.00000000     1.12474612
  15    6    0     0.00000000     1.12030211
  15    7    0     0.00000000     1.24365103
  15    8    0     0.00000000     1.07859424
  15    9    0     0.00000000     1.27865448
  15   10    0     0.00000000     1.31338380
  15   11    0     0.00000000     1.20504692
  15   12    0     0.00000000     1.25108191
  15   13    0     0.00000000     1.13502281
  15   14    0     0.00000000     1.01727779
  15   15    0     0.00000000     1.19845127
  15   16    0     0.00000000     1.52901436
  15   17    0     0.00000000     1.25427152
  15   18    0     0.00000000     1.28173172
  15   19    0     0.00000000     1.31168876
  15   20    0     0.00000000     1.34572099
  15   21    0     0.00000000     1.30560058
  15   22    0     0.00000000     1.28463061
  15   23    0     0.00000000     1.12097075
  15   24    0     0.00000000     1.28414245
  15   25    0     0.00000000     1.43149417
  15   26    0     0.00000000     1.17771576
  15   27    0     0.00000000     0.96950146
  15   28    0     0.00000000     1.05696159
  15   29    0     0.00000000     0.96864972
  15   30    0     0.00000000     1.39983278
  15   31    0     0.00000000     1.44888310
  15   32    0     0.00000000     1.55416435
  15   33    0     0.00000000     1.29609192
  15   34    0     0.00000000     1.33081608
  15   35    0     0.00000000     1.34334854
  15   36    0     0.00000000     1.29426529
  15   37    0     0.00000000     1.46268865
  15   38    0     0.00000000     1.49456005
  15   39    0     0.00000000     1.42652149
  15   40    0     0.00000000     1.22583067
  15   41    0     0.00000000     1.04420736
  15   42    0     0.00000000     1.26181442
  15   43    0     0.00000000     1.04734645
  15   44    0     0.00000000     0.88321050
  15   45    0     0.00000000     1.34510933
  15   46    0     0.00000000     1.23937038
  15   47    0     0.00000000     1.24744693
  15   48    0     0.00000000     1.25687451
  15   49    0     0.00000000     1.29071838
  15   50    0     0.00000000     1.40946263
  15   51    0     0.00000000     1.39335523
  15   52    0     0.00000000     1.37519346
  15   53    0     0.00000000     1.63510521
  15   54    0     0.00000000     1.47964487
  15   55    0     0.00000000     1.34163742
  15   56    0     0.00000000     1.35206092
  15   57    0     0.00000000     1.00030266
  15   58    0     0.00000000     1.41057237
  15   59    0     0.00000000     1.39476543
  15   60    0     0.00000000     1.26690100
  15   61    0     0.00000000     2.41357505
  15   62    0     0.00000000     1.28023069
  15   63    0     0.00000000     1.35740620
  15   64    0     0.00000000     1.24111044
  15   65    0     0.00000000     1.25191619
  15   66    0     0.00000000     1.43165355
  15   67    0     0.00000000     1.34429315
  15   68    0     0.00000000     1.53844057
  15   69    0     0.00000000     1.25587486
  15   70    0     0.00000000     1.28930615
  15   71    0     0.00000000     1.21327111
  15   72    0     0.00000000     1.19588325
  15   73    0     0.00000000     1.22826592
  15   74    0     0.00000000     1.19573456
  15   75    0     0.00000000     1.38091462
  15   76    0     0.00000000     1.30768747
  15   77    0     0.00000000     1.36946605
  15   78    0     0.00000000     1.28352851
  15   79    0     0.00000000     1.31361046
  15   80    0     0.00000000     1.35568484
  15   81    0     0.00000000     1.29652442
  15   82    0     0.00000000     1.38036777
  15   83    0     0.00000000     1.35616008
  15   84    0     0.00000000     1.47557646
  15   85    0     0.00000000     1.37718449
  15   86    0     0.00000000     1.25064633
  15   87    0     0.00000000     1.33320495
  15   88    0     0.00000000     1.32930026
  15   89    0     0.00000000     1.34214788
  15   90    0     0.00000000     1.34963759
  15   91    0     0.00000000     1.00000000
  15   92    0     0.00000000     1.00000000
  15   93    0     0.00000000     1.00000000
  15   94    0     0.00000000     1.00000000
  15   95    0     0.00000000     1.00000000
  15   96    0     0.00000000     1.00000000
  15   97    0     0.00000000     1.00000000
  15   98    0     0.00000000     1.00000000
  15   99    0     0.00000000     1.00000000
  15  100    0     0.00000000     1.00000000
  15  101    0     0.00000000     1.11050213
  15  102    0     0.00000000     1.14160629
  15  103    0     0.00000000     1.20614961
  15  104    0     0.00000000     1.19621535
  15  105    0     0.00000000     1.14903756
  15  106    0     0.00000000     1.09841813
  15  107    0     0.00000000     1.09379743
  15  108    0     0.00000000     1.02851464
  15  109    0     0.00000000     1.01851109
  15  110    0     0.00000000     1.07206276
  15  111    0     0.00000000     1.01347452
  15  112    0     0.00000000     1.04127725
  15  113    0     0.00000000     1.00000000
  15  114    0     0.00000000     1.00000000
  15  115    0     0.00000000     1.00000000
  15  116    0     0.00000000     1.00000000
  15  117    0     0.00000000     1.00000000
  15  118    0     0.00000000     1.00000000
  15  119    0     0.00000000     1.00000000
  15  120    0     0.00000000     1.00000000
  15  121    0     0.00000000     1.00000000
  15  122    0     0.00000000     1.00000000
  15  123    0     0.00000000     1.04614449
  15  124    0     0.00000000     1.03188455
  15  125    0     0.00000000     1.01991077
  15  126    0     0.00000000     0.97028507
  15  127    0     0.00000000     0.93101910
  15  128    0     0.00000000     0.89713681
  15  129    0     0.00000000     0.91600620
  15  130    0     0.00000000     0.92755530
  15  131    0     0.00000000     0.93075653
  15  132    0     0.00000000     0.95243964
  15  133    0     0.00000000     0.95104210
  15  134    0     0.00000000     0.93330836
  15  135    0     0.00000000     1.01455054
  15  136    0     0.00000000     1.02483960
  15  137    0     0.00000000     1.02956033
  15  138    0     0.00000000     1.02509971
  15  139    0     0.00000000     1.04971129
  15  140    0     0.00000000     1.03447346
  15  141    0     0.00000000     1.05393923
  15  142    0     0.00000000     1.04950040
  15  143    0     0.00000000     1.03741616
  15  144    0     0.00000000     1.04767701
  15  145    0     0.00000000     1.00857234
  15  146    0     0.00000000     1.04197219
  15  147    0     0.00000000     1.08039833
  15  148    0     0.00000000     1.08236670
  15  149    0     0.00000000     1.06152134
  15  150    0     0.00000000     1.03166380
  15  151    0     0.00000000     1.03850029
  15  152    0     0.00000000     1.06714680
  15  153    0     0.00000000     1.02609073
  15  154    0     0.00000000     1.05029084
  15  155    0     0.00000000     1.06994230
  15  156    0     0.00000000     1.04435214
  15  157    0     0.00000000     1.03944705
  15  158    0     0.00000000     1.00630591
  15  159    0     0.00000000     1.04261225
  15  160    0     0.00000000     1.01639620
  15  161    0     0.00000000     1.00970388
  15  162    0     0.00000000     0.96844637
  15  163    0     0.00000000     0.95171407
  15  164    0     0.00000000     0.96207265
  15  165    0     0.00000000     0.96877452
  15  166    0     0.00000000     0.95973085
  15  167    0     0.00000000     0.99619878
  15  168    0     0.00000000     0.95449089
  15  169    0     0.00000000     0.99581288
  15  170    0     0.00000000     0.98308938
  15  171    0     0.00000000     0.98218631
  15  172    0     0.00000000     0.96663967
  15  173    0     0.00000000     1.02037635
  15  174    0     0.00000000     0.96597749
  15  175    0     0.00000000     1.00015494
  15  176    0     0.00000000     0.92638251
  15  177    0     0.00000000     0.93953141
  15  178    0     0.00000000     0.87537794
  15  179    0     0.00000000     0.88201721
  15  180    0     0.00000000     0.85484224
  15  181    0     0.00000000     0.89136947
  15  182    0     0.00000000     0.87335286
  15  183    0     0.00000000     0.86531843
  15  184    0     0.00000000     0.90510946
  15  185    0     0.00000000     1.10355042
  15  186    0     0.00000000     0.99803405
  15  187    0     0.00000000     1.08550501
  15  188    0     0.00000000     0.99826706
  15  189    0     0.00000000     1.05967000
  15  190    0     0.00000000     1.02509995
  15  191    0     0.00000000     1.07714509
  15  192    0     0.00000000     1.03931990
  15  193    0     0.00000000     1.00173888
  15  194    0     0.00000000     0.94525775
  15  195    0     0.00000000     0.97363278
  15  196    0     0.00000000     0.86269616
  15  197    0     0.00000000     1.01560929
  15  198    0     0.00000000     0.96734288
  15  199    0     0.00000000     1.07076093
  15  200    0     0.00000000     1.12083681
  15  201    0     0.00000000     1.21869596
  15  202    0     0.00000000     1.14787156
  15  203    0     0.00000000     1.12920740
  15  204    0     0.00000000     1.08008434
  15  205    0     0.00000000     1.11151546
  15  206    0     0.00000000     0.98726272
  15  207    0     0.00000000     1.07560424
  15  208    0     0.00000000     1.12935413
  15  209    0     0.00000000     1.20527129
  15  210    0     0.00000000     1.00000000
  15  211    0     0.00000000     1.00000000
  15  212    0     0.00000000     1.00000000
  15  213    0     0.00000000     1.00000000
  16    0    0     0.00000000     1.00582043
  16    1    0     0.00000000     1.21171641
  16    2    0     0.00000000     0.95551460
  16    3    0     0.00000000     1.01453405
  16    4    0     0.00000000     1.08132441
  16    5    0     0.00000000     0.96404217
  16    6    0     0.00000000     1.13148881
  16    7    0     0.00000000     1.18716221
  16    8    0     0.00000000     1.25435510
  16    9    0     0.00000000     1.14766040
  16   10    0     0.00000000     1.31302520
  16   11    0     0.00000000     1.31302520
  16   12    0     0.00000000     1.53406676
  16   13    0     0.00000000     1.42462089
  16   14    0     0.00000000     1.35557214
  16   15    0     0.00000000     1.13237717
  16   16    0     0.00000000     1.16212029
  16   17    0     0.00000000     1.45912271
  16   18    0     0.00000000     1.15209737
  16   19    0     0.00000000     1.27056123
  16   20    0     0.00000000     1.40889137
  16   21    0     0.00000000     1.21960101
  16   22    0     0.00000000     1.28015120
  16   23    0     0.00000000     1.18691352
  16   24    0     0.00000000     1.59406575
  16   25    0     0.00000000     1.28659684
  16   26    0     0.00000000     1.21657473
  16   27    0     0.00000000     1.30789861
  16   28    0     0.00000000     1.29091983
  16   29    0     0.00000000     1.31069681
  16   30    0     0.00000000     1.28123885
  16   31    0     0.00000000     1.26749358
  16   32    0     0.00000000     1.32033157
  16   33    0     0.00000000     1.46314142
  16   34    0     0.00000000     1.39663601
  16   35    0     0.00000000     1.39464770
  16   36    0     0.00000000     1.30399793
  16   37    0     0.00000000     1.39277110
  16   38    0     0.00000000     1.39219350
  16   39    0     0.00000000     1.33814349
  16   40    0     0.00000000     1.42101106
  16   41    0     0.00000000     1.26367932
  16   42    0     0.00000000     1.28339069
  16   43    0     0.00000000     1.28951589
  16   44    0     0.00000000     1.24043546
  16   45    0     0.00000000     1.29307470
  16   46    0     0.00000000     1.17177728
  16   47    0     0.00000000     1.36644713
  16   48    0     0.00000000     1.17601965
  16   49    0     0.00000000     1.30046120
  16   50    0     0.00000000     1.13963221
  16   51    0     0.00000000     1.24232597
  16   52    0     0.00000000     1.36219351
  16   53    0     0.00000000     1.22094842
  16   54    0     0.00000000     1.12359998
  16   55    0     0.00000000     1.31203112
  16   56    0     0.00000000     1.24353523
  16   57    0     0.00000000     1.31667232
  16   58    0     0.00000000     1.34614576
  16   59    0     0.00000000     1.21767906
  16   60    0     0.00000000     1.10021705
  16   61    0     0.00000000     1.03968806
  16   62    0     0.00000000     1.07711172
  16   63    0     0.00000000     1.36226272
  16   64    0     0.00000000     1.27020703
  16   65    0     0.00000000     1.27571184
  16   66    0     0.00000000     1.15274249
  16   67    0     0.00000000     1.36721830
  16   68    0     0.00000000     1.16376920
  16   69    0     0.00000000     1.16481439
  16   70    0     0.00000000     1.09528499
  16   71    0     0.00000000     1.15140692
  16   72    0     0.00000000     1.22211128
  16   73    0     0.00000000     1.18297477
  16   74    0     0.00000000     1.19390549
  16   75    0     0.00000000     1.41294510
  16   76    0     0.00000000     1.16903399
  16   77    0     0.00000000     1.20522163
  16   78    0     0.00000000     1.18094135
  16   79    0     0.00000000     1.22850079
  16   80    0     0.00000000     1.24282978
  16   81    0     0.00000000     1.29594666
  16   82    0     0.00000000     1.22881526
  16   83    0     0.00000000     1.27365315
  16   84    0     0.00000000     1.31662777
  16   85    0     0.00000000     1.24395248
  16   86    0     0.00000000     1.22143856
  16   87    0     0.00000000     1.30792184
  16   88    0     0.00000000     1.21960308
  16   89    0     0.00000000     1.26948720
  16   90    0     0.00000000     1.22228478
  16   91    0     0.00000000     1.00000000
  16   92    0     0.00000000     1.00000000
  16   93    0     0.00000000     1.00000000
  16   94    0     0.00000000     1.00000000
  16   95    0     0.00000000     1.00000000
  16   96    0     0.00000000     1.00000000
  16   97    0     0.00000000     1.00000000
  16   98    0     0.00000000     1.00000000
  16   99    0     0.00000000     1.00000000
  16  100    0     0.00000000     1.08568473
  16  101    0     0.00000000     1.10708599
  16  102    0     0.00000000     1.08850168
  16  103    0     0.00000000     1.14447254
  16  104    0     0.00000000     1.09648858
  16  105    0     0.00000000     1.11606034
  16  106    0     0.00000000     1.05479281
  16  107    0     0.00000000     1.10047260
  16  108    0     0.00000000     1.10199532
  16  109    0     0.00000000     1.13309917
  16  110    0     0.00000000     1.09597782
  16  111    0     0.00000000     1.15527738
  16  112    0     0.00000000     1.08259002
  16  113    0     0.00000000     1.09166231
  16  114    0     0.00000000     1.02801131
  16  115    0     0.00000000     1.02818001
  16  116    0     0.00000000     1.03155211
  16  117    0     0.00000000     1.04500169
  16  118    0     0.00000000     1.03634434
  16  119    0     0.00000000     1.08055660
  16  120    0     0.00000000     1.00000000
  16  121    0     0.00000000     1.00000000
  16  122    0     0.00000000     1.00000000
  16  123    0     0.00000000     1.00000000
  16  124    0     0.00000000     1.00000000
  16  125    0     0.00000000     1.00000000
  16  126    0     0.00000000     1.00000000
  16  127    0     0.00000000     1.00000000
  16  128    0     0.00000000     1.00000000
  16  129    0     0.00000000     0.91887005
  16  130    0     0.00000000     0.94143388
  16  131    0     0.00000000     0.95078462
  16  132    0     0.00000000     0.93318390
  16  133    0     0.00000000     0.90712309
  16  134    0     0.00000000     0.89206789
  16  135    0     0.00000000     0.94265737
  16  136    0     0.00000000     0.92810226
  16  137    0     0.00000000     0.92601777
  16  138    0     0.00000000     0.92607212
  16  139    0     0.00000000     0.92975999
  16  140    0     0.00000000     0.89187347
  16  141    0     0.00000000     0.89296083
  16  142    0     0.00000000     0.86470358
  16  143    0     0.00000000     0.87528977
  16  144    0     0.00000000     0.87748665
  16  145    0     0.00000000     0.87939685
  16  146    0     0.00000000     0.88976536
  16  147    0     0.00000000     0.90879954
  16  148    0     0.00000000     0.92195906
  16  149    0     0.00000000     0.91822220
  16  150    0     0.00000000     0.81937157
  16  151    0     0.00000000     0.96441149
  16  152    0     0.00000000     0.84425502
  16  153    0     0.00000000     0.99829461
  16  154    0     0.00000000     0.87796813
  16  155    0     0.00000000     0.89058289
  16  156    0     0.00000000     0.90341030
  16  157    0     0.00000000     0.90850589
  16  158    0     0.00000000     0.91382751
  16  159    0     0.00000000     0.93918315
  16  160    0     0.00000000     0.87472460
  16  161    0     0.00000000     0.91665293
  16  162    0     0.00000000     0.92210787
  16  163    0     0.00000000     0.90486950
  16  164    0     0.00000000     0.88826383
  16  165    0     0.00000000     0.91897322
  16  166    0     0.00000000     0.94781744
  16  167    0     0.00000000     0.90210654
  16  168    0     0.00000000     0.88038610
  16  169    0     0.00000000     0.88914890
  16  170    0     0.00000000     0.86441703
  16  171    0     0.00000000     0.84312542
  16  172    0     0.00000000     0.82285747
  16  173    0     0.00000000     0.82438333
  16  174    0     0.00000000     0.80185669
  16  175    0     0.00000000     0.86792939
  16  176    0     0.00000000     0.82857270
  16  177    0     0.00000000     0.83036275
  16  178    0     0.00000000     0.82309924
  16  179    0     0.00000000     0.81874742
  16  180    0     0.00000000     0.85414740
  16  181    0     0.00000000     0.84850111
  16  182    0     0.00000000     0.85148659
  16  183    0     0.00000000     0.86735315
  16  184    0     0.00000000     0.88235408
  16  185    0     0.00000000     0.90790689
  16  186    0     0.00000000     0.90319989
  16  187    0     0.00000000     0.92832826
  16  188    0     0.00000000     0.91667003
  16  189    0     0.00000000     0.98391040
  16  190    0     0.00000000     1.00991649
  16  191    0     0.00000000     0.98861539
  16  192    0     0.00000000     0.99916250
  16  193    0     0.00000000     1.03547937
  16  194    0     0.00000000     1.01372965
  16  195    0     0.00000000     1.01773084
  16  196    0     0.00000000     0.95602131
  16  197    0     0.00000000     0.97622045
  16  198    0     0.00000000     1.01185756
  16  199    0     0.00000000     1.00704161
  16  200    0     0.00000000     1.02788616
  16  201    0     0.00000000     1.02250900
  16  202    0     0.00000000     1.13788429
  16  203    0     0.00000000     1.13741505
  16  204    0     0.00000000     1.08109297
  16  205    0     0.00000000     1.15614944
  16  206    0     0.00000000     1.17334057
  16  207    0     0.00000000     1.06976813
  16  208    0     0.00000000     0.98470076
  16  209    0     0.00000000     0.96961868
  16  210    0     0.00000000     0.89739527
  16  211    0     0.00000000     0.89373960
  16  212    0     0.00000000     0.91792424
  16  213    0     0.00000000     1.01706381
  16  214    0     0.00000000     0.95923560
  16  215    0     0.00000000     0.99172327
  16  216    0     0.00000000     1.27405108
  16  217    0     0.00000000     1.18366726
  16  218    0     0.00000000     1.21044336
  16  219    0     0.00000000     1.40169380
  17    0    0     0.00000000     1.40169380
  17    1    0     0.00000000     1.40169380
  17    2    0     0.00000000     1.40702547
  17    3    0     0.00000000     1.41239785
  17    4    0     0.00000000     1.27452543
  17    5    0     0.00000000     1.16117623
  17    6    0     0.00000000     1.01018765
  17    7    0     0.00000000     1.57400249
  17    8    0     0.00000000     1.21621342
  17    9    0     0.00000000     1.44410607
  17   10    0     0.00000000     1.32731853
  17   11    0     0.00000000     1.22693516
  17   12    0     0.00000000     1.19392705
  17   13    0     0.00000000     1.30732982
  17   14    0     0.00000000     1.06482904
  17   15    0     0.00000000     1.30339937
  17   16    0     0.00000000     1.25859279
  17   17    0     0.00000000     1.25677969
  17   18    0     0.00000000     1.25172026
  17   19    0     0.00000000     1.25172026
  17   20    0     0.00000000     1.25865521
  17   21    0     0.00000000     1.53326075
  17   22    0     0.00000000     1.15379940
  17   23    0     0.00000000     1.06321347
  17   24    0     0.00000000     1.05597980
  17   25    0     0.00000000     1.11566986
  17   26    0     0.00000000     1.11566986
  17   27    0     0.00000000     1.11566986
  17   28    0     0.00000000     1.11566986
  17   29    0     0.00000000     1.26341906
  17   30    0     0.00000000     1.27959374
  17   31    0     0.00000000     1.31017189
  17   32    0     0.00000000     1.30510408
  17   33    0     0.00000000     1.34068804
  17   34    0     0.00000000     1.45742331
  17   35    0     0.00000000     1.58521218
  17   36    0     0.00000000     1.47136647
  17   37    0     0.00000000     1.14270782
  17   38    0     0.00000000     1.31754861
  17   39    0     0.00000000     1.26623329
  17   40    0     0.00000000     1.35125492
  17   41    0     0.00000000     1.30017372
  17   42    0     0.00000000     1.36018905
  17   43    0     0.00000000     1.26484835
  17   44    0     0.00000000     1.26167373
  17   45    0     0.00000000     1.48982235
  17   46    0     0.00000000     1.24280259
  17   47    0     0.00000000     1.16007984
  17   48    0     0.00000000     1.21107578
  17   49    0     0.00000000     1.23933792
  17   50    0     0.00000000     1.36911993
  17   51    0     0.00000000     1.33658866
  17   52    0     0.00000000     1.30295220
  17   53    0     0.00000000     1.32780880
  17   54    0     0.00000000     1.33682213
  17   55    0     0.00000000     1.36600424
  17   56    0     0.00000000     1.27105497
  17   57    0     0.00000000     1.21274291
  17   58    0     0.00000000     1.15875194
  17   59    0     0.00000000     1.18855033
  17   60    0     0.00000000     1.22001216
  17   61    0     0.00000000     1.33579628
  17   62    0     0.00000000     1.19454048
  17   63    0     0.00000000     1.22472758
  17   64    0     0.00000000     1.16563428
  17   65    0     0.00000000     1.24202663
  17   66    0     0.00000000     1.32655725
  17   67    0     0.00000000     1.17191315
  17   68    0     0.00000000     1.19870441
  17   69    0     0.00000000     1.07741970
  17   70    0     0.00000000     1.13043493
  17   71    0     0.00000000     1.27226981
  17   72    0     0.00000000     1.22832715
  17   73    0     0.00000000     1.35151954
  17   74    0     0.00000000     1.24810556
  17   75    0     0.00000000     1.28360299
  17   76    0     0.00000000     1.17904952
  17   77    0     0.00000000     1.16798180
  17   78    0     0.00000000     1.17187115
  17   79    0     0.00000000     1.18107397
  17   80    0     0.00000000     1.22385811
  17   81    0     0.00000000     1.31827036
  17   82    0     0.00000000     1.32669778
  17   83    0     0.00000000     1.18986561
  17   84    0     0.00000000     1.16002364
  17   85    0     0.00000000     1.27019912
  17   86    0     0.00000000     1.21844361
  17   87    0     0.00000000     1.26371641
  17   88    0     0.00000000     1.20123936
  17   89    0     0.00000000     1.00000000
  17   90    0     0.00000000     1.00000000
  17   91    0     0.00000000     1.00000000
  17   92    0     0.00000000     1.00000000
  17   93    0     0.00000000     1.00000000
  17   94    0     0.00000000     1.00000000
  17   95    0     0.00000000     1.00000000
  17   96    0     0.00000000     1.00000000
  17   97    0     0.00000000     1.00000000
  17   98    0     0.00000000     1.02297755
  17   99    0     0.00000000     1.09007813
  17  100    0     0.00000000     1.06943832
  17  101    0     0.00000000     1.11560974
  17  102    0     0.00000000     1.04405463
  17  103    0     0.00000000     1.09226682
  17  104    0     0.00000000     1.12157900
  17  105    0     0.00000000     1.17632240
  17  106    0     0.00000000     1.16917472
  17  107    0     0.00000000     1.26704882
  17  108    0     0.00000000     1.25525543
  17  109    0     0.00000000     1.19806707
  17  110    0     0.00000000     1.11366306
  17  111    0     0.00000000     1.13591366
  17  112    0     0.00000000     1.11373501
  17  113    0     0.00000000     1.12140879
  17  114    0     0.00000000     1.06360911
  17  115    0     0.00000000     1.15309380
  17  116    0     0.00000000     1.13560700
  17  117    0     0.00000000     1.14124767
  17  118    0     0.00000000     1.17381024
  17  119    0     0.00000000     1.12167682
  17  120    0     0.00000000     1.10430172
  17  121    0     0.00000000     1.10817167
  17  122    0     0.00000000     1.04853711
  17  123    0     0.00000000     1.06473028
  17  124    0     0.00000000     1.01896042
  17  125    0     0.00000000     0.99619170
  17  126    0     0.00000000     1.00000000
  17  127    0     0.00000000     1.00000000
  17  128    0     0.00000000     1.00000000
  17  129    0     0.00000000     1.00000000
  17  130    0     0.00000000     1.00000000
  17  131    0     0.00000000     1.00000000
  17  132    0     0.00000000     1.00000000
  17  133    0     0.00000000     1.00000000
  17  134    0     0.00000000     1.00000000
  17  135    0     0.00000000     1.00000000
  17  136    0     0.00000000     0.86973335
  17  137    0     0.00000000     0.79070813
  17  138    0     0.00000000     0.73560640
  17  139    0     0.00000000     0.76274700
  17  140    0     0.00000000     0.78083877
  17  141    0     0.00000000     0.84560502
  17  142    0     0.00000000     0.84296928
  17  143    0     0.00000000     0.89674540
  17  144    0     0.00000000     0.86988757
  17  145    0     0.00000000     0.90250693
  17  146    0     0.00000000     0.88859358
  17  147    0     0.00000000     0.91379204
  17  148    0     0.00000000     0.85063631
  17  149    0     0.00000000     0.90908926
  17  150    0     0.00000000     0.87542463
  17  151    0     0.00000000     0.89032503
  17  152    0     0.00000000     0.85724133
  17  153    0     0.00000000     0.84977668
  17  154    0     0.00000000     0.95651137
  17  155    0     0.00000000     0.91751459
  17  156    0     0.00000000     0.92399769
  17  157    0     0.00000000     0.94122698
  17  158    0     0.00000000     0.89815824
  17  159    0     0.00000000     0.92037116
  17  160    0     0.00000000     0.88164534
  17  161    0     0.00000000     0.87421349
  17  162    0     0.00000000     0.83566217
  17  163    0     0.00000000     0.86873802
  17  164    0     0.00000000     0.86357293
  17  165    0     0.00000000     0.86094975
  17  166    0     0.00000000     0.83885086
  17  167    0     0.00000000     0.86618961
  17  168    0     0.00000000     0.84709464
  17  169    0     0.00000000     0.84906519
  17  170    0     0.00000000     0.82199065
  17  171    0     0.00000000     0.82193793
  17  172    0     0.00000000     0.82727681
  17  173    0     0.00000000     0.82496130
  17  174    0     0.00000000     0.78897901
  17  175    0     0.00000000     0.81695757
  17  176    0     0.00000000     0.83375754
  17  177    0     0.00000000     0.84786116
  17  178    0     0.00000000     0.86664562
  17  179    0     0.00000000     0.86542056
  17  180    0     0.00000000     0.86083610
  17  181    0     0.00000000     0.88337777
  17  182    0     0.00000000     0.87562329
  17  183    0     0.00000000     0.90258153
  17  184    0     0.00000000     0.92635660
  17  185    0     0.00000000     0.82414905
  17  186    0     0.00000000     0.93649403
  17  187    0     0.00000000     0.92582893
  17  188    0     0.00000000     0.92479091
  17  189    0     0.00000000     0.96601776
  17  190    0     0.00000000     0.85579542
  17  191    0     0.00000000     0.81494736
  17  192    0     0.00000000     0.83483155
  17  193    0     0.00000000     0.81409383
  17  194    0     0.00000000     0.82875896
  17  195    0     0.00000000     0.79951352
  17  196    0     0.00000000     0.77694625
  17  197    0     0.00000000     0.78048253
  17  198    0     0.00000000     0.81817878
  17  199    0     0.00000000     0.80811473
  17  200    0     0.00000000     0.85830935
  17  201    0     0.00000000     0.87733598
  17  202    0     0.00000000     0.91572333
  17  203    0     0.00000000     0.97917871
  17  204    0     0.00000000     1.07042384
  17  205    0     0.00000000     1.04023008
  17  206    0     0.00000000     1.08869149
  17  207    0     0.00000000     1.08290486
  17  208    0     0.00000000     1.08595533
  17  209    0     0.00000000     1.13026816
  17  210    0     0.00000000     1.05427485
  17  211    0     0.00000000     0.99196915
  17  212    0     0.00000000     1.02273826
  17  213    0     0.00000000     1.00826285
  17  214    0     0.00000000     1.05375681
  17  215    0     0.00000000     0.94333768
  17  216    0     0.00000000     0.98190073
  17  217    0     0.00000000     0.98312949
  17  218    0     0.00000000     1.05581919
  17  219    0     0.00000000     1.10433368
  17  220    0     0.00000000     1.15124461
  17  221    0     0.00000000     1.17135500
  17  222    0     0.00000000     1.08591189
  17  223    0     0.00000000     1.11712824
  18    0    0     0.00000000     1.17861285
  18    1    0     0.00000000     1.29684277
  18    2    0     0.00000000     1.22369044
  18    3    0     0.00000000     1.22369044
  18    4    0     0.00000000     1.15835021
  18    5    0     0.00000000     1.31814281
  18    6    0     0.00000000     1.14169646
  18    7    0     0.00000000     1.33042213
  18    8    0     0.00000000     1.54593072
  18    9    0     0.00000000     1.31759174
  18   10    0     0.00000000     1.40180485
  18   11    0     0.00000000     1.57502256
  18   12    0     0.00000000     1.08547125
  18   13    0     0.00000000     1.27007109
  18   14    0     0.00000000     1.22395911
  18   15    0     0.00000000     1.45821418
  18   16    0     0.00000000     1.05896376
  18   17    0     0.00000000     1.07256753
  18   18    0     0.00000000     1.26017797
  18   19    0     0.00000000     1.42452161
  18   20    0     0.00000000     1.42754801
  18   21    0     0.00000000     1.43058729
  18   22    0     0.00000000     1.99853691
  18   23    0     0.00000000     1.26329535
  18   24    0     0.00000000     1.18470796
  18   25    0     0.00000000     1.22287589
  18   26    0     0.00000000     1.10848755
  18   27    0     0.00000000     1.09027701
  18   28    0     0.00000000     1.26957455
  18   29    0     0.00000000     1.52428104
  18   30    0     0.00000000     1.09202935
  18   31    0     0.00000000     1.59769529
  18   32    0     0.00000000     1.39648536
  18   33    0     0.00000000     1.24410663
  18   34    0     0.00000000     1.22015997
  18   35    0     0.00000000     1.52480777
  18   36    0     0.00000000     1.41988967
  18   37    0     0.00000000     1.38406928
  18   38    0     0.00000000     1.12245501
  18   39    0     0.00000000     1.58019136
  18   40    0     0.00000000     1.25043236
  18   41    0     0.00000000     2.55351671
  18   42    0     0.00000000     1.20370119
  18   43    0     0.00000000     1.54395691
  18   44    0     0.00000000     1.23458879
  18   45    0     0.00000000     1.37427104
  18   46    0     0.00000000     1.21571346
  18   47    0     0.00000000     1.33985385
  18   48    0     0.00000000     1.32357237
  18   49    0     0.00000000     1.20898272
  18   50    0     0.00000000     1.34800890
  18   51    0     0.00000000     1.27483753
  18   52    0     0.00000000     1.23602538
  18   53    0     0.00000000     1.23140935
  18   54    0     0.00000000     1.18670131
  18   55    0     0.00000000     1.31165307
  18   56    0     0.00000000     1.29624604
  18   57    0     0.00000000     1.35068712
  18   58    0     0.00000000     1.39167289
  18   59    0     0.00000000     2.45317622
  18   60    0     0.00000000     1.30427929
  18   61    0     0.00000000     1.36139743
  18   62    0     0.00000000     1.25947762
  18   63    0     0.00000000     1.36366764
  18   64    0     0.00000000     1.25672188
  18   65    0     0.00000000     1.34081337
  18   66    0     0.00000000     1.34117444
  18   67    0     0.00000000     1.28164287
  18   68    0     0.00000000     1.25635157
  18   69    0     0.00000000     1.22644824
  18   70    0     0.00000000     1.11787252
  18   71    0     0.00000000     1.34774461
  18   72    0     0.00000000     1.14234572
  18   73    0     0.00000000     1.35462861
  18   74    0     0.00000000     1.39603059
  18   75    0     0.00000000     1.42892905
  18   76    0     0.00000000     1.21921643
  18   77    0     0.00000000     1.16743510
  18   78    0     0.00000000     1.15230231
  18   79    0     0.00000000     1.23867445
  18   80    0     0.00000000     1.31651633
  18   81    0     0.00000000     1.40023132
  18   82    0     0.00000000     1.36702936
  18   83    0     0.00000000     1.23231370
  18   84    0     0.00000000     1.23159706
  18   85    0     0.00000000     1.25030027
  18   86    0     0.00000000     1.14168593
  18   87    0     0.00000000     1.26883292
  18   88    0     0.00000000     1.27727506
  18   89    0     0.00000000     1.00000000
  18   90    0     0.00000000     1.00000000
  18   91    0     0.00000000     1.00000000
  18   92    0     0.00000000     1.00000000
  18   93    0     0.00000000     1.00000000
  18   94    0     0.00000000     1.00000000
  18   95    0     0.00000000     1.00000000
  18   96    0     0.00000000     1.00000000
  18   97    0     0.00000000     1.00000000
  18   98    0     0.00000000     1.14059594
  18   99    0     0.00000000     1.18053926
  18  100    0     0.00000000     1.13837515
  18  101    0     0.00000000     1.17845150
  18  102    0     0.00000000     1.25137907
  18  103    0     0.00000000     1.20650539
  18  104    0     0.00000000     1.16731914
  18  105    0     0.00000000     1.22193254
  18  106    0     0.00000000     1.20252948
  18  107    0     0.00000000     1.22746122
  18  108    0     0.00000000     1.21617716
  18  109    0     0.00000000     1.23195123
  18  110    0     0.00000000     1.19745516
  18  111    0     0.00000000     1.20362462
  18  112    0     0.00000000     1.17370313
  18  113    0     0.00000000     1.15071478
  18  114    0     0.00000000     1.17445916
  18  115    0     0.00000000     1.18190106
  18  116    0     0.00000000     1.13448537
  18  117    0     0.00000000     1.18215554
  18  118    0     0.00000000     1.12569453
  18  119    0     0.00000000     1.09729928
  18  120    0     0.00000000     1.15730306
  18  121    0     0.00000000     1.07418470
  18  122    0     0.00000000     1.05967678
  18  123    0     0.00000000     1.05294920
  18  124    0     0.00000000     1.02776554
  18  125    0     0.00000000     1.08314096
  18  126    0     0.00000000     1.11275279
  18  127    0     0.00000000     1.04888564
  18  128    0     0.00000000     0.93490205
  18  129    0     0.00000000     0.93272131
  18  130    0     0.00000000     0.92631154
  18  131    0     0.00000000     0.91721521
  18  132    0     0.00000000     0.91303636
  18  133    0     0.00000000     0.95801787
  18  134    0     0.00000000     1.00000000
  18  135    0     0.00000000     1.00000000
  18  136    0     0.00000000     1.00000000
  18  137    0     0.00000000     1.00000000
  18  138    0     0.00000000     1.00000000
  18  139    0     0.00000000     1.00000000
  18  140    0     0.00000000     1.00000000
  18  141    0     0.00000000     1.00000000
  18  142    0     0.00000000     1.00000000
  18  143    0     0.00000000     0.86136171
  18  144    0     0.00000000     0.79612886
  18  145    0     0.00000000     0.83114797
  18  146    0     0.00000000     0.86359880
  18  147    0     0.00000000     0.79950590
  18  148    0     0.00000000     0.79964741
  18  149    0     0.00000000     0.78869718
  18  150    0     0.00000000     0.81317442
  18  151    0     0.00000000     0.81422774
  18  152    0     0.00000000     0.83486975
  18  153    0     0.00000000     0.82999503
  18  154    0     0.00000000     0.81106469
  18  155    0     0.00000000     0.82305268
  18  156    0     0.00000000     0.83011901
  18  157    0     0.00000000     0.86155440
  18  158    0     0.00000000     0.91761262
  18  159    0     0.00000000     0.89123808
  18  160    0     0.00000000     0.91992479
  18  161    0     0.00000000     0.92495919
  18  162    0     0.00000000     0.94337283
  18  163    0     0.00000000     0.92343573
  18  164    0     0.00000000     0.93587107
  18  165    0     0.00000000     0.92916382
  18  166    0     0.00000000     0.96558732
  18  167    0     0.00000000     0.97012728
  18  168    0     0.00000000     1.01234028
  18  169    0     0.00000000     0.96176987
  18  170    0     0.00000000     0.96725420
  18  171    0     0.00000000     0.95843468
  18  172    0     0.00000000     0.97390923
  18  173    0     0.00000000     0.92826843
  18  174    0     0.00000000     0.98265124
  18  175    0     0.00000000     0.95295159
  18  176    0     0.00000000     0.98739896
  18  177    0     0.00000000     0.94408712
  18  178    0     0.00000000     0.93478970
  18  179    0     0.00000000     0.89342950
  18  180    0     0.00000000     0.89768155
  18  181    0     0.00000000     0.97489848
  18  182    0     0.00000000     0.92888788
  18  183    0     0.00000000     0.90419602
  18  184    0     0.00000000     0.89518028
  18  185    0     0.00000000     0.88354057
  18  186    0     0.00000000     0.86569626
  18  187    0     0.00000000     0.87450644
  18  188    0     0.00000000     0.88625936
  18  189    0     0.00000000     0.88085383
  18  190    0     0.00000000     0.88025203
  18  191    0     0.00000000     0.87741052
  18  192    0     0.00000000     0.88724388
  18  193    0     0.00000000     0.86776297
  18  194    0     0.00000000     0.81619597
  18  195    0     0.00000000     0.72674429
  18  196    0     0.00000000     0.73518273
  18  197    0     0.00000000     0.76153876
  18  198    0     0.00000000     0.76681035
  18  199    0     0.00000000     0.72001504
  18  200    0     0.00000000     0.75092769
  18  201    0     0.00000000     0.73667135
  18  202    0     0.00000000     0.81668531
  18  203    0     0.00000000     0.79722535
  18  204    0     0.00000000     0.84121215
  18  205    0     0.00000000     0.85502225
  18  206    0     0.00000000     0.90211618
  18  207    0     0.00000000     0.85404533
  18  208    0     0.00000000     0.88375021
  18  209    0     0.00000000     0.90365456
  18  210    0     0.00000000     0.96139526
  18  211    0     0.00000000     0.90375674
  18  212    0     0.00000000     0.94686010
  18  213    0     0.00000000     0.95028858
  18  214    0     0.00000000     0.90084642
  18  215    0     0.00000000     0.90385175
  18  216    0     0.00000000     0.99345852
  18  217    0     0.00000000     0.99320685
  18  218    0     0.00000000     1.04570760
  18  219    0     0.00000000     1.00261099
  18  220    0     0.00000000     1.02184459
  18  221    0     0.00000000     1.05602916
  18  222    0     0.00000000     1.17230733
  18  223    0     0.00000000     1.10840202
  18  224    0     0.00000000     1.07030751
  18  225    0     0.00000000     1.05829851
  18  226    0     0.00000000     1.05582817
  18  227    0     0.00000000     1.05461531
  18  228    0     0.00000000     1.05406507
  18  229    0     0.00000000     0.94598152
  18  230    0     0.00000000     0.98576968
  18  231    0     0.00000000     1.02723733
  19    0    0     0.00000000     1.33109151
  19    1    0     0.00000000     1.34396683
  19    2    0     0.00000000     1.40712726
  19    3    0     0.00000000     1.34842647
  19    4    0     0.00000000     1.34842647
  19    5    0     0.00000000     1.34842647
  19    6    0     0.00000000     1.25222635
  19    7    0     0.00000000     1.26234104
  19    8    0     0.00000000     1.26234104
  19    9    0     0.00000000     1.26234104
  19   10    0     0.00000000     1.41395350
  19   11    0     0.00000000     1.32823631
  19   12    0     0.00000000     1.25231786
  19   13    0     0.00000000     1.35436235
  19   14    0     0.00000000     1.35332620
  19   15    0     0.00000000     2.19086728
  19   16    0     0.00000000     2.25629119
  19   17    0     0.00000000     1.77925545
  19   18    0     0.00000000     1.77925545
  19   19    0     0.00000000     1.77925545
  19   20    0     0.00000000     1.77925545
  19   21    0     0.00000000     1.77925545
  19   22    0     0.00000000     1.12306814
  19   23    0     0.00000000     1.03086400
  19   24    0     0.00000000     1.15112501
  19   25    0     0.00000000     0.84812808
  19   26    0     0.00000000     1.00902906
  19   27    0     0.00000000     1.24527376
  19   28    0     0.00000000     1.14410645
  19   29    0     0.00000000     1.00567042
  19   30    0     0.00000000     1.28876671
  19   31    0     0.00000000     1.20073095
  19   32    0     0.00000000     1.43909954
  19   33    0     0.00000000     1.21227082
  19   34    0     0.00000000     1.39911583
  19   35    0     0.00000000     1.27891763
  19   36    0     0.00000000     1.15405845
  19   37    0     0.00000000     1.28711904
  19   38    0     0.00000000     1.29871260
  19   39    0     0.00000000     1.20115383
  19   40    0     0.00000000     1.45909941
  19   41    0     0.00000000     1.18456363
  19   42    0     0.00000000     1.33463528
  19   43    0     0.00000000     1.18764979
  19   44    0     0.00000000     1.10449006
  19   45    0     0.00000000     1.21943197
  19   46    0     0.00000000     1.18879639
  19   47    0     0.00000000     1.09830843
  19   48    0     0.00000000     1.22028037
  19   49    0     0.00000000     1.19552865
  19   50    0     0.00000000     1.55480547
  19   51    0     0.00000000     1.25544644
  19   52    0     0.00000000     1.26581066
  19   53    0     0.00000000     1.22846021
  19   54    0     0.00000000     1.48078162
  19   55    0     0.00000000     1.22284803
  19   56    0     0.00000000     1.26457220
  19   57    0     0.00000000     1.28464276
  19   58    0     0.00000000     1.06936276
  19   59    0     0.00000000     0.91301996
  19   60    0     0.00000000     1.32012461
  19   61    0     0.00000000     1.34199403
  19   62    0     0.00000000     1.35408337
  19   63    0     0.00000000     1.31553506
  19   64    0     0.00000000     1.19116089
  19   65    0     0.00000000     1.34657091
  19   66    0     0.00000000     1.20869780
  19   67    0     0.00000000     1.17498258
  19   68    0     0.00000000     1.18278790
  19   69    0     0.00000000     1.19664946
  19   70    0     0.00000000     1.25317150
  19   71    0     0.00000000     1.08486671
  19   72    0     0.00000000     1.25072701
  19   73    0     0.00000000     1.25390466
  19   74    0     0.00000000     1.29221815
  19   75    0     0.00000000     1.14785292
  19   76    0     0.00000000     1.10422418
  19   77    0     0.00000000     1.26868452
  19   78    0     0.00000000     1.10864482
  19   79    0     0.00000000     1.17205483
  19   80    0     0.00000000     1.26058842
  19   81    0     0.00000000     1.32738183
  19   82    0     0.00000000     1.24703706
  19   83    0     0.00000000     1.22277906
  19   84    0     0.00000000     1.27443121
  19   85    0     0.00000000     1.24106985
  19   86    0     0.00000000     1.18243196
  19   87    0     0.00000000     1.26837437
  19   88    0     0.00000000     1.00000000
  19   89    0     0.00000000     1.00000000
  19   90    0     0.00000000     1.00000000
  19   91    0     0.00000000     1.00000000
  19   92    0     0.00000000     1.00000000
  19   93    0     0.00000000     1.00000000
  19   94    0     0.00000000     1.00000000
  19   95    0     0.00000000     1.00000000
  19   96    0     0.00000000     1.00000000
  19   97    0     0.00000000     1.15336853
  19   98    0     0.00000000     0.97238975
  19   99    0     0.00000000     0.99198245
  19  100    0     0.00000000     0.98580749
  19  101    0     0.00000000     1.02216807
  19  102    0     0.00000000     0.99917142
  19  103    0     0.00000000     0.94207614
  19  104    0     0.00000000     0.95694763
  19  105    0     0.00000000     1.12500529
  19  106    0     0.00000000     1.16559546
  19  107    0     0.00000000     1.18864963
  19  108    0     0.00000000     1.15896327
  19  109    0     0.00000000     1.14621025
  19  110    0     0.00000000     1.20618495
  19  111    0     0.00000000     1.21346935
  19  112    0     0.00000000     1.16715145
  19  113    0     0.00000000     1.17534285
  19  114    0     0.00000000     1.19807775
  19  115    0     0.00000000     1.13624321
  19  116    0     0.00000000     1.17215837
  19  117    0     0.00000000     1.11811629
  19  118    0     0.00000000     1.16113040
  19  119    0     0.00000000     1.12858993
  19  120    0     0.00000000     1.09487076
  19  121    0     0.00000000     1.07963009
  19  122    0     0.00000000     1.11021714
  19  123    0     0.00000000     1.09958301
  19  124    0     0.00000000     1.10183127
  19  125    0     0.00000000     1.04432090
  19  126    0     0.00000000     0.98918788
  19  127    0     0.00000000     0.99091532
  19  128    0     0.00000000     0.94429761
  19  129    0     0.00000000     0.94219260
  19  130    0     0.00000000     0.98135364
  19  131    0     0.00000000     0.96151421
  19  132    0     0.00000000     1.04740394
  19  133    0     0.00000000     0.90442983
  19  134    0     0.00000000     1.00811893
  19  135    0     0.00000000     0.83534579
  19  136    0     0.00000000     0.83058823
  19  137    0     0.00000000     0.91024742
  19  138    0     0.00000000     0.93862521
  19  139    0     0.00000000     0.91497590
  19  140    0     0.00000000     0.92033099
  19  141    0     0.00000000     1.00000000
  19  142    0     0.00000000     1.00000000
  19  143    0     0.00000000     1.00000000
  19  144    0     0.00000000     1.00000000
  19  145    0     0.00000000     1.00000000
  19  146    0     0.00000000     1.00000000
  19  147    0     0.00000000     1.00000000
  19  148    0     0.00000000     1.00000000
  19  149    0     0.00000000     1.00000000
  19  150    0     0.00000000     0.91371983
  19  151    0     0.00000000     0.79005584
  19  152    0     0.00000000     0.90598873
  19  153    0     0.00000000     0.91180828
  19  154    0     0.00000000     0.92474604
  19  155    0     0.00000000     0.92129577
  19  156    0     0.00000000     0.93822880
  19  157    0     0.00000000     0.81285373
  19  158    0     0.00000000     0.95552332
  19  159    0     0.00000000     0.85299205
  19  160    0     0.00000000     0.97950632
  19  161    0     0.00000000     0.97247770
  19  162    0     0.00000000     0.88469695
  19  163    0     0.00000000     0.82368624
  19  164    0     0.00000000     0.81910146
  19  165    0     0.00000000     0.82560658
  19  166    0     0.00000000     0.80497898
  19  167    0     0.00000000     0.86740884
  19  168    0     0.00000000     0.91720221
  19  169    0     0.00000000     0.90649321
  19  170    0     0.00000000     0.88042552
  19  171    0     0.00000000     0.87973833
  19  172    0     0.00000000     0.88143980
  19  173    0     0.00000000     0.87895673
  19  174    0     0.00000000     0.88365864
  19  175    0     0.00000000     0.91364503
  19  176    0     0.00000000     0.90891485
  19  177    0     0.00000000     0.88763726
  19  178    0     0.00000000     0.85614197
  19  179    0     0.00000000     0.83681602
  19  180    0     0.00000000     0.83916368
  19  181    0     0.00000000     0.84774427
  19  182    0     0.00000000     0.86343643
  19  183    0     0.00000000     0.82364269
  19  184    0     0.00000000     0.84229254
  19  185    0     0.00000000     0.85622107
  19  186    0     0.00000000     0.82471822
  19  187    0     0.00000000     0.80328447
  19  188    0     0.00000000     0.77906435
  19  189    0     0.00000000     0.76347019
  19  190    0     0.00000000     0.77479791
  19  191    0     0.00000000     0.76864152
  19  192    0     0.00000000     0.74731511
  19  193    0     0.00000000     0.73205658
  19  194    0     0.00000000     0.75471272
  19  195    0     0.00000000     0.75970391
  19  196    0     0.00000000     0.75925054
  19  197    0     0.00000000     0.77127071
  19  198    0     0.00000000     0.74276285
  19  199    0     0.00000000     0.72138895
  19  200    0     0.00000000     0.78698970
  19  201    0     0.00000000     0.77329971
  19  202    0     0.00000000     0.80305334
  19  203    0     0.00000000     0.81351965
  19  204    0     0.00000000     0.83205677
  19  205    0     0.00000000     0.83496319
  19  206    0     0.00000000     0.84904244
  19  207    0     0.00000000     0.83368955
  19  208    0     0.00000000     0.84606610
  19  209    0     0.00000000     0.82160480
  19  210    0     0.00000000     0.85459375
  19  211    0     0.00000000     0.84654633
  19  212    0     0.00000000     0.82106182
  19  213    0     0.00000000     0.90924038
  19  214    0     0.00000000     0.91505206
  19  215    0     0.00000000     0.88840241
  19  216    0     0.00000000     0.82466146
  19  217    0     0.00000000     0.86276555
  19  218    0     0.00000000     0.87355370
  19  219    0     0.00000000     0.75177995
  19  220    0     0.00000000     0.75796833
  19  221    0     0.00000000     0.80778684
  19  222    0     0.00000000     0.84355268
  19  223    0     0.00000000     0.92796773
  19  224    0     0.00000000     0.97372127
  19  225    0     0.00000000     0.94599325
  19  226    0     0.00000000     0.96770337
  19  227    0     0.00000000     0.96212999
  19  228    0     0.00000000     0.98486361
  19  229    0     0.00000000     0.96462315
  19  230    0     0.00000000     0.98751942
  19  231    0     0.00000000     0.91335605
  19  232    0     0.00000000     1.03674615
  19  233    0     0.00000000     0.98119830
  19  234    0     0.00000000     0.97513525
  19  235    0     0.00000000     1.00813999
  19  236    0     0.00000000     0.94125936
  19  237    0     0.00000000     1.09866005
  20    0    0     0.00000000     1.47504814
  20    1    0     0.00000000     1.47504814
  20    2    0     0.00000000     1.47504814
  20    3    0     0.00000000     1.47504814
  20    4    0     0.00000000     1.47504814
  20    5    0     0.00000000     1.47504814
  20    6    0     0.00000000     1.47504814
  20    7    0     0.00000000     1.47504814
  20    8    0     0.00000000     1.47504814
  20    9    0     0.00000000     1.47504814
  20   10    0     0.00000000     1.47504814
  20   11    0     0.00000000     1.32833065
  20   12    0     0.00000000     1.32833065
  20   13    0     0.00000000     1.32833065
  20   14    0     0.00000000     1.30272947
  20   15    0     0.00000000     1.30272947
  20   16    0     0.00000000     1.30272947
  20   17    0     0.00000000     1.18487446
  20   18    0     0.00000000     1.23636405
  20   19    0     0.00000000     1.23636405
  20   20    0     0.00000000     1.23636405
  20   21    0     0.00000000     1.23636405
  20   22    0     0.00000000     1.26809179
  20   23    0     0.00000000     1.67607986
  20   24    0     0.00000000     1.67607986
  20   25    0     0.00000000     2.20014144
  20   26    0     0.00000000     1.77514452
  20   27    0     0.00000000     1.48775740
  20   28    0     0.00000000     1.36359591
  20   29    0     0.00000000     1.50363083
  20   30    0     0.00000000     1.28243870
  20   31    0     0.00000000     1.05017253
  20   32    0     0.00000000     2.03060952
  20   33    0     0.00000000     1.37329205
  20   34    0     0.00000000     1.25715608
  20   35    0     0.00000000     1.16275807
  20   36    0     0.00000000     1.34314544
  20   37    0     0.00000000     1.37070624
  20   38    0     0.00000000     1.17421963
  20   39    0     0.00000000     1.23614085
  20   40    0     0.00000000     1.30461092
  20   41    0     0.00000000     2.21064423
  20   42    0     0.00000000     1.31054159
  20   43    0     0.00000000     1.18720531
  20   44    0     0.00000000     1.23540548
  20   45    0     0.00000000     1.19739584
  20   46    0     0.00000000     1.39405674
  20   47    0     0.00000000     1.25732079
  20   48    0     0.00000000     1.22840593
  20   49    0     0.00000000     1.30791265
  20   50    0     0.00000000     1.22874758
  20   51    0     0.00000000     1.26290849
  20   52    0     0.00000000     1.19185399
  20   53    0     0.00000000     1.29871153
  20   54    0     0.00000000     1.09043832
  20   55    0     0.00000000     1.20434808
  20   56    0     0.00000000     1.19068955
  20   57    0     0.00000000     1.46525233
  20   58    0     0.00000000     1.31341869
  20   59    0     0.00000000     1.20020622
  20   60    0     0.00000000     1.26407344
  20   61    0     0.00000000     1.25173836
  20   62    0     0.00000000     1.32258331
  20   63    0     0.00000000     1.15430766
  20   64    0     0.00000000     1.36180982
  20   65    0     0.00000000     1.26588518
  20   66    0     0.00000000     1.18930717
  20   67    0     0.00000000     1.29164545
  20   68    0     0.00000000     1.13088586
  20   69    0     0.00000000     1.21734234
  20   70    0     0.00000000     1.07061325
  20   71    0     0.00000000     1.07860276
  20   72    0     0.00000000     1.34016866
  20   73    0     0.00000000     1.21753627
  20   74    0     0.00000000     1.28280935
  20   75    0     0.00000000     1.08392558
  20   76    0     0.00000000     1.11863641
  20   77    0     0.00000000     1.19781639
  20   78    0     0.00000000     1.14250017
  20   79    0     0.00000000     1.22185559
  20   80    0     0.00000000     1.33281364
  20   81    0     0.00000000     1.34539696
  20   82    0     0.00000000     1.16166742
  20   83    0     0.00000000     1.23573496
  20   84    0     0.00000000     1.19533156
  20   85    0     0.00000000     1.23275250
  20   86    0     0.00000000     1.29670305
  20   87    0     0.00000000     1.00000000
  20   88    0     0.00000000     1.00000000
  20   89    0     0.00000000     1.00000000
  20   90    0     0.00000000     1.00000000
  20   91    0     0.00000000     1.00000000
  20   92    0     0.00000000     1.00000000
  20   93    0     0.00000000     1.00000000
  20   94    0     0.00000000     1.00000000
  20   95    0     0.00000000     1.00000000
  20   96    0     0.00000000     1.11303869
  20   97    0     0.00000000     1.16855364
  20   98    0     0.00000000     1.18876876
  20   99    0     0.00000000     1.27569154
  20  100    0     0.00000000     1.13476690
  20  101    0     0.00000000     1.19178318
  20  102    0     0.00000000     1.14386391
  20  103    0     0.00000000     1.21116473
  20  104    0     0.00000000     1.19154285
  20  105    0     0.00000000     1.21047970
  20  106    0     0.00000000     1.23161956
  20  107    0     0.00000000     1.04270533
  20  108    0     0.00000000     0.97829761
  20  109    0     0.00000000     0.99163378
  20  110    0     0.00000000     1.01329046
  20  111    0     0.00000000     0.97190291
  20  112    0     0.00000000     0.96680025
  20  113    0     0.00000000     0.97141230
  20  114    0     0.00000000     0.92669075
  20  115    0     0.00000000     1.21105145
  20  116    0     0.00000000     1.16248422
  20  117    0     0.00000000     1.17401696
  20  118    0     0.00000000     1.18346640
  20  119    0     0.00000000     1.20372300
  20  120    0     0.00000000     1.12900626
  20  121    0     0.00000000     1.14689628
  20  122    0     0.00000000     1.12932572
  20  123    0     0.00000000     0.99433583
  20  124    0     0.00000000     0.99429212
  20  125    0     0.00000000     0.97675406
  20  126    0     0.00000000     0.99304360
  20  127    0     0.00000000     0.95490972
  20  128    0     0.00000000     1.01219302
  20  129    0     0.00000000     1.01821181
  20  130    0     0.00000000     1.05921674
  20  131    0     0.00000000     1.03621223
  20  132    0     0.00000000     1.03119174
  20  133    0     0.00000000     0.91938437
  20  134    0     0.00000000     0.95381023
  20  135    0     0.00000000     0.90075189
  20  136    0     0.00000000     0.89626409
  20  137    0     0.00000000     0.86460592
  20  138    0     0.00000000     0.88735133
  20  139    0     0.00000000     0.90516688
  20  140    0     0.00000000     0.95842251
  20  141    0     0.00000000     0.89483830
  20  142    0     0.00000000     0.82188134
  20  143    0     0.00000000     0.78095470
  20  144    0     0.00000000     0.81085721
  20  145    0     0.00000000     0.77519047
  20  146    0     0.00000000     0.79833063
  20  147    0     0.00000000     0.86382408
  20  148    0     0.00000000     1.00000000
  20  149    0     0.00000000     1.00000000
  20  150    0     0.00000000     1.00000000
  20  151    0     0.00000000     1.00000000
  20  152    0     0.00000000     1.00000000
  20  153    0     0.00000000     1.00000000
  20  154    0     0.00000000     1.00000000
  20  155    0     0.00000000     1.00000000
  20  156    0     0.00000000     1.00000000
  20  157    0     0.00000000     0.83521326
  20  158    0     0.00000000     0.80930633
  20  159    0     0.00000000     0.78187437
  20  160    0     0.00000000     0.82711344
  20  161    0     0.00000000     0.80317491
  20  162    0     0.00000000     0.85871740
  20  163    0     0.00000000     0.83332955
  20  164    0     0.00000000     0.92879676
  20  165    0     0.00000000     0.93519590
  20  166    0     0.00000000     1.02562124
  20  167    0     0.00000000     0.97186023
  20  168    0     0.00000000     1.05299030
  20  169    0     0.00000000     0.98380656
  20  170    0     0.00000000     1.03303216
  20  171    0     0.00000000     1.05281564
  20  172    0     0.00000000     1.07445238
  20  173    0     0.00000000     0.98369503
  20  174    0     0.00000000     1.06320479
  20  175    0     0.00000000     1.02065982
  20  176    0     0.00000000     1.05739449
  20  177    0     0.00000000     0.95918841
  20  178    0     0.00000000     1.02038860
  20  179    0     0.00000000     0.98901462
  20  180    0     0.00000000     1.01111956
  20  181    0     0.00000000     0.98354910
  20  182    0     0.00000000     1.02180878
  20  183    0     0.00000000     0.98812187
  20  184    0     0.00000000     1.01594122
  20  185    0     0.00000000     0.95606638
  20  186    0     0.00000000     0.98091725
  20  187    0     0.00000000     0.94285252
  20  188    0     0.00000000     1.00684190
  20  189    0     0.00000000     0.96246306
  20  190    0     0.00000000     0.93792681
  20  191    0     0.00000000     0.91959297
  20  192    0     0.00000000     0.93961154
  20  193    0     0.00000000     0.92099333
  20  194    0     0.00000000     0.90623358
  20  195    0     0.00000000     0.88948808
  20  196    0     0.00000000     0.92022979
  20  197    0     0.00000000     0.89793772
  20  198    0     0.00000000     0.90594459
  20  199    0     0.00000000     0.86113866
  20  200    0     0.00000000     0.90678802
  20  201    0     0.00000000     0.86058413
  20  202    0     0.00000000     0.88298661
  20  203    0     0.00000000     0.87822307
  20  204    0     0.00000000     0.87979655
  20  205    0     0.00000000     0.85700186
  20  206    0     0.00000000     0.87330532
  20  207    0     0.00000000     0.85063640
  20  208    0     0.00000000     0.83231669
  20  209    0     0.00000000     0.81014579
  20  210    0     0.00000000     0.80915623
  20  211    0     0.00000000     0.80796065
  20  212    0     0.00000000     0.82094841
  20  213    0     0.00000000     0.79557140
  20  214    0     0.00000000     0.81104421
  20  215    0     0.00000000     0.75775994
  20  216    0     0.00000000     0.76365296
  20  217    0     0.00000000     0.75611183
  20  218    0     0.00000000     0.78650759
  20  219    0     0.00000000     0.76471673
  20  220    0     0.00000000     0.81075320
  20  221    0     0.00000000     0.72917707
  20  222    0     0.00000000     0.75543610
  20  223    0     0.00000000     0.77467649
  20  224    0     0.00000000     0.88434948
  20  225    0     0.00000000     0.91329531
  20  226    0     0.00000000     0.95534733
  20  227    0     0.00000000     0.92279837
  20  228    0     0.00000000     0.93360657
  20  229    0     0.00000000     0.87704837
  20  230    0     0.00000000     0.93382439
  20  231    0     0.00000000     0.95602895
  20  232    0     0.00000000     0.93313210
  20  233    0     0.00000000     0.96199729
  20  234    0     0.00000000     0.93048936
  20  235    0     0.00000000     0.94000290
  20  236    0     0.00000000     0.94128959
  20  237    0     0.00000000     0.87510071
  20  238    0     0.00000000     0.92872630
  20  239    0     0.00000000     0.90234155
  20  240    0     0.00000000     1.00081898
  20  241    0     0.00000000     1.02307971
  20  242    0     0.00000000     0.97509558
  20  243    0     0.00000000     0.97728849
  21    0    0     0.00000000     1.60066016
  21    1    0     0.00000000     1.60066016
  21    2    0     0.00000000     1.60066016
  21    3    0     0.00000000     1.60066016
  21    4    0     0.00000000     1.60066016
  21    5    0     0.00000000     1.60066016
  21    6    0     0.00000000     1.60066016
  21    7    0     0.00000000     1.60066016
  21    8    0     0.00000000     1.60066016
  21    9    0     0.00000000     1.60066016
  21   10    0     0.00000000     1.60066016
  21   11    0     0.00000000     1.60066016
  21   12    0     0.00000000     1.60066016
  21   13    0     0.00000000     1.60066016
  21   14    0     0.00000000     1.59582633
  21   15    0     0.00000000     2.60856739
  21   16    0     0.00000000     1.82273340
  21   17    0     0.00000000     1.82273340
  21   18    0     0.00000000     1.82273340
  21   19    0     0.00000000     1.36391685
  21   20    0     0.00000000     1.57809617
  21   21    0     0.00000000     1.54750511
  21   22    0     0.00000000     1.11371839
  21   23    0     0.00000000     1.58767525
  21   24    0     0.00000000     1.23097215
  21   25    0     0.00000000     1.20874670
  21   26    0     0.00000000     1.48725059
  21   27    0     0.00000000     1.47476658
  21   28    0     0.00000000     1.26185200
  21   29    0     0.00000000     1.36836812
  21   30    0     0.00000000     1.14181771
  21   31    0     0.00000000     1.12459824
  21   32    0     0.00000000     1.06321558
  21   33    0     0.00000000     1.01767209
  21   34    0     0.00000000     1.28275384
  21   35    0     0.00000000     1.09470788
  21   36    0     0.00000000     1.04040220
  21   37    0     0.00000000     1.06794421
  21   38    0     0.00000000     1.12396220
  21   39    0     0.00000000     1.37513853
  21   40    0     0.00000000     1.15958019
  21   41    0     0.00000000     1.46723246
  21   42    0     0.00000000     1.30755023
  21   43    0     0.00000000     1.32577041
  21   44    0     0.00000000     1.20686202
  21   45    0     0.00000000     1.20962766
  21   46    0     0.00000000     1.25303385
  21   47    0     0.00000000     1.35079927
  21   48    0     0.00000000     1.28126798
  21   49    0     0.00000000     1.22585918
  21   50    0     0.00000000     1.17727259
  21   51    0     0.00000000     1.19837401
  21   52    0     0.00000000     1.20615973
  21   53    0     0.00000000     1.29608078
  21   54    0     0.00000000     1.16093860
  21   55    0     0.00000000     1.37497000
  21   56    0     0.00000000     1.08373159
  21   57    0     0.00000000     1.22676965
  21   58    0     0.00000000     1.19092764
  21   59    0     0.00000000     1.16381654
  21   60    0     0.00000000     1.07348094
  21   61    0     0.00000000     1.09002395
  21   62    0     0.00000000     1.22626719
  21   63    0     0.00000000     1.22126186
  21   64    0     0.00000000     1.06371332
  21   65    0     0.00000000     0.99087542
  21   66    0     0.00000000     1.06666705
  21   67    0     0.00000000     1.13566917
  21   68    0     0.00000000     1.14006229
  21   69    0     0.00000000     1.20552041
  21   70    0     0.00000000     1.19949060
  21   71    0     0.00000000     1.37005990
  21   72    0     0.00000000     1.21664622
  21   73    0     0.00000000     1.27976139
  21   74    0     0.00000000     1.18818740
  21   75    0     0.00000000     1.14876429
  21   76    0     0.00000000     1.17863805
  21   77    0     0.00000000     1.24548490
  21   78    0     0.00000000     1.00000000
  21   79    0     0.00000000     1.00000000
  21   80    0     0.00000000     1.00000000
  21   81    0     0.00000000     1.00000000
  21   82    0     0.00000000     1.00000000
  21   83    0     0.00000000     1.00000000
  21   84    0     0.00000000     1.00000000
  21   85    0     0.00000000     1.00000000
  21   86    0     0.00000000     1.06443364
  21   87    0     0.00000000     1.01389184
  21   88    0     0.00000000     1.06272884
  21   89    0     0.00000000     1.08524658
  21   90    0     0.00000000     1.04025723
  21   91    0     0.00000000     1.13294426
  21   92    0     0.00000000     1.17813170
  21   93    0     0.00000000     1.19276281
  21   94    0     0.00000000     1.18385249
  21   95    0     0.00000000     1.33657281
  21   96    0     0.00000000     1.18566309
  21   97    0     0.00000000     1.27329212
  21   98    0     0.00000000     1.13850703
  21   99    0     0.00000000     1.13760517
  21  100    0     0.00000000     1.10045347
  21  101    0     0.00000000     1.17641227
  21  102    0     0.00000000     1.11377387
  21  103    0     0.00000000     1.12426770
  21  104    0     0.00000000     1.11340450
  21  105    0     0.00000000     1.16355833
  21  106    0     0.00000000     1.10345556
  21  107    0     0.00000000     1.00043918
  21  108    0     0.00000000     0.96646084
  21  109    0     0.00000000     0.99299950
  21  110    0     0.00000000     0.94630830
  21  111    0     0.00000000     0.97264148
  21  112    0     0.00000000     1.08373705
  21  113    0     0.00000000     1.06931437
  21  114    0     0.00000000     1.05079782
  21  115    0     0.00000000     1.02149004
  21  116    0     0.00000000     0.99650765
  21  117    0     0.00000000     1.06075996
  21  118    0     0.00000000     1.06025487
  21  119    0     0.00000000     1.02438572
  21  120    0     0.00000000     1.06378251
  21  121    0     0.00000000     1.01262322
  21  122    0     0.00000000     0.94808551
  21  123    0     0.00000000     0.91824911
  21  124    0     0.00000000     0.94622358
  21  125    0     0.00000000     0.87697332
  21  126    0     0.00000000     0.87785750
  21  127    0     0.00000000     0.92724333
  21  128    0     0.00000000     0.96822905
  21  129    0     0.00000000     0.92646662
  21  130    0     0.00000000     0.95382714
  21  131    0     0.00000000     0.84496637
  21  132    0     0.00000000     0.87495817
  21  133    0     0.00000000     0.86049053
  21  134    0     0.00000000     0.86858735
  21  135    0     0.00000000     0.85429778
  21  136    0     0.00000000     0.85297367
  21  137    0     0.00000000     0.92972576
  21  138    0     0.00000000     0.94118030
  21  139    0     0.00000000     0.89288804
  21  140    0     0.00000000     0.81765342
  21  141    0     0.00000000     0.79568307
  21  142    0     0.00000000     0.82467386
  21  143    0     0.00000000     0.82171187
  21  144    0     0.00000000     0.84881051
  21  145    0     0.00000000     0.92327928
  21  146    0     0.00000000     1.00000000
  21  147    0     0.00000000     1.00000000
  21  148    0     0.00000000     1.00000000
  21  149    0     0.00000000     1.00000000
  21  150    0     0.00000000     1.00000000
  21  151    0     0.00000000     1.00000000
  21  152    0     0.00000000     1.00000000
  21  153    0     0.00000000     1.00000000
  21  154    0     0.00000000     0.89740685
  21  155    0     0.00000000     0.83231869
  21  156    0     0.00000000     0.83825490
  21  157    0     0.00000000     0.83931000
  21  158    0     0.00000000     0.87244010
  21  159    0     0.00000000     0.84780214
  21  160    0     0.00000000     0.82769314
  21  161    0     0.00000000     0.81576581
  21  162    0     0.00000000     0.81765167
  21  163    0     0.00000000     0.83608911
  21  164    0     0.00000000     0.85205557
  21  165    0     0.00000000     0.85946026
  21  166    0     0.00000000     0.87829511
  21  167    0     0.00000000     0.90739088
  21  168    0     0.00000000     0.88810123
  21  169    0     0.00000000     0.90458760
  21  170    0     0.00000000     0.90785282
  21  171    0     0.00000000     0.91500554
  21  172    0     0.00000000     0.95865578
  21  173    0     0.00000000     0.92698075
  21  174    0     0.00000000     0.92320929
  21  175    0     0.00000000     0.92929385
  21  176    0     0.00000000     0.93868382
  21  177    0     0.00000000     0.95611581
  21  178    0     0.00000000     1.02818334
  21  179    0     0.00000000     1.00163182
  21  180    0     0.00000000     0.99909848
  21  181    0     0.00000000     0.99539736
  21  182    0     0.00000000     0.96917008
  21  183    0     0.00000000     0.98377120
  21  184    0     0.00000000     0.99029195
  21  185    0     0.00000000     1.01188905
  21  186    0     0.00000000     1.00887160
  21  187    0     0.00000000     0.98683541
  21  188    0     0.00000000     1.00694217
  21  189    0     0.00000000     0.95136966
  21  190    0     0.00000000     0.98066316
  21  191    0     0.00000000     0.93471529
  21  192    0     0.00000000     0.92143117
  21  193    0     0.00000000     0.91752707
  21  194    0     0.00000000     0.92852692
  21  195    0     0.00000000     0.87908754
  21  196    0     0.00000000     0.88980664
  21  197    0     0.00000000     0.84723036
  21  198    0     0.00000000     0.83330632
  21  199    0     0.00000000     0.82349305
  21  200    0     0.00000000     0.79852216
  21  201    0     0.00000000     0.76140272
  21  202    0     0.00000000     0.73972788
  21  203    0     0.00000000     0.78221836
  21  204    0     0.00000000     0.70895216
  21  205    0     0.00000000     0.70106828
  21  206    0     0.00000000     0.68059619
  21  207    0     0.00000000     0.67168187
  21  208    0     0.00000000     0.70912722
  21  209    0     0.00000000     0.67932026
  21  210    0     0.00000000     0.67290481
  21  211    0     0.00000000     0.67615593
  21  212    0     0.00000000     0.67820522
  21  213    0     0.00000000     0.67743076
  21  214    0     0.00000000     0.71309311
  21  215    0     0.00000000     0.80033403
  21  216    0     0.00000000     0.80317477
  21  217    0     0.00000000     0.81540640
  21  218    0     0.00000000     0.81415921
  21  219    0     0.00000000     0.84312385
  21  220    0     0.00000000     0.84873083
  21  221    0     0.00000000     0.84458712
  21  222    0     0.00000000     0.91606809
  21  223    0     0.00000000     1.00619821
  21  224    0     0.00000000     1.03172405
  21  225    0     0.00000000     0.97174807
  21  226    0     0.00000000     0.99445690
  21  227    0     0.00000000     1.10779744
  21  228    0     0.00000000     1.17355910
  21  229    0     0.00000000     1.15742780
  21  230    0     0.00000000     1.21470295
  21  231    0     0.00000000     1.25394592
  22    0    0     0.00000000     0.90539690
  22    1    0     0.00000000     0.90539690
  22    2    0     0.00000000     0.90539690
  22    3    0     0.00000000     0.90539690
  22    4    0     0.00000000     0.91673762
  22    5    0     0.00000000     1.01416701
  22    6    0     0.00000000     1.02703128
  22    7    0     0.00000000     1.02081846
  22    8    0     0.00000000     1.01468036
  22    9    0     0.00000000     1.02492523
  22   10    0     0.00000000     1.15850291
  22   11    0     0.00000000     1.17581501
  22   12    0     0.00000000     1.19414197
  22   13    0     0.00000000     1.23618012
  22   14    0     0.00000000     1.28049874
  22   15    0     0.00000000     0.97879747
  22   16    0     0.00000000     1.82443517
  22   17    0     0.00000000     1.36792382
  22   18    0     0.00000000     1.37504426
  22   19    0     0.00000000     1.42921815
  22   20    0     0.00000000     1.01844593
  22   21    0     0.00000000     1.07451774
  22   22    0     0.00000000     1.17133875
  22   23    0     0.00000000     1.16789606
  22   24    0     0.00000000     1.10519694
  22   25    0     0.00000000     1.11647274
  22   26    0     0.00000000     1.00434270
  22   27    0     0.00000000     1.08620429
  22   28    0     0.00000000     1.19674226
  22   29    0     0.00000000     1.10722545
  22   30    0     0.00000000     1.13218065
  22   31    0     0.00000000     1.14257943
  22   32    0     0.00000000     1.18218947
  22   33    0     0.00000000     1.16386660
  22   34    0     0.00000000     1.12983816
  22   35    0     0.00000000     1.20356479
  22   36    0     0.00000000     1.31067890
  22   37    0     0.00000000     1.24585418
  22   38    0     0.00000000     1.19353554
  22   39    0     0.00000000     1.24932320
  22   40    0     0.00000000     1.18660888
  22   41    0     0.00000000     1.19801812
  22   42    0     0.00000000     1.34284469
  22   43    0     0.00000000     1.15954491
  22   44    0     0.00000000     1.17073547
  22   45    0     0.00000000     1.18378161
  22   46    0     0.00000000     1.20578077
  22   47    0     0.00000000     1.29413465
  22   48    0     0.00000000     1.03384067
  22   49    0     0.00000000     1.14189938
  22   50    0     0.00000000     1.05478890
  22   51    0     0.00000000     1.23493294
  22   52    0     0.00000000     1.25355382
  22   53    0     0.00000000     1.13790606
  22   54    0     0.00000000     1.10473809
  22   55    0     0.00000000     1.09466617
  22   56    0     0.00000000     1.13987953
  22   57    0     0.00000000     1.00204718
  22   58    0     0.00000000     1.15493523
  22   59    0     0.00000000     1.23366138
  22   60    0     0.00000000     1.32485617
  22   61    0     0.00000000     1.12965132
  22   62    0     0.00000000     1.14233157
  22   63    0     0.00000000     1.19940595
  22   64    0     0.00000000     1.14754642
  22   65    0     0.00000000     1.18870703
  22   66    0     0.00000000     1.23890949
  22   67    0     0.00000000     1.00000000
  22   68    0     0.00000000     1.00000000
  22   69    0     0.00000000     1.00000000
  22   70    0     0.00000000     1.00000000
  22   71    0     0.00000000     1.00000000
  22   72    0     0.00000000     1.00000000
  22   73    0     0.00000000     1.00000000
  22   74    0     0.00000000     1.00000000
  22   75    0     0.00000000     0.94691194
  22   76    0     0.00000000     0.88663618
  22   77    0     0.00000000     1.02203963
  22   78    0     0.00000000     1.09302130
  22   79    0     0.00000000     1.07505429
  22   80    0     0.00000000     1.08646528
  22   81    0     0.00000000     1.13299153
  22   82    0     0.00000000     1.11255105
  22   83    0     0.00000000     1.11854584
  22   84    0     0.00000000     1.10261608
  22   85    0     0.00000000     1.10757423
  22   86    0     0.00000000     1.12482666
  22   87    0     0.00000000     1.10833491
  22   88    0     0.00000000     1.13740773
  22   89    0     0.00000000     1.13634162
  22   90    0     0.00000000     1.14739997
  22   91    0     0.00000000     1.23210362
  22   92    0     0.00000000     1.14161753
  22   93    0     0.00000000     1.09521524
  22   94    0     0.00000000     1.21837816
  22   95    0     0.00000000     1.18310346
  22   96    0     0.00000000     1.16854217
  22   97    0     0.00000000     1.11043132
  22   98    0     0.00000000     1.08790218
  22   99    0     0.00000000     1.10264509
  22  100    0     0.00000000     1.06481635
  22  101    0     0.00000000     1.06127279
  22  102    0     0.00000000     1.05459586
  22  103    0     0.00000000     1.07363130
  22  104    0     0.00000000     1.16993954
  22  105    0     0.00000000     0.95605291
  22  106    0     0.00000000     0.93022898
  22  107    0     0.00000000     0.96392872
  22  108    0     0.00000000     0.92998758
  22  109    0     0.00000000     0.92885464
  22  110    0     0.00000000     0.99589488
  22  111    0     0.00000000     0.99705343
  22  112    0     0.00000000     0.97747555
  22  113    0     0.00000000     0.94273036
  22  114    0     0.00000000     0.95823677
  22  115    0     0.00000000     1.00631328
  22  116    0     0.00000000     0.95405657
  22  117    0     0.00000000     0.93865467
  22  118    0     0.00000000     0.97964165
  22  119    0     0.00000000     0.90921628
  22  120    0     0.00000000     0.88682499
  22  121    0     0.00000000     0.93230003
  22  122    0     0.00000000     0.88052229
  22  123    0     0.00000000     0.90090587
  22  124    0     0.00000000     0.94510981
  22  125    0     0.00000000     0.96304111
  22  126    0     0.00000000     0.93120842
  22  127    0     0.00000000     0.93089568
  22  128    0     0.00000000     0.83269147
  22  129    0     0.00000000     0.84144946
  22  130    0     0.00000000     0.86080281
  22  131    0     0.00000000     0.89448266
  22  132    0     0.00000000     0.86071645
  22  133    0     0.00000000     0.87803715
  22  134    0     0.00000000     0.94753515
  22  135    0     0.00000000     1.01039220
  22  136    0     0.00000000     0.95130681
  22  137    0     0.00000000     0.90098896
  22  138    0     0.00000000     0.89199786
  22  139    0     0.00000000     0.89190180
  22  140    0     0.00000000     0.84833900
  22  141    0     0.00000000     0.82277006
  22  142    0     0.00000000     0.84409118
  22  143    0     0.00000000     1.00000000
  22  144    0     0.00000000     1.00000000
  22  145    0     0.00000000     1.00000000
  22  146    0     0.00000000     1.00000000
  22  147    0     0.00000000     1.00000000
  22  148    0     0.00000000     1.00000000
  22  149    0     0.00000000     1.00000000
  22  150    0     0.00000000     1.00000000
  22  151    0     0.00000000     0.88614845
  22  152    0     0.00000000     0.84430320
  22  153    0     0.00000000     0.90173014
  22  154    0     0.00000000     0.91499860
  22  155    0     0.00000000     0.93976066
  22  156    0     0.00000000     0.89615707
  22  157    0     0.00000000     0.89008738
  22  158    0     0.00000000     0.90066624
  22  159    0     0.00000000     0.92032482
  22  160    0     0.00000000     0.92997002
  22  161    0     0.00000000     0.95992619
  22  162    0     0.00000000     0.95388425
  22  163    0     0.00000000     0.97660872
  22  164    0     0.00000000     0.94176134
  22  165    0     0.00000000     1.01661026
  22  166    0     0.00000000     1.02748705
  22  167    0     0.00000000     1.04578634
  22  168    0     0.00000000     0.99592144
  22  169    0     0.00000000     1.03305942
  22  170    0     0.00000000     1.00668496
  22  171    0     0.00000000     1.00531957
  22  172    0     0.00000000     0.93400812
  22  173    0     0.00000000     0.91827081
  22  174    0     0.00000000     0.91707264
  22  175    0     0.00000000     0.94226224
  22  176    0     0.00000000     0.94365893
  22  177    0     0.00000000     0.93328574
  22  178    0     0.00000000     0.94911207
  22  179    0     0.00000000     0.90422469
  22  180    0     0.00000000     0.89073363
  22  181    0     0.00000000     0.93032075
  22  182    0     0.00000000     0.91869409
  22  183    0     0.00000000     0.90852950
  22  184    0     0.00000000     0.91721577
  22  185    0     0.00000000     0.89441216
  22  186    0     0.00000000     0.87700214
  22  187    0     0.00000000     0.87911039
  22  188    0     0.00000000     0.84795512
  22  189    0     0.00000000     0.87735277
  22  190    0     0.00000000     0.83265139
  22  191    0     0.00000000     0.80348087
  22  192    0     0.00000000     0.78875487
  22  193    0     0.00000000     0.79600441
  22  194    0     0.00000000     0.78896742
  22  195    0     0.00000000     0.82678235
  22  196    0     0.00000000     0.81687288
  22  197    0     0.00000000     0.83981423
  22  198    0     0.00000000     0.80331524
  22  199    0     0.00000000     0.80696691
  22  200    0     0.00000000     0.81372361
  22  201    0     0.00000000     0.80999482
  22  202    0     0.00000000     0.78357722
  22  203    0     0.00000000     0.80527413
  22  204    0     0.00000000     0.75685655
  22  205    0     0.00000000     0.80457732
  22  206    0     0.00000000     0.75068319
  22  207    0     0.00000000     0.77930812
  22  208    0     0.00000000     0.77321852
  22  209    0     0.00000000     0.82324630
  22  210    0     0.00000000     0.80302270
  22  211    0     0.00000000     0.88240982
  22  212    0     0.00000000     0.93560349
  22  213    0     0.00000000     0.99819087
  22  214    0     0.00000000     1.01813860
  22  215    0     0.00000000     1.12507531
  22  216    0     0.00000000     1.20914415
  22  217    0     0.00000000     1.17996414
  23    0    0     0.00000000     0.93078095
  23    1    0     0.00000000     0.93078095
  23    2    0     0.00000000     0.93078095
  23    3    0     0.00000000     1.03095804
  23    4    0     0.00000000     1.33997411
  23    5    0     0.00000000     1.16269981
  23    6    0     0.00000000     1.08897760
  23    7    0     0.00000000     1.02271194
  23    8    0     0.00000000     1.07566832
  23    9    0     0.00000000     1.07566832
  23   10    0     0.00000000     1.13875007
  23   11    0     0.00000000     1.38508541
  23   12    0     0.00000000     1.31636777
  23   13    0     0.00000000     1.83005590
  23   14    0     0.00000000     0.96036081
  23   15    0     0.00000000     1.08607882
  23   16    0     0.00000000     1.11648664
  23   17    0     0.00000000     1.57492967
  23   18    0     0.00000000     1.26688494
  23   19    0     0.00000000     1.03963030
  23   20    0     0.00000000     1.17745735
  23   21    0     0.00000000     1.19321156
  23   22    0     0.00000000     1.12357585
  23   23    0     0.00000000     1.01288705
  23   24    0     0.00000000     1.20097394
  23   25    0     0.00000000     1.32676263
  23   26    0     0.00000000     1.08714735
  23   27    0     0.00000000     1.40812745
  23   28    0     0.00000000     1.21846454
  23   29    0     0.00000000     1.11174662
  23   30    0     0.00000000     0.98687333
  23   31    0     0.00000000     1.26566927
  23   32    0     0.00000000     1.31195084
  23   33    0     0.00000000     1.22537938
  23   34    0     0.00000000     1.24359539
  23   35    0     0.00000000     1.10627864
  23   36    0     0.00000000     1.36356133
  23   37    0     0.00000000     1.25717227
  23   38    0     0.00000000     1.15638134
  23   39    0     0.00000000     1.24036570
  23   40    0     0.00000000     1.07864423
  23   41    0     0.00000000     1.16818114
  23   42    0     0.00000000     1.02299249
  23   43    0     0.00000000     1.12437517
  23   44    0     0.00000000     1.14246431
  23   45    0     0.00000000     1.16104310
  23   46    0     0.00000000     1.10853548
  23   47    0     0.00000000     1.03209741
  23   48    0     0.00000000     1.15069936
  23   49    0     0.00000000     1.15865987
  23   50    0     0.00000000     1.08035710
  23   51    0     0.00000000     1.33371023
  23   52    0     0.00000000     1.15155752
  23   53    0     0.00000000     1.39912208
  23   54    0     0.00000000     1.20456599
  23   55    0     0.00000000     1.28917185
  23   56    0     0.00000000     1.18986656
  23   57    0     0.00000000     1.12877826
  23   58    0     0.00000000     1.16453120
  23   59    0     0.00000000     1.00000000
  23   60    0     0.00000000     1.00000000
  23   61    0     0.00000000     1.00000000
  23   62    0     0.00000000     1.00000000
  23   63    0     0.00000000     1.00000000
  23   64    0     0.00000000     1.00000000
  23   65    0     0.00000000     1.00000000
  23   66    0     0.00000000     1.00000000
  23   67    0     0.00000000     1.00000000
  23   68    0     0.00000000     1.09959569
  23   69    0     0.00000000     1.20091556
  23   70    0     0.00000000     1.09545937
  23   71    0     0.00000000     1.11539050
  23   72    0     0.00000000     1.09001493
  23   73    0     0.00000000     1.05615237
  23   74    0     0.00000000     1.14498248
  23   75    0     0.00000000     1.16819558
  23   76    0     0.00000000     1.12628858
  23   77    0     0.00000000     1.19194224
  23   78    0     0.00000000     1.17864530
  23   79    0     0.00000000     1.24744439
  23   80    0     0.00000000     1.24688335
  23   81    0     0.00000000     1.30450048
  23   82    0     0.00000000     1.19253890
  23   83    0     0.00000000     1.17594526
  23   84    0     0.00000000     1.13464318
  23   85    0     0.00000000     1.20303962
  23   86    0     0.00000000     1.06866949
  23   87    0     0.00000000     1.08013685
  23   88    0     0.00000000     1.14754236
  23   89    0     0.00000000     1.09210551
  23   90    0     0.00000000     1.06029134
  23   91    0     0.00000000     1.06689329
  23   92    0     0.00000000     1.11991728
  23   93    0     0.00000000     1.16619147
  23   94    0     0.00000000     1.14936809
  23   95    0     0.00000000     1.11924351
  23   96    0     0.00000000     1.10138407
  23   97    0     0.00000000     1.08678052
  23   98    0     0.00000000     1.06392753
  23   99    0     0.00000000     1.04367085
  23  100    0     0.00000000     1.05392650
  23  101    0     0.00000000     1.06142689
  23  102    0     0.00000000     1.04595386
  23  103    0     0.00000000     1.04222540
  23  104    0     0.00000000     1.04907596
  23  105    0     0.00000000     1.15881626
  23  106    0     0.00000000     0.97792598
  23  107    0     0.00000000     1.03923019
  23  108    0     0.00000000     0.96468732
  23  109    0     0.00000000     0.96868176
  23  110    0     0.00000000     1.09491815
  23  111    0     0.00000000     1.05350097
  23  112    0     0.00000000     1.05181525
  23  113    0     0.00000000     1.05013490
  23  114    0     0.00000000     0.98078157
  23  115    0     0.00000000     1.09765005
  23  116    0     0.00000000     1.16000148
  23  117    0     0.00000000     1.02291417
  23  118    0     0.00000000     1.02005045
  23  119    0     0.00000000     0.89740835
  23  120    0     0.00000000     0.89652958
  23  121    0     0.00000000     0.91048102
  23  122    0     0.00000000     0.88089283
  23  123    0     0.00000000     0.88336195
  23  124    0     0.00000000     0.92924680
  23  125    0     0.00000000     1.00762379
  23  126    0     0.00000000     0.96668787
  23  127    0     0.00000000     0.98444321
  23  128    0     0.00000000     0.89615556
  23  129    0     0.00000000     0.90341149
  23  130    0     0.00000000     0.91130542
  23  131    0     0.00000000     0.90147772
  23  132    0     0.00000000     0.89757154
  23  133    0     0.00000000     0.89942247
  23  134    0     0.00000000     0.95109440
  23  135    0     0.00000000     0.98099063
  23  136    0     0.00000000     0.90270657
  23  137    0     0.00000000     0.74921767
  23  138    0     0.00000000     0.73965242
  23  139    0     0.00000000     0.73618741
  23  140    0     0.00000000     0.79329491
  23  141    0     0.00000000     0.87831155
  23  142    0     0.00000000     1.00000000
  23  143    0     0.00000000     1.00000000
  23  144    0     0.00000000     1.00000000
  23  145    0     0.00000000     1.00000000
  23  146    0     0.00000000     1.00000000
  23  147    0     0.00000000     1.00000000
  23  148    0     0.00000000     1.00000000
  23  149    0     0.00000000     1.00000000
  23  150    0     0.00000000     1.00000000
  23  151    0     0.00000000     0.90504977
  23  152    0     0.00000000     0.81280566
  23  153    0     0.00000000     0.79636009
  23  154    0     0.00000000     0.83224109
  23  155    0     0.00000000     0.82980127
  23  156    0     0.00000000     0.82442762
  23  157    0     0.00000000     0.84738787
  23  158    0     0.00000000     0.85920756
  23  159    0     0.00000000     0.86820437
  23  160    0     0.00000000     0.89812652
  23  161    0     0.00000000     0.94484499
  23  162    0     0.00000000     1.00128914
  23  163    0     0.00000000     1.04851155
  23  164    0     0.00000000     1.03401751
  23  165    0     0.00000000     1.10263166
  23  166    0     0.00000000     1.11128977
  23  167    0     0.00000000     0.93414894
  23  168    0     0.00000000     0.91621425
  23  169    0     0.00000000     0.96990215
  23  170    0     0.00000000     1.00032860
  23  171    0     0.00000000     0.96418886
  23  172    0     0.00000000     0.96946414
  23  173    0     0.00000000     0.97916585
  23  174    0     0.00000000     0.96596961
  23  175    0     0.00000000     0.95471979
  23  176    0     0.00000000     0.96524119
  23  177    0     0.00000000     0.99700792
  23  178    0     0.00000000     0.97474594
  23  179    0     0.00000000     0.97893536
  23  180    0     0.00000000     0.94219808
  23  181    0     0.00000000     0.93283183
  23  182    0     0.00000000     0.93877562
  23  183    0     0.00000000     0.93356590
  23  184    0     0.00000000     0.91571039
  23  185    0     0.00000000     0.90034547
  23  186    0     0.00000000     0.91123415
  23  187    0     0.00000000     0.90255555
  23  188    0     0.00000000     0.89838249
  23  189    0     0.00000000     0.89141152
  23  190    0     0.00000000     0.88527102
  23  191    0     0.00000000     0.85510110
  23  192    0     0.00000000     0.84924306
  23  193    0     0.00000000     0.83864228
  23  194    0     0.00000000     0.81902491
  23  195    0     0.00000000     0.85389516
  23  196    0     0.00000000     0.82108442
  23  197    0     0.00000000     0.82926294
  23  198    0     0.00000000     0.79621384
  23  199    0     0.00000000     0.77690084
  23  200    0     0.00000000     0.84420603
  23  201    0     0.00000000     0.79810319
  23  202    0     0.00000000     0.74027815
  23  203    0     0.00000000     0.74194242
  23  204    0     0.00000000     0.72781975
  23  205    0     0.00000000     0.68287999
  23  206    0     0.00000000     0.64133497
  23  207    0     0.00000000     0.69936005
  23  208    0     0.00000000     0.78950531
  23  209    0     0.00000000     0.96757037
  24    0    0     0.00000000     1.09549112
  24    1    0     0.00000000     1.09549112
  24    2    0     0.00000000     1.09549112
  24    3    0     0.00000000     1.09549112
  24    4    0     0.00000000     1.09549112
  24    5    0     0.00000000     1.09549112
  24    6    0     0.00000000     1.09549112
  24    7    0     0.00000000     1.01652599
  24    8    0     0.00000000     0.96143574
  24    9    0     0.00000000     1.03785893
  24   10    0     0.00000000     1.12748081
  24   11    0     0.00000000     0.94640690
  24   12    0     0.00000000     0.98017041
  24   13    0     0.00000000     1.02518325
  24   14    0     0.00000000     0.90216069
  24   15    0     0.00000000     0.95674024
  24   16    0     0.00000000     1.07475119
  24   17    0     0.00000000     1.30484252
  24   18    0     0.00000000     1.00040542
  24   19    0     0.00000000     0.95725595
  24   20    0     0.00000000     1.22163531
  24   21    0     0.00000000     1.06501564
  24   22    0     0.00000000     1.23646079
  24   23    0     0.00000000     1.23139344
  24   24    0     0.00000000     1.23139344
  24   25    0     0.00000000     1.22640727
  24   26    0     0.00000000     1.29099589
  24   27    0     0.00000000     1.16169564
  24   28    0     0.00000000     1.12176276
  24   29    0     0.00000000     1.18766332
  24   30    0     0.00000000     1.03040487
  24   31    0     0.00000000     1.26724720
  24   32    0     0.00000000     1.40109283
  24   33    0     0.00000000     1.22982311
  24   34    0     0.00000000     1.07486194
  24   35    0     0.00000000     1.23852197
  24   36    0     0.00000000     1.08171955
  24   37    0     0.00000000     1.14298404
  24   38    0     0.00000000     1.40611384
  24   39    0     0.00000000     1.20496971
  24   40    0     0.00000000     1.10224067
  24   41    0     0.00000000     0.95694021
  24   42    0     0.00000000     1.13143269
  24   43    0     0.00000000     1.16964170
  24   44    0     0.00000000     1.19124562
  24   45    0     0.00000000     1.37144884
  24   46    0     0.00000000     1.23500881
  24   47    0     0.00000000     1.35021989
  24   48    0     0.00000000     1.30006179
  24   49    0     0.00000000     1.20748764
  24   50    0     0.00000000     1.29207384
  24   51    0     0.00000000     1.22396925
  24   52    0     0.00000000     1.29325724
  24   53    0     0.00000000     1.00000000
  24   54    0     0.00000000     1.00000000
  24   55    0     0.00000000     1.00000000
  24   56    0     0.00000000     1.00000000
  24   57    0     0.00000000     1.00000000
  24   58    0     0.00000000     1.00000000
  24   59    0     0.00000000     1.00000000
  24   60    0     0.00000000     1.00000000
  24   61    0     0.00000000     1.00000000
  24   62    0     0.00000000     1.11874032
  24   63    0     0.00000000     1.04107523
  24   64    0     0.00000000     1.10099421
  24   65    0     0.00000000     1.15377604
  24   66    0     0.00000000     1.20838185
  24   67    0     0.00000000     1.23689715
  24   68    0     0.00000000     1.22568400
  24   69    0     0.00000000     1.31780287
  24   70    0     0.00000000     1.22893266
  24   71    0     0.00000000     1.23470119
  24   72    0     0.00000000     1.29922046
  24   73    0     0.00000000     1.24741817
  24   74    0     0.00000000     1.25899916
  24   75    0     0.00000000     1.16607911
  24   76    0     0.00000000     1.27448235
  24   77    0     0.00000000     1.18380283
  24   78    0     0.00000000     1.23983282
  24   79    0     0.00000000     1.20613639
  24   80    0     0.00000000     1.26820138
  24   81    0     0.00000000     1.18774982
  24   82    0     0.00000000     1.17787033
  24   83    0     0.00000000     1.18540675
  24   84    0     0.00000000     1.24980498
  24   85    0     0.00000000     1.20078733
  24   86    0     0.00000000     1.19595840
  24   87    0     0.00000000     1.16313879
  24   88    0     0.00000000     1.17978137
  24   89    0     0.00000000     1.11590407
  24   90    0     0.00000000     1.11925278
  24   91    0     0.00000000     1.10458284
  24   92    0     0.00000000     1.14903126
  24   93    0     0.00000000     1.04371334
  24   94    0     0.00000000     1.11842775
  24   95    0     0.00000000     1.07495637
  24   96    0     0.00000000     1.17684439
  24   97    0     0.00000000     1.18682540
  24   98    0     0.00000000     1.22305260
  24   99    0     0.00000000     1.22609290
  24  100    0     0.00000000     1.21102873
  24  101    0     0.00000000     1.12305454
  24  102    0     0.00000000     1.18523051
  24  103    0     0.00000000     1.01746630
  24  104    0     0.00000000     1.04993415
  24  105    0     0.00000000     1.03403113
  24  106    0     0.00000000     1.03966604
  24  107    0     0.00000000     1.08793828
  24  108    0     0.00000000     1.14896103
  24  109    0     0.00000000     1.21682259
  24  110    0     0.00000000     1.38573706
  24  111    0     0.00000000     1.18342580
  24  112    0     0.00000000     1.22866309
  24  113    0     0.00000000     1.02792566
  24  114    0     0.00000000     1.05057800
  24  115    0     0.00000000     1.02699948
  24  116    0     0.00000000     0.96843707
  24  117    0     0.00000000     1.01116768
  24  118    0     0.00000000     1.02624849
  24  119    0     0.00000000     0.98145115
  24  120    0     0.00000000     0.96816653
  24  121    0     0.00000000     0.89623262
  24  122    0     0.00000000     0.89006068
  24  123    0     0.00000000     0.92658882
  24  124    0     0.00000000     0.88419970
  24  125    0     0.00000000     0.85484531
  24  126    0     0.00000000     0.90997735
  24  127    0     0.00000000     0.94657991
  24  128    0     0.00000000     0.95110576
  24  129    0     0.00000000     0.91135691
  24  130    0     0.00000000     0.83311783
  24  131    0     0.00000000     0.82549095
  24  132    0     0.00000000     0.81111711
  24  133    0     0.00000000     0.79687276
  24  134    0     0.00000000     0.75758700
  24  135    0     0.00000000     0.78498918
  24  136    0     0.00000000     0.90773776
  24  137    0     0.00000000     0.91206628
  24  138    0     0.00000000     0.81656747
  24  139    0     0.00000000     0.72678856
  24  140    0     0.00000000     0.80754211
  24  141    0     0.00000000     0.79861028
  24  142    0     0.00000000     0.77115773
  24  143    0     0.00000000     0.87645482
  24  144    0     0.00000000     1.00000000
  24  145    0     0.00000000     1.00000000
  24  146    0     0.00000000     1.00000000
  24  147    0     0.00000000     1.00000000
  24  148    0     0.00000000     1.00000000
  24  149    0     0.00000000     1.00000000
  24  150    0     0.00000000     1.00000000
  24  151    0     0.00000000     1.00000000
  24  152    0     0.00000000     1.00000000
  24  153    0     0.00000000     0.93439010
  24  154    0     0.00000000     0.89569525
  24  155    0     0.00000000     0.92020959
  24  156    0     0.00000000     0.90936669
  24  157    0     0.00000000     0.92355785
  24  158    0     0.00000000     0.94634649
  24  159    0     0.00000000     0.92407463
  24  160    0     0.00000000     0.90579088
  24  161    0     0.00000000     0.95935813
  24  162    0     0.00000000     0.95124913
  24  163    0     0.00000000     0.92781454
  24  164    0     0.00000000     0.91289276
  24  165    0     0.00000000     0.93818480
  24  166    0     0.00000000     0.89296291
  24  167    0     0.00000000     1.01140347
  24  168    0     0.00000000     1.02387015
  24  169    0     0.00000000     1.00539946
  24  170    0     0.00000000     1.01641932
  24  171    0     0.00000000     1.02013483
  24  172    0     0.00000000     1.01609866
  24  173    0     0.00000000     1.04865760
  24  174    0     0.00000000     1.04406365
  24  175    0     0.00000000     1.04060117
  24  176    0     0.00000000     1.01867616
  24  177    0     0.00000000     1.06083883
  24  178    0     0.00000000     1.09521853
  24  179    0     0.00000000     1.04192981
  24  180    0     0.00000000     1.05987089
  24  181    0     0.00000000     1.01264620
  24  182    0     0.00000000     1.01686738
  24  183    0     0.00000000     0.98906081
  24  184    0     0.00000000     1.02427515
  24  185    0     0.00000000     0.97310968
  24  186    0     0.00000000     0.98752778
  24  187    0     0.00000000     0.98313338
  24  188    0     0.00000000     0.91544763
  24  189    0     0.00000000     0.92084447
  24  190    0     0.00000000     0.91548689
  24  191    0     0.00000000     0.88039617
  24  192    0     0.00000000     0.86811550
  24  193    0     0.00000000     0.81727603
  24  194    0     0.00000000     0.77279572
  24  195    0     0.00000000     0.73012035
  24  196    0     0.00000000     0.78748220
  24  197    0     0.00000000     0.82770303
  24  198    0     0.00000000     0.79693964
  24  199    0     0.00000000     0.77596438
  24  200    0     0.00000000     0.76531450
  24  201    0     0.00000000     0.78711173
  24  202    0     0.00000000     0.76862714
  24  203    0     0.00000000     0.86327431
  24  204    0     0.00000000     1.03748894
  24  205    0     0.00000000     1.14732699
  25    0    0     0.00000000     1.26523787
  25    1    0     0.00000000     1.26523787
  25    2    0     0.00000000     1.29922483
  25    3    0     0.00000000     1.29544591
  25    4    0     0.00000000     0.98322278
  25    5    0     0.00000000     1.01349204
  25    6    0     0.00000000     1.14220130
  25    7    0     0.00000000     1.05426299
  25    8    0     0.00000000     1.21863020
  25    9    0     0.00000000     1.12660794
  25   10    0     0.00000000     1.12660794
  25   11    0     0.00000000     1.04471951
  25   12    0     0.00000000     1.10807529
  25   13    0     0.00000000     1.18492635
  25   14    0     0.00000000     1.09630854
  25   15    0     0.00000000     1.09199057
  25   16    0     0.00000000     1.21841051
  25   17    0     0.00000000     1.19619849
  25   18    0     0.00000000     1.19619849
  25   19    0     0.00000000     1.23014213
  25   20    0     0.00000000     1.29100782
  25   21    0     0.00000000     1.26002690
  25   22    0     0.00000000     1.24295791
  25   23    0     0.00000000     1.32785406
  25   24    0     0.00000000     1.18643069
  25   25    0     0.00000000     1.22487531
  25   26    0     0.00000000     1.26574402
  25   27    0     0.00000000     1.16591207
  25   28    0     0.00000000     1.04248653
  25   29    0     0.00000000     1.14399891
  25   30    0     0.00000000     1.17192582
  25   31    0     0.00000000     1.20363988
  25   32    0     0.00000000     1.44717436
  25   33    0     0.00000000     1.54387207
  25   34    0     0.00000000     1.27088672
  25   35    0     0.00000000     1.28132876
  25   36    0     0.00000000     1.18578946
  25   37    0     0.00000000     1.22736425
  25   38    0     0.00000000     1.03480277
  25   39    0     0.00000000     1.32581064
  25   40    0     0.00000000     1.39771531
  25   41    0     0.00000000     1.44461912
  25   42    0     0.00000000     1.35834721
  25   43    0     0.00000000     1.21753142
  25   44    0     0.00000000     1.22134919
  25   45    0     0.00000000     1.17095558
  25   46    0     0.00000000     1.34726891
  25   47    0     0.00000000     1.24533813
  25   48    0     0.00000000     1.00000000
  25   49    0     0.00000000     1.00000000
  25   50    0     0.00000000     1.00000000
  25   51    0     0.00000000     1.00000000
  25   52    0     0.00000000     1.00000000
  25   53    0     0.00000000     1.00000000
  25   54    0     0.00000000     1.00000000
  25   55    0     0.00000000     1.00000000
  25   56    0     0.00000000     1.01515245
  25   57    0     0.00000000     0.95434973
  25   58    0     0.00000000     0.98746557
  25   59    0     0.00000000     0.99489309
  25   60    0     0.00000000     0.99656120
  25   61    0     0.00000000     0.99978934
  25   62    0     0.00000000     1.01534575
  25   63    0     0.00000000     1.23427143
  25   64    0     0.00000000     1.14456299
  25   65    0     0.00000000     1.19160777
  25   66    0     0.00000000     1.14413137
  25   67    0     0.00000000     1.09983752
  25   68    0     0.00000000     1.15028871
  25   69    0     0.00000000     1.11089836
  25   70    0     0.00000000     1.18383555
  25   71    0     0.00000000     1.14107743
  25   72    0     0.00000000     1.13184051
  25   73    0     0.00000000     1.14752092
  25   74    0     0.00000000     1.21680988
  25   75    0     0.00000000     1.21299470
  25   76    0     0.00000000     1.19518328
  25   77    0     0.00000000     1.18844631
  25   78    0     0.00000000     1.14100189
  25   79    0     0.00000000     1.19676680
  25   80    0     0.00000000     1.07841723
  25   81    0     0.00000000     1.04384151
  25   82    0     0.00000000     1.03693163
  25   83    0     0.00000000     1.04823225
  25   84    0     0.00000000     1.07607502
  25   85    0     0.00000000     1.09144734
  25   86    0     0.00000000     1.14147225
  25   87    0     0.00000000     1.14381884
  25   88    0     0.00000000     1.18428828
  25   89    0     0.00000000     1.17205550
  25   90    0     0.00000000     1.18061809
  25   91    0     0.00000000     1.19331326
  25   92    0     0.00000000     1.09060763
  25   93    0     0.00000000     1.12891956
  25   94    0     0.00000000     1.15571729
  25   95    0     0.00000000     1.13087257
  25   96    0     0.00000000     1.08492126
  25   97    0     0.00000000     1.04237760
  25   98    0     0.00000000     1.12495631
  25   99    0     0.00000000     1.16620298
  25  100    0     0.00000000     1.22104492
  25  101    0     0.00000000     1.15469706
  25  102    0     0.00000000     1.17327651
  25  103    0     0.00000000     1.08976891
  25  104    0     0.00000000     1.07722204
  25  105    0     0.00000000     1.07103871
  25  106    0     0.00000000     1.05357202
  25  107    0     0.00000000     1.04874111
  25  108    0     0.00000000     1.11984452
  25  109    0     0.00000000     1.03153459
  25  110    0     0.00000000     1.15739007
  25  111    0     0.00000000     0.97919924
  25  112    0     0.00000000     0.98783091
  25  113    0     0.00000000     0.99567007
  25  114    0     0.00000000     0.96855133
  25  115    0     0.00000000     1.01305368
  25  116    0     0.00000000     1.03602709
  25  117    0     0.00000000     1.01217134
  25  118    0     0.00000000     1.02200884
  25  119    0     0.00000000     0.99801492
  25  120    0     0.00000000     1.08376290
  25  121    0     0.00000000     1.02133903
  25  122    0     0.00000000     0.99669140
  25  123    0     0.00000000     0.88651803
  25  124    0     0.00000000     0.88310200
  25  125    0     0.00000000     0.87784433
  25  126    0     0.00000000     0.86760022
  25  127    0     0.00000000     0.85406399
  25  128    0     0.00000000     0.85552714
  25  129    0     0.00000000     0.93578362
  25  130    0     0.00000000     0.99727066
  25  131    0     0.00000000     0.86821250
  25  132    0     0.00000000     0.84802832
  25  133    0     0.00000000     0.85409741
  25  134    0     0.00000000     0.87715464
  25  135    0     0.00000000     0.86085697
  25  136    0     0.00000000     0.85916548
  25  137    0     0.00000000     0.86364370
  25  138    0     0.00000000     0.98136068
  25  139    0     0.00000000     0.98688545
  25  140    0     0.00000000     0.87399215
  25  141    0     0.00000000     0.80461913
  25  142    0     0.00000000     0.86938943
  25  143    0     0.00000000     0.83548984
  25  144    0     0.00000000     0.86850730
  25  145    0     0.00000000     0.89620475
  25  146    0     0.00000000     1.00000000
  25  147    0     0.00000000     1.00000000
  25  148    0     0.00000000     1.00000000
  25  149    0     0.00000000     1.00000000
  25  150    0     0.00000000     1.00000000
  25  151    0     0.00000000     1.00000000
  25  152    0     0.00000000     1.00000000
  25  153    0     0.00000000     1.00000000
  25  154    0     0.00000000     0.89724696
  25  155    0     0.00000000     0.80537004
  25  156    0     0.00000000     0.87602630
  25  157    0     0.00000000     0.92720087
  25  158    0     0.00000000     0.97872777
  25  159    0     0.00000000     0.97713914
  25  160    0     0.00000000     1.01070485
  25  161    0     0.00000000     1.05645280
  25  162    0     0.00000000     1.03092766
  25  163    0     0.00000000     1.02192492
  25  164    0     0.00000000     1.05479640
  25  165    0     0.00000000     1.08208467
  25  166    0     0.00000000     1.06940405
  25  167    0     0.00000000     1.07440600
  25  168    0     0.00000000     1.12499839
  25  169    0     0.00000000     1.09050767
  25  170    0     0.00000000     1.09602569
  25  171    0     0.00000000     1.06156779
  25  172    0     0.00000000     1.08963743
  25  173    0     0.00000000     1.11906781
  25  174    0     0.00000000     1.11150002
  25  175    0     0.00000000     1.09517749
  25  176    0     0.00000000     1.10526409
  25  177    0     0.00000000     1.12502373
  25  178    0     0.00000000     1.12196695
  25  179    0     0.00000000     1.16015026
  25  180    0     0.00000000     1.16051546
  25  181    0     0.00000000     1.15668367
  25  182    0     0.00000000     1.16269003
  25  183    0     0.00000000     1.13010551
  25  184    0     0.00000000     1.11072340
  25  185    0     0.00000000     1.10515010
  25  186    0     0.00000000     1.11860934
  25  187    0     0.00000000     1.07196243
  25  188    0     0.00000000     1.07306705
  25  189    0     0.00000000     1.05381430
  25  190    0     0.00000000     1.03335154
  25  191    0     0.00000000     0.99324664
  25  192    0     0.00000000     0.98839325
  25  193    0     0.00000000     0.97600161
  25  194    0     0.00000000     0.96054166
  25  195    0     0.00000000     0.89906042
  25  196    0     0.00000000     0.85368497
  25  197    0     0.00000000     0.81783261
  25  198    0     0.00000000     0.84292786
  25  199    0     0.00000000     0.88009807
  25  200    0     0.00000000     1.01574195
  25  201    0     0.00000000     1.20094399
  26    0    0     0.00000000     0.98798076
  26    1    0     0.00000000     1.06090697
  26    2    0     0.00000000     1.03747294
  26    3    0     0.00000000     1.22833123
  26    4    0     0.00000000     1.40092770
  26    5    0     0.00000000     1.62995793
  26    6    0     0.00000000     1.59353336
  26    7    0     0.00000000     1.35116015
  26    8    0     0.00000000     1.04223241
  26    9    0     0.00000000     0.92898042
  26   10    0     0.00000000     1.09964140
  26   11    0     0.00000000     1.43995315
  26   12    0     0.00000000     1.36187840
  26   13    0     0.00000000     1.36821524
  26   14    0     0.00000000     1.37461133
  26   15    0     0.00000000     1.22453910
  26   16    0     0.00000000     1.26463675
  26   17    0     0.00000000     1.21780721
  26   18    0     0.00000000     1.21494429
  26   19    0     0.00000000     1.17618721
  26   20    0     0.00000000     1.09361087
  26   21    0     0.00000000     1.02143199
  26   22    0     0.00000000     1.24054964
  26   23    0     0.00000000     1.17882116
  26   24    0     0.00000000     1.05503889
  26   25    0     0.00000000     1.00920644
  26   26    0     0.00000000     1.18774240
  26   27    0     0.00000000     1.35955274
  26   28    0     0.00000000     1.16385583
  26   29    0     0.00000000     1.18896547
  26   30    0     0.00000000     1.24385372
  26   31    0     0.00000000     1.59047572
  26   32    0     0.00000000     1.21142509
  26   33    0     0.00000000     1.31004968
  26   34    0     0.00000000     1.05428184
  26   35    0     0.00000000     1.59100788
  26   36    0     0.00000000     1.17175863
  26   37    0     0.00000000     1.42301363
  26   38    0     0.00000000     1.12055861
  26   39    0     0.00000000     1.43428578
  26   40    0     0.00000000     1.21718385
  26   41    0     0.00000000     1.16664183
  26   42    0     0.00000000     1.27482395
  26   43    0     0.00000000     1.00000000
  26   44    0     0.00000000     1.00000000
  26   45    0     0.00000000     1.00000000
  26   46    0     0.00000000     1.00000000
  26   47    0     0.00000000     1.00000000
  26   48    0     0.00000000     1.00000000
  26   49    0     0.00000000     1.00000000
  26   50    0     0.00000000     1.00000000
  26   51    0     0.00000000     1.31786434
  26   52    0     0.00000000     1.08243493
  26   53    0     0.00000000     1.24460975
  26   54    0     0.00000000     1.15363304
  26   55    0     0.00000000     1.17871254
  26   56    0     0.00000000     1.14263191
  26   57    0     0.00000000     1.31724678
  26   58    0     0.00000000     1.14081287
  26   59    0     0.00000000     1.31608809
  26   60    0     0.00000000     1.12747180
  26   61    0     0.00000000     1.32153650
  26   62    0     0.00000000     0.98157400
  26   63    0     0.00000000     1.80148343
  26   64    0     0.00000000     1.62562703
  26   65    0     0.00000000     1.48105051
  26   66    0     0.00000000     1.12411203
  26   67    0     0.00000000     1.49638105
  26   68    0     0.00000000     1.05052339
  26   69    0     0.00000000     1.35357374
  26   70    0     0.00000000     1.19146244
  26   71    0     0.00000000     1.29695569
  26   72    0     0.00000000     1.18343100
  26   73    0     0.00000000     1.20817196
  26   74    0     0.00000000     1.05710551
  26   75    0     0.00000000     1.07071506
  26   76    0     0.00000000     1.08713394
  26   77    0     0.00000000     1.12878618
  26   78    0     0.00000000     1.16061520
  26   79    0     0.00000000     1.70505920
  26   80    0     0.00000000     1.21928504
  26   81    0     0.00000000     1.29717410
  26   82    0     0.00000000     1.16837855
  26   83    0     0.00000000     1.20894860
  26   84    0     0.00000000     1.20742727
  26   85    0     0.00000000     1.12934150
  26   86    0     0.00000000     1.18829132
  26   87    0     0.00000000     1.19999693
  26   88    0     0.00000000     1.13455114
  26   89    0     0.00000000     1.15388892
  26   90    0     0.00000000     1.08580691
  26   91    0     0.00000000     1.12185300
  26   92    0     0.00000000     1.13920129
  26   93    0     0.00000000     1.11470502
  26   94    0     0.00000000     1.11548707
  26   95    0     0.00000000     1.23188765
  26   96    0     0.00000000     1.09984147
  26   97    0     0.00000000     1.13568434
  26   98    0     0.00000000     1.12536930
  26   99    0     0.00000000     1.21885290
  26  100    0     0.00000000     1.09695240
  26  101    0     0.00000000     1.02615351
  26  102    0     0.00000000     1.07044482
  26  103    0     0.00000000     1.11343729
  26  104    0     0.00000000     1.15069900
  26  105    0     0.00000000     1.23348631
  26  106    0     0.00000000     1.12601411
  26  107    0     0.00000000     1.06174676
  26  108    0     0.00000000     1.06468403
  26  109    0     0.00000000     0.99273113
  26  110    0     0.00000000     1.05131990
  26  111    0     0.00000000     1.04234612
  26  112    0     0.00000000     1.02273405
  26  113    0     0.00000000     1.10446709
  26  114    0     0.00000000     1.24952057
  26  115    0     0.00000000     0.97063675
  26  116    0     0.00000000     0.97380423
  26  117    0     0.00000000     0.93118665
  26  118    0     0.00000000     1.03561989
  26  119    0     0.00000000     1.01546154
  26  120    0     0.00000000     1.02384353
  26  121    0     0.00000000     1.00594329
  26  122    0     0.00000000     1.05054662
  26  123    0     0.00000000     1.05960829
  26  124    0     0.00000000     1.03543601
  26  125    0     0.00000000     0.96593821
  26  126    0     0.00000000     0.91809597
  26  127    0     0.00000000     0.91458658
  26  128    0     0.00000000     0.95269759
  26  129    0     0.00000000     0.94209178
  26  130    0     0.00000000     0.93264215
  26  131    0     0.00000000     0.90724531
  26  132    0     0.00000000     1.05133270
  26  133    0     0.00000000     0.99014148
  26  134    0     0.00000000     0.94400753
  26  135    0     0.00000000     0.90865133
  26  136    0     0.00000000     0.91687144
  26  137    0     0.00000000     0.91205495
  26  138    0     0.00000000     0.92750136
  26  139    0     0.00000000     0.89570262
  26  140    0     0.00000000     0.96582944
  26  141    0     0.00000000     1.01196827
  26  142    0     0.00000000     1.05220265
  26  143    0     0.00000000     0.87544736
  26  144    0     0.00000000     0.81002455
  26  145    0     0.00000000     0.83238070
  26  146    0     0.00000000     0.81584369
  26  147    0     0.00000000     0.84821849
  26  148    0     0.00000000     0.93102931
  26  149    0     0.00000000     1.00000000
  26  150    0     0.00000000     1.00000000
  26  151    0     0.00000000     1.00000000
  26  152    0     0.00000000     1.00000000
  26  153    0     0.00000000     1.00000000
  26  154    0     0.00000000     1.00000000
  26  155    0     0.00000000     1.00000000
  26  156    0     0.00000000     1.00000000
  26  157    0     0.00000000     0.99261545
  26  158    0     0.00000000     0.94605454
  26  159    0     0.00000000     0.89658450
  26  160    0     0.00000000     0.91593903
  26  161    0     0.00000000     0.91502229
  26  162    0     0.00000000     0.91900487
  26  163    0     0.00000000     0.91898376
  26  164    0     0.00000000     0.96354818
  26  165    0     0.00000000     0.96095009
  26  166    0     0.00000000     1.01467063
  26  167    0     0.00000000     1.00880789
  26  168    0     0.00000000     1.02803564
  26  169    0     0.00000000     1.03477135
  26  170    0     0.00000000     1.05633192
  26  171    0     0.00000000     1.04692153
  26  172    0     0.00000000     1.08686595
  26  173    0     0.00000000     1.04960362
  26  174    0     0.00000000     1.07356083
  26  175    0     0.00000000     1.10947911
  26  176    0     0.00000000     1.11299403
  26  177    0     0.00000000     1.11652311
  26  178    0     0.00000000     1.12254587
  26  179    0     0.00000000     1.10256319
  26  180    0     0.00000000     1.12203279
  26  181    0     0.00000000     1.10715559
  26  182    0     0.00000000     1.13778203
  26  183    0     0.00000000     1.16260020
  26  184    0     0.00000000     1.12855077
  26  185    0     0.00000000     1.16763778
  26  186    0     0.00000000     1.11091014
  26  187    0     0.00000000     1.10449624
  26  188    0     0.00000000     1.11123732
  26  189    0     0.00000000     1.08082555
  26  190    0     0.00000000     1.10595575
  26  191    0     0.00000000     1.06750029
  26  192    0     0.00000000     1.03163012
  26  193    0     0.00000000     0.96984316
  26  194    0     0.00000000     0.97050223
  26  195    0     0.00000000     0.89568475
  26  196    0     0.00000000     0.93750106
  26  197    0     0.00000000     0.95625917
  26  198    0     0.00000000     0.97606612
  26  199    0     0.00000000     1.08688271
  27    0    0     0.00000000     1.51928561
  27    1    0     0.00000000     1.37213444
  27    2    0     0.00000000     1.14495833
  27    3    0     0.00000000     1.49471760
  27    4    0     0.00000000     0.95730753
  27    5    0     0.00000000     1.22070681
  27    6    0     0.00000000     1.03827676
  27    7    0     0.00000000     1.07541108
  27    8    0     0.00000000     1.11530017
  27    9    0     0.00000000     1.23948620
  27   10    0     0.00000000     1.31560597
  27   11    0     0.00000000     1.47339488
  27   12    0     0.00000000     1.35316843
  27   13    0     0.00000000     0.96084656
  27   14    0     0.00000000     1.21607489
  27   15    0     0.00000000     1.18304044
  27   16    0     0.00000000     1.18956021
  27   17    0     0.00000000     1.16281013
  27   18    0     0.00000000     1.01306934
  27   19    0     0.00000000     1.27920912
  27   20    0     0.00000000     1.88821425
  27   21    0     0.00000000     1.14073461
  27   22    0     0.00000000     1.15032984
  27   23    0     0.00000000     1.18645724
  27   24    0     0.00000000     1.20266750
  27   25    0     0.00000000     1.15536040
  27   26    0     0.00000000     1.32873207
  27   27    0     0.00000000     1.16832382
  27   28    0     0.00000000     1.20422199
  27   29    0     0.00000000     1.26672987
  27   30    0     0.00000000     1.37124378
  27   31    0     0.00000000     1.44440217
  27   32    0     0.00000000     1.29977971
  27   33    0     0.00000000     1.27014298
  27   34    0     0.00000000     1.25182400
  27   35    0     0.00000000     1.42779058
  27   36    0     0.00000000     0.83819535
  27   37    0     0.00000000     1.00000000
  27   38    0     0.00000000     1.00000000
  27   39    0     0.00000000     1.00000000
  27   40    0     0.00000000     1.00000000
  27   41    0     0.00000000     1.00000000
  27   42    0     0.00000000     1.00000000
  27   43    0     0.00000000     1.00000000
  27   44    0     0.00000000     1.00000000
  27   45    0     0.00000000     1.00000000
  27   46    0     0.00000000     1.01142506
  27   47    0     0.00000000     1.28147894
  27   48    0     0.00000000     1.06866130
  27   49    0     0.00000000     1.07443102
  27   50    0     0.00000000     1.12074937
  27   51    0     0.00000000     1.10370097
  27   52    0     0.00000000     1.17721775
  27   53    0     0.00000000     1.26056816
  27   54    0     0.00000000     1.10400703
  27   55    0     0.00000000     1.17265321
  27   56    0     0.00000000     1.21700530
  27   57    0     0.00000000     1.27486991
  27   58    0     0.00000000     1.20449225
  27   59    0     0.00000000     1.36733296
  27   60    0     0.00000000     1.25854423
  27   61    0     0.00000000     1.28990432
  27   62    0     0.00000000     1.20949888
  27   63    0     0.00000000     1.31440381
  27   64    0     0.00000000     1.24278420
  27   65    0     0.00000000     1.25440139
  27   66    0     0.00000000     0.98573439
  27   67    0     0.00000000     1.30345597
  27   68    0     0.00000000     1.07235757
  27   69    0     0.00000000     1.29552683
  27   70    0     0.00000000     1.04175538
  27   71    0     0.00000000     1.41662512
  27   72    0     0.00000000     1.04599743
  27   73    0     0.00000000     1.49394640
  27   74    0     0.00000000     1.22013086
  27   75    0     0.00000000     1.19686777
  27   76    0     0.00000000     1.14995243
  27   77    0     0.00000000     1.12604130
  27   78    0     0.00000000     1.17645957
  27   79    0     0.00000000     1.16713714
  27   80    0     0.00000000     1.16801494
  27   81    0     0.00000000     1.23717237
  27   82    0     0.00000000     1.16260202
  27   83    0     0.00000000     1.25914290
  27   84    0     0.00000000     1.21981120
  27   85    0     0.00000000     1.23371860
  27   86    0     0.00000000     1.22303399
  27   87    0     0.00000000     1.23158583
  27   88    0     0.00000000     1.14367624
  27   89    0     0.00000000     1.17693747
  27   90    0     0.00000000     1.16561325
  27   91    0     0.00000000     1.20185226
  27   92    0     0.00000000     1.11741816
  27   93    0     0.00000000     1.17802528
  27   94    0     0.00000000     1.15644733
  27   95    0     0.00000000     1.23617144
  27   96    0     0.00000000     1.18350012
  27   97    0     0.00000000     1.18378448
  27   98    0     0.00000000     1.07369849
  27   99    0     0.00000000     1.07501192
  27  100    0     0.00000000     1.05270306
  27  101    0     0.00000000     1.09415392
  27  102    0     0.00000000     1.01588539
  27  103    0     0.00000000     1.06763878
  27  104    0     0.00000000     1.03172509
  27  105    0     0.00000000     1.09955863
  27  106    0     0.00000000     1.08193185
  27  107    0     0.00000000     1.13279755
  27  108    0     0.00000000     1.07053223
  27  109    0     0.00000000     1.04151313
  27  110    0     0.00000000     0.99895008
  27  111    0     0.00000000     1.03311276
  27  112    0     0.00000000     0.99755292
  27  113    0     0.00000000     1.06916719
  27  114    0     0.00000000     1.00021183
  27  115    0     0.00000000     1.13015407
  27  116    0     0.00000000     1.18241194
  27  117    0     0.00000000     1.00398811
  27  118    0     0.00000000     0.98999731
  27  119    0     0.00000000     0.96970249
  27  120    0     0.00000000     1.08171927
  27  121    0     0.00000000     1.05075646
  27  122    0     0.00000000     1.02628431
  27  123    0     0.00000000     1.02611053
  27  124    0     0.00000000     0.98798690
  27  125    0     0.00000000     1.08820564
  27  126    0     0.00000000     1.02945246
  27  127    0     0.00000000     0.99855295
  27  128    0     0.00000000     0.94724570
  27  129    0     0.00000000     0.97902173
  27  130    0     0.00000000     0.93957321
  27  131    0     0.00000000     0.93721080
  27  132    0     0.00000000     0.90386440
  27  133    0     0.00000000     0.93022035
  27  134    0     0.00000000     1.04266387
  27  135    0     0.00000000     1.02975838
  27  136    0     0.00000000     0.91893415
  27  137    0     0.00000000     0.88902856
  27  138    0     0.00000000     0.86294274
  27  139    0     0.00000000     0.95276845
  27  140    0     0.00000000     0.89907818
  27  141    0     0.00000000     0.94638136
  27  142    0     0.00000000     0.95022626
  27  143    0     0.00000000     1.04472869
  27  144    0     0.00000000     0.97470881
  27  145    0     0.00000000     0.85743504
  27  146    0     0.00000000     0.80962275
  27  147    0     0.00000000     0.88454521
  27  148    0     0.00000000     0.71849737
  27  149    0     0.00000000     0.84234618
  27  150    0     0.00000000     1.00000000
  27  151    0     0.00000000     1.00000000
  27  152    0     0.00000000     1.00000000
  27  153    0     0.00000000     1.00000000
  27  154    0     0.00000000     1.00000000
  27  155    0     0.00000000     1.00000000
  27  156    0     0.00000000     1.00000000
  27  157    0     0.00000000     1.00000000
  27  158    0     0.00000000     1.00000000
  27  159    0     0.00000000     0.96164166
  27  160    0     0.00000000     0.93306126
  27  161    0     0.00000000     0.97995461
  27  162    0     0.00000000     0.94727101
  27  163    0     0.00000000     0.98432264
  27  164    0     0.00000000     0.94532313
  27  165    0     0.00000000     1.01970583
  27  166    0     0.00000000     0.94731507
  27  167    0     0.00000000     1.02271538
  27  168    0     0.00000000     1.00154184
  27  169    0     0.00000000     1.09755294
  27  170    0     0.00000000     1.02869019
  27  171    0     0.00000000     1.09704741
  27  172    0     0.00000000     1.03849142
  27  173    0     0.00000000     1.09324941
  27  174    0     0.00000000     1.04365580
  27  175    0     0.00000000     1.08372878
  27  176    0     0.00000000     1.03029816
  27  177    0     0.00000000     1.02172854
  27  178    0     0.00000000     0.97231861
  27  179    0     0.00000000     1.00415004
  27  180    0     0.00000000     0.96494246
  27  181    0     0.00000000     0.99332233
  27  182    0     0.00000000     0.95992090
  27  183    0     0.00000000     1.04150848
  27  184    0     0.00000000     0.98683331
  27  185    0     0.00000000     0.98099874
  27  186    0     0.00000000     0.97230993
  27  187    0     0.00000000     0.97201059
  27  188    0     0.00000000     0.91610220
  27  189    0     0.00000000     0.88579560
  27  190    0     0.00000000     0.86557015
  27  191    0     0.00000000     0.86061931
  27  192    0     0.00000000     0.78092250
  27  193    0     0.00000000     0.76039194
  27  194    0     0.00000000     0.75827101
  27  195    0     0.00000000     0.97328840
  28    0    0     0.00000000     1.25243460
  28    1    0     0.00000000     1.13352397
  28    2    0     0.00000000     1.19400185
  28    3    0     0.00000000     1.28033483
  28    4    0     0.00000000     1.32401539
  28    5    0     0.00000000     1.28586452
  28    6    0     0.00000000     1.30924650
  28    7    0     0.00000000     1.32070061
  28    8    0     0.00000000     1.25614586
  28    9    0     0.00000000     1.23062202
  28   10    0     0.00000000     1.23062202
  28   11    0     0.00000000     1.23062202
  28   12    0     0.00000000     1.21088207
  28   13    0     0.00000000     1.14406535
  28   14    0     0.00000000     1.08228557
  28   15    0     0.00000000     1.39389750
  28   16    0     0.00000000     1.45550573
  28   17    0     0.00000000     1.52517575
  28   18    0     0.00000000     1.31259178
  28   19    0     0.00000000     1.18317894
  28   20    0     0.00000000     1.24328350
  28   21    0     0.00000000     1.35104229
  28   22    0     0.00000000     1.18787723
  28   23    0     0.00000000     1.28462733
  28   24    0     0.00000000     1.00000000
  28   25    0     0.00000000     1.00000000
  28   26    0     0.00000000     1.00000000
  28   27    0     0.00000000     1.00000000
  28   28    0     0.00000000     1.00000000
  28   29    0     0.00000000     1.00000000
  28   30    0     0.00000000     1.00000000
  28   31    0     0.00000000     1.00000000
  28   32    0     0.00000000     1.00000000
  28   33    0     0.00000000     1.23747339
  28   34    0     0.00000000     1.30712383
  28   35    0     0.00000000     0.99098740
  28   36    0     0.00000000     1.23491333
  28   37    0     0.00000000     1.28762106
  28   38    0     0.00000000     1.18185223
  28   39    0     0.00000000     1.19300867
  28   40    0     0.00000000     1.20566115
  28   41    0     0.00000000     1.17931714
  28   42    0     0.00000000     1.15279367
  28   43    0     0.00000000     1.09565407
  28   44    0     0.00000000     1.18885837
  28   45    0     0.00000000     1.07193586
  28   46    0     0.00000000     1.11349125
  28   47    0     0.00000000     1.13730478
  28   48    0     0.00000000     1.21331408
  28   49    0     0.00000000     1.13133710
  28   50    0     0.00000000     1.23909180
  28   51    0     0.00000000     1.16549827
  28   52    0     0.00000000     1.26230390
  28   53    0     0.00000000     1.20977136
  28   54    0     0.00000000     1.18896819
  28   55    0     0.00000000     1.24548674
  28   56    0     0.00000000     1.22386292
  28   57    0     0.00000000     1.20982058
  28   58    0     0.00000000     1.25620672
  28   59    0     0.00000000     1.23130816
  28   60    0     0.00000000     1.18238103
  28   61    0     0.00000000     1.22075295
  28   62    0     0.00000000     1.19324399
  28   63    0     0.00000000     1.19679335
  28   64    0     0.00000000     1.17027925
  28   65    0     0.00000000     1.25123084
  28   66    0     0.00000000     1.29244863
  28   67    0     0.00000000     1.29764786
  28   68    0     0.00000000     1.26012469
  28   69    0     0.00000000     1.24428630
  28   70    0     0.00000000     1.27899770
  28   71    0     0.00000000     1.25124777
  28   72    0     0.00000000     1.17587382
  28   73    0     0.00000000     1.18547152
  28   74    0     0.00000000     1.07685610
  28   75    0     0.00000000     1.10357190
  28   76    0     0.00000000     1.15317411
  28   77    0     0.00000000     1.08280765
  28   78    0     0.00000000     1.11648175
  28   79    0     0.00000000     1.21182186
  28   80    0     0.00000000     1.26682654
  28   81    0     0.00000000     1.23782303
  28   82    0     0.00000000     1.17209619
  28   83    0     0.00000000     1.15575121
  28   84    0     0.00000000     1.10461004
  28   85    0     0.00000000     1.10339982
  28   86    0     0.00000000     1.09395070
  28   87    0     0.00000000     1.13240264
  28   88    0     0.00000000     1.12240894
  28   89    0     0.00000000     1.07547592
  28   90    0     0.00000000     1.11953786
  28   91    0     0.00000000     1.16343051
  28   92    0     0.00000000     1.09474701
  28   93    0     0.00000000     1.10892767
  28   94    0     0.00000000     1.01662008
  28   95    0     0.00000000     0.97503757
  28   96    0     0.00000000     0.99102745
  28   97    0     0.00000000     1.02197775
  28   98    0     0.00000000     1.01174387
  28   99    0     0.00000000     1.02199480
  28  100    0     0.00000000     1.05403515
  28  101    0     0.00000000     1.11179652
  28  102    0     0.00000000     1.15474769
  28  103    0     0.00000000     1.14862781
  28  104    0     0.00000000     1.09105751
  28  105    0     0.00000000     1.11629064
  28  106    0     0.00000000     1.13716380
  28  107    0     0.00000000     1.09965706
  28  108    0     0.00000000     1.11894380
  28  109    0     0.00000000     1.16112847
  28  110    0     0.00000000     1.14685539
  28  111    0     0.00000000     1.23519604
  28  112    0     0.00000000     1.29945078
  28  113    0     0.00000000     1.01700567
  28  114    0     0.00000000     1.26120995
  28  115    0     0.00000000     1.02527345
  28  116    0     0.00000000     1.03219478
  28  117    0     0.00000000     0.99523809
  28  118    0     0.00000000     0.96139022
  28  119    0     0.00000000     0.98214185
  28  120    0     0.00000000     1.01882731
  28  121    0     0.00000000     1.01465329
  28  122    0     0.00000000     0.97989803
  28  123    0     0.00000000     0.99493331
  28  124    0     0.00000000     0.98223595
  28  125    0     0.00000000     0.96260650
  28  126    0     0.00000000     1.02456963
  28  127    0     0.00000000     1.03973441
  28  128    0     0.00000000     1.01317250
  28  129    0     0.00000000     1.12930084
  28  130    0     0.00000000     1.11143371
  28  131    0     0.00000000     0.98647475
  28  132    0     0.00000000     0.94421441
  28  133    0     0.00000000     0.94054389
  28  134    0     0.00000000     0.99703287
  28  135    0     0.00000000     0.96996129
  28  136    0     0.00000000     1.00374086
  28  137    0     0.00000000     1.08299033
  28  138    0     0.00000000     1.16102751
  28  139    0     0.00000000     0.98718763
  28  140    0     0.00000000     0.90808356
  28  141    0     0.00000000     0.95495294
  28  142    0     0.00000000     0.96701439
  28  143    0     0.00000000     0.90396376
  28  144    0     0.00000000     1.04773898
  28  145    0     0.00000000     1.00000000
  28  146    0     0.00000000     1.00000000
  28  147    0     0.00000000     1.00000000
  28  148    0     0.00000000     1.00000000
  28  149    0     0.00000000     1.00000000
  28  150    0     0.00000000     1.00000000
  28  151    0     0.00000000     1.00000000
  28  152    0     0.00000000     1.00000000
  28  153    0     0.00000000     1.00000000
  28  154    0     0.00000000     0.89996790
  28  155    0     0.00000000     0.93056667
  28  156    0     0.00000000     0.94437667
  28  157    0     0.00000000     1.00096965
  28  158    0     0.00000000     1.04546978
  28  159    0     0.00000000     1.04923661
  28  160    0     0.00000000     1.11068647
  28  161    0     0.00000000     1.16713964
  28  162    0     0.00000000     1.17437494
  28  163    0     0.00000000     1.16403105
  28  164    0     0.00000000     1.19614285
  28  165    0     0.00000000     1.21268224
  28  166    0     0.00000000     1.16343186
  28  167    0     0.00000000     1.17211560
  28  168    0     0.00000000     1.19286449
  28  169    0     0.00000000     1.17029524
  28  170    0     0.00000000     1.20713437
  28  171    0     0.00000000     1.15895020
  28  172    0     0.00000000     1.19101066
  28  173    0     0.00000000     1.09303321
  28  174    0     0.00000000     1.07422846
  28  175    0     0.00000000     1.09591423
  28  176    0     0.00000000     1.06628186
  28  177    0     0.00000000     1.09681873
  29    0    0     0.00000000     1.00000000
  29    1    0     0.00000000     1.00000000
  29    2    0     0.00000000     1.00000000
  29    3    0     0.00000000     1.00000000
  29    4    0     0.00000000     1.00000000
  29    5    0     0.00000000     0.94602248
  29    6    0     0.00000000     1.14608001
  29    7    0     0.00000000     1.16799100
  29    8    0     0.00000000     0.90084317
  29    9    0     0.00000000     0.98639682
  29   10    0     0.00000000     1.11230491
  29   11    0     0.00000000     1.19367463
  29   12    0     0.00000000     1.19179824
  29   13    0     0.00000000     1.04165597
  29   14    0     0.00000000     1.19367882
  29   15    0     0.00000000     1.19585045
  29   16    0     0.00000000     1.09730477
  29   17    0     0.00000000     1.10893575
  29   18    0     0.00000000     1.21154332
  29   19    0     0.00000000     1.22692255
  29   20    0     0.00000000     1.26916289
  29   21    0     0.00000000     1.26089967
  29   22    0     0.00000000     1.23900609
  29   23    0     0.00000000     1.29251068
  29   24    0     0.00000000     1.20414861
  29   25    0     0.00000000     1.28684527
  29   26    0     0.00000000     1.13701607
  29   27    0     0.00000000     1.16101933
  29   28    0     0.00000000     1.22126547
  29   29    0     0.00000000     1.26840686
  29   30    0     0.00000000     1.22805677
  29   31    0     0.00000000     1.20531005
  29   32    0     0.00000000     1.19151360
  29   33    0     0.00000000     1.23857378
  29   34    0     0.00000000     1.28382931
  29   35    0     0.00000000     1.21269937
  29   36    0     0.00000000     1.21102473
  29   37    0     0.00000000     1.26454585
  29   38    0     0.00000000     1.17616378
  29   39    0     0.00000000     1.21077079
  29   40    0     0.00000000     1.06018630
  29   41    0     0.00000000     1.11213769
  29   42    0     0.00000000     1.12967897
  29   43    0     0.00000000     1.19510201
  29   44    0     0.00000000     1.08927319
  29   45    0     0.00000000     1.15750774
  29   46    0     0.00000000     1.27249190
  29   47    0     0.00000000     1.25466454
  29   48    0     0.00000000     1.06524899
  29   49    0     0.00000000     1.36135993
  29   50    0     0.00000000     1.34333089
  29   51    0     0.00000000     1.23536418
  29   52    0     0.00000000     1.18398498
  29   53    0     0.00000000     1.14542000
  29   54    0     0.00000000     1.15289195
  29   55    0     0.00000000     1.13897773
  29   56    0     0.00000000     1.12837371
  29   57    0     0.00000000     1.14050918
  29   58    0     0.00000000     1.13397078
  29   59    0     0.00000000     1.15826565
  29   60    0     0.00000000     1.11780751
  29   61    0     0.00000000     1.18638833
  29   62    0     0.00000000     1.13515395
  29   63    0     0.00000000     1.10940727
  29   64    0     0.00000000     1.08898899
  29   65    0     0.00000000     1.09063364
  29   66    0     0.00000000     1.06296598
  29   67    0     0.00000000     1.09180226
  29   68    0     0.00000000     1.03707538
  29   69    0     0.00000000     1.00550901
  29   70    0     0.00000000     1.00535983
  29   71    0     0.00000000     1.03308541
  29   72    0     0.00000000     1.01678748
  29   73    0     0.00000000     1.04774340
  29   74    0     0.00000000     1.04369487
  29   75    0     0.00000000     1.02079500
  29   76    0     0.00000000     1.01797858
  29   77    0     0.00000000     1.05025183
  29   78    0     0.00000000     1.00791795
  29   79    0     0.00000000     1.05102509
  29   80    0     0.00000000     1.07408180
  29   81    0     0.00000000     1.15334005
  29   82    0     0.00000000     1.11771359
  29   83    0     0.00000000     1.20086929
  29   84    0     0.00000000     1.06664401
  29   85    0     0.00000000     1.08968064
  29   86    0     0.00000000     1.02489562
  29   87    0     0.00000000     1.01614460
  29   88    0     0.00000000     0.97299732
  29   89    0     0.00000000     1.00452567
  29   90    0     0.00000000     0.99023096
  29   91    0     0.00000000     1.16668785
  29   92    0     0.00000000     1.27469351
  29   93    0     0.00000000     0.97508384
  29   94    0     0.00000000     1.13172929
  29   95    0     0.00000000     1.02959809
  29   96    0     0.00000000     0.97114583
  29   97    0     0.00000000     1.09835114
  29   98    0     0.00000000     1.04051737
  29   99    0     0.00000000     1.09427450
  29  100    0     0.00000000     1.14542371
  29  101    0     0.00000000     1.19860804
  29  102    0     0.00000000     1.04643037
  29  103    0     0.00000000     1.08882573
  29  104    0     0.00000000     1.03938949
  29  105    0     0.00000000     1.03085842
  29  106    0     0.00000000     1.02182699
  29  107    0     0.00000000     1.05373786
  29  108    0     0.00000000     1.05544345
  29  109    0     0.00000000     1.22482679
  29  110    0     0.00000000     1.09660581
  29  111    0     0.00000000     1.03059300
  29  112    0     0.00000000     0.96736898
  29  113    0     0.00000000     0.95615251
  29  114    0     0.00000000     0.93955184
  29  115    0     0.00000000     0.92115879
  29  116    0     0.00000000     0.96069970
  29  117    0     0.00000000     1.09663159
  29  118    0     0.00000000     1.10451641
  29  119    0     0.00000000     0.95290220
  29  120    0     0.00000000     0.85105807
  29  121    0     0.00000000     1.04273346
  29  122    0     0.00000000     0.83220247
  29  123    0     0.00000000     1.04496639
  29  124    0     0.00000000     1.09411690
  29  125    0     0.00000000     1.00000000
  29  126    0     0.00000000     1.00000000
  29  127    0     0.00000000     1.00000000
  29  128    0     0.00000000     1.00000000
  29  129    0     0.00000000     1.00000000
  30    0    0     0.00000000     1.29544715
  30    1    0     0.00000000     1.31629941
  30    2    0     0.00000000     1.30856784
  30    3    0     0.00000000     1.27050472
  30    4    0     0.00000000     1.24720850
  30    5    0     0.00000000     1.22849692
  30    6    0     0.00000000     1.25464555
  30    7    0     0.00000000     1.17103429
  30    8    0     0.00000000     1.20012321
  30    9    0     0.00000000     1.13818332
  30   10    0     0.00000000     1.21387514
  30   11    0     0.00000000     1.17029119
  30   12    0     0.00000000     1.11778732
  30   13    0     0.00000000     1.25158992
  30   14    0     0.00000000     1.12016032
  30   15    0     0.00000000     1.22818719
  30   16    0     0.00000000     1.33756821
  30   17    0     0.00000000     1.31477640
  30   18    0     0.00000000     1.10676149
  30   19    0     0.00000000     1.27909189
  30   20    0     0.00000000     1.19694602
  30   21    0     0.00000000     1.21847012
  30   22    0     0.00000000     1.08169753
  30   23    0     0.00000000     1.10326217
  30   24    0     0.00000000     1.16377294
  30   25    0     0.00000000     1.10286855
  30   26    0     0.00000000     1.18462531
  30   27    0     0.00000000     1.12427703
  30   28    0     0.00000000     1.15138434
  30   29    0     0.00000000     1.27035079
  30   30    0     0.00000000     1.22527732
  30   31    0     0.00000000     1.21595570
  30   32    0     0.00000000     1.29801889
  30   33    0     0.00000000     1.25817541
  30   34    0     0.00000000     1.33330885
  30   35    0     0.00000000     1.19707135
  30   36    0     0.00000000     1.24377292
  30   37    0     0.00000000     1.25255419
  30   38    0     0.00000000     1.15439902
  30   39    0     0.00000000     1.13956075
  30   40    0     0.00000000     1.18886284
  30   41    0     0.00000000     0.95074790
  30   42    0     0.00000000     1.00836893
  30   43    0     0.00000000     0.99911972
  30   44    0     0.00000000     1.01928281
  30   45    0     0.00000000     1.34469271
  30   46    0     0.00000000     1.20219109
  30   47    0     0.00000000     1.05836044
  30   48    0     0.00000000     1.13289257
  30   49    0     0.00000000     1.07781095
  30   50    0     0.00000000     1.10374449
  30   51    0     0.00000000     1.08725212
  30   52    0     0.00000000     1.10109679
  30   53    0     0.00000000     1.16392941
  30   54    0     0.00000000     1.19641486
  30   55    0     0.00000000     1.23561462
  30   56    0     0.00000000     1.12713467
  30   57    0     0.00000000     1.09812224
  30   58    0     0.00000000     1.04467250
  30   59    0     0.00000000     1.02033403
  30   60    0     0.00000000     1.02227812
  30   61    0     0.00000000     1.09971114
  30   62    0     0.00000000     1.07035218
  30   63    0     0.00000000     1.07721258
  30   64    0     0.00000000     1.11357642
  30   65    0     0.00000000     1.12822657
  30   66    0     0.00000000     1.14083685
  30   67    0     0.00000000     1.15897401
  30   68    0     0.00000000     1.09536767
  30   69    0     0.00000000     1.07961727
  30   70    0     0.00000000     1.08879432
  30   71    0     0.00000000     1.07565472
  30   72    0     0.00000000     1.02142821
  30   73    0     0.00000000     1.03434778
  30   74    0     0.00000000     1.07230791
  30   75    0     0.00000000     1.14646853
  30   76    0     0.00000000     1.10137269
  30   77    0     0.00000000     1.13390597
  30   78    0     0.00000000     1.03485027
  30   79    0     0.00000000     1.07037591
  30   80    0     0.00000000     1.05576627
  30   81    0     0.00000000     1.04286953
  30   82    0     0.00000000     1.05264429
  30   83    0     0.00000000     1.13261957
  30   84    0     0.00000000     1.15842117
  30   85    0     0.00000000     1.01426695
  30   86    0     0.00000000     0.98467471
  30   87    0     0.00000000     0.98610050
  30   88    0     0.00000000     1.09996600
  30   89    0     0.00000000     1.09337964
  30   90    0     0.00000000     1.04852750
  30   91    0     0.00000000     1.01628833
  30   92    0     0.00000000     0.99174715
  30   93    0     0.00000000     1.08066173
  30   94    0     0.00000000     1.09502452
  30   95    0     0.00000000     0.92497779
  30   96    0     0.00000000     0.91124016
  30   97    0     0.00000000     0.91187054
  30   98    0     0.00000000     0.90137323
  30   99    0     0.00000000     0.91103212
  30  100    0     0.00000000     0.86768837
  30  101    0     0.00000000     0.99151235
  30  102    0     0.00000000     1.08601671
  30  103    0     0.00000000     0.96832499
  30  104    0     0.00000000     0.90402759
  30  105    0     0.00000000     0.89516589
  30  106    0     0.00000000     0.96403503
  30  107    0     0.00000000     1.02498750
  31    0    0     0.00000000     1.29225732
  31    1    0     0.00000000     1.19890527
  31    2    0     0.00000000     1.31179701
  31    3    0     0.00000000     1.24284147
  31    4    0     0.00000000     1.22444811
  31    5    0     0.00000000     1.15312457
  31    6    0     0.00000000     1.22274147
  31    7    0     0.00000000     1.16269532
  31    8    0     0.00000000     1.13375742
  31    9    0     0.00000000     1.13597337
  31   10    0     0.00000000     1.14848908
  31   11    0     0.00000000     1.19827665
  31   12    0     0.00000000     1.21339548
  31   13    0     0.00000000     1.25965578
  31   14    0     0.00000000     1.19170937
  31   15    0     0.00000000     1.24229271
  31   16    0     0.00000000     1.18501026
  31   17    0     0.00000000     1.23976297
  31   18    0     0.00000000     1.29466760
  31   19    0     0.00000000     1.12703775
  31   20    0     0.00000000     1.18461586
  31   21    0     0.00000000     1.18973972
  31   22    0     0.00000000     1.16762731
  31   23    0     0.00000000     1.07795400
  31   24    0     0.00000000     1.16994872
  31   25    0     0.00000000     1.16446262
  31   26    0     0.00000000     1.29851304
  31   27    0     0.00000000     1.26308838
  31   28    0     0.00000000     1.24802708
  31   29    0     0.00000000     1.18585251
  31   30    0     0.00000000     1.12189616
  31   31    0     0.00000000     1.16811237
  31   32    0     0.00000000     1.15138623
  31   33    0     0.00000000     1.08617816
  31   34    0     0.00000000     1.16199275
  31   35    0     0.00000000     1.14667586
  31   36    0     0.00000000     1.14992369
  31   37    0     0.00000000     0.99275500
  31   38    0     0.00000000     0.89454148
  31   39    0     0.00000000     1.01114104
  31   40    0     0.00000000     1.01184382
  31   41    0     0.00000000     1.21781033
  31   42    0     0.00000000     1.16901382
  31   43    0     0.00000000     1.11685373
  31   44    0     0.00000000     1.15806146
  31   45    0     0.00000000     1.14992110
  31   46    0     0.00000000     1.15729814
  31   47    0     0.00000000     1.18868831
  31   48    0     0.00000000     1.17517640
  31   49    0     0.00000000     1.21732992
  31   50    0     0.00000000     1.27393312
  31   51    0     0.00000000     1.20554776
  31   52    0     0.00000000     1.19296853
  31   53    0     0.00000000     1.11943621
  31   54    0     0.00000000     1.11671065
  31   55    0     0.00000000     1.11283047
  31   56    0     0.00000000     1.10658390
  31   57    0     0.00000000     1.08460842
  31   58    0     0.00000000     1.05350701
  31   59    0     0.00000000     1.06402343
  31   60    0     0.00000000     1.10745433
  31   61    0     0.00000000     1.11228140
  31   62    0     0.00000000     0.90675731
  31   63    0     0.00000000     0.89618757
  31   64    0     0.00000000     1.03440570
  31   65    0     0.00000000     1.01029892
  31   66    0     0.00000000     1.03426070
  31   67    0     0.00000000     1.00948741
  31   68    0     0.00000000     1.04164904
  31   69    0     0.00000000     1.06226704
  31   70    0     0.00000000     1.13082057
  31   71    0     0.00000000     1.11757651
  31   72    0     0.00000000     1.08601379
  31   73    0     0.00000000     0.99212774
  31   74    0     0.00000000     0.97236253
  31   75    0     0.00000000     0.97031491
  31   76    0     0.00000000     0.95046159
  31   77    0     0.00000000     0.92750484
  31   78    0     0.00000000     0.97931246
  31   79    0     0.00000000     1.10318878
  31   80    0     0.00000000     0.97858015
  31   81    0     0.00000000     0.96878198
  31   82    0     0.00000000     0.88703337
  31   83    0     0.00000000     0.91542687
  31   84    0     0.00000000     0.95049607
  31   85    0     0.00000000     0.87042731
  31   86    0     0.00000000     0.89463923
  31   87    0     0.00000000     0.88133662
  31   88    0     0.00000000     0.99185884
  31   89    0     0.00000000     0.99557965
########################################
# TPC TDC : ct = (t-p0)*p1             #
########################################
0	0	1	84.00000000	80.00000000
0	1	1	84.00000000	80.00000000
0	2	1	84.00000000	80.00000000
0	3	1	84.00000000	80.00000000
0	4	1	84.00000000	80.00000000
0	5	1	84.00000000	80.00000000
0	6	1	84.00000000	80.00000000
0	7	1	84.00000000	80.00000000
0	8	1	84.00000000	80.00000000
0	9	1	84.00000000	80.00000000
0	10	1	84.00000000	80.00000000
0	11	1	84.00000000	80.00000000
0	12	1	84.00000000	80.00000000
0	13	1	84.00000000	80.00000000
0	14	1	84.00000000	80.00000000
0	15	1	84.00000000	80.00000000
0	16	1	84.00000000	80.00000000
0	17	1	84.00000000	80.00000000
0	18	1	84.00000000	80.00000000
0	19	1	84.00000000	80.00000000
0	20	1	84.00000000	80.00000000
0	21	1	84.00000000	80.00000000
0	22	1	84.00000000	80.00000000
0	23	1	84.00000000	80.00000000
0	24	1	84.00000000	80.00000000
0	25	1	84.00000000	80.00000000
0	26	1	84.00000000	80.00000000
0	27	1	84.00000000	80.00000000
0	28	1	84.00000000	80.00000000
0	29	1	84.00000000	80.00000000
0	30	1	84.00000000	80.00000000
0	31	1	84.00000000	80.00000000
0	32	1	84.00000000	80.00000000
0	33	1	84.00000000	80.00000000
0	34	1	84.00000000	80.00000000
0	35	1	84.00000000	80.00000000
0	36	1	84.00000000	80.00000000
0	37	1	84.00000000	80.00000000
0	38	1	84.00000000	80.00000000
0	39	1	84.00000000	80.00000000
0	40	1	84.00000000	80.00000000
0	41	1	84.00000000	80.00000000
0	42	1	84.00000000	80.00000000
0	43	1	84.00000000	80.00000000
0	44	1	84.00000000	80.00000000
0	45	1	84.00000000	80.00000000
0	46	1	84.00000000	80.00000000
0	47	1	84.00000000	80.00000000
1	0	1	84.00000000	80.00000000
1	1	1	84.00000000	80.00000000
1	2	1	84.00000000	80.00000000
1	3	1	84.00000000	80.00000000
1	4	1	84.00000000	80.00000000
1	5	1	84.00000000	80.00000000
1	6	1	84.00000000	80.00000000
1	7	1	84.00000000	80.00000000
1	8	1	84.00000000	80.00000000
1	9	1	84.00000000	80.00000000
1	10	1	84.00000000	80.00000000
1	11	1	84.00000000	80.00000000
1	12	1	84.00000000	80.00000000
1	13	1	84.00000000	80.00000000
1	14	1	84.00000000	80.00000000
1	15	1	84.00000000	80.00000000
1	16	1	84.00000000	80.00000000
1	17	1	84.00000000	80.00000000
1	18	1	84.00000000	80.00000000
1	19	1	84.00000000	80.00000000
1	20	1	84.00000000	80.00000000
1	21	1	84.00000000	80.00000000
1	22	1	84.00000000	80.00000000
1	23	1	84.00000000	80.00000000
1	24	1	84.00000000	80.00000000
1	25	1	84.00000000	80.00000000
1	26	1	84.00000000	80.00000000
1	27	1	84.00000000	80.00000000
1	28	1	84.00000000	80.00000000
1	29	1	84.00000000	80.00000000
1	30	1	84.00000000	80.00000000
1	31	1	84.00000000	80.00000000
1	32	1	84.00000000	80.00000000
1	33	1	84.00000000	80.00000000
1	34	1	84.00000000	80.00000000
1	35	1	84.00000000	80.00000000
1	36	1	84.00000000	80.00000000
1	37	1	84.00000000	80.00000000
1	38	1	84.00000000	80.00000000
1	39	1	84.00000000	80.00000000
1	40	1	84.00000000	80.00000000
1	41	1	84.00000000	80.00000000
1	42	1	84.00000000	80.00000000
1	43	1	84.00000000	80.00000000
1	44	1	84.00000000	80.00000000
1	45	1	84.00000000	80.00000000
1	46	1	84.00000000	80.00000000
1	47	1	84.00000000	80.00000000
2	0	1	84.00000000	80.00000000
2	1	1	84.00000000	80.00000000
2	2	1	84.00000000	80.00000000
2	3	1	84.00000000	80.00000000
2	4	1	84.00000000	80.00000000
2	5	1	84.00000000	80.00000000
2	6	1	84.00000000	80.00000000
2	7	1	84.00000000	80.00000000
2	8	1	84.00000000	80.00000000
2	9	1	84.00000000	80.00000000
2	10	1	84.00000000	80.00000000
2	11	1	84.00000000	80.00000000
2	12	1	84.00000000	80.00000000
2	13	1	84.00000000	80.00000000
2	14	1	84.00000000	80.00000000
2	15	1	84.00000000	80.00000000
2	16	1	84.00000000	80.00000000
2	17	1	84.00000000	80.00000000
2	18	1	84.00000000	80.00000000
2	19	1	84.00000000	80.00000000
2	20	1	84.00000000	80.00000000
2	21	1	84.00000000	80.00000000
2	22	1	84.00000000	80.00000000
2	23	1	84.00000000	80.00000000
2	24	1	84.00000000	80.00000000
2	25	1	84.00000000	80.00000000
2	26	1	84.00000000	80.00000000
2	27	1	84.00000000	80.00000000
2	28	1	84.00000000	80.00000000
2	29	1	84.00000000	80.00000000
2	30	1	84.00000000	80.00000000
2	31	1	84.00000000	80.00000000
2	32	1	84.00000000	80.00000000
2	33	1	84.00000000	80.00000000
2	34	1	84.00000000	80.00000000
2	35	1	84.00000000	80.00000000
2	36	1	84.00000000	80.00000000
2	37	1	84.00000000	80.00000000
2	38	1	84.00000000	80.00000000
2	39	1	84.00000000	80.00000000
2	40	1	84.00000000	80.00000000
2	41	1	84.00000000	80.00000000
2	42	1	84.00000000	80.00000000
2	43	1	84.00000000	80.00000000
2	44	1	84.00000000	80.00000000
2	45	1	84.00000000	80.00000000
2	46	1	84.00000000	80.00000000
2	47	1	84.00000000	80.00000000
2	48	1	84.00000000	80.00000000
2	49	1	84.00000000	80.00000000
2	50	1	84.00000000	80.00000000
2	51	1	84.00000000	80.00000000
2	52	1	84.00000000	80.00000000
2	53	1	84.00000000	80.00000000
2	54	1	84.00000000	80.00000000
2	55	1	84.00000000	80.00000000
2	56	1	84.00000000	80.00000000
2	57	1	84.00000000	80.00000000
2	58	1	84.00000000	80.00000000
2	59	1	84.00000000	80.00000000
2	60	1	84.00000000	80.00000000
2	61	1	84.00000000	80.00000000
2	62	1	84.00000000	80.00000000
2	63	1	84.00000000	80.00000000
2	64	1	84.00000000	80.00000000
2	65	1	84.00000000	80.00000000
2	66	1	84.00000000	80.00000000
2	67	1	84.00000000	80.00000000
2	68	1	84.00000000	80.00000000
2	69	1	84.00000000	80.00000000
2	70	1	84.00000000	80.00000000
2	71	1	84.00000000	80.00000000
3	0	1	84.00000000	80.00000000
3	1	1	84.00000000	80.00000000
3	2	1	84.00000000	80.00000000
3	3	1	84.00000000	80.00000000
3	4	1	84.00000000	80.00000000
3	5	1	84.00000000	80.00000000
3	6	1	84.00000000	80.00000000
3	7	1	84.00000000	80.00000000
3	8	1	84.00000000	80.00000000
3	9	1	84.00000000	80.00000000
3	10	1	84.00000000	80.00000000
3	11	1	84.00000000	80.00000000
3	12	1	84.00000000	80.00000000
3	13	1	84.00000000	80.00000000
3	14	1	84.00000000	80.00000000
3	15	1	84.00000000	80.00000000
3	16	1	84.00000000	80.00000000
3	17	1	84.00000000	80.00000000
3	18	1	84.00000000	80.00000000
3	19	1	84.00000000	80.00000000
3	20	1	84.00000000	80.00000000
3	21	1	84.00000000	80.00000000
3	22	1	84.00000000	80.00000000
3	23	1	84.00000000	80.00000000
3	24	1	84.00000000	80.00000000
3	25	1	84.00000000	80.00000000
3	26	1	84.00000000	80.00000000
3	27	1	84.00000000	80.00000000
3	28	1	84.00000000	80.00000000
3	29	1	84.00000000	80.00000000
3	30	1	84.00000000	80.00000000
3	31	1	84.00000000	80.00000000
3	32	1	84.00000000	80.00000000
3	33	1	84.00000000	80.00000000
3	34	1	84.00000000	80.00000000
3	35	1	84.00000000	80.00000000
3	36	1	84.00000000	80.00000000
3	37	1	84.00000000	80.00000000
3	38	1	84.00000000	80.00000000
3	39	1	84.00000000	80.00000000
3	40	1	84.00000000	80.00000000
3	41	1	84.00000000	80.00000000
3	42	1	84.00000000	80.00000000
3	43	1	84.00000000	80.00000000
3	44	1	84.00000000	80.00000000
3	45	1	84.00000000	80.00000000
3	46	1	84.00000000	80.00000000
3	47	1	84.00000000	80.00000000
3	48	1	84.00000000	80.00000000
3	49	1	84.00000000	80.00000000
3	50	1	84.00000000	80.00000000
3	51	1	84.00000000	80.00000000
3	52	1	84.00000000	80.00000000
3	53	1	84.00000000	80.00000000
3	54	1	84.00000000	80.00000000
3	55	1	84.00000000	80.00000000
3	56	1	84.00000000	80.00000000
3	57	1	84.00000000	80.00000000
3	58	1	84.00000000	80.00000000
3	59	1	84.00000000	80.00000000
3	60	1	84.00000000	80.00000000
3	61	1	84.00000000	80.00000000
3	62	1	84.00000000	80.00000000
3	63	1	84.00000000	80.00000000
3	64	1	84.00000000	80.00000000
3	65	1	84.00000000	80.00000000
3	66	1	84.00000000	80.00000000
3	67	1	84.00000000	80.00000000
3	68	1	84.00000000	80.00000000
3	69	1	84.00000000	80.00000000
3	70	1	84.00000000	80.00000000
3	71	1	84.00000000	80.00000000
3	72	1	84.00000000	80.00000000
3	73	1	84.00000000	80.00000000
3	74	1	84.00000000	80.00000000
3	75	1	84.00000000	80.00000000
3	76	1	84.00000000	80.00000000
3	77	1	84.00000000	80.00000000
3	78	1	84.00000000	80.00000000
3	79	1	84.00000000	80.00000000
3	80	1	84.00000000	80.00000000
3	81	1	84.00000000	80.00000000
3	82	1	84.00000000	80.00000000
3	83	1	84.00000000	80.00000000
3	84	1	84.00000000	80.00000000
3	85	1	84.00000000	80.00000000
3	86	1	84.00000000	80.00000000
3	87	1	84.00000000	80.00000000
3	88	1	84.00000000	80.00000000
3	89	1	84.00000000	80.00000000
3	90	1	84.00000000	80.00000000
3	91	1	84.00000000	80.00000000
3	92	1	84.00000000	80.00000000
3	93	1	84.00000000	80.00000000
3	94	1	84.00000000	80.00000000
3	95	1	84.00000000	80.00000000
4	0	1	84.00000000	80.00000000
4	1	1	84.00000000	80.00000000
4	2	1	84.00000000	80.00000000
4	3	1	84.00000000	80.00000000
4	4	1	84.00000000	80.00000000
4	5	1	84.00000000	80.00000000
4	6	1	84.00000000	80.00000000
4	7	1	84.00000000	80.00000000
4	8	1	84.00000000	80.00000000
4	9	1	84.00000000	80.00000000
4	10	1	84.00000000	80.00000000
4	11	1	84.00000000	80.00000000
4	12	1	84.00000000	80.00000000
4	13	1	84.00000000	80.00000000
4	14	1	84.00000000	80.00000000
4	15	1	84.00000000	80.00000000
4	16	1	84.00000000	80.00000000
4	17	1	84.00000000	80.00000000
4	18	1	84.00000000	80.00000000
4	19	1	84.00000000	80.00000000
4	20	1	84.00000000	80.00000000
4	21	1	84.00000000	80.00000000
4	22	1	84.00000000	80.00000000
4	23	1	84.00000000	80.00000000
4	24	1	84.00000000	80.00000000
4	25	1	84.00000000	80.00000000
4	26	1	84.00000000	80.00000000
4	27	1	84.00000000	80.00000000
4	28	1	84.00000000	80.00000000
4	29	1	84.00000000	80.00000000
4	30	1	84.00000000	80.00000000
4	31	1	84.00000000	80.00000000
4	32	1	84.00000000	80.00000000
4	33	1	84.00000000	80.00000000
4	34	1	84.00000000	80.00000000
4	35	1	84.00000000	80.00000000
4	36	1	84.00000000	80.00000000
4	37	1	84.00000000	80.00000000
4	38	1	84.00000000	80.00000000
4	39	1	84.00000000	80.00000000
4	40	1	84.00000000	80.00000000
4	41	1	84.00000000	80.00000000
4	42	1	84.00000000	80.00000000
4	43	1	84.00000000	80.00000000
4	44	1	84.00000000	80.00000000
4	45	1	84.00000000	80.00000000
4	46	1	84.00000000	80.00000000
4	47	1	84.00000000	80.00000000
4	48	1	84.00000000	80.00000000
4	49	1	84.00000000	80.00000000
4	50	1	84.00000000	80.00000000
4	51	1	84.00000000	80.00000000
4	52	1	84.00000000	80.00000000
4	53	1	84.00000000	80.00000000
4	54	1	84.00000000	80.00000000
4	55	1	84.00000000	80.00000000
4	56	1	84.00000000	80.00000000
4	57	1	84.00000000	80.00000000
4	58	1	84.00000000	80.00000000
4	59	1	84.00000000	80.00000000
4	60	1	84.00000000	80.00000000
4	61	1	84.00000000	80.00000000
4	62	1	84.00000000	80.00000000
4	63	1	84.00000000	80.00000000
4	64	1	84.00000000	80.00000000
4	65	1	84.00000000	80.00000000
4	66	1	84.00000000	80.00000000
4	67	1	84.00000000	80.00000000
4	68	1	84.00000000	80.00000000
4	69	1	84.00000000	80.00000000
4	70	1	84.00000000	80.00000000
4	71	1	84.00000000	80.00000000
4	72	1	84.00000000	80.00000000
4	73	1	84.00000000	80.00000000
4	74	1	84.00000000	80.00000000
4	75	1	84.00000000	80.00000000
4	76	1	84.00000000	80.00000000
4	77	1	84.00000000	80.00000000
4	78	1	84.00000000	80.00000000
4	79	1	84.00000000	80.00000000
4	80	1	84.00000000	80.00000000
4	81	1	84.00000000	80.00000000
4	82	1	84.00000000	80.00000000
4	83	1	84.00000000	80.00000000
4	84	1	84.00000000	80.00000000
4	85	1	84.00000000	80.00000000
4	86	1	84.00000000	80.00000000
4	87	1	84.00000000	80.00000000
4	88	1	84.00000000	80.00000000
4	89	1	84.00000000	80.00000000
4	90	1	84.00000000	80.00000000
4	91	1	84.00000000	80.00000000
4	92	1	84.00000000	80.00000000
4	93	1	84.00000000	80.00000000
4	94	1	84.00000000	80.00000000
4	95	1	84.00000000	80.00000000
4	96	1	84.00000000	80.00000000
4	97	1	84.00000000	80.00000000
4	98	1	84.00000000	80.00000000
4	99	1	84.00000000	80.00000000
4	100	1	84.00000000	80.00000000
4	101	1	84.00000000	80.00000000
4	102	1	84.00000000	80.00000000
4	103	1	84.00000000	80.00000000
4	104	1	84.00000000	80.00000000
4	105	1	84.00000000	80.00000000
4	106	1	84.00000000	80.00000000
4	107	1	84.00000000	80.00000000
4	108	1	84.00000000	80.00000000
4	109	1	84.00000000	80.00000000
4	110	1	84.00000000	80.00000000
4	111	1	84.00000000	80.00000000
4	112	1	84.00000000	80.00000000
4	113	1	84.00000000	80.00000000
4	114	1	84.00000000	80.00000000
4	115	1	84.00000000	80.00000000
4	116	1	84.00000000	80.00000000
4	117	1	84.00000000	80.00000000
4	118	1	84.00000000	80.00000000
4	119	1	84.00000000	80.00000000
5	0	1	84.00000000	80.00000000
5	1	1	84.00000000	80.00000000
5	2	1	84.00000000	80.00000000
5	3	1	84.00000000	80.00000000
5	4	1	84.00000000	80.00000000
5	5	1	84.00000000	80.00000000
5	6	1	84.00000000	80.00000000
5	7	1	84.00000000	80.00000000
5	8	1	84.00000000	80.00000000
5	9	1	84.00000000	80.00000000
5	10	1	84.00000000	80.00000000
5	11	1	84.00000000	80.00000000
5	12	1	84.00000000	80.00000000
5	13	1	84.00000000	80.00000000
5	14	1	84.00000000	80.00000000
5	15	1	84.00000000	80.00000000
5	16	1	84.00000000	80.00000000
5	17	1	84.00000000	80.00000000
5	18	1	84.00000000	80.00000000
5	19	1	84.00000000	80.00000000
5	20	1	84.00000000	80.00000000
5	21	1	84.00000000	80.00000000
5	22	1	84.00000000	80.00000000
5	23	1	84.00000000	80.00000000
5	24	1	84.00000000	80.00000000
5	25	1	84.00000000	80.00000000
5	26	1	84.00000000	80.00000000
5	27	1	84.00000000	80.00000000
5	28	1	84.00000000	80.00000000
5	29	1	84.00000000	80.00000000
5	30	1	84.00000000	80.00000000
5	31	1	84.00000000	80.00000000
5	32	1	84.00000000	80.00000000
5	33	1	84.00000000	80.00000000
5	34	1	84.00000000	80.00000000
5	35	1	84.00000000	80.00000000
5	36	1	84.00000000	80.00000000
5	37	1	84.00000000	80.00000000
5	38	1	84.00000000	80.00000000
5	39	1	84.00000000	80.00000000
5	40	1	84.00000000	80.00000000
5	41	1	84.00000000	80.00000000
5	42	1	84.00000000	80.00000000
5	43	1	84.00000000	80.00000000
5	44	1	84.00000000	80.00000000
5	45	1	84.00000000	80.00000000
5	46	1	84.00000000	80.00000000
5	47	1	84.00000000	80.00000000
5	48	1	84.00000000	80.00000000
5	49	1	84.00000000	80.00000000
5	50	1	84.00000000	80.00000000
5	51	1	84.00000000	80.00000000
5	52	1	84.00000000	80.00000000
5	53	1	84.00000000	80.00000000
5	54	1	84.00000000	80.00000000
5	55	1	84.00000000	80.00000000
5	56	1	84.00000000	80.00000000
5	57	1	84.00000000	80.00000000
5	58	1	84.00000000	80.00000000
5	59	1	84.00000000	80.00000000
5	60	1	84.00000000	80.00000000
5	61	1	84.00000000	80.00000000
5	62	1	84.00000000	80.00000000
5	63	1	84.00000000	80.00000000
5	64	1	84.00000000	80.00000000
5	65	1	84.00000000	80.00000000
5	66	1	84.00000000	80.00000000
5	67	1	84.00000000	80.00000000
5	68	1	84.00000000	80.00000000
5	69	1	84.00000000	80.00000000
5	70	1	84.00000000	80.00000000
5	71	1	84.00000000	80.00000000
5	72	1	84.00000000	80.00000000
5	73	1	84.00000000	80.00000000
5	74	1	84.00000000	80.00000000
5	75	1	84.00000000	80.00000000
5	76	1	84.00000000	80.00000000
5	77	1	84.00000000	80.00000000
5	78	1	84.00000000	80.00000000
5	79	1	84.00000000	80.00000000
5	80	1	84.00000000	80.00000000
5	81	1	84.00000000	80.00000000
5	82	1	84.00000000	80.00000000
5	83	1	84.00000000	80.00000000
5	84	1	84.00000000	80.00000000
5	85	1	84.00000000	80.00000000
5	86	1	84.00000000	80.00000000
5	87	1	84.00000000	80.00000000
5	88	1	84.00000000	80.00000000
5	89	1	84.00000000	80.00000000
5	90	1	84.00000000	80.00000000
5	91	1	84.00000000	80.00000000
5	92	1	84.00000000	80.00000000
5	93	1	84.00000000	80.00000000
5	94	1	84.00000000	80.00000000
5	95	1	84.00000000	80.00000000
5	96	1	84.00000000	80.00000000
5	97	1	84.00000000	80.00000000
5	98	1	84.00000000	80.00000000
5	99	1	84.00000000	80.00000000
5	100	1	84.00000000	80.00000000
5	101	1	84.00000000	80.00000000
5	102	1	84.00000000	80.00000000
5	103	1	84.00000000	80.00000000
5	104	1	84.00000000	80.00000000
5	105	1	84.00000000	80.00000000
5	106	1	84.00000000	80.00000000
5	107	1	84.00000000	80.00000000
5	108	1	84.00000000	80.00000000
5	109	1	84.00000000	80.00000000
5	110	1	84.00000000	80.00000000
5	111	1	84.00000000	80.00000000
5	112	1	84.00000000	80.00000000
5	113	1	84.00000000	80.00000000
5	114	1	84.00000000	80.00000000
5	115	1	84.00000000	80.00000000
5	116	1	84.00000000	80.00000000
5	117	1	84.00000000	80.00000000
5	118	1	84.00000000	80.00000000
5	119	1	84.00000000	80.00000000
5	120	1	84.00000000	80.00000000
5	121	1	84.00000000	80.00000000
5	122	1	84.00000000	80.00000000
5	123	1	84.00000000	80.00000000
5	124	1	84.00000000	80.00000000
5	125	1	84.00000000	80.00000000
5	126	1	84.00000000	80.00000000
5	127	1	84.00000000	80.00000000
5	128	1	84.00000000	80.00000000
5	129	1	84.00000000	80.00000000
5	130	1	84.00000000	80.00000000
5	131	1	84.00000000	80.00000000
5	132	1	84.00000000	80.00000000
5	133	1	84.00000000	80.00000000
5	134	1	84.00000000	80.00000000
5	135	1	84.00000000	80.00000000
5	136	1	84.00000000	80.00000000
5	137	1	84.00000000	80.00000000
5	138	1	84.00000000	80.00000000
5	139	1	84.00000000	80.00000000
5	140	1	84.00000000	80.00000000
5	141	1	84.00000000	80.00000000
5	142	1	84.00000000	80.00000000
5	143	1	84.00000000	80.00000000
6	0	1	84.00000000	80.00000000
6	1	1	84.00000000	80.00000000
6	2	1	84.00000000	80.00000000
6	3	1	84.00000000	80.00000000
6	4	1	84.00000000	80.00000000
6	5	1	84.00000000	80.00000000
6	6	1	84.00000000	80.00000000
6	7	1	84.00000000	80.00000000
6	8	1	84.00000000	80.00000000
6	9	1	84.00000000	80.00000000
6	10	1	84.00000000	80.00000000
6	11	1	84.00000000	80.00000000
6	12	1	84.00000000	80.00000000
6	13	1	84.00000000	80.00000000
6	14	1	84.00000000	80.00000000
6	15	1	84.00000000	80.00000000
6	16	1	84.00000000	80.00000000
6	17	1	84.00000000	80.00000000
6	18	1	84.00000000	80.00000000
6	19	1	84.00000000	80.00000000
6	20	1	84.00000000	80.00000000
6	21	1	84.00000000	80.00000000
6	22	1	84.00000000	80.00000000
6	23	1	84.00000000	80.00000000
6	24	1	84.00000000	80.00000000
6	25	1	84.00000000	80.00000000
6	26	1	84.00000000	80.00000000
6	27	1	84.00000000	80.00000000
6	28	1	84.00000000	80.00000000
6	29	1	84.00000000	80.00000000
6	30	1	84.00000000	80.00000000
6	31	1	84.00000000	80.00000000
6	32	1	84.00000000	80.00000000
6	33	1	84.00000000	80.00000000
6	34	1	84.00000000	80.00000000
6	35	1	84.00000000	80.00000000
6	36	1	84.00000000	80.00000000
6	37	1	84.00000000	80.00000000
6	38	1	84.00000000	80.00000000
6	39	1	84.00000000	80.00000000
6	40	1	84.00000000	80.00000000
6	41	1	84.00000000	80.00000000
6	42	1	84.00000000	80.00000000
6	43	1	84.00000000	80.00000000
6	44	1	84.00000000	80.00000000
6	45	1	84.00000000	80.00000000
6	46	1	84.00000000	80.00000000
6	47	1	84.00000000	80.00000000
6	48	1	84.00000000	80.00000000
6	49	1	84.00000000	80.00000000
6	50	1	84.00000000	80.00000000
6	51	1	84.00000000	80.00000000
6	52	1	84.00000000	80.00000000
6	53	1	84.00000000	80.00000000
6	54	1	84.00000000	80.00000000
6	55	1	84.00000000	80.00000000
6	56	1	84.00000000	80.00000000
6	57	1	84.00000000	80.00000000
6	58	1	84.00000000	80.00000000
6	59	1	84.00000000	80.00000000
6	60	1	84.00000000	80.00000000
6	61	1	84.00000000	80.00000000
6	62	1	84.00000000	80.00000000
6	63	1	84.00000000	80.00000000
6	64	1	84.00000000	80.00000000
6	65	1	84.00000000	80.00000000
6	66	1	84.00000000	80.00000000
6	67	1	84.00000000	80.00000000
6	68	1	84.00000000	80.00000000
6	69	1	84.00000000	80.00000000
6	70	1	84.00000000	80.00000000
6	71	1	84.00000000	80.00000000
6	72	1	84.00000000	80.00000000
6	73	1	84.00000000	80.00000000
6	74	1	84.00000000	80.00000000
6	75	1	84.00000000	80.00000000
6	76	1	84.00000000	80.00000000
6	77	1	84.00000000	80.00000000
6	78	1	84.00000000	80.00000000
6	79	1	84.00000000	80.00000000
6	80	1	84.00000000	80.00000000
6	81	1	84.00000000	80.00000000
6	82	1	84.00000000	80.00000000
6	83	1	84.00000000	80.00000000
6	84	1	84.00000000	80.00000000
6	85	1	84.00000000	80.00000000
6	86	1	84.00000000	80.00000000
6	87	1	84.00000000	80.00000000
6	88	1	84.00000000	80.00000000
6	89	1	84.00000000	80.00000000
6	90	1	84.00000000	80.00000000
6	91	1	84.00000000	80.00000000
6	92	1	84.00000000	80.00000000
6	93	1	84.00000000	80.00000000
6	94	1	84.00000000	80.00000000
6	95	1	84.00000000	80.00000000
6	96	1	84.00000000	80.00000000
6	97	1	84.00000000	80.00000000
6	98	1	84.00000000	80.00000000
6	99	1	84.00000000	80.00000000
6	100	1	84.00000000	80.00000000
6	101	1	84.00000000	80.00000000
6	102	1	84.00000000	80.00000000
6	103	1	84.00000000	80.00000000
6	104	1	84.00000000	80.00000000
6	105	1	84.00000000	80.00000000
6	106	1	84.00000000	80.00000000
6	107	1	84.00000000	80.00000000
6	108	1	84.00000000	80.00000000
6	109	1	84.00000000	80.00000000
6	110	1	84.00000000	80.00000000
6	111	1	84.00000000	80.00000000
6	112	1	84.00000000	80.00000000
6	113	1	84.00000000	80.00000000
6	114	1	84.00000000	80.00000000
6	115	1	84.00000000	80.00000000
6	116	1	84.00000000	80.00000000
6	117	1	84.00000000	80.00000000
6	118	1	84.00000000	80.00000000
6	119	1	84.00000000	80.00000000
6	120	1	84.00000000	80.00000000
6	121	1	84.00000000	80.00000000
6	122	1	84.00000000	80.00000000
6	123	1	84.00000000	80.00000000
6	124	1	84.00000000	80.00000000
6	125	1	84.00000000	80.00000000
6	126	1	84.00000000	80.00000000
6	127	1	84.00000000	80.00000000
6	128	1	84.00000000	80.00000000
6	129	1	84.00000000	80.00000000
6	130	1	84.00000000	80.00000000
6	131	1	84.00000000	80.00000000
6	132	1	84.00000000	80.00000000
6	133	1	84.00000000	80.00000000
6	134	1	84.00000000	80.00000000
6	135	1	84.00000000	80.00000000
6	136	1	84.00000000	80.00000000
6	137	1	84.00000000	80.00000000
6	138	1	84.00000000	80.00000000
6	139	1	84.00000000	80.00000000
6	140	1	84.00000000	80.00000000
6	141	1	84.00000000	80.00000000
6	142	1	84.00000000	80.00000000
6	143	1	84.00000000	80.00000000
6	144	1	84.00000000	80.00000000
6	145	1	84.00000000	80.00000000
6	146	1	84.00000000	80.00000000
6	147	1	84.00000000	80.00000000
6	148	1	84.00000000	80.00000000
6	149	1	84.00000000	80.00000000
6	150	1	84.00000000	80.00000000
6	151	1	84.00000000	80.00000000
6	152	1	84.00000000	80.00000000
6	153	1	84.00000000	80.00000000
6	154	1	84.00000000	80.00000000
6	155	1	84.00000000	80.00000000
6	156	1	84.00000000	80.00000000
6	157	1	84.00000000	80.00000000
6	158	1	84.00000000	80.00000000
6	159	1	84.00000000	80.00000000
6	160	1	84.00000000	80.00000000
6	161	1	84.00000000	80.00000000
6	162	1	84.00000000	80.00000000
6	163	1	84.00000000	80.00000000
6	164	1	84.00000000	80.00000000
6	165	1	84.00000000	80.00000000
6	166	1	84.00000000	80.00000000
6	167	1	84.00000000	80.00000000
7	0	1	84.00000000	80.00000000
7	1	1	84.00000000	80.00000000
7	2	1	84.00000000	80.00000000
7	3	1	84.00000000	80.00000000
7	4	1	84.00000000	80.00000000
7	5	1	84.00000000	80.00000000
7	6	1	84.00000000	80.00000000
7	7	1	84.00000000	80.00000000
7	8	1	84.00000000	80.00000000
7	9	1	84.00000000	80.00000000
7	10	1	84.00000000	80.00000000
7	11	1	84.00000000	80.00000000
7	12	1	84.00000000	80.00000000
7	13	1	84.00000000	80.00000000
7	14	1	84.00000000	80.00000000
7	15	1	84.00000000	80.00000000
7	16	1	84.00000000	80.00000000
7	17	1	84.00000000	80.00000000
7	18	1	84.00000000	80.00000000
7	19	1	84.00000000	80.00000000
7	20	1	84.00000000	80.00000000
7	21	1	84.00000000	80.00000000
7	22	1	84.00000000	80.00000000
7	23	1	84.00000000	80.00000000
7	24	1	84.00000000	80.00000000
7	25	1	84.00000000	80.00000000
7	26	1	84.00000000	80.00000000
7	27	1	84.00000000	80.00000000
7	28	1	84.00000000	80.00000000
7	29	1	84.00000000	80.00000000
7	30	1	84.00000000	80.00000000
7	31	1	84.00000000	80.00000000
7	32	1	84.00000000	80.00000000
7	33	1	84.00000000	80.00000000
7	34	1	84.00000000	80.00000000
7	35	1	84.00000000	80.00000000
7	36	1	84.00000000	80.00000000
7	37	1	84.00000000	80.00000000
7	38	1	84.00000000	80.00000000
7	39	1	84.00000000	80.00000000
7	40	1	84.00000000	80.00000000
7	41	1	84.00000000	80.00000000
7	42	1	84.00000000	80.00000000
7	43	1	84.00000000	80.00000000
7	44	1	84.00000000	80.00000000
7	45	1	84.00000000	80.00000000
7	46	1	84.00000000	80.00000000
7	47	1	84.00000000	80.00000000
7	48	1	84.00000000	80.00000000
7	49	1	84.00000000	80.00000000
7	50	1	84.00000000	80.00000000
7	51	1	84.00000000	80.00000000
7	52	1	84.00000000	80.00000000
7	53	1	84.00000000	80.00000000
7	54	1	84.00000000	80.00000000
7	55	1	84.00000000	80.00000000
7	56	1	84.00000000	80.00000000
7	57	1	84.00000000	80.00000000
7	58	1	84.00000000	80.00000000
7	59	1	84.00000000	80.00000000
7	60	1	84.00000000	80.00000000
7	61	1	84.00000000	80.00000000
7	62	1	84.00000000	80.00000000
7	63	1	84.00000000	80.00000000
7	64	1	84.00000000	80.00000000
7	65	1	84.00000000	80.00000000
7	66	1	84.00000000	80.00000000
7	67	1	84.00000000	80.00000000
7	68	1	84.00000000	80.00000000
7	69	1	84.00000000	80.00000000
7	70	1	84.00000000	80.00000000
7	71	1	84.00000000	80.00000000
7	72	1	84.00000000	80.00000000
7	73	1	84.00000000	80.00000000
7	74	1	84.00000000	80.00000000
7	75	1	84.00000000	80.00000000
7	76	1	84.00000000	80.00000000
7	77	1	84.00000000	80.00000000
7	78	1	84.00000000	80.00000000
7	79	1	84.00000000	80.00000000
7	80	1	84.00000000	80.00000000
7	81	1	84.00000000	80.00000000
7	82	1	84.00000000	80.00000000
7	83	1	84.00000000	80.00000000
7	84	1	84.00000000	80.00000000
7	85	1	84.00000000	80.00000000
7	86	1	84.00000000	80.00000000
7	87	1	84.00000000	80.00000000
7	88	1	84.00000000	80.00000000
7	89	1	84.00000000	80.00000000
7	90	1	84.00000000	80.00000000
7	91	1	84.00000000	80.00000000
7	92	1	84.00000000	80.00000000
7	93	1	84.00000000	80.00000000
7	94	1	84.00000000	80.00000000
7	95	1	84.00000000	80.00000000
7	96	1	84.00000000	80.00000000
7	97	1	84.00000000	80.00000000
7	98	1	84.00000000	80.00000000
7	99	1	84.00000000	80.00000000
7	100	1	84.00000000	80.00000000
7	101	1	84.00000000	80.00000000
7	102	1	84.00000000	80.00000000
7	103	1	84.00000000	80.00000000
7	104	1	84.00000000	80.00000000
7	105	1	84.00000000	80.00000000
7	106	1	84.00000000	80.00000000
7	107	1	84.00000000	80.00000000
7	108	1	84.00000000	80.00000000
7	109	1	84.00000000	80.00000000
7	110	1	84.00000000	80.00000000
7	111	1	84.00000000	80.00000000
7	112	1	84.00000000	80.00000000
7	113	1	84.00000000	80.00000000
7	114	1	84.00000000	80.00000000
7	115	1	84.00000000	80.00000000
7	116	1	84.00000000	80.00000000
7	117	1	84.00000000	80.00000000
7	118	1	84.00000000	80.00000000
7	119	1	84.00000000	80.00000000
7	120	1	84.00000000	80.00000000
7	121	1	84.00000000	80.00000000
7	122	1	84.00000000	80.00000000
7	123	1	84.00000000	80.00000000
7	124	1	84.00000000	80.00000000
7	125	1	84.00000000	80.00000000
7	126	1	84.00000000	80.00000000
7	127	1	84.00000000	80.00000000
7	128	1	84.00000000	80.00000000
7	129	1	84.00000000	80.00000000
7	130	1	84.00000000	80.00000000
7	131	1	84.00000000	80.00000000
7	132	1	84.00000000	80.00000000
7	133	1	84.00000000	80.00000000
7	134	1	84.00000000	80.00000000
7	135	1	84.00000000	80.00000000
7	136	1	84.00000000	80.00000000
7	137	1	84.00000000	80.00000000
7	138	1	84.00000000	80.00000000
7	139	1	84.00000000	80.00000000
7	140	1	84.00000000	80.00000000
7	141	1	84.00000000	80.00000000
7	142	1	84.00000000	80.00000000
7	143	1	84.00000000	80.00000000
7	144	1	84.00000000	80.00000000
7	145	1	84.00000000	80.00000000
7	146	1	84.00000000	80.00000000
7	147	1	84.00000000	80.00000000
7	148	1	84.00000000	80.00000000
7	149	1	84.00000000	80.00000000
7	150	1	84.00000000	80.00000000
7	151	1	84.00000000	80.00000000
7	152	1	84.00000000	80.00000000
7	153	1	84.00000000	80.00000000
7	154	1	84.00000000	80.00000000
7	155	1	84.00000000	80.00000000
7	156	1	84.00000000	80.00000000
7	157	1	84.00000000	80.00000000
7	158	1	84.00000000	80.00000000
7	159	1	84.00000000	80.00000000
7	160	1	84.00000000	80.00000000
7	161	1	84.00000000	80.00000000
7	162	1	84.00000000	80.00000000
7	163	1	84.00000000	80.00000000
7	164	1	84.00000000	80.00000000
7	165	1	84.00000000	80.00000000
7	166	1	84.00000000	80.00000000
7	167	1	84.00000000	80.00000000
7	168	1	84.00000000	80.00000000
7	169	1	84.00000000	80.00000000
7	170	1	84.00000000	80.00000000
7	171	1	84.00000000	80.00000000
7	172	1	84.00000000	80.00000000
7	173	1	84.00000000	80.00000000
7	174	1	84.00000000	80.00000000
7	175	1	84.00000000	80.00000000
7	176	1	84.00000000	80.00000000
7	177	1	84.00000000	80.00000000
7	178	1	84.00000000	80.00000000
7	179	1	84.00000000	80.00000000
7	180	1	84.00000000	80.00000000
7	181	1	84.00000000	80.00000000
7	182	1	84.00000000	80.00000000
7	183	1	84.00000000	80.00000000
7	184	1	84.00000000	80.00000000
7	185	1	84.00000000	80.00000000
7	186	1	84.00000000	80.00000000
7	187	1	84.00000000	80.00000000
7	188	1	84.00000000	80.00000000
7	189	1	84.00000000	80.00000000
7	190	1	84.00000000	80.00000000
7	191	1	84.00000000	80.00000000
8	0	1	84.00000000	80.00000000
8	1	1	84.00000000	80.00000000
8	2	1	84.00000000	80.00000000
8	3	1	84.00000000	80.00000000
8	4	1	84.00000000	80.00000000
8	5	1	84.00000000	80.00000000
8	6	1	84.00000000	80.00000000
8	7	1	84.00000000	80.00000000
8	8	1	84.00000000	80.00000000
8	9	1	84.00000000	80.00000000
8	10	1	84.00000000	80.00000000
8	11	1	84.00000000	80.00000000
8	12	1	84.00000000	80.00000000
8	13	1	84.00000000	80.00000000
8	14	1	84.00000000	80.00000000
8	15	1	84.00000000	80.00000000
8	16	1	84.00000000	80.00000000
8	17	1	84.00000000	80.00000000
8	18	1	84.00000000	80.00000000
8	19	1	84.00000000	80.00000000
8	20	1	84.00000000	80.00000000
8	21	1	84.00000000	80.00000000
8	22	1	84.00000000	80.00000000
8	23	1	84.00000000	80.00000000
8	24	1	84.00000000	80.00000000
8	25	1	84.00000000	80.00000000
8	26	1	84.00000000	80.00000000
8	27	1	84.00000000	80.00000000
8	28	1	84.00000000	80.00000000
8	29	1	84.00000000	80.00000000
8	30	1	84.00000000	80.00000000
8	31	1	84.00000000	80.00000000
8	32	1	84.00000000	80.00000000
8	33	1	84.00000000	80.00000000
8	34	1	84.00000000	80.00000000
8	35	1	84.00000000	80.00000000
8	36	1	84.00000000	80.00000000
8	37	1	84.00000000	80.00000000
8	38	1	84.00000000	80.00000000
8	39	1	84.00000000	80.00000000
8	40	1	84.00000000	80.00000000
8	41	1	84.00000000	80.00000000
8	42	1	84.00000000	80.00000000
8	43	1	84.00000000	80.00000000
8	44	1	84.00000000	80.00000000
8	45	1	84.00000000	80.00000000
8	46	1	84.00000000	80.00000000
8	47	1	84.00000000	80.00000000
8	48	1	84.00000000	80.00000000
8	49	1	84.00000000	80.00000000
8	50	1	84.00000000	80.00000000
8	51	1	84.00000000	80.00000000
8	52	1	84.00000000	80.00000000
8	53	1	84.00000000	80.00000000
8	54	1	84.00000000	80.00000000
8	55	1	84.00000000	80.00000000
8	56	1	84.00000000	80.00000000
8	57	1	84.00000000	80.00000000
8	58	1	84.00000000	80.00000000
8	59	1	84.00000000	80.00000000
8	60	1	84.00000000	80.00000000
8	61	1	84.00000000	80.00000000
8	62	1	84.00000000	80.00000000
8	63	1	84.00000000	80.00000000
8	64	1	84.00000000	80.00000000
8	65	1	84.00000000	80.00000000
8	66	1	84.00000000	80.00000000
8	67	1	84.00000000	80.00000000
8	68	1	84.00000000	80.00000000
8	69	1	84.00000000	80.00000000
8	70	1	84.00000000	80.00000000
8	71	1	84.00000000	80.00000000
8	72	1	84.00000000	80.00000000
8	73	1	84.00000000	80.00000000
8	74	1	84.00000000	80.00000000
8	75	1	84.00000000	80.00000000
8	76	1	84.00000000	80.00000000
8	77	1	84.00000000	80.00000000
8	78	1	84.00000000	80.00000000
8	79	1	84.00000000	80.00000000
8	80	1	84.00000000	80.00000000
8	81	1	84.00000000	80.00000000
8	82	1	84.00000000	80.00000000
8	83	1	84.00000000	80.00000000
8	84	1	84.00000000	80.00000000
8	85	1	84.00000000	80.00000000
8	86	1	84.00000000	80.00000000
8	87	1	84.00000000	80.00000000
8	88	1	84.00000000	80.00000000
8	89	1	84.00000000	80.00000000
8	90	1	84.00000000	80.00000000
8	91	1	84.00000000	80.00000000
8	92	1	84.00000000	80.00000000
8	93	1	84.00000000	80.00000000
8	94	1	84.00000000	80.00000000
8	95	1	84.00000000	80.00000000
8	96	1	84.00000000	80.00000000
8	97	1	84.00000000	80.00000000
8	98	1	84.00000000	80.00000000
8	99	1	84.00000000	80.00000000
8	100	1	84.00000000	80.00000000
8	101	1	84.00000000	80.00000000
8	102	1	84.00000000	80.00000000
8	103	1	84.00000000	80.00000000
8	104	1	84.00000000	80.00000000
8	105	1	84.00000000	80.00000000
8	106	1	84.00000000	80.00000000
8	107	1	84.00000000	80.00000000
8	108	1	84.00000000	80.00000000
8	109	1	84.00000000	80.00000000
8	110	1	84.00000000	80.00000000
8	111	1	84.00000000	80.00000000
8	112	1	84.00000000	80.00000000
8	113	1	84.00000000	80.00000000
8	114	1	84.00000000	80.00000000
8	115	1	84.00000000	80.00000000
8	116	1	84.00000000	80.00000000
8	117	1	84.00000000	80.00000000
8	118	1	84.00000000	80.00000000
8	119	1	84.00000000	80.00000000
8	120	1	84.00000000	80.00000000
8	121	1	84.00000000	80.00000000
8	122	1	84.00000000	80.00000000
8	123	1	84.00000000	80.00000000
8	124	1	84.00000000	80.00000000
8	125	1	84.00000000	80.00000000
8	126	1	84.00000000	80.00000000
8	127	1	84.00000000	80.00000000
8	128	1	84.00000000	80.00000000
8	129	1	84.00000000	80.00000000
8	130	1	84.00000000	80.00000000
8	131	1	84.00000000	80.00000000
8	132	1	84.00000000	80.00000000
8	133	1	84.00000000	80.00000000
8	134	1	84.00000000	80.00000000
8	135	1	84.00000000	80.00000000
8	136	1	84.00000000	80.00000000
8	137	1	84.00000000	80.00000000
8	138	1	84.00000000	80.00000000
8	139	1	84.00000000	80.00000000
8	140	1	84.00000000	80.00000000
8	141	1	84.00000000	80.00000000
8	142	1	84.00000000	80.00000000
8	143	1	84.00000000	80.00000000
8	144	1	84.00000000	80.00000000
8	145	1	84.00000000	80.00000000
8	146	1	84.00000000	80.00000000
8	147	1	84.00000000	80.00000000
8	148	1	84.00000000	80.00000000
8	149	1	84.00000000	80.00000000
8	150	1	84.00000000	80.00000000
8	151	1	84.00000000	80.00000000
8	152	1	84.00000000	80.00000000
8	153	1	84.00000000	80.00000000
8	154	1	84.00000000	80.00000000
8	155	1	84.00000000	80.00000000
8	156	1	84.00000000	80.00000000
8	157	1	84.00000000	80.00000000
8	158	1	84.00000000	80.00000000
8	159	1	84.00000000	80.00000000
8	160	1	84.00000000	80.00000000
8	161	1	84.00000000	80.00000000
8	162	1	84.00000000	80.00000000
8	163	1	84.00000000	80.00000000
8	164	1	84.00000000	80.00000000
8	165	1	84.00000000	80.00000000
8	166	1	84.00000000	80.00000000
8	167	1	84.00000000	80.00000000
8	168	1	84.00000000	80.00000000
8	169	1	84.00000000	80.00000000
8	170	1	84.00000000	80.00000000
8	171	1	84.00000000	80.00000000
8	172	1	84.00000000	80.00000000
8	173	1	84.00000000	80.00000000
8	174	1	84.00000000	80.00000000
8	175	1	84.00000000	80.00000000
8	176	1	84.00000000	80.00000000
8	177	1	84.00000000	80.00000000
8	178	1	84.00000000	80.00000000
8	179	1	84.00000000	80.00000000
8	180	1	84.00000000	80.00000000
8	181	1	84.00000000	80.00000000
8	182	1	84.00000000	80.00000000
8	183	1	84.00000000	80.00000000
8	184	1	84.00000000	80.00000000
8	185	1	84.00000000	80.00000000
8	186	1	84.00000000	80.00000000
8	187	1	84.00000000	80.00000000
8	188	1	84.00000000	80.00000000
8	189	1	84.00000000	80.00000000
8	190	1	84.00000000	80.00000000
8	191	1	84.00000000	80.00000000
8	192	1	84.00000000	80.00000000
8	193	1	84.00000000	80.00000000
8	194	1	84.00000000	80.00000000
8	195	1	84.00000000	80.00000000
8	196	1	84.00000000	80.00000000
8	197	1	84.00000000	80.00000000
8	198	1	84.00000000	80.00000000
8	199	1	84.00000000	80.00000000
8	200	1	84.00000000	80.00000000
8	201	1	84.00000000	80.00000000
8	202	1	84.00000000	80.00000000
8	203	1	84.00000000	80.00000000
8	204	1	84.00000000	80.00000000
8	205	1	84.00000000	80.00000000
8	206	1	84.00000000	80.00000000
8	207	1	84.00000000	80.00000000
8	208	1	84.00000000	80.00000000
8	209	1	84.00000000	80.00000000
8	210	1	84.00000000	80.00000000
8	211	1	84.00000000	80.00000000
8	212	1	84.00000000	80.00000000
8	213	1	84.00000000	80.00000000
8	214	1	84.00000000	80.00000000
8	215	1	84.00000000	80.00000000
9	0	1	84.00000000	80.00000000
9	1	1	84.00000000	80.00000000
9	2	1	84.00000000	80.00000000
9	3	1	84.00000000	80.00000000
9	4	1	84.00000000	80.00000000
9	5	1	84.00000000	80.00000000
9	6	1	84.00000000	80.00000000
9	7	1	84.00000000	80.00000000
9	8	1	84.00000000	80.00000000
9	9	1	84.00000000	80.00000000
9	10	1	84.00000000	80.00000000
9	11	1	84.00000000	80.00000000
9	12	1	84.00000000	80.00000000
9	13	1	84.00000000	80.00000000
9	14	1	84.00000000	80.00000000
9	15	1	84.00000000	80.00000000
9	16	1	84.00000000	80.00000000
9	17	1	84.00000000	80.00000000
9	18	1	84.00000000	80.00000000
9	19	1	84.00000000	80.00000000
9	20	1	84.00000000	80.00000000
9	21	1	84.00000000	80.00000000
9	22	1	84.00000000	80.00000000
9	23	1	84.00000000	80.00000000
9	24	1	84.00000000	80.00000000
9	25	1	84.00000000	80.00000000
9	26	1	84.00000000	80.00000000
9	27	1	84.00000000	80.00000000
9	28	1	84.00000000	80.00000000
9	29	1	84.00000000	80.00000000
9	30	1	84.00000000	80.00000000
9	31	1	84.00000000	80.00000000
9	32	1	84.00000000	80.00000000
9	33	1	84.00000000	80.00000000
9	34	1	84.00000000	80.00000000
9	35	1	84.00000000	80.00000000
9	36	1	84.00000000	80.00000000
9	37	1	84.00000000	80.00000000
9	38	1	84.00000000	80.00000000
9	39	1	84.00000000	80.00000000
9	40	1	84.00000000	80.00000000
9	41	1	84.00000000	80.00000000
9	42	1	84.00000000	80.00000000
9	43	1	84.00000000	80.00000000
9	44	1	84.00000000	80.00000000
9	45	1	84.00000000	80.00000000
9	46	1	84.00000000	80.00000000
9	47	1	84.00000000	80.00000000
9	48	1	84.00000000	80.00000000
9	49	1	84.00000000	80.00000000
9	50	1	84.00000000	80.00000000
9	51	1	84.00000000	80.00000000
9	52	1	84.00000000	80.00000000
9	53	1	84.00000000	80.00000000
9	54	1	84.00000000	80.00000000
9	55	1	84.00000000	80.00000000
9	56	1	84.00000000	80.00000000
9	57	1	84.00000000	80.00000000
9	58	1	84.00000000	80.00000000
9	59	1	84.00000000	80.00000000
9	60	1	84.00000000	80.00000000
9	61	1	84.00000000	80.00000000
9	62	1	84.00000000	80.00000000
9	63	1	84.00000000	80.00000000
9	64	1	84.00000000	80.00000000
9	65	1	84.00000000	80.00000000
9	66	1	84.00000000	80.00000000
9	67	1	84.00000000	80.00000000
9	68	1	84.00000000	80.00000000
9	69	1	84.00000000	80.00000000
9	70	1	84.00000000	80.00000000
9	71	1	84.00000000	80.00000000
9	72	1	84.00000000	80.00000000
9	73	1	84.00000000	80.00000000
9	74	1	84.00000000	80.00000000
9	75	1	84.00000000	80.00000000
9	76	1	84.00000000	80.00000000
9	77	1	84.00000000	80.00000000
9	78	1	84.00000000	80.00000000
9	79	1	84.00000000	80.00000000
9	80	1	84.00000000	80.00000000
9	81	1	84.00000000	80.00000000
9	82	1	84.00000000	80.00000000
9	83	1	84.00000000	80.00000000
9	84	1	84.00000000	80.00000000
9	85	1	84.00000000	80.00000000
9	86	1	84.00000000	80.00000000
9	87	1	84.00000000	80.00000000
9	88	1	84.00000000	80.00000000
9	89	1	84.00000000	80.00000000
9	90	1	84.00000000	80.00000000
9	91	1	84.00000000	80.00000000
9	92	1	84.00000000	80.00000000
9	93	1	84.00000000	80.00000000
9	94	1	84.00000000	80.00000000
9	95	1	84.00000000	80.00000000
9	96	1	84.00000000	80.00000000
9	97	1	84.00000000	80.00000000
9	98	1	84.00000000	80.00000000
9	99	1	84.00000000	80.00000000
9	100	1	84.00000000	80.00000000
9	101	1	84.00000000	80.00000000
9	102	1	84.00000000	80.00000000
9	103	1	84.00000000	80.00000000
9	104	1	84.00000000	80.00000000
9	105	1	84.00000000	80.00000000
9	106	1	84.00000000	80.00000000
9	107	1	84.00000000	80.00000000
9	108	1	84.00000000	80.00000000
9	109	1	84.00000000	80.00000000
9	110	1	84.00000000	80.00000000
9	111	1	84.00000000	80.00000000
9	112	1	84.00000000	80.00000000
9	113	1	84.00000000	80.00000000
9	114	1	84.00000000	80.00000000
9	115	1	84.00000000	80.00000000
9	116	1	84.00000000	80.00000000
9	117	1	84.00000000	80.00000000
9	118	1	84.00000000	80.00000000
9	119	1	84.00000000	80.00000000
9	120	1	84.00000000	80.00000000
9	121	1	84.00000000	80.00000000
9	122	1	84.00000000	80.00000000
9	123	1	84.00000000	80.00000000
9	124	1	84.00000000	80.00000000
9	125	1	84.00000000	80.00000000
9	126	1	84.00000000	80.00000000
9	127	1	84.00000000	80.00000000
9	128	1	84.00000000	80.00000000
9	129	1	84.00000000	80.00000000
9	130	1	84.00000000	80.00000000
9	131	1	84.00000000	80.00000000
9	132	1	84.00000000	80.00000000
9	133	1	84.00000000	80.00000000
9	134	1	84.00000000	80.00000000
9	135	1	84.00000000	80.00000000
9	136	1	84.00000000	80.00000000
9	137	1	84.00000000	80.00000000
9	138	1	84.00000000	80.00000000
9	139	1	84.00000000	80.00000000
9	140	1	84.00000000	80.00000000
9	141	1	84.00000000	80.00000000
9	142	1	84.00000000	80.00000000
9	143	1	84.00000000	80.00000000
9	144	1	84.00000000	80.00000000
9	145	1	84.00000000	80.00000000
9	146	1	84.00000000	80.00000000
9	147	1	84.00000000	80.00000000
9	148	1	84.00000000	80.00000000
9	149	1	84.00000000	80.00000000
9	150	1	84.00000000	80.00000000
9	151	1	84.00000000	80.00000000
9	152	1	84.00000000	80.00000000
9	153	1	84.00000000	80.00000000
9	154	1	84.00000000	80.00000000
9	155	1	84.00000000	80.00000000
9	156	1	84.00000000	80.00000000
9	157	1	84.00000000	80.00000000
9	158	1	84.00000000	80.00000000
9	159	1	84.00000000	80.00000000
9	160	1	84.00000000	80.00000000
9	161	1	84.00000000	80.00000000
9	162	1	84.00000000	80.00000000
9	163	1	84.00000000	80.00000000
9	164	1	84.00000000	80.00000000
9	165	1	84.00000000	80.00000000
9	166	1	84.00000000	80.00000000
9	167	1	84.00000000	80.00000000
9	168	1	84.00000000	80.00000000
9	169	1	84.00000000	80.00000000
9	170	1	84.00000000	80.00000000
9	171	1	84.00000000	80.00000000
9	172	1	84.00000000	80.00000000
9	173	1	84.00000000	80.00000000
9	174	1	84.00000000	80.00000000
9	175	1	84.00000000	80.00000000
9	176	1	84.00000000	80.00000000
9	177	1	84.00000000	80.00000000
9	178	1	84.00000000	80.00000000
9	179	1	84.00000000	80.00000000
9	180	1	84.00000000	80.00000000
9	181	1	84.00000000	80.00000000
9	182	1	84.00000000	80.00000000
9	183	1	84.00000000	80.00000000
9	184	1	84.00000000	80.00000000
9	185	1	84.00000000	80.00000000
9	186	1	84.00000000	80.00000000
9	187	1	84.00000000	80.00000000
9	188	1	84.00000000	80.00000000
9	189	1	84.00000000	80.00000000
9	190	1	84.00000000	80.00000000
9	191	1	84.00000000	80.00000000
9	192	1	84.00000000	80.00000000
9	193	1	84.00000000	80.00000000
9	194	1	84.00000000	80.00000000
9	195	1	84.00000000	80.00000000
9	196	1	84.00000000	80.00000000
9	197	1	84.00000000	80.00000000
9	198	1	84.00000000	80.00000000
9	199	1	84.00000000	80.00000000
9	200	1	84.00000000	80.00000000
9	201	1	84.00000000	80.00000000
9	202	1	84.00000000	80.00000000
9	203	1	84.00000000	80.00000000
9	204	1	84.00000000	80.00000000
9	205	1	84.00000000	80.00000000
9	206	1	84.00000000	80.00000000
9	207	1	84.00000000	80.00000000
9	208	1	84.00000000	80.00000000
9	209	1	84.00000000	80.00000000
9	210	1	84.00000000	80.00000000
9	211	1	84.00000000	80.00000000
9	212	1	84.00000000	80.00000000
9	213	1	84.00000000	80.00000000
9	214	1	84.00000000	80.00000000
9	215	1	84.00000000	80.00000000
9	216	1	84.00000000	80.00000000
9	217	1	84.00000000	80.00000000
9	218	1	84.00000000	80.00000000
9	219	1	84.00000000	80.00000000
9	220	1	84.00000000	80.00000000
9	221	1	84.00000000	80.00000000
9	222	1	84.00000000	80.00000000
9	223	1	84.00000000	80.00000000
9	224	1	84.00000000	80.00000000
9	225	1	84.00000000	80.00000000
9	226	1	84.00000000	80.00000000
9	227	1	84.00000000	80.00000000
9	228	1	84.00000000	80.00000000
9	229	1	84.00000000	80.00000000
9	230	1	84.00000000	80.00000000
9	231	1	84.00000000	80.00000000
9	232	1	84.00000000	80.00000000
9	233	1	84.00000000	80.00000000
9	234	1	84.00000000	80.00000000
9	235	1	84.00000000	80.00000000
9	236	1	84.00000000	80.00000000
9	237	1	84.00000000	80.00000000
9	238	1	84.00000000	80.00000000
9	239	1	84.00000000	80.00000000
10	0	1	84.00000000	80.00000000
10	1	1	84.00000000	80.00000000
10	2	1	84.00000000	80.00000000
10	3	1	84.00000000	80.00000000
10	4	1	84.00000000	80.00000000
10	5	1	84.00000000	80.00000000
10	6	1	84.00000000	80.00000000
10	7	1	84.00000000	80.00000000
10	8	1	84.00000000	80.00000000
10	9	1	84.00000000	80.00000000
10	10	1	84.00000000	80.00000000
10	11	1	84.00000000	80.00000000
10	12	1	84.00000000	80.00000000
10	13	1	84.00000000	80.00000000
10	14	1	84.00000000	80.00000000
10	15	1	84.00000000	80.00000000
10	16	1	84.00000000	80.00000000
10	17	1	84.00000000	80.00000000
10	18	1	84.00000000	80.00000000
10	19	1	84.00000000	80.00000000
10	20	1	84.00000000	80.00000000
10	21	1	84.00000000	80.00000000
10	22	1	84.00000000	80.00000000
10	23	1	84.00000000	80.00000000
10	24	1	84.00000000	80.00000000
10	25	1	84.00000000	80.00000000
10	26	1	84.00000000	80.00000000
10	27	1	84.00000000	80.00000000
10	28	1	84.00000000	80.00000000
10	29	1	84.00000000	80.00000000
10	30	1	84.00000000	80.00000000
10	31	1	84.00000000	80.00000000
10	32	1	84.00000000	80.00000000
10	33	1	84.00000000	80.00000000
10	34	1	84.00000000	80.00000000
10	35	1	84.00000000	80.00000000
10	36	1	84.00000000	80.00000000
10	37	1	84.00000000	80.00000000
10	38	1	84.00000000	80.00000000
10	39	1	84.00000000	80.00000000
10	40	1	84.00000000	80.00000000
10	41	1	84.00000000	80.00000000
10	42	1	84.00000000	80.00000000
10	43	1	84.00000000	80.00000000
10	44	1	84.00000000	80.00000000
10	45	1	84.00000000	80.00000000
10	46	1	84.00000000	80.00000000
10	47	1	84.00000000	80.00000000
10	48	1	84.00000000	80.00000000
10	49	1	84.00000000	80.00000000
10	50	1	84.00000000	80.00000000
10	51	1	84.00000000	80.00000000
10	52	1	84.00000000	80.00000000
10	53	1	84.00000000	80.00000000
10	54	1	84.00000000	80.00000000
10	55	1	84.00000000	80.00000000
10	56	1	84.00000000	80.00000000
10	57	1	84.00000000	80.00000000
10	58	1	84.00000000	80.00000000
10	59	1	84.00000000	80.00000000
10	60	1	84.00000000	80.00000000
10	61	1	84.00000000	80.00000000
10	62	1	84.00000000	80.00000000
10	63	1	84.00000000	80.00000000
10	64	1	84.00000000	80.00000000
10	65	1	84.00000000	80.00000000
10	66	1	84.00000000	80.00000000
10	67	1	84.00000000	80.00000000
10	68	1	84.00000000	80.00000000
10	69	1	84.00000000	80.00000000
10	70	1	84.00000000	80.00000000
10	71	1	84.00000000	80.00000000
10	72	1	84.00000000	80.00000000
10	73	1	84.00000000	80.00000000
10	74	1	84.00000000	80.00000000
10	75	1	84.00000000	80.00000000
10	76	1	84.00000000	80.00000000
10	77	1	84.00000000	80.00000000
10	78	1	84.00000000	80.00000000
10	79	1	84.00000000	80.00000000
10	80	1	84.00000000	80.00000000
10	81	1	84.00000000	80.00000000
10	82	1	84.00000000	80.00000000
10	83	1	84.00000000	80.00000000
10	84	1	84.00000000	80.00000000
10	85	1	84.00000000	80.00000000
10	86	1	84.00000000	80.00000000
10	87	1	84.00000000	80.00000000
10	88	1	84.00000000	80.00000000
10	89	1	84.00000000	80.00000000
10	90	1	84.00000000	80.00000000
10	91	1	84.00000000	80.00000000
10	92	1	84.00000000	80.00000000
10	93	1	84.00000000	80.00000000
10	94	1	84.00000000	80.00000000
10	95	1	84.00000000	80.00000000
10	96	1	84.00000000	80.00000000
10	97	1	84.00000000	80.00000000
10	98	1	84.00000000	80.00000000
10	99	1	84.00000000	80.00000000
10	100	1	84.00000000	80.00000000
10	101	1	84.00000000	80.00000000
10	102	1	84.00000000	80.00000000
10	103	1	84.00000000	80.00000000
10	104	1	84.00000000	80.00000000
10	105	1	84.00000000	80.00000000
10	106	1	84.00000000	80.00000000
10	107	1	84.00000000	80.00000000
10	108	1	84.00000000	80.00000000
10	109	1	84.00000000	80.00000000
10	110	1	84.00000000	80.00000000
10	111	1	84.00000000	80.00000000
10	112	1	84.00000000	80.00000000
10	113	1	84.00000000	80.00000000
10	114	1	84.00000000	80.00000000
10	115	1	84.00000000	80.00000000
10	116	1	84.00000000	80.00000000
10	117	1	84.00000000	80.00000000
10	118	1	84.00000000	80.00000000
10	119	1	84.00000000	80.00000000
10	120	1	84.00000000	80.00000000
10	121	1	84.00000000	80.00000000
10	122	1	84.00000000	80.00000000
10	123	1	84.00000000	80.00000000
10	124	1	84.00000000	80.00000000
10	125	1	84.00000000	80.00000000
10	126	1	84.00000000	80.00000000
10	127	1	84.00000000	80.00000000
10	128	1	84.00000000	80.00000000
10	129	1	84.00000000	80.00000000
10	130	1	84.00000000	80.00000000
10	131	1	84.00000000	80.00000000
10	132	1	84.00000000	80.00000000
10	133	1	84.00000000	80.00000000
10	134	1	84.00000000	80.00000000
10	135	1	84.00000000	80.00000000
10	136	1	84.00000000	80.00000000
10	137	1	84.00000000	80.00000000
10	138	1	84.00000000	80.00000000
10	139	1	84.00000000	80.00000000
10	140	1	84.00000000	80.00000000
10	141	1	84.00000000	80.00000000
10	142	1	84.00000000	80.00000000
10	143	1	84.00000000	80.00000000
10	144	1	84.00000000	80.00000000
10	145	1	84.00000000	80.00000000
10	146	1	84.00000000	80.00000000
10	147	1	84.00000000	80.00000000
10	148	1	84.00000000	80.00000000
10	149	1	84.00000000	80.00000000
10	150	1	84.00000000	80.00000000
10	151	1	84.00000000	80.00000000
10	152	1	84.00000000	80.00000000
10	153	1	84.00000000	80.00000000
10	154	1	84.00000000	80.00000000
10	155	1	84.00000000	80.00000000
10	156	1	84.00000000	80.00000000
10	157	1	84.00000000	80.00000000
10	158	1	84.00000000	80.00000000
10	159	1	84.00000000	80.00000000
10	160	1	84.00000000	80.00000000
10	161	1	84.00000000	80.00000000
10	162	1	84.00000000	80.00000000
10	163	1	84.00000000	80.00000000
10	164	1	84.00000000	80.00000000
10	165	1	84.00000000	80.00000000
10	166	1	84.00000000	80.00000000
10	167	1	84.00000000	80.00000000
10	168	1	84.00000000	80.00000000
10	169	1	84.00000000	80.00000000
10	170	1	84.00000000	80.00000000
10	171	1	84.00000000	80.00000000
10	172	1	84.00000000	80.00000000
10	173	1	84.00000000	80.00000000
10	174	1	84.00000000	80.00000000
10	175	1	84.00000000	80.00000000
10	176	1	84.00000000	80.00000000
10	177	1	84.00000000	80.00000000
10	178	1	84.00000000	80.00000000
10	179	1	84.00000000	80.00000000
10	180	1	84.00000000	80.00000000
10	181	1	84.00000000	80.00000000
10	182	1	84.00000000	80.00000000
10	183	1	84.00000000	80.00000000
10	184	1	84.00000000	80.00000000
10	185	1	84.00000000	80.00000000
10	186	1	84.00000000	80.00000000
10	187	1	84.00000000	80.00000000
10	188	1	84.00000000	80.00000000
10	189	1	84.00000000	80.00000000
10	190	1	84.00000000	80.00000000
10	191	1	84.00000000	80.00000000
10	192	1	84.00000000	80.00000000
10	193	1	84.00000000	80.00000000
10	194	1	84.00000000	80.00000000
10	195	1	84.00000000	80.00000000
10	196	1	84.00000000	80.00000000
10	197	1	84.00000000	80.00000000
10	198	1	84.00000000	80.00000000
10	199	1	84.00000000	80.00000000
10	200	1	84.00000000	80.00000000
10	201	1	84.00000000	80.00000000
10	202	1	84.00000000	80.00000000
10	203	1	84.00000000	80.00000000
10	204	1	84.00000000	80.00000000
10	205	1	84.00000000	80.00000000
10	206	1	84.00000000	80.00000000
10	207	1	84.00000000	80.00000000
11	0	1	84.00000000	80.00000000
11	1	1	84.00000000	80.00000000
11	2	1	84.00000000	80.00000000
11	3	1	84.00000000	80.00000000
11	4	1	84.00000000	80.00000000
11	5	1	84.00000000	80.00000000
11	6	1	84.00000000	80.00000000
11	7	1	84.00000000	80.00000000
11	8	1	84.00000000	80.00000000
11	9	1	84.00000000	80.00000000
11	10	1	84.00000000	80.00000000
11	11	1	84.00000000	80.00000000
11	12	1	84.00000000	80.00000000
11	13	1	84.00000000	80.00000000
11	14	1	84.00000000	80.00000000
11	15	1	84.00000000	80.00000000
11	16	1	84.00000000	80.00000000
11	17	1	84.00000000	80.00000000
11	18	1	84.00000000	80.00000000
11	19	1	84.00000000	80.00000000
11	20	1	84.00000000	80.00000000
11	21	1	84.00000000	80.00000000
11	22	1	84.00000000	80.00000000
11	23	1	84.00000000	80.00000000
11	24	1	84.00000000	80.00000000
11	25	1	84.00000000	80.00000000
11	26	1	84.00000000	80.00000000
11	27	1	84.00000000	80.00000000
11	28	1	84.00000000	80.00000000
11	29	1	84.00000000	80.00000000
11	30	1	84.00000000	80.00000000
11	31	1	84.00000000	80.00000000
11	32	1	84.00000000	80.00000000
11	33	1	84.00000000	80.00000000
11	34	1	84.00000000	80.00000000
11	35	1	84.00000000	80.00000000
11	36	1	84.00000000	80.00000000
11	37	1	84.00000000	80.00000000
11	38	1	84.00000000	80.00000000
11	39	1	84.00000000	80.00000000
11	40	1	84.00000000	80.00000000
11	41	1	84.00000000	80.00000000
11	42	1	84.00000000	80.00000000
11	43	1	84.00000000	80.00000000
11	44	1	84.00000000	80.00000000
11	45	1	84.00000000	80.00000000
11	46	1	84.00000000	80.00000000
11	47	1	84.00000000	80.00000000
11	48	1	84.00000000	80.00000000
11	49	1	84.00000000	80.00000000
11	50	1	84.00000000	80.00000000
11	51	1	84.00000000	80.00000000
11	52	1	84.00000000	80.00000000
11	53	1	84.00000000	80.00000000
11	54	1	84.00000000	80.00000000
11	55	1	84.00000000	80.00000000
11	56	1	84.00000000	80.00000000
11	57	1	84.00000000	80.00000000
11	58	1	84.00000000	80.00000000
11	59	1	84.00000000	80.00000000
11	60	1	84.00000000	80.00000000
11	61	1	84.00000000	80.00000000
11	62	1	84.00000000	80.00000000
11	63	1	84.00000000	80.00000000
11	64	1	84.00000000	80.00000000
11	65	1	84.00000000	80.00000000
11	66	1	84.00000000	80.00000000
11	67	1	84.00000000	80.00000000
11	68	1	84.00000000	80.00000000
11	69	1	84.00000000	80.00000000
11	70	1	84.00000000	80.00000000
11	71	1	84.00000000	80.00000000
11	72	1	84.00000000	80.00000000
11	73	1	84.00000000	80.00000000
11	74	1	84.00000000	80.00000000
11	75	1	84.00000000	80.00000000
11	76	1	84.00000000	80.00000000
11	77	1	84.00000000	80.00000000
11	78	1	84.00000000	80.00000000
11	79	1	84.00000000	80.00000000
11	80	1	84.00000000	80.00000000
11	81	1	84.00000000	80.00000000
11	82	1	84.00000000	80.00000000
11	83	1	84.00000000	80.00000000
11	84	1	84.00000000	80.00000000
11	85	1	84.00000000	80.00000000
11	86	1	84.00000000	80.00000000
11	87	1	84.00000000	80.00000000
11	88	1	84.00000000	80.00000000
11	89	1	84.00000000	80.00000000
11	90	1	84.00000000	80.00000000
11	91	1	84.00000000	80.00000000
11	92	1	84.00000000	80.00000000
11	93	1	84.00000000	80.00000000
11	94	1	84.00000000	80.00000000
11	95	1	84.00000000	80.00000000
11	96	1	84.00000000	80.00000000
11	97	1	84.00000000	80.00000000
11	98	1	84.00000000	80.00000000
11	99	1	84.00000000	80.00000000
11	100	1	84.00000000	80.00000000
11	101	1	84.00000000	80.00000000
11	102	1	84.00000000	80.00000000
11	103	1	84.00000000	80.00000000
11	104	1	84.00000000	80.00000000
11	105	1	84.00000000	80.00000000
11	106	1	84.00000000	80.00000000
11	107	1	84.00000000	80.00000000
11	108	1	84.00000000	80.00000000
11	109	1	84.00000000	80.00000000
11	110	1	84.00000000	80.00000000
11	111	1	84.00000000	80.00000000
11	112	1	84.00000000	80.00000000
11	113	1	84.00000000	80.00000000
11	114	1	84.00000000	80.00000000
11	115	1	84.00000000	80.00000000
11	116	1	84.00000000	80.00000000
11	117	1	84.00000000	80.00000000
11	118	1	84.00000000	80.00000000
11	119	1	84.00000000	80.00000000
11	120	1	84.00000000	80.00000000
11	121	1	84.00000000	80.00000000
11	122	1	84.00000000	80.00000000
11	123	1	84.00000000	80.00000000
11	124	1	84.00000000	80.00000000
11	125	1	84.00000000	80.00000000
11	126	1	84.00000000	80.00000000
11	127	1	84.00000000	80.00000000
11	128	1	84.00000000	80.00000000
11	129	1	84.00000000	80.00000000
11	130	1	84.00000000	80.00000000
11	131	1	84.00000000	80.00000000
11	132	1	84.00000000	80.00000000
11	133	1	84.00000000	80.00000000
11	134	1	84.00000000	80.00000000
11	135	1	84.00000000	80.00000000
11	136	1	84.00000000	80.00000000
11	137	1	84.00000000	80.00000000
11	138	1	84.00000000	80.00000000
11	139	1	84.00000000	80.00000000
11	140	1	84.00000000	80.00000000
11	141	1	84.00000000	80.00000000
11	142	1	84.00000000	80.00000000
11	143	1	84.00000000	80.00000000
11	144	1	84.00000000	80.00000000
11	145	1	84.00000000	80.00000000
11	146	1	84.00000000	80.00000000
11	147	1	84.00000000	80.00000000
11	148	1	84.00000000	80.00000000
11	149	1	84.00000000	80.00000000
11	150	1	84.00000000	80.00000000
11	151	1	84.00000000	80.00000000
11	152	1	84.00000000	80.00000000
11	153	1	84.00000000	80.00000000
11	154	1	84.00000000	80.00000000
11	155	1	84.00000000	80.00000000
11	156	1	84.00000000	80.00000000
11	157	1	84.00000000	80.00000000
11	158	1	84.00000000	80.00000000
11	159	1	84.00000000	80.00000000
11	160	1	84.00000000	80.00000000
11	161	1	84.00000000	80.00000000
11	162	1	84.00000000	80.00000000
11	163	1	84.00000000	80.00000000
11	164	1	84.00000000	80.00000000
11	165	1	84.00000000	80.00000000
11	166	1	84.00000000	80.00000000
11	167	1	84.00000000	80.00000000
11	168	1	84.00000000	80.00000000
11	169	1	84.00000000	80.00000000
11	170	1	84.00000000	80.00000000
11	171	1	84.00000000	80.00000000
11	172	1	84.00000000	80.00000000
11	173	1	84.00000000	80.00000000
11	174	1	84.00000000	80.00000000
11	175	1	84.00000000	80.00000000
11	176	1	84.00000000	80.00000000
11	177	1	84.00000000	80.00000000
11	178	1	84.00000000	80.00000000
11	179	1	84.00000000	80.00000000
11	180	1	84.00000000	80.00000000
11	181	1	84.00000000	80.00000000
11	182	1	84.00000000	80.00000000
11	183	1	84.00000000	80.00000000
11	184	1	84.00000000	80.00000000
11	185	1	84.00000000	80.00000000
11	186	1	84.00000000	80.00000000
11	187	1	84.00000000	80.00000000
11	188	1	84.00000000	80.00000000
11	189	1	84.00000000	80.00000000
11	190	1	84.00000000	80.00000000
11	191	1	84.00000000	80.00000000
11	192	1	84.00000000	80.00000000
11	193	1	84.00000000	80.00000000
11	194	1	84.00000000	80.00000000
11	195	1	84.00000000	80.00000000
11	196	1	84.00000000	80.00000000
11	197	1	84.00000000	80.00000000
11	198	1	84.00000000	80.00000000
11	199	1	84.00000000	80.00000000
11	200	1	84.00000000	80.00000000
11	201	1	84.00000000	80.00000000
11	202	1	84.00000000	80.00000000
11	203	1	84.00000000	80.00000000
11	204	1	84.00000000	80.00000000
11	205	1	84.00000000	80.00000000
11	206	1	84.00000000	80.00000000
11	207	1	84.00000000	80.00000000
11	208	1	84.00000000	80.00000000
11	209	1	84.00000000	80.00000000
11	210	1	84.00000000	80.00000000
11	211	1	84.00000000	80.00000000
11	212	1	84.00000000	80.00000000
11	213	1	84.00000000	80.00000000
11	214	1	84.00000000	80.00000000
11	215	1	84.00000000	80.00000000
11	216	1	84.00000000	80.00000000
11	217	1	84.00000000	80.00000000
12	0	1	84.00000000	80.00000000
12	1	1	84.00000000	80.00000000
12	2	1	84.00000000	80.00000000
12	3	1	84.00000000	80.00000000
12	4	1	84.00000000	80.00000000
12	5	1	84.00000000	80.00000000
12	6	1	84.00000000	80.00000000
12	7	1	84.00000000	80.00000000
12	8	1	84.00000000	80.00000000
12	9	1	84.00000000	80.00000000
12	10	1	84.00000000	80.00000000
12	11	1	84.00000000	80.00000000
12	12	1	84.00000000	80.00000000
12	13	1	84.00000000	80.00000000
12	14	1	84.00000000	80.00000000
12	15	1	84.00000000	80.00000000
12	16	1	84.00000000	80.00000000
12	17	1	84.00000000	80.00000000
12	18	1	84.00000000	80.00000000
12	19	1	84.00000000	80.00000000
12	20	1	84.00000000	80.00000000
12	21	1	84.00000000	80.00000000
12	22	1	84.00000000	80.00000000
12	23	1	84.00000000	80.00000000
12	24	1	84.00000000	80.00000000
12	25	1	84.00000000	80.00000000
12	26	1	84.00000000	80.00000000
12	27	1	84.00000000	80.00000000
12	28	1	84.00000000	80.00000000
12	29	1	84.00000000	80.00000000
12	30	1	84.00000000	80.00000000
12	31	1	84.00000000	80.00000000
12	32	1	84.00000000	80.00000000
12	33	1	84.00000000	80.00000000
12	34	1	84.00000000	80.00000000
12	35	1	84.00000000	80.00000000
12	36	1	84.00000000	80.00000000
12	37	1	84.00000000	80.00000000
12	38	1	84.00000000	80.00000000
12	39	1	84.00000000	80.00000000
12	40	1	84.00000000	80.00000000
12	41	1	84.00000000	80.00000000
12	42	1	84.00000000	80.00000000
12	43	1	84.00000000	80.00000000
12	44	1	84.00000000	80.00000000
12	45	1	84.00000000	80.00000000
12	46	1	84.00000000	80.00000000
12	47	1	84.00000000	80.00000000
12	48	1	84.00000000	80.00000000
12	49	1	84.00000000	80.00000000
12	50	1	84.00000000	80.00000000
12	51	1	84.00000000	80.00000000
12	52	1	84.00000000	80.00000000
12	53	1	84.00000000	80.00000000
12	54	1	84.00000000	80.00000000
12	55	1	84.00000000	80.00000000
12	56	1	84.00000000	80.00000000
12	57	1	84.00000000	80.00000000
12	58	1	84.00000000	80.00000000
12	59	1	84.00000000	80.00000000
12	60	1	84.00000000	80.00000000
12	61	1	84.00000000	80.00000000
12	62	1	84.00000000	80.00000000
12	63	1	84.00000000	80.00000000
12	64	1	84.00000000	80.00000000
12	65	1	84.00000000	80.00000000
12	66	1	84.00000000	80.00000000
12	67	1	84.00000000	80.00000000
12	68	1	84.00000000	80.00000000
12	69	1	84.00000000	80.00000000
12	70	1	84.00000000	80.00000000
12	71	1	84.00000000	80.00000000
12	72	1	84.00000000	80.00000000
12	73	1	84.00000000	80.00000000
12	74	1	84.00000000	80.00000000
12	75	1	84.00000000	80.00000000
12	76	1	84.00000000	80.00000000
12	77	1	84.00000000	80.00000000
12	78	1	84.00000000	80.00000000
12	79	1	84.00000000	80.00000000
12	80	1	84.00000000	80.00000000
12	81	1	84.00000000	80.00000000
12	82	1	84.00000000	80.00000000
12	83	1	84.00000000	80.00000000
12	84	1	84.00000000	80.00000000
12	85	1	84.00000000	80.00000000
12	86	1	84.00000000	80.00000000
12	87	1	84.00000000	80.00000000
12	88	1	84.00000000	80.00000000
12	89	1	84.00000000	80.00000000
12	90	1	84.00000000	80.00000000
12	91	1	84.00000000	80.00000000
12	92	1	84.00000000	80.00000000
12	93	1	84.00000000	80.00000000
12	94	1	84.00000000	80.00000000
12	95	1	84.00000000	80.00000000
12	96	1	84.00000000	80.00000000
12	97	1	84.00000000	80.00000000
12	98	1	84.00000000	80.00000000
12	99	1	84.00000000	80.00000000
12	100	1	84.00000000	80.00000000
12	101	1	84.00000000	80.00000000
12	102	1	84.00000000	80.00000000
12	103	1	84.00000000	80.00000000
12	104	1	84.00000000	80.00000000
12	105	1	84.00000000	80.00000000
12	106	1	84.00000000	80.00000000
12	107	1	84.00000000	80.00000000
12	108	1	84.00000000	80.00000000
12	109	1	84.00000000	80.00000000
12	110	1	84.00000000	80.00000000
12	111	1	84.00000000	80.00000000
12	112	1	84.00000000	80.00000000
12	113	1	84.00000000	80.00000000
12	114	1	84.00000000	80.00000000
12	115	1	84.00000000	80.00000000
12	116	1	84.00000000	80.00000000
12	117	1	84.00000000	80.00000000
12	118	1	84.00000000	80.00000000
12	119	1	84.00000000	80.00000000
12	120	1	84.00000000	80.00000000
12	121	1	84.00000000	80.00000000
12	122	1	84.00000000	80.00000000
12	123	1	84.00000000	80.00000000
12	124	1	84.00000000	80.00000000
12	125	1	84.00000000	80.00000000
12	126	1	84.00000000	80.00000000
12	127	1	84.00000000	80.00000000
12	128	1	84.00000000	80.00000000
12	129	1	84.00000000	80.00000000
12	130	1	84.00000000	80.00000000
12	131	1	84.00000000	80.00000000
12	132	1	84.00000000	80.00000000
12	133	1	84.00000000	80.00000000
12	134	1	84.00000000	80.00000000
12	135	1	84.00000000	80.00000000
12	136	1	84.00000000	80.00000000
12	137	1	84.00000000	80.00000000
12	138	1	84.00000000	80.00000000
12	139	1	84.00000000	80.00000000
12	140	1	84.00000000	80.00000000
12	141	1	84.00000000	80.00000000
12	142	1	84.00000000	80.00000000
12	143	1	84.00000000	80.00000000
12	144	1	84.00000000	80.00000000
12	145	1	84.00000000	80.00000000
12	146	1	84.00000000	80.00000000
12	147	1	84.00000000	80.00000000
12	148	1	84.00000000	80.00000000
12	149	1	84.00000000	80.00000000
12	150	1	84.00000000	80.00000000
12	151	1	84.00000000	80.00000000
12	152	1	84.00000000	80.00000000
12	153	1	84.00000000	80.00000000
12	154	1	84.00000000	80.00000000
12	155	1	84.00000000	80.00000000
12	156	1	84.00000000	80.00000000
12	157	1	84.00000000	80.00000000
12	158	1	84.00000000	80.00000000
12	159	1	84.00000000	80.00000000
12	160	1	84.00000000	80.00000000
12	161	1	84.00000000	80.00000000
12	162	1	84.00000000	80.00000000
12	163	1	84.00000000	80.00000000
12	164	1	84.00000000	80.00000000
12	165	1	84.00000000	80.00000000
12	166	1	84.00000000	80.00000000
12	167	1	84.00000000	80.00000000
12	168	1	84.00000000	80.00000000
12	169	1	84.00000000	80.00000000
12	170	1	84.00000000	80.00000000
12	171	1	84.00000000	80.00000000
12	172	1	84.00000000	80.00000000
12	173	1	84.00000000	80.00000000
12	174	1	84.00000000	80.00000000
12	175	1	84.00000000	80.00000000
12	176	1	84.00000000	80.00000000
12	177	1	84.00000000	80.00000000
12	178	1	84.00000000	80.00000000
12	179	1	84.00000000	80.00000000
12	180	1	84.00000000	80.00000000
12	181	1	84.00000000	80.00000000
12	182	1	84.00000000	80.00000000
12	183	1	84.00000000	80.00000000
12	184	1	84.00000000	80.00000000
12	185	1	84.00000000	80.00000000
12	186	1	84.00000000	80.00000000
12	187	1	84.00000000	80.00000000
12	188	1	84.00000000	80.00000000
12	189	1	84.00000000	80.00000000
12	190	1	84.00000000	80.00000000
12	191	1	84.00000000	80.00000000
12	192	1	84.00000000	80.00000000
12	193	1	84.00000000	80.00000000
12	194	1	84.00000000	80.00000000
12	195	1	84.00000000	80.00000000
12	196	1	84.00000000	80.00000000
12	197	1	84.00000000	80.00000000
12	198	1	84.00000000	80.00000000
12	199	1	84.00000000	80.00000000
12	200	1	84.00000000	80.00000000
12	201	1	84.00000000	80.00000000
12	202	1	84.00000000	80.00000000
12	203	1	84.00000000	80.00000000
12	204	1	84.00000000	80.00000000
12	205	1	84.00000000	80.00000000
12	206	1	84.00000000	80.00000000
12	207	1	84.00000000	80.00000000
12	208	1	84.00000000	80.00000000
12	209	1	84.00000000	80.00000000
12	210	1	84.00000000	80.00000000
12	211	1	84.00000000	80.00000000
12	212	1	84.00000000	80.00000000
12	213	1	84.00000000	80.00000000
12	214	1	84.00000000	80.00000000
12	215	1	84.00000000	80.00000000
12	216	1	84.00000000	80.00000000
12	217	1	84.00000000	80.00000000
12	218	1	84.00000000	80.00000000
12	219	1	84.00000000	80.00000000
12	220	1	84.00000000	80.00000000
12	221	1	84.00000000	80.00000000
12	222	1	84.00000000	80.00000000
12	223	1	84.00000000	80.00000000
12	224	1	84.00000000	80.00000000
12	225	1	84.00000000	80.00000000
12	226	1	84.00000000	80.00000000
12	227	1	84.00000000	80.00000000
12	228	1	84.00000000	80.00000000
12	229	1	84.00000000	80.00000000
13	0	1	84.00000000	80.00000000
13	1	1	84.00000000	80.00000000
13	2	1	84.00000000	80.00000000
13	3	1	84.00000000	80.00000000
13	4	1	84.00000000	80.00000000
13	5	1	84.00000000	80.00000000
13	6	1	84.00000000	80.00000000
13	7	1	84.00000000	80.00000000
13	8	1	84.00000000	80.00000000
13	9	1	84.00000000	80.00000000
13	10	1	84.00000000	80.00000000
13	11	1	84.00000000	80.00000000
13	12	1	84.00000000	80.00000000
13	13	1	84.00000000	80.00000000
13	14	1	84.00000000	80.00000000
13	15	1	84.00000000	80.00000000
13	16	1	84.00000000	80.00000000
13	17	1	84.00000000	80.00000000
13	18	1	84.00000000	80.00000000
13	19	1	84.00000000	80.00000000
13	20	1	84.00000000	80.00000000
13	21	1	84.00000000	80.00000000
13	22	1	84.00000000	80.00000000
13	23	1	84.00000000	80.00000000
13	24	1	84.00000000	80.00000000
13	25	1	84.00000000	80.00000000
13	26	1	84.00000000	80.00000000
13	27	1	84.00000000	80.00000000
13	28	1	84.00000000	80.00000000
13	29	1	84.00000000	80.00000000
13	30	1	84.00000000	80.00000000
13	31	1	84.00000000	80.00000000
13	32	1	84.00000000	80.00000000
13	33	1	84.00000000	80.00000000
13	34	1	84.00000000	80.00000000
13	35	1	84.00000000	80.00000000
13	36	1	84.00000000	80.00000000
13	37	1	84.00000000	80.00000000
13	38	1	84.00000000	80.00000000
13	39	1	84.00000000	80.00000000
13	40	1	84.00000000	80.00000000
13	41	1	84.00000000	80.00000000
13	42	1	84.00000000	80.00000000
13	43	1	84.00000000	80.00000000
13	44	1	84.00000000	80.00000000
13	45	1	84.00000000	80.00000000
13	46	1	84.00000000	80.00000000
13	47	1	84.00000000	80.00000000
13	48	1	84.00000000	80.00000000
13	49	1	84.00000000	80.00000000
13	50	1	84.00000000	80.00000000
13	51	1	84.00000000	80.00000000
13	52	1	84.00000000	80.00000000
13	53	1	84.00000000	80.00000000
13	54	1	84.00000000	80.00000000
13	55	1	84.00000000	80.00000000
13	56	1	84.00000000	80.00000000
13	57	1	84.00000000	80.00000000
13	58	1	84.00000000	80.00000000
13	59	1	84.00000000	80.00000000
13	60	1	84.00000000	80.00000000
13	61	1	84.00000000	80.00000000
13	62	1	84.00000000	80.00000000
13	63	1	84.00000000	80.00000000
13	64	1	84.00000000	80.00000000
13	65	1	84.00000000	80.00000000
13	66	1	84.00000000	80.00000000
13	67	1	84.00000000	80.00000000
13	68	1	84.00000000	80.00000000
13	69	1	84.00000000	80.00000000
13	70	1	84.00000000	80.00000000
13	71	1	84.00000000	80.00000000
13	72	1	84.00000000	80.00000000
13	73	1	84.00000000	80.00000000
13	74	1	84.00000000	80.00000000
13	75	1	84.00000000	80.00000000
13	76	1	84.00000000	80.00000000
13	77	1	84.00000000	80.00000000
13	78	1	84.00000000	80.00000000
13	79	1	84.00000000	80.00000000
13	80	1	84.00000000	80.00000000
13	81	1	84.00000000	80.00000000
13	82	1	84.00000000	80.00000000
13	83	1	84.00000000	80.00000000
13	84	1	84.00000000	80.00000000
13	85	1	84.00000000	80.00000000
13	86	1	84.00000000	80.00000000
13	87	1	84.00000000	80.00000000
13	88	1	84.00000000	80.00000000
13	89	1	84.00000000	80.00000000
13	90	1	84.00000000	80.00000000
13	91	1	84.00000000	80.00000000
13	92	1	84.00000000	80.00000000
13	93	1	84.00000000	80.00000000
13	94	1	84.00000000	80.00000000
13	95	1	84.00000000	80.00000000
13	96	1	84.00000000	80.00000000
13	97	1	84.00000000	80.00000000
13	98	1	84.00000000	80.00000000
13	99	1	84.00000000	80.00000000
13	100	1	84.00000000	80.00000000
13	101	1	84.00000000	80.00000000
13	102	1	84.00000000	80.00000000
13	103	1	84.00000000	80.00000000
13	104	1	84.00000000	80.00000000
13	105	1	84.00000000	80.00000000
13	106	1	84.00000000	80.00000000
13	107	1	84.00000000	80.00000000
13	108	1	84.00000000	80.00000000
13	109	1	84.00000000	80.00000000
13	110	1	84.00000000	80.00000000
13	111	1	84.00000000	80.00000000
13	112	1	84.00000000	80.00000000
13	113	1	84.00000000	80.00000000
13	114	1	84.00000000	80.00000000
13	115	1	84.00000000	80.00000000
13	116	1	84.00000000	80.00000000
13	117	1	84.00000000	80.00000000
13	118	1	84.00000000	80.00000000
13	119	1	84.00000000	80.00000000
13	120	1	84.00000000	80.00000000
13	121	1	84.00000000	80.00000000
13	122	1	84.00000000	80.00000000
13	123	1	84.00000000	80.00000000
13	124	1	84.00000000	80.00000000
13	125	1	84.00000000	80.00000000
13	126	1	84.00000000	80.00000000
13	127	1	84.00000000	80.00000000
13	128	1	84.00000000	80.00000000
13	129	1	84.00000000	80.00000000
13	130	1	84.00000000	80.00000000
13	131	1	84.00000000	80.00000000
13	132	1	84.00000000	80.00000000
13	133	1	84.00000000	80.00000000
13	134	1	84.00000000	80.00000000
13	135	1	84.00000000	80.00000000
13	136	1	84.00000000	80.00000000
13	137	1	84.00000000	80.00000000
13	138	1	84.00000000	80.00000000
13	139	1	84.00000000	80.00000000
13	140	1	84.00000000	80.00000000
13	141	1	84.00000000	80.00000000
13	142	1	84.00000000	80.00000000
13	143	1	84.00000000	80.00000000
13	144	1	84.00000000	80.00000000
13	145	1	84.00000000	80.00000000
13	146	1	84.00000000	80.00000000
13	147	1	84.00000000	80.00000000
13	148	1	84.00000000	80.00000000
13	149	1	84.00000000	80.00000000
13	150	1	84.00000000	80.00000000
13	151	1	84.00000000	80.00000000
13	152	1	84.00000000	80.00000000
13	153	1	84.00000000	80.00000000
13	154	1	84.00000000	80.00000000
13	155	1	84.00000000	80.00000000
13	156	1	84.00000000	80.00000000
13	157	1	84.00000000	80.00000000
13	158	1	84.00000000	80.00000000
13	159	1	84.00000000	80.00000000
13	160	1	84.00000000	80.00000000
13	161	1	84.00000000	80.00000000
13	162	1	84.00000000	80.00000000
13	163	1	84.00000000	80.00000000
13	164	1	84.00000000	80.00000000
13	165	1	84.00000000	80.00000000
13	166	1	84.00000000	80.00000000
13	167	1	84.00000000	80.00000000
13	168	1	84.00000000	80.00000000
13	169	1	84.00000000	80.00000000
13	170	1	84.00000000	80.00000000
13	171	1	84.00000000	80.00000000
13	172	1	84.00000000	80.00000000
13	173	1	84.00000000	80.00000000
13	174	1	84.00000000	80.00000000
13	175	1	84.00000000	80.00000000
13	176	1	84.00000000	80.00000000
13	177	1	84.00000000	80.00000000
13	178	1	84.00000000	80.00000000
13	179	1	84.00000000	80.00000000
13	180	1	84.00000000	80.00000000
13	181	1	84.00000000	80.00000000
13	182	1	84.00000000	80.00000000
13	183	1	84.00000000	80.00000000
13	184	1	84.00000000	80.00000000
13	185	1	84.00000000	80.00000000
13	186	1	84.00000000	80.00000000
13	187	1	84.00000000	80.00000000
13	188	1	84.00000000	80.00000000
13	189	1	84.00000000	80.00000000
13	190	1	84.00000000	80.00000000
13	191	1	84.00000000	80.00000000
13	192	1	84.00000000	80.00000000
13	193	1	84.00000000	80.00000000
13	194	1	84.00000000	80.00000000
13	195	1	84.00000000	80.00000000
13	196	1	84.00000000	80.00000000
13	197	1	84.00000000	80.00000000
13	198	1	84.00000000	80.00000000
13	199	1	84.00000000	80.00000000
13	200	1	84.00000000	80.00000000
13	201	1	84.00000000	80.00000000
13	202	1	84.00000000	80.00000000
13	203	1	84.00000000	80.00000000
13	204	1	84.00000000	80.00000000
13	205	1	84.00000000	80.00000000
13	206	1	84.00000000	80.00000000
13	207	1	84.00000000	80.00000000
13	208	1	84.00000000	80.00000000
13	209	1	84.00000000	80.00000000
13	210	1	84.00000000	80.00000000
13	211	1	84.00000000	80.00000000
13	212	1	84.00000000	80.00000000
13	213	1	84.00000000	80.00000000
14	0	1	84.00000000	80.00000000
14	1	1	84.00000000	80.00000000
14	2	1	84.00000000	80.00000000
14	3	1	84.00000000	80.00000000
14	4	1	84.00000000	80.00000000
14	5	1	84.00000000	80.00000000
14	6	1	84.00000000	80.00000000
14	7	1	84.00000000	80.00000000
14	8	1	84.00000000	80.00000000
14	9	1	84.00000000	80.00000000
14	10	1	84.00000000	80.00000000
14	11	1	84.00000000	80.00000000
14	12	1	84.00000000	80.00000000
14	13	1	84.00000000	80.00000000
14	14	1	84.00000000	80.00000000
14	15	1	84.00000000	80.00000000
14	16	1	84.00000000	80.00000000
14	17	1	84.00000000	80.00000000
14	18	1	84.00000000	80.00000000
14	19	1	84.00000000	80.00000000
14	20	1	84.00000000	80.00000000
14	21	1	84.00000000	80.00000000
14	22	1	84.00000000	80.00000000
14	23	1	84.00000000	80.00000000
14	24	1	84.00000000	80.00000000
14	25	1	84.00000000	80.00000000
14	26	1	84.00000000	80.00000000
14	27	1	84.00000000	80.00000000
14	28	1	84.00000000	80.00000000
14	29	1	84.00000000	80.00000000
14	30	1	84.00000000	80.00000000
14	31	1	84.00000000	80.00000000
14	32	1	84.00000000	80.00000000
14	33	1	84.00000000	80.00000000
14	34	1	84.00000000	80.00000000
14	35	1	84.00000000	80.00000000
14	36	1	84.00000000	80.00000000
14	37	1	84.00000000	80.00000000
14	38	1	84.00000000	80.00000000
14	39	1	84.00000000	80.00000000
14	40	1	84.00000000	80.00000000
14	41	1	84.00000000	80.00000000
14	42	1	84.00000000	80.00000000
14	43	1	84.00000000	80.00000000
14	44	1	84.00000000	80.00000000
14	45	1	84.00000000	80.00000000
14	46	1	84.00000000	80.00000000
14	47	1	84.00000000	80.00000000
14	48	1	84.00000000	80.00000000
14	49	1	84.00000000	80.00000000
14	50	1	84.00000000	80.00000000
14	51	1	84.00000000	80.00000000
14	52	1	84.00000000	80.00000000
14	53	1	84.00000000	80.00000000
14	54	1	84.00000000	80.00000000
14	55	1	84.00000000	80.00000000
14	56	1	84.00000000	80.00000000
14	57	1	84.00000000	80.00000000
14	58	1	84.00000000	80.00000000
14	59	1	84.00000000	80.00000000
14	60	1	84.00000000	80.00000000
14	61	1	84.00000000	80.00000000
14	62	1	84.00000000	80.00000000
14	63	1	84.00000000	80.00000000
14	64	1	84.00000000	80.00000000
14	65	1	84.00000000	80.00000000
14	66	1	84.00000000	80.00000000
14	67	1	84.00000000	80.00000000
14	68	1	84.00000000	80.00000000
14	69	1	84.00000000	80.00000000
14	70	1	84.00000000	80.00000000
14	71	1	84.00000000	80.00000000
14	72	1	84.00000000	80.00000000
14	73	1	84.00000000	80.00000000
14	74	1	84.00000000	80.00000000
14	75	1	84.00000000	80.00000000
14	76	1	84.00000000	80.00000000
14	77	1	84.00000000	80.00000000
14	78	1	84.00000000	80.00000000
14	79	1	84.00000000	80.00000000
14	80	1	84.00000000	80.00000000
14	81	1	84.00000000	80.00000000
14	82	1	84.00000000	80.00000000
14	83	1	84.00000000	80.00000000
14	84	1	84.00000000	80.00000000
14	85	1	84.00000000	80.00000000
14	86	1	84.00000000	80.00000000
14	87	1	84.00000000	80.00000000
14	88	1	84.00000000	80.00000000
14	89	1	84.00000000	80.00000000
14	90	1	84.00000000	80.00000000
14	91	1	84.00000000	80.00000000
14	92	1	84.00000000	80.00000000
14	93	1	84.00000000	80.00000000
14	94	1	84.00000000	80.00000000
14	95	1	84.00000000	80.00000000
14	96	1	84.00000000	80.00000000
14	97	1	84.00000000	80.00000000
14	98	1	84.00000000	80.00000000
14	99	1	84.00000000	80.00000000
14	100	1	84.00000000	80.00000000
14	101	1	84.00000000	80.00000000
14	102	1	84.00000000	80.00000000
14	103	1	84.00000000	80.00000000
14	104	1	84.00000000	80.00000000
14	105	1	84.00000000	80.00000000
14	106	1	84.00000000	80.00000000
14	107	1	84.00000000	80.00000000
14	108	1	84.00000000	80.00000000
14	109	1	84.00000000	80.00000000
14	110	1	84.00000000	80.00000000
14	111	1	84.00000000	80.00000000
14	112	1	84.00000000	80.00000000
14	113	1	84.00000000	80.00000000
14	114	1	84.00000000	80.00000000
14	115	1	84.00000000	80.00000000
14	116	1	84.00000000	80.00000000
14	117	1	84.00000000	80.00000000
14	118	1	84.00000000	80.00000000
14	119	1	84.00000000	80.00000000
14	120	1	84.00000000	80.00000000
14	121	1	84.00000000	80.00000000
14	122	1	84.00000000	80.00000000
14	123	1	84.00000000	80.00000000
14	124	1	84.00000000	80.00000000
14	125	1	84.00000000	80.00000000
14	126	1	84.00000000	80.00000000
14	127	1	84.00000000	80.00000000
14	128	1	84.00000000	80.00000000
14	129	1	84.00000000	80.00000000
14	130	1	84.00000000	80.00000000
14	131	1	84.00000000	80.00000000
14	132	1	84.00000000	80.00000000
14	133	1	84.00000000	80.00000000
14	134	1	84.00000000	80.00000000
14	135	1	84.00000000	80.00000000
14	136	1	84.00000000	80.00000000
14	137	1	84.00000000	80.00000000
14	138	1	84.00000000	80.00000000
14	139	1	84.00000000	80.00000000
14	140	1	84.00000000	80.00000000
14	141	1	84.00000000	80.00000000
14	142	1	84.00000000	80.00000000
14	143	1	84.00000000	80.00000000
14	144	1	84.00000000	80.00000000
14	145	1	84.00000000	80.00000000
14	146	1	84.00000000	80.00000000
14	147	1	84.00000000	80.00000000
14	148	1	84.00000000	80.00000000
14	149	1	84.00000000	80.00000000
14	150	1	84.00000000	80.00000000
14	151	1	84.00000000	80.00000000
14	152	1	84.00000000	80.00000000
14	153	1	84.00000000	80.00000000
14	154	1	84.00000000	80.00000000
14	155	1	84.00000000	80.00000000
14	156	1	84.00000000	80.00000000
14	157	1	84.00000000	80.00000000
14	158	1	84.00000000	80.00000000
14	159	1	84.00000000	80.00000000
14	160	1	84.00000000	80.00000000
14	161	1	84.00000000	80.00000000
14	162	1	84.00000000	80.00000000
14	163	1	84.00000000	80.00000000
14	164	1	84.00000000	80.00000000
14	165	1	84.00000000	80.00000000
14	166	1	84.00000000	80.00000000
14	167	1	84.00000000	80.00000000
14	168	1	84.00000000	80.00000000
14	169	1	84.00000000	80.00000000
14	170	1	84.00000000	80.00000000
14	171	1	84.00000000	80.00000000
14	172	1	84.00000000	80.00000000
14	173	1	84.00000000	80.00000000
14	174	1	84.00000000	80.00000000
14	175	1	84.00000000	80.00000000
14	176	1	84.00000000	80.00000000
14	177	1	84.00000000	80.00000000
14	178	1	84.00000000	80.00000000
14	179	1	84.00000000	80.00000000
14	180	1	84.00000000	80.00000000
14	181	1	84.00000000	80.00000000
14	182	1	84.00000000	80.00000000
14	183	1	84.00000000	80.00000000
14	184	1	84.00000000	80.00000000
14	185	1	84.00000000	80.00000000
14	186	1	84.00000000	80.00000000
14	187	1	84.00000000	80.00000000
14	188	1	84.00000000	80.00000000
14	189	1	84.00000000	80.00000000
14	190	1	84.00000000	80.00000000
14	191	1	84.00000000	80.00000000
14	192	1	84.00000000	80.00000000
14	193	1	84.00000000	80.00000000
14	194	1	84.00000000	80.00000000
14	195	1	84.00000000	80.00000000
14	196	1	84.00000000	80.00000000
14	197	1	84.00000000	80.00000000
14	198	1	84.00000000	80.00000000
14	199	1	84.00000000	80.00000000
14	200	1	84.00000000	80.00000000
14	201	1	84.00000000	80.00000000
14	202	1	84.00000000	80.00000000
14	203	1	84.00000000	80.00000000
14	204	1	84.00000000	80.00000000
14	205	1	84.00000000	80.00000000
14	206	1	84.00000000	80.00000000
14	207	1	84.00000000	80.00000000
14	208	1	84.00000000	80.00000000
14	209	1	84.00000000	80.00000000
14	210	1	84.00000000	80.00000000
14	211	1	84.00000000	80.00000000
15	0	1	84.00000000	80.00000000
15	1	1	84.00000000	80.00000000
15	2	1	84.00000000	80.00000000
15	3	1	84.00000000	80.00000000
15	4	1	84.00000000	80.00000000
15	5	1	84.00000000	80.00000000
15	6	1	84.00000000	80.00000000
15	7	1	84.00000000	80.00000000
15	8	1	84.00000000	80.00000000
15	9	1	84.00000000	80.00000000
15	10	1	84.00000000	80.00000000
15	11	1	84.00000000	80.00000000
15	12	1	84.00000000	80.00000000
15	13	1	84.00000000	80.00000000
15	14	1	84.00000000	80.00000000
15	15	1	84.00000000	80.00000000
15	16	1	84.00000000	80.00000000
15	17	1	84.00000000	80.00000000
15	18	1	84.00000000	80.00000000
15	19	1	84.00000000	80.00000000
15	20	1	84.00000000	80.00000000
15	21	1	84.00000000	80.00000000
15	22	1	84.00000000	80.00000000
15	23	1	84.00000000	80.00000000
15	24	1	84.00000000	80.00000000
15	25	1	84.00000000	80.00000000
15	26	1	84.00000000	80.00000000
15	27	1	84.00000000	80.00000000
15	28	1	84.00000000	80.00000000
15	29	1	84.00000000	80.00000000
15	30	1	84.00000000	80.00000000
15	31	1	84.00000000	80.00000000
15	32	1	84.00000000	80.00000000
15	33	1	84.00000000	80.00000000
15	34	1	84.00000000	80.00000000
15	35	1	84.00000000	80.00000000
15	36	1	84.00000000	80.00000000
15	37	1	84.00000000	80.00000000
15	38	1	84.00000000	80.00000000
15	39	1	84.00000000	80.00000000
15	40	1	84.00000000	80.00000000
15	41	1	84.00000000	80.00000000
15	42	1	84.00000000	80.00000000
15	43	1	84.00000000	80.00000000
15	44	1	84.00000000	80.00000000
15	45	1	84.00000000	80.00000000
15	46	1	84.00000000	80.00000000
15	47	1	84.00000000	80.00000000
15	48	1	84.00000000	80.00000000
15	49	1	84.00000000	80.00000000
15	50	1	84.00000000	80.00000000
15	51	1	84.00000000	80.00000000
15	52	1	84.00000000	80.00000000
15	53	1	84.00000000	80.00000000
15	54	1	84.00000000	80.00000000
15	55	1	84.00000000	80.00000000
15	56	1	84.00000000	80.00000000
15	57	1	84.00000000	80.00000000
15	58	1	84.00000000	80.00000000
15	59	1	84.00000000	80.00000000
15	60	1	84.00000000	80.00000000
15	61	1	84.00000000	80.00000000
15	62	1	84.00000000	80.00000000
15	63	1	84.00000000	80.00000000
15	64	1	84.00000000	80.00000000
15	65	1	84.00000000	80.00000000
15	66	1	84.00000000	80.00000000
15	67	1	84.00000000	80.00000000
15	68	1	84.00000000	80.00000000
15	69	1	84.00000000	80.00000000
15	70	1	84.00000000	80.00000000
15	71	1	84.00000000	80.00000000
15	72	1	84.00000000	80.00000000
15	73	1	84.00000000	80.00000000
15	74	1	84.00000000	80.00000000
15	75	1	84.00000000	80.00000000
15	76	1	84.00000000	80.00000000
15	77	1	84.00000000	80.00000000
15	78	1	84.00000000	80.00000000
15	79	1	84.00000000	80.00000000
15	80	1	84.00000000	80.00000000
15	81	1	84.00000000	80.00000000
15	82	1	84.00000000	80.00000000
15	83	1	84.00000000	80.00000000
15	84	1	84.00000000	80.00000000
15	85	1	84.00000000	80.00000000
15	86	1	84.00000000	80.00000000
15	87	1	84.00000000	80.00000000
15	88	1	84.00000000	80.00000000
15	89	1	84.00000000	80.00000000
15	90	1	84.00000000	80.00000000
15	91	1	84.00000000	80.00000000
15	92	1	84.00000000	80.00000000
15	93	1	84.00000000	80.00000000
15	94	1	84.00000000	80.00000000
15	95	1	84.00000000	80.00000000
15	96	1	84.00000000	80.00000000
15	97	1	84.00000000	80.00000000
15	98	1	84.00000000	80.00000000
15	99	1	84.00000000	80.00000000
15	100	1	84.00000000	80.00000000
15	101	1	84.00000000	80.00000000
15	102	1	84.00000000	80.00000000
15	103	1	84.00000000	80.00000000
15	104	1	84.00000000	80.00000000
15	105	1	84.00000000	80.00000000
15	106	1	84.00000000	80.00000000
15	107	1	84.00000000	80.00000000
15	108	1	84.00000000	80.00000000
15	109	1	84.00000000	80.00000000
15	110	1	84.00000000	80.00000000
15	111	1	84.00000000	80.00000000
15	112	1	84.00000000	80.00000000
15	113	1	84.00000000	80.00000000
15	114	1	84.00000000	80.00000000
15	115	1	84.00000000	80.00000000
15	116	1	84.00000000	80.00000000
15	117	1	84.00000000	80.00000000
15	118	1	84.00000000	80.00000000
15	119	1	84.00000000	80.00000000
15	120	1	84.00000000	80.00000000
15	121	1	84.00000000	80.00000000
15	122	1	84.00000000	80.00000000
15	123	1	84.00000000	80.00000000
15	124	1	84.00000000	80.00000000
15	125	1	84.00000000	80.00000000
15	126	1	84.00000000	80.00000000
15	127	1	84.00000000	80.00000000
15	128	1	84.00000000	80.00000000
15	129	1	84.00000000	80.00000000
15	130	1	84.00000000	80.00000000
15	131	1	84.00000000	80.00000000
15	132	1	84.00000000	80.00000000
15	133	1	84.00000000	80.00000000
15	134	1	84.00000000	80.00000000
15	135	1	84.00000000	80.00000000
15	136	1	84.00000000	80.00000000
15	137	1	84.00000000	80.00000000
15	138	1	84.00000000	80.00000000
15	139	1	84.00000000	80.00000000
15	140	1	84.00000000	80.00000000
15	141	1	84.00000000	80.00000000
15	142	1	84.00000000	80.00000000
15	143	1	84.00000000	80.00000000
15	144	1	84.00000000	80.00000000
15	145	1	84.00000000	80.00000000
15	146	1	84.00000000	80.00000000
15	147	1	84.00000000	80.00000000
15	148	1	84.00000000	80.00000000
15	149	1	84.00000000	80.00000000
15	150	1	84.00000000	80.00000000
15	151	1	84.00000000	80.00000000
15	152	1	84.00000000	80.00000000
15	153	1	84.00000000	80.00000000
15	154	1	84.00000000	80.00000000
15	155	1	84.00000000	80.00000000
15	156	1	84.00000000	80.00000000
15	157	1	84.00000000	80.00000000
15	158	1	84.00000000	80.00000000
15	159	1	84.00000000	80.00000000
15	160	1	84.00000000	80.00000000
15	161	1	84.00000000	80.00000000
15	162	1	84.00000000	80.00000000
15	163	1	84.00000000	80.00000000
15	164	1	84.00000000	80.00000000
15	165	1	84.00000000	80.00000000
15	166	1	84.00000000	80.00000000
15	167	1	84.00000000	80.00000000
15	168	1	84.00000000	80.00000000
15	169	1	84.00000000	80.00000000
15	170	1	84.00000000	80.00000000
15	171	1	84.00000000	80.00000000
15	172	1	84.00000000	80.00000000
15	173	1	84.00000000	80.00000000
15	174	1	84.00000000	80.00000000
15	175	1	84.00000000	80.00000000
15	176	1	84.00000000	80.00000000
15	177	1	84.00000000	80.00000000
15	178	1	84.00000000	80.00000000
15	179	1	84.00000000	80.00000000
15	180	1	84.00000000	80.00000000
15	181	1	84.00000000	80.00000000
15	182	1	84.00000000	80.00000000
15	183	1	84.00000000	80.00000000
15	184	1	84.00000000	80.00000000
15	185	1	84.00000000	80.00000000
15	186	1	84.00000000	80.00000000
15	187	1	84.00000000	80.00000000
15	188	1	84.00000000	80.00000000
15	189	1	84.00000000	80.00000000
15	190	1	84.00000000	80.00000000
15	191	1	84.00000000	80.00000000
15	192	1	84.00000000	80.00000000
15	193	1	84.00000000	80.00000000
15	194	1	84.00000000	80.00000000
15	195	1	84.00000000	80.00000000
15	196	1	84.00000000	80.00000000
15	197	1	84.00000000	80.00000000
15	198	1	84.00000000	80.00000000
15	199	1	84.00000000	80.00000000
15	200	1	84.00000000	80.00000000
15	201	1	84.00000000	80.00000000
15	202	1	84.00000000	80.00000000
15	203	1	84.00000000	80.00000000
15	204	1	84.00000000	80.00000000
15	205	1	84.00000000	80.00000000
15	206	1	84.00000000	80.00000000
15	207	1	84.00000000	80.00000000
15	208	1	84.00000000	80.00000000
15	209	1	84.00000000	80.00000000
15	210	1	84.00000000	80.00000000
15	211	1	84.00000000	80.00000000
15	212	1	84.00000000	80.00000000
15	213	1	84.00000000	80.00000000
16	0	1	84.00000000	80.00000000
16	1	1	84.00000000	80.00000000
16	2	1	84.00000000	80.00000000
16	3	1	84.00000000	80.00000000
16	4	1	84.00000000	80.00000000
16	5	1	84.00000000	80.00000000
16	6	1	84.00000000	80.00000000
16	7	1	84.00000000	80.00000000
16	8	1	84.00000000	80.00000000
16	9	1	84.00000000	80.00000000
16	10	1	84.00000000	80.00000000
16	11	1	84.00000000	80.00000000
16	12	1	84.00000000	80.00000000
16	13	1	84.00000000	80.00000000
16	14	1	84.00000000	80.00000000
16	15	1	84.00000000	80.00000000
16	16	1	84.00000000	80.00000000
16	17	1	84.00000000	80.00000000
16	18	1	84.00000000	80.00000000
16	19	1	84.00000000	80.00000000
16	20	1	84.00000000	80.00000000
16	21	1	84.00000000	80.00000000
16	22	1	84.00000000	80.00000000
16	23	1	84.00000000	80.00000000
16	24	1	84.00000000	80.00000000
16	25	1	84.00000000	80.00000000
16	26	1	84.00000000	80.00000000
16	27	1	84.00000000	80.00000000
16	28	1	84.00000000	80.00000000
16	29	1	84.00000000	80.00000000
16	30	1	84.00000000	80.00000000
16	31	1	84.00000000	80.00000000
16	32	1	84.00000000	80.00000000
16	33	1	84.00000000	80.00000000
16	34	1	84.00000000	80.00000000
16	35	1	84.00000000	80.00000000
16	36	1	84.00000000	80.00000000
16	37	1	84.00000000	80.00000000
16	38	1	84.00000000	80.00000000
16	39	1	84.00000000	80.00000000
16	40	1	84.00000000	80.00000000
16	41	1	84.00000000	80.00000000
16	42	1	84.00000000	80.00000000
16	43	1	84.00000000	80.00000000
16	44	1	84.00000000	80.00000000
16	45	1	84.00000000	80.00000000
16	46	1	84.00000000	80.00000000
16	47	1	84.00000000	80.00000000
16	48	1	84.00000000	80.00000000
16	49	1	84.00000000	80.00000000
16	50	1	84.00000000	80.00000000
16	51	1	84.00000000	80.00000000
16	52	1	84.00000000	80.00000000
16	53	1	84.00000000	80.00000000
16	54	1	84.00000000	80.00000000
16	55	1	84.00000000	80.00000000
16	56	1	84.00000000	80.00000000
16	57	1	84.00000000	80.00000000
16	58	1	84.00000000	80.00000000
16	59	1	84.00000000	80.00000000
16	60	1	84.00000000	80.00000000
16	61	1	84.00000000	80.00000000
16	62	1	84.00000000	80.00000000
16	63	1	84.00000000	80.00000000
16	64	1	84.00000000	80.00000000
16	65	1	84.00000000	80.00000000
16	66	1	84.00000000	80.00000000
16	67	1	84.00000000	80.00000000
16	68	1	84.00000000	80.00000000
16	69	1	84.00000000	80.00000000
16	70	1	84.00000000	80.00000000
16	71	1	84.00000000	80.00000000
16	72	1	84.00000000	80.00000000
16	73	1	84.00000000	80.00000000
16	74	1	84.00000000	80.00000000
16	75	1	84.00000000	80.00000000
16	76	1	84.00000000	80.00000000
16	77	1	84.00000000	80.00000000
16	78	1	84.00000000	80.00000000
16	79	1	84.00000000	80.00000000
16	80	1	84.00000000	80.00000000
16	81	1	84.00000000	80.00000000
16	82	1	84.00000000	80.00000000
16	83	1	84.00000000	80.00000000
16	84	1	84.00000000	80.00000000
16	85	1	84.00000000	80.00000000
16	86	1	84.00000000	80.00000000
16	87	1	84.00000000	80.00000000
16	88	1	84.00000000	80.00000000
16	89	1	84.00000000	80.00000000
16	90	1	84.00000000	80.00000000
16	91	1	84.00000000	80.00000000
16	92	1	84.00000000	80.00000000
16	93	1	84.00000000	80.00000000
16	94	1	84.00000000	80.00000000
16	95	1	84.00000000	80.00000000
16	96	1	84.00000000	80.00000000
16	97	1	84.00000000	80.00000000
16	98	1	84.00000000	80.00000000
16	99	1	84.00000000	80.00000000
16	100	1	84.00000000	80.00000000
16	101	1	84.00000000	80.00000000
16	102	1	84.00000000	80.00000000
16	103	1	84.00000000	80.00000000
16	104	1	84.00000000	80.00000000
16	105	1	84.00000000	80.00000000
16	106	1	84.00000000	80.00000000
16	107	1	84.00000000	80.00000000
16	108	1	84.00000000	80.00000000
16	109	1	84.00000000	80.00000000
16	110	1	84.00000000	80.00000000
16	111	1	84.00000000	80.00000000
16	112	1	84.00000000	80.00000000
16	113	1	84.00000000	80.00000000
16	114	1	84.00000000	80.00000000
16	115	1	84.00000000	80.00000000
16	116	1	84.00000000	80.00000000
16	117	1	84.00000000	80.00000000
16	118	1	84.00000000	80.00000000
16	119	1	84.00000000	80.00000000
16	120	1	84.00000000	80.00000000
16	121	1	84.00000000	80.00000000
16	122	1	84.00000000	80.00000000
16	123	1	84.00000000	80.00000000
16	124	1	84.00000000	80.00000000
16	125	1	84.00000000	80.00000000
16	126	1	84.00000000	80.00000000
16	127	1	84.00000000	80.00000000
16	128	1	84.00000000	80.00000000
16	129	1	84.00000000	80.00000000
16	130	1	84.00000000	80.00000000
16	131	1	84.00000000	80.00000000
16	132	1	84.00000000	80.00000000
16	133	1	84.00000000	80.00000000
16	134	1	84.00000000	80.00000000
16	135	1	84.00000000	80.00000000
16	136	1	84.00000000	80.00000000
16	137	1	84.00000000	80.00000000
16	138	1	84.00000000	80.00000000
16	139	1	84.00000000	80.00000000
16	140	1	84.00000000	80.00000000
16	141	1	84.00000000	80.00000000
16	142	1	84.00000000	80.00000000
16	143	1	84.00000000	80.00000000
16	144	1	84.00000000	80.00000000
16	145	1	84.00000000	80.00000000
16	146	1	84.00000000	80.00000000
16	147	1	84.00000000	80.00000000
16	148	1	84.00000000	80.00000000
16	149	1	84.00000000	80.00000000
16	150	1	84.00000000	80.00000000
16	151	1	84.00000000	80.00000000
16	152	1	84.00000000	80.00000000
16	153	1	84.00000000	80.00000000
16	154	1	84.00000000	80.00000000
16	155	1	84.00000000	80.00000000
16	156	1	84.00000000	80.00000000
16	157	1	84.00000000	80.00000000
16	158	1	84.00000000	80.00000000
16	159	1	84.00000000	80.00000000
16	160	1	84.00000000	80.00000000
16	161	1	84.00000000	80.00000000
16	162	1	84.00000000	80.00000000
16	163	1	84.00000000	80.00000000
16	164	1	84.00000000	80.00000000
16	165	1	84.00000000	80.00000000
16	166	1	84.00000000	80.00000000
16	167	1	84.00000000	80.00000000
16	168	1	84.00000000	80.00000000
16	169	1	84.00000000	80.00000000
16	170	1	84.00000000	80.00000000
16	171	1	84.00000000	80.00000000
16	172	1	84.00000000	80.00000000
16	173	1	84.00000000	80.00000000
16	174	1	84.00000000	80.00000000
16	175	1	84.00000000	80.00000000
16	176	1	84.00000000	80.00000000
16	177	1	84.00000000	80.00000000
16	178	1	84.00000000	80.00000000
16	179	1	84.00000000	80.00000000
16	180	1	84.00000000	80.00000000
16	181	1	84.00000000	80.00000000
16	182	1	84.00000000	80.00000000
16	183	1	84.00000000	80.00000000
16	184	1	84.00000000	80.00000000
16	185	1	84.00000000	80.00000000
16	186	1	84.00000000	80.00000000
16	187	1	84.00000000	80.00000000
16	188	1	84.00000000	80.00000000
16	189	1	84.00000000	80.00000000
16	190	1	84.00000000	80.00000000
16	191	1	84.00000000	80.00000000
16	192	1	84.00000000	80.00000000
16	193	1	84.00000000	80.00000000
16	194	1	84.00000000	80.00000000
16	195	1	84.00000000	80.00000000
16	196	1	84.00000000	80.00000000
16	197	1	84.00000000	80.00000000
16	198	1	84.00000000	80.00000000
16	199	1	84.00000000	80.00000000
16	200	1	84.00000000	80.00000000
16	201	1	84.00000000	80.00000000
16	202	1	84.00000000	80.00000000
16	203	1	84.00000000	80.00000000
16	204	1	84.00000000	80.00000000
16	205	1	84.00000000	80.00000000
16	206	1	84.00000000	80.00000000
16	207	1	84.00000000	80.00000000
16	208	1	84.00000000	80.00000000
16	209	1	84.00000000	80.00000000
16	210	1	84.00000000	80.00000000
16	211	1	84.00000000	80.00000000
16	212	1	84.00000000	80.00000000
16	213	1	84.00000000	80.00000000
16	214	1	84.00000000	80.00000000
16	215	1	84.00000000	80.00000000
16	216	1	84.00000000	80.00000000
16	217	1	84.00000000	80.00000000
16	218	1	84.00000000	80.00000000
16	219	1	84.00000000	80.00000000
17	0	1	84.00000000	80.00000000
17	1	1	84.00000000	80.00000000
17	2	1	84.00000000	80.00000000
17	3	1	84.00000000	80.00000000
17	4	1	84.00000000	80.00000000
17	5	1	84.00000000	80.00000000
17	6	1	84.00000000	80.00000000
17	7	1	84.00000000	80.00000000
17	8	1	84.00000000	80.00000000
17	9	1	84.00000000	80.00000000
17	10	1	84.00000000	80.00000000
17	11	1	84.00000000	80.00000000
17	12	1	84.00000000	80.00000000
17	13	1	84.00000000	80.00000000
17	14	1	84.00000000	80.00000000
17	15	1	84.00000000	80.00000000
17	16	1	84.00000000	80.00000000
17	17	1	84.00000000	80.00000000
17	18	1	84.00000000	80.00000000
17	19	1	84.00000000	80.00000000
17	20	1	84.00000000	80.00000000
17	21	1	84.00000000	80.00000000
17	22	1	84.00000000	80.00000000
17	23	1	84.00000000	80.00000000
17	24	1	84.00000000	80.00000000
17	25	1	84.00000000	80.00000000
17	26	1	84.00000000	80.00000000
17	27	1	84.00000000	80.00000000
17	28	1	84.00000000	80.00000000
17	29	1	84.00000000	80.00000000
17	30	1	84.00000000	80.00000000
17	31	1	84.00000000	80.00000000
17	32	1	84.00000000	80.00000000
17	33	1	84.00000000	80.00000000
17	34	1	84.00000000	80.00000000
17	35	1	84.00000000	80.00000000
17	36	1	84.00000000	80.00000000
17	37	1	84.00000000	80.00000000
17	38	1	84.00000000	80.00000000
17	39	1	84.00000000	80.00000000
17	40	1	84.00000000	80.00000000
17	41	1	84.00000000	80.00000000
17	42	1	84.00000000	80.00000000
17	43	1	84.00000000	80.00000000
17	44	1	84.00000000	80.00000000
17	45	1	84.00000000	80.00000000
17	46	1	84.00000000	80.00000000
17	47	1	84.00000000	80.00000000
17	48	1	84.00000000	80.00000000
17	49	1	84.00000000	80.00000000
17	50	1	84.00000000	80.00000000
17	51	1	84.00000000	80.00000000
17	52	1	84.00000000	80.00000000
17	53	1	84.00000000	80.00000000
17	54	1	84.00000000	80.00000000
17	55	1	84.00000000	80.00000000
17	56	1	84.00000000	80.00000000
17	57	1	84.00000000	80.00000000
17	58	1	84.00000000	80.00000000
17	59	1	84.00000000	80.00000000
17	60	1	84.00000000	80.00000000
17	61	1	84.00000000	80.00000000
17	62	1	84.00000000	80.00000000
17	63	1	84.00000000	80.00000000
17	64	1	84.00000000	80.00000000
17	65	1	84.00000000	80.00000000
17	66	1	84.00000000	80.00000000
17	67	1	84.00000000	80.00000000
17	68	1	84.00000000	80.00000000
17	69	1	84.00000000	80.00000000
17	70	1	84.00000000	80.00000000
17	71	1	84.00000000	80.00000000
17	72	1	84.00000000	80.00000000
17	73	1	84.00000000	80.00000000
17	74	1	84.00000000	80.00000000
17	75	1	84.00000000	80.00000000
17	76	1	84.00000000	80.00000000
17	77	1	84.00000000	80.00000000
17	78	1	84.00000000	80.00000000
17	79	1	84.00000000	80.00000000
17	80	1	84.00000000	80.00000000
17	81	1	84.00000000	80.00000000
17	82	1	84.00000000	80.00000000
17	83	1	84.00000000	80.00000000
17	84	1	84.00000000	80.00000000
17	85	1	84.00000000	80.00000000
17	86	1	84.00000000	80.00000000
17	87	1	84.00000000	80.00000000
17	88	1	84.00000000	80.00000000
17	89	1	84.00000000	80.00000000
17	90	1	84.00000000	80.00000000
17	91	1	84.00000000	80.00000000
17	92	1	84.00000000	80.00000000
17	93	1	84.00000000	80.00000000
17	94	1	84.00000000	80.00000000
17	95	1	84.00000000	80.00000000
17	96	1	84.00000000	80.00000000
17	97	1	84.00000000	80.00000000
17	98	1	84.00000000	80.00000000
17	99	1	84.00000000	80.00000000
17	100	1	84.00000000	80.00000000
17	101	1	84.00000000	80.00000000
17	102	1	84.00000000	80.00000000
17	103	1	84.00000000	80.00000000
17	104	1	84.00000000	80.00000000
17	105	1	84.00000000	80.00000000
17	106	1	84.00000000	80.00000000
17	107	1	84.00000000	80.00000000
17	108	1	84.00000000	80.00000000
17	109	1	84.00000000	80.00000000
17	110	1	84.00000000	80.00000000
17	111	1	84.00000000	80.00000000
17	112	1	84.00000000	80.00000000
17	113	1	84.00000000	80.00000000
17	114	1	84.00000000	80.00000000
17	115	1	84.00000000	80.00000000
17	116	1	84.00000000	80.00000000
17	117	1	84.00000000	80.00000000
17	118	1	84.00000000	80.00000000
17	119	1	84.00000000	80.00000000
17	120	1	84.00000000	80.00000000
17	121	1	84.00000000	80.00000000
17	122	1	84.00000000	80.00000000
17	123	1	84.00000000	80.00000000
17	124	1	84.00000000	80.00000000
17	125	1	84.00000000	80.00000000
17	126	1	84.00000000	80.00000000
17	127	1	84.00000000	80.00000000
17	128	1	84.00000000	80.00000000
17	129	1	84.00000000	80.00000000
17	130	1	84.00000000	80.00000000
17	131	1	84.00000000	80.00000000
17	132	1	84.00000000	80.00000000
17	133	1	84.00000000	80.00000000
17	134	1	84.00000000	80.00000000
17	135	1	84.00000000	80.00000000
17	136	1	84.00000000	80.00000000
17	137	1	84.00000000	80.00000000
17	138	1	84.00000000	80.00000000
17	139	1	84.00000000	80.00000000
17	140	1	84.00000000	80.00000000
17	141	1	84.00000000	80.00000000
17	142	1	84.00000000	80.00000000
17	143	1	84.00000000	80.00000000
17	144	1	84.00000000	80.00000000
17	145	1	84.00000000	80.00000000
17	146	1	84.00000000	80.00000000
17	147	1	84.00000000	80.00000000
17	148	1	84.00000000	80.00000000
17	149	1	84.00000000	80.00000000
17	150	1	84.00000000	80.00000000
17	151	1	84.00000000	80.00000000
17	152	1	84.00000000	80.00000000
17	153	1	84.00000000	80.00000000
17	154	1	84.00000000	80.00000000
17	155	1	84.00000000	80.00000000
17	156	1	84.00000000	80.00000000
17	157	1	84.00000000	80.00000000
17	158	1	84.00000000	80.00000000
17	159	1	84.00000000	80.00000000
17	160	1	84.00000000	80.00000000
17	161	1	84.00000000	80.00000000
17	162	1	84.00000000	80.00000000
17	163	1	84.00000000	80.00000000
17	164	1	84.00000000	80.00000000
17	165	1	84.00000000	80.00000000
17	166	1	84.00000000	80.00000000
17	167	1	84.00000000	80.00000000
17	168	1	84.00000000	80.00000000
17	169	1	84.00000000	80.00000000
17	170	1	84.00000000	80.00000000
17	171	1	84.00000000	80.00000000
17	172	1	84.00000000	80.00000000
17	173	1	84.00000000	80.00000000
17	174	1	84.00000000	80.00000000
17	175	1	84.00000000	80.00000000
17	176	1	84.00000000	80.00000000
17	177	1	84.00000000	80.00000000
17	178	1	84.00000000	80.00000000
17	179	1	84.00000000	80.00000000
17	180	1	84.00000000	80.00000000
17	181	1	84.00000000	80.00000000
17	182	1	84.00000000	80.00000000
17	183	1	84.00000000	80.00000000
17	184	1	84.00000000	80.00000000
17	185	1	84.00000000	80.00000000
17	186	1	84.00000000	80.00000000
17	187	1	84.00000000	80.00000000
17	188	1	84.00000000	80.00000000
17	189	1	84.00000000	80.00000000
17	190	1	84.00000000	80.00000000
17	191	1	84.00000000	80.00000000
17	192	1	84.00000000	80.00000000
17	193	1	84.00000000	80.00000000
17	194	1	84.00000000	80.00000000
17	195	1	84.00000000	80.00000000
17	196	1	84.00000000	80.00000000
17	197	1	84.00000000	80.00000000
17	198	1	84.00000000	80.00000000
17	199	1	84.00000000	80.00000000
17	200	1	84.00000000	80.00000000
17	201	1	84.00000000	80.00000000
17	202	1	84.00000000	80.00000000
17	203	1	84.00000000	80.00000000
17	204	1	84.00000000	80.00000000
17	205	1	84.00000000	80.00000000
17	206	1	84.00000000	80.00000000
17	207	1	84.00000000	80.00000000
17	208	1	84.00000000	80.00000000
17	209	1	84.00000000	80.00000000
17	210	1	84.00000000	80.00000000
17	211	1	84.00000000	80.00000000
17	212	1	84.00000000	80.00000000
17	213	1	84.00000000	80.00000000
17	214	1	84.00000000	80.00000000
17	215	1	84.00000000	80.00000000
17	216	1	84.00000000	80.00000000
17	217	1	84.00000000	80.00000000
17	218	1	84.00000000	80.00000000
17	219	1	84.00000000	80.00000000
17	220	1	84.00000000	80.00000000
17	221	1	84.00000000	80.00000000
17	222	1	84.00000000	80.00000000
17	223	1	84.00000000	80.00000000
18	0	1	84.00000000	80.00000000
18	1	1	84.00000000	80.00000000
18	2	1	84.00000000	80.00000000
18	3	1	84.00000000	80.00000000
18	4	1	84.00000000	80.00000000
18	5	1	84.00000000	80.00000000
18	6	1	84.00000000	80.00000000
18	7	1	84.00000000	80.00000000
18	8	1	84.00000000	80.00000000
18	9	1	84.00000000	80.00000000
18	10	1	84.00000000	80.00000000
18	11	1	84.00000000	80.00000000
18	12	1	84.00000000	80.00000000
18	13	1	84.00000000	80.00000000
18	14	1	84.00000000	80.00000000
18	15	1	84.00000000	80.00000000
18	16	1	84.00000000	80.00000000
18	17	1	84.00000000	80.00000000
18	18	1	84.00000000	80.00000000
18	19	1	84.00000000	80.00000000
18	20	1	84.00000000	80.00000000
18	21	1	84.00000000	80.00000000
18	22	1	84.00000000	80.00000000
18	23	1	84.00000000	80.00000000
18	24	1	84.00000000	80.00000000
18	25	1	84.00000000	80.00000000
18	26	1	84.00000000	80.00000000
18	27	1	84.00000000	80.00000000
18	28	1	84.00000000	80.00000000
18	29	1	84.00000000	80.00000000
18	30	1	84.00000000	80.00000000
18	31	1	84.00000000	80.00000000
18	32	1	84.00000000	80.00000000
18	33	1	84.00000000	80.00000000
18	34	1	84.00000000	80.00000000
18	35	1	84.00000000	80.00000000
18	36	1	84.00000000	80.00000000
18	37	1	84.00000000	80.00000000
18	38	1	84.00000000	80.00000000
18	39	1	84.00000000	80.00000000
18	40	1	84.00000000	80.00000000
18	41	1	84.00000000	80.00000000
18	42	1	84.00000000	80.00000000
18	43	1	84.00000000	80.00000000
18	44	1	84.00000000	80.00000000
18	45	1	84.00000000	80.00000000
18	46	1	84.00000000	80.00000000
18	47	1	84.00000000	80.00000000
18	48	1	84.00000000	80.00000000
18	49	1	84.00000000	80.00000000
18	50	1	84.00000000	80.00000000
18	51	1	84.00000000	80.00000000
18	52	1	84.00000000	80.00000000
18	53	1	84.00000000	80.00000000
18	54	1	84.00000000	80.00000000
18	55	1	84.00000000	80.00000000
18	56	1	84.00000000	80.00000000
18	57	1	84.00000000	80.00000000
18	58	1	84.00000000	80.00000000
18	59	1	84.00000000	80.00000000
18	60	1	84.00000000	80.00000000
18	61	1	84.00000000	80.00000000
18	62	1	84.00000000	80.00000000
18	63	1	84.00000000	80.00000000
18	64	1	84.00000000	80.00000000
18	65	1	84.00000000	80.00000000
18	66	1	84.00000000	80.00000000
18	67	1	84.00000000	80.00000000
18	68	1	84.00000000	80.00000000
18	69	1	84.00000000	80.00000000
18	70	1	84.00000000	80.00000000
18	71	1	84.00000000	80.00000000
18	72	1	84.00000000	80.00000000
18	73	1	84.00000000	80.00000000
18	74	1	84.00000000	80.00000000
18	75	1	84.00000000	80.00000000
18	76	1	84.00000000	80.00000000
18	77	1	84.00000000	80.00000000
18	78	1	84.00000000	80.00000000
18	79	1	84.00000000	80.00000000
18	80	1	84.00000000	80.00000000
18	81	1	84.00000000	80.00000000
18	82	1	84.00000000	80.00000000
18	83	1	84.00000000	80.00000000
18	84	1	84.00000000	80.00000000
18	85	1	84.00000000	80.00000000
18	86	1	84.00000000	80.00000000
18	87	1	84.00000000	80.00000000
18	88	1	84.00000000	80.00000000
18	89	1	84.00000000	80.00000000
18	90	1	84.00000000	80.00000000
18	91	1	84.00000000	80.00000000
18	92	1	84.00000000	80.00000000
18	93	1	84.00000000	80.00000000
18	94	1	84.00000000	80.00000000
18	95	1	84.00000000	80.00000000
18	96	1	84.00000000	80.00000000
18	97	1	84.00000000	80.00000000
18	98	1	84.00000000	80.00000000
18	99	1	84.00000000	80.00000000
18	100	1	84.00000000	80.00000000
18	101	1	84.00000000	80.00000000
18	102	1	84.00000000	80.00000000
18	103	1	84.00000000	80.00000000
18	104	1	84.00000000	80.00000000
18	105	1	84.00000000	80.00000000
18	106	1	84.00000000	80.00000000
18	107	1	84.00000000	80.00000000
18	108	1	84.00000000	80.00000000
18	109	1	84.00000000	80.00000000
18	110	1	84.00000000	80.00000000
18	111	1	84.00000000	80.00000000
18	112	1	84.00000000	80.00000000
18	113	1	84.00000000	80.00000000
18	114	1	84.00000000	80.00000000
18	115	1	84.00000000	80.00000000
18	116	1	84.00000000	80.00000000
18	117	1	84.00000000	80.00000000
18	118	1	84.00000000	80.00000000
18	119	1	84.00000000	80.00000000
18	120	1	84.00000000	80.00000000
18	121	1	84.00000000	80.00000000
18	122	1	84.00000000	80.00000000
18	123	1	84.00000000	80.00000000
18	124	1	84.00000000	80.00000000
18	125	1	84.00000000	80.00000000
18	126	1	84.00000000	80.00000000
18	127	1	84.00000000	80.00000000
18	128	1	84.00000000	80.00000000
18	129	1	84.00000000	80.00000000
18	130	1	84.00000000	80.00000000
18	131	1	84.00000000	80.00000000
18	132	1	84.00000000	80.00000000
18	133	1	84.00000000	80.00000000
18	134	1	84.00000000	80.00000000
18	135	1	84.00000000	80.00000000
18	136	1	84.00000000	80.00000000
18	137	1	84.00000000	80.00000000
18	138	1	84.00000000	80.00000000
18	139	1	84.00000000	80.00000000
18	140	1	84.00000000	80.00000000
18	141	1	84.00000000	80.00000000
18	142	1	84.00000000	80.00000000
18	143	1	84.00000000	80.00000000
18	144	1	84.00000000	80.00000000
18	145	1	84.00000000	80.00000000
18	146	1	84.00000000	80.00000000
18	147	1	84.00000000	80.00000000
18	148	1	84.00000000	80.00000000
18	149	1	84.00000000	80.00000000
18	150	1	84.00000000	80.00000000
18	151	1	84.00000000	80.00000000
18	152	1	84.00000000	80.00000000
18	153	1	84.00000000	80.00000000
18	154	1	84.00000000	80.00000000
18	155	1	84.00000000	80.00000000
18	156	1	84.00000000	80.00000000
18	157	1	84.00000000	80.00000000
18	158	1	84.00000000	80.00000000
18	159	1	84.00000000	80.00000000
18	160	1	84.00000000	80.00000000
18	161	1	84.00000000	80.00000000
18	162	1	84.00000000	80.00000000
18	163	1	84.00000000	80.00000000
18	164	1	84.00000000	80.00000000
18	165	1	84.00000000	80.00000000
18	166	1	84.00000000	80.00000000
18	167	1	84.00000000	80.00000000
18	168	1	84.00000000	80.00000000
18	169	1	84.00000000	80.00000000
18	170	1	84.00000000	80.00000000
18	171	1	84.00000000	80.00000000
18	172	1	84.00000000	80.00000000
18	173	1	84.00000000	80.00000000
18	174	1	84.00000000	80.00000000
18	175	1	84.00000000	80.00000000
18	176	1	84.00000000	80.00000000
18	177	1	84.00000000	80.00000000
18	178	1	84.00000000	80.00000000
18	179	1	84.00000000	80.00000000
18	180	1	84.00000000	80.00000000
18	181	1	84.00000000	80.00000000
18	182	1	84.00000000	80.00000000
18	183	1	84.00000000	80.00000000
18	184	1	84.00000000	80.00000000
18	185	1	84.00000000	80.00000000
18	186	1	84.00000000	80.00000000
18	187	1	84.00000000	80.00000000
18	188	1	84.00000000	80.00000000
18	189	1	84.00000000	80.00000000
18	190	1	84.00000000	80.00000000
18	191	1	84.00000000	80.00000000
18	192	1	84.00000000	80.00000000
18	193	1	84.00000000	80.00000000
18	194	1	84.00000000	80.00000000
18	195	1	84.00000000	80.00000000
18	196	1	84.00000000	80.00000000
18	197	1	84.00000000	80.00000000
18	198	1	84.00000000	80.00000000
18	199	1	84.00000000	80.00000000
18	200	1	84.00000000	80.00000000
18	201	1	84.00000000	80.00000000
18	202	1	84.00000000	80.00000000
18	203	1	84.00000000	80.00000000
18	204	1	84.00000000	80.00000000
18	205	1	84.00000000	80.00000000
18	206	1	84.00000000	80.00000000
18	207	1	84.00000000	80.00000000
18	208	1	84.00000000	80.00000000
18	209	1	84.00000000	80.00000000
18	210	1	84.00000000	80.00000000
18	211	1	84.00000000	80.00000000
18	212	1	84.00000000	80.00000000
18	213	1	84.00000000	80.00000000
18	214	1	84.00000000	80.00000000
18	215	1	84.00000000	80.00000000
18	216	1	84.00000000	80.00000000
18	217	1	84.00000000	80.00000000
18	218	1	84.00000000	80.00000000
18	219	1	84.00000000	80.00000000
18	220	1	84.00000000	80.00000000
18	221	1	84.00000000	80.00000000
18	222	1	84.00000000	80.00000000
18	223	1	84.00000000	80.00000000
18	224	1	84.00000000	80.00000000
18	225	1	84.00000000	80.00000000
18	226	1	84.00000000	80.00000000
18	227	1	84.00000000	80.00000000
18	228	1	84.00000000	80.00000000
18	229	1	84.00000000	80.00000000
18	230	1	84.00000000	80.00000000
18	231	1	84.00000000	80.00000000
19	0	1	84.00000000	80.00000000
19	1	1	84.00000000	80.00000000
19	2	1	84.00000000	80.00000000
19	3	1	84.00000000	80.00000000
19	4	1	84.00000000	80.00000000
19	5	1	84.00000000	80.00000000
19	6	1	84.00000000	80.00000000
19	7	1	84.00000000	80.00000000
19	8	1	84.00000000	80.00000000
19	9	1	84.00000000	80.00000000
19	10	1	84.00000000	80.00000000
19	11	1	84.00000000	80.00000000
19	12	1	84.00000000	80.00000000
19	13	1	84.00000000	80.00000000
19	14	1	84.00000000	80.00000000
19	15	1	84.00000000	80.00000000
19	16	1	84.00000000	80.00000000
19	17	1	84.00000000	80.00000000
19	18	1	84.00000000	80.00000000
19	19	1	84.00000000	80.00000000
19	20	1	84.00000000	80.00000000
19	21	1	84.00000000	80.00000000
19	22	1	84.00000000	80.00000000
19	23	1	84.00000000	80.00000000
19	24	1	84.00000000	80.00000000
19	25	1	84.00000000	80.00000000
19	26	1	84.00000000	80.00000000
19	27	1	84.00000000	80.00000000
19	28	1	84.00000000	80.00000000
19	29	1	84.00000000	80.00000000
19	30	1	84.00000000	80.00000000
19	31	1	84.00000000	80.00000000
19	32	1	84.00000000	80.00000000
19	33	1	84.00000000	80.00000000
19	34	1	84.00000000	80.00000000
19	35	1	84.00000000	80.00000000
19	36	1	84.00000000	80.00000000
19	37	1	84.00000000	80.00000000
19	38	1	84.00000000	80.00000000
19	39	1	84.00000000	80.00000000
19	40	1	84.00000000	80.00000000
19	41	1	84.00000000	80.00000000
19	42	1	84.00000000	80.00000000
19	43	1	84.00000000	80.00000000
19	44	1	84.00000000	80.00000000
19	45	1	84.00000000	80.00000000
19	46	1	84.00000000	80.00000000
19	47	1	84.00000000	80.00000000
19	48	1	84.00000000	80.00000000
19	49	1	84.00000000	80.00000000
19	50	1	84.00000000	80.00000000
19	51	1	84.00000000	80.00000000
19	52	1	84.00000000	80.00000000
19	53	1	84.00000000	80.00000000
19	54	1	84.00000000	80.00000000
19	55	1	84.00000000	80.00000000
19	56	1	84.00000000	80.00000000
19	57	1	84.00000000	80.00000000
19	58	1	84.00000000	80.00000000
19	59	1	84.00000000	80.00000000
19	60	1	84.00000000	80.00000000
19	61	1	84.00000000	80.00000000
19	62	1	84.00000000	80.00000000
19	63	1	84.00000000	80.00000000
19	64	1	84.00000000	80.00000000
19	65	1	84.00000000	80.00000000
19	66	1	84.00000000	80.00000000
19	67	1	84.00000000	80.00000000
19	68	1	84.00000000	80.00000000
19	69	1	84.00000000	80.00000000
19	70	1	84.00000000	80.00000000
19	71	1	84.00000000	80.00000000
19	72	1	84.00000000	80.00000000
19	73	1	84.00000000	80.00000000
19	74	1	84.00000000	80.00000000
19	75	1	84.00000000	80.00000000
19	76	1	84.00000000	80.00000000
19	77	1	84.00000000	80.00000000
19	78	1	84.00000000	80.00000000
19	79	1	84.00000000	80.00000000
19	80	1	84.00000000	80.00000000
19	81	1	84.00000000	80.00000000
19	82	1	84.00000000	80.00000000
19	83	1	84.00000000	80.00000000
19	84	1	84.00000000	80.00000000
19	85	1	84.00000000	80.00000000
19	86	1	84.00000000	80.00000000
19	87	1	84.00000000	80.00000000
19	88	1	84.00000000	80.00000000
19	89	1	84.00000000	80.00000000
19	90	1	84.00000000	80.00000000
19	91	1	84.00000000	80.00000000
19	92	1	84.00000000	80.00000000
19	93	1	84.00000000	80.00000000
19	94	1	84.00000000	80.00000000
19	95	1	84.00000000	80.00000000
19	96	1	84.00000000	80.00000000
19	97	1	84.00000000	80.00000000
19	98	1	84.00000000	80.00000000
19	99	1	84.00000000	80.00000000
19	100	1	84.00000000	80.00000000
19	101	1	84.00000000	80.00000000
19	102	1	84.00000000	80.00000000
19	103	1	84.00000000	80.00000000
19	104	1	84.00000000	80.00000000
19	105	1	84.00000000	80.00000000
19	106	1	84.00000000	80.00000000
19	107	1	84.00000000	80.00000000
19	108	1	84.00000000	80.00000000
19	109	1	84.00000000	80.00000000
19	110	1	84.00000000	80.00000000
19	111	1	84.00000000	80.00000000
19	112	1	84.00000000	80.00000000
19	113	1	84.00000000	80.00000000
19	114	1	84.00000000	80.00000000
19	115	1	84.00000000	80.00000000
19	116	1	84.00000000	80.00000000
19	117	1	84.00000000	80.00000000
19	118	1	84.00000000	80.00000000
19	119	1	84.00000000	80.00000000
19	120	1	84.00000000	80.00000000
19	121	1	84.00000000	80.00000000
19	122	1	84.00000000	80.00000000
19	123	1	84.00000000	80.00000000
19	124	1	84.00000000	80.00000000
19	125	1	84.00000000	80.00000000
19	126	1	84.00000000	80.00000000
19	127	1	84.00000000	80.00000000
19	128	1	84.00000000	80.00000000
19	129	1	84.00000000	80.00000000
19	130	1	84.00000000	80.00000000
19	131	1	84.00000000	80.00000000
19	132	1	84.00000000	80.00000000
19	133	1	84.00000000	80.00000000
19	134	1	84.00000000	80.00000000
19	135	1	84.00000000	80.00000000
19	136	1	84.00000000	80.00000000
19	137	1	84.00000000	80.00000000
19	138	1	84.00000000	80.00000000
19	139	1	84.00000000	80.00000000
19	140	1	84.00000000	80.00000000
19	141	1	84.00000000	80.00000000
19	142	1	84.00000000	80.00000000
19	143	1	84.00000000	80.00000000
19	144	1	84.00000000	80.00000000
19	145	1	84.00000000	80.00000000
19	146	1	84.00000000	80.00000000
19	147	1	84.00000000	80.00000000
19	148	1	84.00000000	80.00000000
19	149	1	84.00000000	80.00000000
19	150	1	84.00000000	80.00000000
19	151	1	84.00000000	80.00000000
19	152	1	84.00000000	80.00000000
19	153	1	84.00000000	80.00000000
19	154	1	84.00000000	80.00000000
19	155	1	84.00000000	80.00000000
19	156	1	84.00000000	80.00000000
19	157	1	84.00000000	80.00000000
19	158	1	84.00000000	80.00000000
19	159	1	84.00000000	80.00000000
19	160	1	84.00000000	80.00000000
19	161	1	84.00000000	80.00000000
19	162	1	84.00000000	80.00000000
19	163	1	84.00000000	80.00000000
19	164	1	84.00000000	80.00000000
19	165	1	84.00000000	80.00000000
19	166	1	84.00000000	80.00000000
19	167	1	84.00000000	80.00000000
19	168	1	84.00000000	80.00000000
19	169	1	84.00000000	80.00000000
19	170	1	84.00000000	80.00000000
19	171	1	84.00000000	80.00000000
19	172	1	84.00000000	80.00000000
19	173	1	84.00000000	80.00000000
19	174	1	84.00000000	80.00000000
19	175	1	84.00000000	80.00000000
19	176	1	84.00000000	80.00000000
19	177	1	84.00000000	80.00000000
19	178	1	84.00000000	80.00000000
19	179	1	84.00000000	80.00000000
19	180	1	84.00000000	80.00000000
19	181	1	84.00000000	80.00000000
19	182	1	84.00000000	80.00000000
19	183	1	84.00000000	80.00000000
19	184	1	84.00000000	80.00000000
19	185	1	84.00000000	80.00000000
19	186	1	84.00000000	80.00000000
19	187	1	84.00000000	80.00000000
19	188	1	84.00000000	80.00000000
19	189	1	84.00000000	80.00000000
19	190	1	84.00000000	80.00000000
19	191	1	84.00000000	80.00000000
19	192	1	84.00000000	80.00000000
19	193	1	84.00000000	80.00000000
19	194	1	84.00000000	80.00000000
19	195	1	84.00000000	80.00000000
19	196	1	84.00000000	80.00000000
19	197	1	84.00000000	80.00000000
19	198	1	84.00000000	80.00000000
19	199	1	84.00000000	80.00000000
19	200	1	84.00000000	80.00000000
19	201	1	84.00000000	80.00000000
19	202	1	84.00000000	80.00000000
19	203	1	84.00000000	80.00000000
19	204	1	84.00000000	80.00000000
19	205	1	84.00000000	80.00000000
19	206	1	84.00000000	80.00000000
19	207	1	84.00000000	80.00000000
19	208	1	84.00000000	80.00000000
19	209	1	84.00000000	80.00000000
19	210	1	84.00000000	80.00000000
19	211	1	84.00000000	80.00000000
19	212	1	84.00000000	80.00000000
19	213	1	84.00000000	80.00000000
19	214	1	84.00000000	80.00000000
19	215	1	84.00000000	80.00000000
19	216	1	84.00000000	80.00000000
19	217	1	84.00000000	80.00000000
19	218	1	84.00000000	80.00000000
19	219	1	84.00000000	80.00000000
19	220	1	84.00000000	80.00000000
19	221	1	84.00000000	80.00000000
19	222	1	84.00000000	80.00000000
19	223	1	84.00000000	80.00000000
19	224	1	84.00000000	80.00000000
19	225	1	84.00000000	80.00000000
19	226	1	84.00000000	80.00000000
19	227	1	84.00000000	80.00000000
19	228	1	84.00000000	80.00000000
19	229	1	84.00000000	80.00000000
19	230	1	84.00000000	80.00000000
19	231	1	84.00000000	80.00000000
19	232	1	84.00000000	80.00000000
19	233	1	84.00000000	80.00000000
19	234	1	84.00000000	80.00000000
19	235	1	84.00000000	80.00000000
19	236	1	84.00000000	80.00000000
19	237	1	84.00000000	80.00000000
20	0	1	84.00000000	80.00000000
20	1	1	84.00000000	80.00000000
20	2	1	84.00000000	80.00000000
20	3	1	84.00000000	80.00000000
20	4	1	84.00000000	80.00000000
20	5	1	84.00000000	80.00000000
20	6	1	84.00000000	80.00000000
20	7	1	84.00000000	80.00000000
20	8	1	84.00000000	80.00000000
20	9	1	84.00000000	80.00000000
20	10	1	84.00000000	80.00000000
20	11	1	84.00000000	80.00000000
20	12	1	84.00000000	80.00000000
20	13	1	84.00000000	80.00000000
20	14	1	84.00000000	80.00000000
20	15	1	84.00000000	80.00000000
20	16	1	84.00000000	80.00000000
20	17	1	84.00000000	80.00000000
20	18	1	84.00000000	80.00000000
20	19	1	84.00000000	80.00000000
20	20	1	84.00000000	80.00000000
20	21	1	84.00000000	80.00000000
20	22	1	84.00000000	80.00000000
20	23	1	84.00000000	80.00000000
20	24	1	84.00000000	80.00000000
20	25	1	84.00000000	80.00000000
20	26	1	84.00000000	80.00000000
20	27	1	84.00000000	80.00000000
20	28	1	84.00000000	80.00000000
20	29	1	84.00000000	80.00000000
20	30	1	84.00000000	80.00000000
20	31	1	84.00000000	80.00000000
20	32	1	84.00000000	80.00000000
20	33	1	84.00000000	80.00000000
20	34	1	84.00000000	80.00000000
20	35	1	84.00000000	80.00000000
20	36	1	84.00000000	80.00000000
20	37	1	84.00000000	80.00000000
20	38	1	84.00000000	80.00000000
20	39	1	84.00000000	80.00000000
20	40	1	84.00000000	80.00000000
20	41	1	84.00000000	80.00000000
20	42	1	84.00000000	80.00000000
20	43	1	84.00000000	80.00000000
20	44	1	84.00000000	80.00000000
20	45	1	84.00000000	80.00000000
20	46	1	84.00000000	80.00000000
20	47	1	84.00000000	80.00000000
20	48	1	84.00000000	80.00000000
20	49	1	84.00000000	80.00000000
20	50	1	84.00000000	80.00000000
20	51	1	84.00000000	80.00000000
20	52	1	84.00000000	80.00000000
20	53	1	84.00000000	80.00000000
20	54	1	84.00000000	80.00000000
20	55	1	84.00000000	80.00000000
20	56	1	84.00000000	80.00000000
20	57	1	84.00000000	80.00000000
20	58	1	84.00000000	80.00000000
20	59	1	84.00000000	80.00000000
20	60	1	84.00000000	80.00000000
20	61	1	84.00000000	80.00000000
20	62	1	84.00000000	80.00000000
20	63	1	84.00000000	80.00000000
20	64	1	84.00000000	80.00000000
20	65	1	84.00000000	80.00000000
20	66	1	84.00000000	80.00000000
20	67	1	84.00000000	80.00000000
20	68	1	84.00000000	80.00000000
20	69	1	84.00000000	80.00000000
20	70	1	84.00000000	80.00000000
20	71	1	84.00000000	80.00000000
20	72	1	84.00000000	80.00000000
20	73	1	84.00000000	80.00000000
20	74	1	84.00000000	80.00000000
20	75	1	84.00000000	80.00000000
20	76	1	84.00000000	80.00000000
20	77	1	84.00000000	80.00000000
20	78	1	84.00000000	80.00000000
20	79	1	84.00000000	80.00000000
20	80	1	84.00000000	80.00000000
20	81	1	84.00000000	80.00000000
20	82	1	84.00000000	80.00000000
20	83	1	84.00000000	80.00000000
20	84	1	84.00000000	80.00000000
20	85	1	84.00000000	80.00000000
20	86	1	84.00000000	80.00000000
20	87	1	84.00000000	80.00000000
20	88	1	84.00000000	80.00000000
20	89	1	84.00000000	80.00000000
20	90	1	84.00000000	80.00000000
20	91	1	84.00000000	80.00000000
20	92	1	84.00000000	80.00000000
20	93	1	84.00000000	80.00000000
20	94	1	84.00000000	80.00000000
20	95	1	84.00000000	80.00000000
20	96	1	84.00000000	80.00000000
20	97	1	84.00000000	80.00000000
20	98	1	84.00000000	80.00000000
20	99	1	84.00000000	80.00000000
20	100	1	84.00000000	80.00000000
20	101	1	84.00000000	80.00000000
20	102	1	84.00000000	80.00000000
20	103	1	84.00000000	80.00000000
20	104	1	84.00000000	80.00000000
20	105	1	84.00000000	80.00000000
20	106	1	84.00000000	80.00000000
20	107	1	84.00000000	80.00000000
20	108	1	84.00000000	80.00000000
20	109	1	84.00000000	80.00000000
20	110	1	84.00000000	80.00000000
20	111	1	84.00000000	80.00000000
20	112	1	84.00000000	80.00000000
20	113	1	84.00000000	80.00000000
20	114	1	84.00000000	80.00000000
20	115	1	84.00000000	80.00000000
20	116	1	84.00000000	80.00000000
20	117	1	84.00000000	80.00000000
20	118	1	84.00000000	80.00000000
20	119	1	84.00000000	80.00000000
20	120	1	84.00000000	80.00000000
20	121	1	84.00000000	80.00000000
20	122	1	84.00000000	80.00000000
20	123	1	84.00000000	80.00000000
20	124	1	84.00000000	80.00000000
20	125	1	84.00000000	80.00000000
20	126	1	84.00000000	80.00000000
20	127	1	84.00000000	80.00000000
20	128	1	84.00000000	80.00000000
20	129	1	84.00000000	80.00000000
20	130	1	84.00000000	80.00000000
20	131	1	84.00000000	80.00000000
20	132	1	84.00000000	80.00000000
20	133	1	84.00000000	80.00000000
20	134	1	84.00000000	80.00000000
20	135	1	84.00000000	80.00000000
20	136	1	84.00000000	80.00000000
20	137	1	84.00000000	80.00000000
20	138	1	84.00000000	80.00000000
20	139	1	84.00000000	80.00000000
20	140	1	84.00000000	80.00000000
20	141	1	84.00000000	80.00000000
20	142	1	84.00000000	80.00000000
20	143	1	84.00000000	80.00000000
20	144	1	84.00000000	80.00000000
20	145	1	84.00000000	80.00000000
20	146	1	84.00000000	80.00000000
20	147	1	84.00000000	80.00000000
20	148	1	84.00000000	80.00000000
20	149	1	84.00000000	80.00000000
20	150	1	84.00000000	80.00000000
20	151	1	84.00000000	80.00000000
20	152	1	84.00000000	80.00000000
20	153	1	84.00000000	80.00000000
20	154	1	84.00000000	80.00000000
20	155	1	84.00000000	80.00000000
20	156	1	84.00000000	80.00000000
20	157	1	84.00000000	80.00000000
20	158	1	84.00000000	80.00000000
20	159	1	84.00000000	80.00000000
20	160	1	84.00000000	80.00000000
20	161	1	84.00000000	80.00000000
20	162	1	84.00000000	80.00000000
20	163	1	84.00000000	80.00000000
20	164	1	84.00000000	80.00000000
20	165	1	84.00000000	80.00000000
20	166	1	84.00000000	80.00000000
20	167	1	84.00000000	80.00000000
20	168	1	84.00000000	80.00000000
20	169	1	84.00000000	80.00000000
20	170	1	84.00000000	80.00000000
20	171	1	84.00000000	80.00000000
20	172	1	84.00000000	80.00000000
20	173	1	84.00000000	80.00000000
20	174	1	84.00000000	80.00000000
20	175	1	84.00000000	80.00000000
20	176	1	84.00000000	80.00000000
20	177	1	84.00000000	80.00000000
20	178	1	84.00000000	80.00000000
20	179	1	84.00000000	80.00000000
20	180	1	84.00000000	80.00000000
20	181	1	84.00000000	80.00000000
20	182	1	84.00000000	80.00000000
20	183	1	84.00000000	80.00000000
20	184	1	84.00000000	80.00000000
20	185	1	84.00000000	80.00000000
20	186	1	84.00000000	80.00000000
20	187	1	84.00000000	80.00000000
20	188	1	84.00000000	80.00000000
20	189	1	84.00000000	80.00000000
20	190	1	84.00000000	80.00000000
20	191	1	84.00000000	80.00000000
20	192	1	84.00000000	80.00000000
20	193	1	84.00000000	80.00000000
20	194	1	84.00000000	80.00000000
20	195	1	84.00000000	80.00000000
20	196	1	84.00000000	80.00000000
20	197	1	84.00000000	80.00000000
20	198	1	84.00000000	80.00000000
20	199	1	84.00000000	80.00000000
20	200	1	84.00000000	80.00000000
20	201	1	84.00000000	80.00000000
20	202	1	84.00000000	80.00000000
20	203	1	84.00000000	80.00000000
20	204	1	84.00000000	80.00000000
20	205	1	84.00000000	80.00000000
20	206	1	84.00000000	80.00000000
20	207	1	84.00000000	80.00000000
20	208	1	84.00000000	80.00000000
20	209	1	84.00000000	80.00000000
20	210	1	84.00000000	80.00000000
20	211	1	84.00000000	80.00000000
20	212	1	84.00000000	80.00000000
20	213	1	84.00000000	80.00000000
20	214	1	84.00000000	80.00000000
20	215	1	84.00000000	80.00000000
20	216	1	84.00000000	80.00000000
20	217	1	84.00000000	80.00000000
20	218	1	84.00000000	80.00000000
20	219	1	84.00000000	80.00000000
20	220	1	84.00000000	80.00000000
20	221	1	84.00000000	80.00000000
20	222	1	84.00000000	80.00000000
20	223	1	84.00000000	80.00000000
20	224	1	84.00000000	80.00000000
20	225	1	84.00000000	80.00000000
20	226	1	84.00000000	80.00000000
20	227	1	84.00000000	80.00000000
20	228	1	84.00000000	80.00000000
20	229	1	84.00000000	80.00000000
20	230	1	84.00000000	80.00000000
20	231	1	84.00000000	80.00000000
20	232	1	84.00000000	80.00000000
20	233	1	84.00000000	80.00000000
20	234	1	84.00000000	80.00000000
20	235	1	84.00000000	80.00000000
20	236	1	84.00000000	80.00000000
20	237	1	84.00000000	80.00000000
20	238	1	84.00000000	80.00000000
20	239	1	84.00000000	80.00000000
20	240	1	84.00000000	80.00000000
20	241	1	84.00000000	80.00000000
20	242	1	84.00000000	80.00000000
20	243	1	84.00000000	80.00000000
21	0	1	84.00000000	80.00000000
21	1	1	84.00000000	80.00000000
21	2	1	84.00000000	80.00000000
21	3	1	84.00000000	80.00000000
21	4	1	84.00000000	80.00000000
21	5	1	84.00000000	80.00000000
21	6	1	84.00000000	80.00000000
21	7	1	84.00000000	80.00000000
21	8	1	84.00000000	80.00000000
21	9	1	84.00000000	80.00000000
21	10	1	84.00000000	80.00000000
21	11	1	84.00000000	80.00000000
21	12	1	84.00000000	80.00000000
21	13	1	84.00000000	80.00000000
21	14	1	84.00000000	80.00000000
21	15	1	84.00000000	80.00000000
21	16	1	84.00000000	80.00000000
21	17	1	84.00000000	80.00000000
21	18	1	84.00000000	80.00000000
21	19	1	84.00000000	80.00000000
21	20	1	84.00000000	80.00000000
21	21	1	84.00000000	80.00000000
21	22	1	84.00000000	80.00000000
21	23	1	84.00000000	80.00000000
21	24	1	84.00000000	80.00000000
21	25	1	84.00000000	80.00000000
21	26	1	84.00000000	80.00000000
21	27	1	84.00000000	80.00000000
21	28	1	84.00000000	80.00000000
21	29	1	84.00000000	80.00000000
21	30	1	84.00000000	80.00000000
21	31	1	84.00000000	80.00000000
21	32	1	84.00000000	80.00000000
21	33	1	84.00000000	80.00000000
21	34	1	84.00000000	80.00000000
21	35	1	84.00000000	80.00000000
21	36	1	84.00000000	80.00000000
21	37	1	84.00000000	80.00000000
21	38	1	84.00000000	80.00000000
21	39	1	84.00000000	80.00000000
21	40	1	84.00000000	80.00000000
21	41	1	84.00000000	80.00000000
21	42	1	84.00000000	80.00000000
21	43	1	84.00000000	80.00000000
21	44	1	84.00000000	80.00000000
21	45	1	84.00000000	80.00000000
21	46	1	84.00000000	80.00000000
21	47	1	84.00000000	80.00000000
21	48	1	84.00000000	80.00000000
21	49	1	84.00000000	80.00000000
21	50	1	84.00000000	80.00000000
21	51	1	84.00000000	80.00000000
21	52	1	84.00000000	80.00000000
21	53	1	84.00000000	80.00000000
21	54	1	84.00000000	80.00000000
21	55	1	84.00000000	80.00000000
21	56	1	84.00000000	80.00000000
21	57	1	84.00000000	80.00000000
21	58	1	84.00000000	80.00000000
21	59	1	84.00000000	80.00000000
21	60	1	84.00000000	80.00000000
21	61	1	84.00000000	80.00000000
21	62	1	84.00000000	80.00000000
21	63	1	84.00000000	80.00000000
21	64	1	84.00000000	80.00000000
21	65	1	84.00000000	80.00000000
21	66	1	84.00000000	80.00000000
21	67	1	84.00000000	80.00000000
21	68	1	84.00000000	80.00000000
21	69	1	84.00000000	80.00000000
21	70	1	84.00000000	80.00000000
21	71	1	84.00000000	80.00000000
21	72	1	84.00000000	80.00000000
21	73	1	84.00000000	80.00000000
21	74	1	84.00000000	80.00000000
21	75	1	84.00000000	80.00000000
21	76	1	84.00000000	80.00000000
21	77	1	84.00000000	80.00000000
21	78	1	84.00000000	80.00000000
21	79	1	84.00000000	80.00000000
21	80	1	84.00000000	80.00000000
21	81	1	84.00000000	80.00000000
21	82	1	84.00000000	80.00000000
21	83	1	84.00000000	80.00000000
21	84	1	84.00000000	80.00000000
21	85	1	84.00000000	80.00000000
21	86	1	84.00000000	80.00000000
21	87	1	84.00000000	80.00000000
21	88	1	84.00000000	80.00000000
21	89	1	84.00000000	80.00000000
21	90	1	84.00000000	80.00000000
21	91	1	84.00000000	80.00000000
21	92	1	84.00000000	80.00000000
21	93	1	84.00000000	80.00000000
21	94	1	84.00000000	80.00000000
21	95	1	84.00000000	80.00000000
21	96	1	84.00000000	80.00000000
21	97	1	84.00000000	80.00000000
21	98	1	84.00000000	80.00000000
21	99	1	84.00000000	80.00000000
21	100	1	84.00000000	80.00000000
21	101	1	84.00000000	80.00000000
21	102	1	84.00000000	80.00000000
21	103	1	84.00000000	80.00000000
21	104	1	84.00000000	80.00000000
21	105	1	84.00000000	80.00000000
21	106	1	84.00000000	80.00000000
21	107	1	84.00000000	80.00000000
21	108	1	84.00000000	80.00000000
21	109	1	84.00000000	80.00000000
21	110	1	84.00000000	80.00000000
21	111	1	84.00000000	80.00000000
21	112	1	84.00000000	80.00000000
21	113	1	84.00000000	80.00000000
21	114	1	84.00000000	80.00000000
21	115	1	84.00000000	80.00000000
21	116	1	84.00000000	80.00000000
21	117	1	84.00000000	80.00000000
21	118	1	84.00000000	80.00000000
21	119	1	84.00000000	80.00000000
21	120	1	84.00000000	80.00000000
21	121	1	84.00000000	80.00000000
21	122	1	84.00000000	80.00000000
21	123	1	84.00000000	80.00000000
21	124	1	84.00000000	80.00000000
21	125	1	84.00000000	80.00000000
21	126	1	84.00000000	80.00000000
21	127	1	84.00000000	80.00000000
21	128	1	84.00000000	80.00000000
21	129	1	84.00000000	80.00000000
21	130	1	84.00000000	80.00000000
21	131	1	84.00000000	80.00000000
21	132	1	84.00000000	80.00000000
21	133	1	84.00000000	80.00000000
21	134	1	84.00000000	80.00000000
21	135	1	84.00000000	80.00000000
21	136	1	84.00000000	80.00000000
21	137	1	84.00000000	80.00000000
21	138	1	84.00000000	80.00000000
21	139	1	84.00000000	80.00000000
21	140	1	84.00000000	80.00000000
21	141	1	84.00000000	80.00000000
21	142	1	84.00000000	80.00000000
21	143	1	84.00000000	80.00000000
21	144	1	84.00000000	80.00000000
21	145	1	84.00000000	80.00000000
21	146	1	84.00000000	80.00000000
21	147	1	84.00000000	80.00000000
21	148	1	84.00000000	80.00000000
21	149	1	84.00000000	80.00000000
21	150	1	84.00000000	80.00000000
21	151	1	84.00000000	80.00000000
21	152	1	84.00000000	80.00000000
21	153	1	84.00000000	80.00000000
21	154	1	84.00000000	80.00000000
21	155	1	84.00000000	80.00000000
21	156	1	84.00000000	80.00000000
21	157	1	84.00000000	80.00000000
21	158	1	84.00000000	80.00000000
21	159	1	84.00000000	80.00000000
21	160	1	84.00000000	80.00000000
21	161	1	84.00000000	80.00000000
21	162	1	84.00000000	80.00000000
21	163	1	84.00000000	80.00000000
21	164	1	84.00000000	80.00000000
21	165	1	84.00000000	80.00000000
21	166	1	84.00000000	80.00000000
21	167	1	84.00000000	80.00000000
21	168	1	84.00000000	80.00000000
21	169	1	84.00000000	80.00000000
21	170	1	84.00000000	80.00000000
21	171	1	84.00000000	80.00000000
21	172	1	84.00000000	80.00000000
21	173	1	84.00000000	80.00000000
21	174	1	84.00000000	80.00000000
21	175	1	84.00000000	80.00000000
21	176	1	84.00000000	80.00000000
21	177	1	84.00000000	80.00000000
21	178	1	84.00000000	80.00000000
21	179	1	84.00000000	80.00000000
21	180	1	84.00000000	80.00000000
21	181	1	84.00000000	80.00000000
21	182	1	84.00000000	80.00000000
21	183	1	84.00000000	80.00000000
21	184	1	84.00000000	80.00000000
21	185	1	84.00000000	80.00000000
21	186	1	84.00000000	80.00000000
21	187	1	84.00000000	80.00000000
21	188	1	84.00000000	80.00000000
21	189	1	84.00000000	80.00000000
21	190	1	84.00000000	80.00000000
21	191	1	84.00000000	80.00000000
21	192	1	84.00000000	80.00000000
21	193	1	84.00000000	80.00000000
21	194	1	84.00000000	80.00000000
21	195	1	84.00000000	80.00000000
21	196	1	84.00000000	80.00000000
21	197	1	84.00000000	80.00000000
21	198	1	84.00000000	80.00000000
21	199	1	84.00000000	80.00000000
21	200	1	84.00000000	80.00000000
21	201	1	84.00000000	80.00000000
21	202	1	84.00000000	80.00000000
21	203	1	84.00000000	80.00000000
21	204	1	84.00000000	80.00000000
21	205	1	84.00000000	80.00000000
21	206	1	84.00000000	80.00000000
21	207	1	84.00000000	80.00000000
21	208	1	84.00000000	80.00000000
21	209	1	84.00000000	80.00000000
21	210	1	84.00000000	80.00000000
21	211	1	84.00000000	80.00000000
21	212	1	84.00000000	80.00000000
21	213	1	84.00000000	80.00000000
21	214	1	84.00000000	80.00000000
21	215	1	84.00000000	80.00000000
21	216	1	84.00000000	80.00000000
21	217	1	84.00000000	80.00000000
21	218	1	84.00000000	80.00000000
21	219	1	84.00000000	80.00000000
21	220	1	84.00000000	80.00000000
21	221	1	84.00000000	80.00000000
21	222	1	84.00000000	80.00000000
21	223	1	84.00000000	80.00000000
21	224	1	84.00000000	80.00000000
21	225	1	84.00000000	80.00000000
21	226	1	84.00000000	80.00000000
21	227	1	84.00000000	80.00000000
21	228	1	84.00000000	80.00000000
21	229	1	84.00000000	80.00000000
21	230	1	84.00000000	80.00000000
21	231	1	84.00000000	80.00000000
22	0	1	84.00000000	80.00000000
22	1	1	84.00000000	80.00000000
22	2	1	84.00000000	80.00000000
22	3	1	84.00000000	80.00000000
22	4	1	84.00000000	80.00000000
22	5	1	84.00000000	80.00000000
22	6	1	84.00000000	80.00000000
22	7	1	84.00000000	80.00000000
22	8	1	84.00000000	80.00000000
22	9	1	84.00000000	80.00000000
22	10	1	84.00000000	80.00000000
22	11	1	84.00000000	80.00000000
22	12	1	84.00000000	80.00000000
22	13	1	84.00000000	80.00000000
22	14	1	84.00000000	80.00000000
22	15	1	84.00000000	80.00000000
22	16	1	84.00000000	80.00000000
22	17	1	84.00000000	80.00000000
22	18	1	84.00000000	80.00000000
22	19	1	84.00000000	80.00000000
22	20	1	84.00000000	80.00000000
22	21	1	84.00000000	80.00000000
22	22	1	84.00000000	80.00000000
22	23	1	84.00000000	80.00000000
22	24	1	84.00000000	80.00000000
22	25	1	84.00000000	80.00000000
22	26	1	84.00000000	80.00000000
22	27	1	84.00000000	80.00000000
22	28	1	84.00000000	80.00000000
22	29	1	84.00000000	80.00000000
22	30	1	84.00000000	80.00000000
22	31	1	84.00000000	80.00000000
22	32	1	84.00000000	80.00000000
22	33	1	84.00000000	80.00000000
22	34	1	84.00000000	80.00000000
22	35	1	84.00000000	80.00000000
22	36	1	84.00000000	80.00000000
22	37	1	84.00000000	80.00000000
22	38	1	84.00000000	80.00000000
22	39	1	84.00000000	80.00000000
22	40	1	84.00000000	80.00000000
22	41	1	84.00000000	80.00000000
22	42	1	84.00000000	80.00000000
22	43	1	84.00000000	80.00000000
22	44	1	84.00000000	80.00000000
22	45	1	84.00000000	80.00000000
22	46	1	84.00000000	80.00000000
22	47	1	84.00000000	80.00000000
22	48	1	84.00000000	80.00000000
22	49	1	84.00000000	80.00000000
22	50	1	84.00000000	80.00000000
22	51	1	84.00000000	80.00000000
22	52	1	84.00000000	80.00000000
22	53	1	84.00000000	80.00000000
22	54	1	84.00000000	80.00000000
22	55	1	84.00000000	80.00000000
22	56	1	84.00000000	80.00000000
22	57	1	84.00000000	80.00000000
22	58	1	84.00000000	80.00000000
22	59	1	84.00000000	80.00000000
22	60	1	84.00000000	80.00000000
22	61	1	84.00000000	80.00000000
22	62	1	84.00000000	80.00000000
22	63	1	84.00000000	80.00000000
22	64	1	84.00000000	80.00000000
22	65	1	84.00000000	80.00000000
22	66	1	84.00000000	80.00000000
22	67	1	84.00000000	80.00000000
22	68	1	84.00000000	80.00000000
22	69	1	84.00000000	80.00000000
22	70	1	84.00000000	80.00000000
22	71	1	84.00000000	80.00000000
22	72	1	84.00000000	80.00000000
22	73	1	84.00000000	80.00000000
22	74	1	84.00000000	80.00000000
22	75	1	84.00000000	80.00000000
22	76	1	84.00000000	80.00000000
22	77	1	84.00000000	80.00000000
22	78	1	84.00000000	80.00000000
22	79	1	84.00000000	80.00000000
22	80	1	84.00000000	80.00000000
22	81	1	84.00000000	80.00000000
22	82	1	84.00000000	80.00000000
22	83	1	84.00000000	80.00000000
22	84	1	84.00000000	80.00000000
22	85	1	84.00000000	80.00000000
22	86	1	84.00000000	80.00000000
22	87	1	84.00000000	80.00000000
22	88	1	84.00000000	80.00000000
22	89	1	84.00000000	80.00000000
22	90	1	84.00000000	80.00000000
22	91	1	84.00000000	80.00000000
22	92	1	84.00000000	80.00000000
22	93	1	84.00000000	80.00000000
22	94	1	84.00000000	80.00000000
22	95	1	84.00000000	80.00000000
22	96	1	84.00000000	80.00000000
22	97	1	84.00000000	80.00000000
22	98	1	84.00000000	80.00000000
22	99	1	84.00000000	80.00000000
22	100	1	84.00000000	80.00000000
22	101	1	84.00000000	80.00000000
22	102	1	84.00000000	80.00000000
22	103	1	84.00000000	80.00000000
22	104	1	84.00000000	80.00000000
22	105	1	84.00000000	80.00000000
22	106	1	84.00000000	80.00000000
22	107	1	84.00000000	80.00000000
22	108	1	84.00000000	80.00000000
22	109	1	84.00000000	80.00000000
22	110	1	84.00000000	80.00000000
22	111	1	84.00000000	80.00000000
22	112	1	84.00000000	80.00000000
22	113	1	84.00000000	80.00000000
22	114	1	84.00000000	80.00000000
22	115	1	84.00000000	80.00000000
22	116	1	84.00000000	80.00000000
22	117	1	84.00000000	80.00000000
22	118	1	84.00000000	80.00000000
22	119	1	84.00000000	80.00000000
22	120	1	84.00000000	80.00000000
22	121	1	84.00000000	80.00000000
22	122	1	84.00000000	80.00000000
22	123	1	84.00000000	80.00000000
22	124	1	84.00000000	80.00000000
22	125	1	84.00000000	80.00000000
22	126	1	84.00000000	80.00000000
22	127	1	84.00000000	80.00000000
22	128	1	84.00000000	80.00000000
22	129	1	84.00000000	80.00000000
22	130	1	84.00000000	80.00000000
22	131	1	84.00000000	80.00000000
22	132	1	84.00000000	80.00000000
22	133	1	84.00000000	80.00000000
22	134	1	84.00000000	80.00000000
22	135	1	84.00000000	80.00000000
22	136	1	84.00000000	80.00000000
22	137	1	84.00000000	80.00000000
22	138	1	84.00000000	80.00000000
22	139	1	84.00000000	80.00000000
22	140	1	84.00000000	80.00000000
22	141	1	84.00000000	80.00000000
22	142	1	84.00000000	80.00000000
22	143	1	84.00000000	80.00000000
22	144	1	84.00000000	80.00000000
22	145	1	84.00000000	80.00000000
22	146	1	84.00000000	80.00000000
22	147	1	84.00000000	80.00000000
22	148	1	84.00000000	80.00000000
22	149	1	84.00000000	80.00000000
22	150	1	84.00000000	80.00000000
22	151	1	84.00000000	80.00000000
22	152	1	84.00000000	80.00000000
22	153	1	84.00000000	80.00000000
22	154	1	84.00000000	80.00000000
22	155	1	84.00000000	80.00000000
22	156	1	84.00000000	80.00000000
22	157	1	84.00000000	80.00000000
22	158	1	84.00000000	80.00000000
22	159	1	84.00000000	80.00000000
22	160	1	84.00000000	80.00000000
22	161	1	84.00000000	80.00000000
22	162	1	84.00000000	80.00000000
22	163	1	84.00000000	80.00000000
22	164	1	84.00000000	80.00000000
22	165	1	84.00000000	80.00000000
22	166	1	84.00000000	80.00000000
22	167	1	84.00000000	80.00000000
22	168	1	84.00000000	80.00000000
22	169	1	84.00000000	80.00000000
22	170	1	84.00000000	80.00000000
22	171	1	84.00000000	80.00000000
22	172	1	84.00000000	80.00000000
22	173	1	84.00000000	80.00000000
22	174	1	84.00000000	80.00000000
22	175	1	84.00000000	80.00000000
22	176	1	84.00000000	80.00000000
22	177	1	84.00000000	80.00000000
22	178	1	84.00000000	80.00000000
22	179	1	84.00000000	80.00000000
22	180	1	84.00000000	80.00000000
22	181	1	84.00000000	80.00000000
22	182	1	84.00000000	80.00000000
22	183	1	84.00000000	80.00000000
22	184	1	84.00000000	80.00000000
22	185	1	84.00000000	80.00000000
22	186	1	84.00000000	80.00000000
22	187	1	84.00000000	80.00000000
22	188	1	84.00000000	80.00000000
22	189	1	84.00000000	80.00000000
22	190	1	84.00000000	80.00000000
22	191	1	84.00000000	80.00000000
22	192	1	84.00000000	80.00000000
22	193	1	84.00000000	80.00000000
22	194	1	84.00000000	80.00000000
22	195	1	84.00000000	80.00000000
22	196	1	84.00000000	80.00000000
22	197	1	84.00000000	80.00000000
22	198	1	84.00000000	80.00000000
22	199	1	84.00000000	80.00000000
22	200	1	84.00000000	80.00000000
22	201	1	84.00000000	80.00000000
22	202	1	84.00000000	80.00000000
22	203	1	84.00000000	80.00000000
22	204	1	84.00000000	80.00000000
22	205	1	84.00000000	80.00000000
22	206	1	84.00000000	80.00000000
22	207	1	84.00000000	80.00000000
22	208	1	84.00000000	80.00000000
22	209	1	84.00000000	80.00000000
22	210	1	84.00000000	80.00000000
22	211	1	84.00000000	80.00000000
22	212	1	84.00000000	80.00000000
22	213	1	84.00000000	80.00000000
22	214	1	84.00000000	80.00000000
22	215	1	84.00000000	80.00000000
22	216	1	84.00000000	80.00000000
22	217	1	84.00000000	80.00000000
23	0	1	84.00000000	80.00000000
23	1	1	84.00000000	80.00000000
23	2	1	84.00000000	80.00000000
23	3	1	84.00000000	80.00000000
23	4	1	84.00000000	80.00000000
23	5	1	84.00000000	80.00000000
23	6	1	84.00000000	80.00000000
23	7	1	84.00000000	80.00000000
23	8	1	84.00000000	80.00000000
23	9	1	84.00000000	80.00000000
23	10	1	84.00000000	80.00000000
23	11	1	84.00000000	80.00000000
23	12	1	84.00000000	80.00000000
23	13	1	84.00000000	80.00000000
23	14	1	84.00000000	80.00000000
23	15	1	84.00000000	80.00000000
23	16	1	84.00000000	80.00000000
23	17	1	84.00000000	80.00000000
23	18	1	84.00000000	80.00000000
23	19	1	84.00000000	80.00000000
23	20	1	84.00000000	80.00000000
23	21	1	84.00000000	80.00000000
23	22	1	84.00000000	80.00000000
23	23	1	84.00000000	80.00000000
23	24	1	84.00000000	80.00000000
23	25	1	84.00000000	80.00000000
23	26	1	84.00000000	80.00000000
23	27	1	84.00000000	80.00000000
23	28	1	84.00000000	80.00000000
23	29	1	84.00000000	80.00000000
23	30	1	84.00000000	80.00000000
23	31	1	84.00000000	80.00000000
23	32	1	84.00000000	80.00000000
23	33	1	84.00000000	80.00000000
23	34	1	84.00000000	80.00000000
23	35	1	84.00000000	80.00000000
23	36	1	84.00000000	80.00000000
23	37	1	84.00000000	80.00000000
23	38	1	84.00000000	80.00000000
23	39	1	84.00000000	80.00000000
23	40	1	84.00000000	80.00000000
23	41	1	84.00000000	80.00000000
23	42	1	84.00000000	80.00000000
23	43	1	84.00000000	80.00000000
23	44	1	84.00000000	80.00000000
23	45	1	84.00000000	80.00000000
23	46	1	84.00000000	80.00000000
23	47	1	84.00000000	80.00000000
23	48	1	84.00000000	80.00000000
23	49	1	84.00000000	80.00000000
23	50	1	84.00000000	80.00000000
23	51	1	84.00000000	80.00000000
23	52	1	84.00000000	80.00000000
23	53	1	84.00000000	80.00000000
23	54	1	84.00000000	80.00000000
23	55	1	84.00000000	80.00000000
23	56	1	84.00000000	80.00000000
23	57	1	84.00000000	80.00000000
23	58	1	84.00000000	80.00000000
23	59	1	84.00000000	80.00000000
23	60	1	84.00000000	80.00000000
23	61	1	84.00000000	80.00000000
23	62	1	84.00000000	80.00000000
23	63	1	84.00000000	80.00000000
23	64	1	84.00000000	80.00000000
23	65	1	84.00000000	80.00000000
23	66	1	84.00000000	80.00000000
23	67	1	84.00000000	80.00000000
23	68	1	84.00000000	80.00000000
23	69	1	84.00000000	80.00000000
23	70	1	84.00000000	80.00000000
23	71	1	84.00000000	80.00000000
23	72	1	84.00000000	80.00000000
23	73	1	84.00000000	80.00000000
23	74	1	84.00000000	80.00000000
23	75	1	84.00000000	80.00000000
23	76	1	84.00000000	80.00000000
23	77	1	84.00000000	80.00000000
23	78	1	84.00000000	80.00000000
23	79	1	84.00000000	80.00000000
23	80	1	84.00000000	80.00000000
23	81	1	84.00000000	80.00000000
23	82	1	84.00000000	80.00000000
23	83	1	84.00000000	80.00000000
23	84	1	84.00000000	80.00000000
23	85	1	84.00000000	80.00000000
23	86	1	84.00000000	80.00000000
23	87	1	84.00000000	80.00000000
23	88	1	84.00000000	80.00000000
23	89	1	84.00000000	80.00000000
23	90	1	84.00000000	80.00000000
23	91	1	84.00000000	80.00000000
23	92	1	84.00000000	80.00000000
23	93	1	84.00000000	80.00000000
23	94	1	84.00000000	80.00000000
23	95	1	84.00000000	80.00000000
23	96	1	84.00000000	80.00000000
23	97	1	84.00000000	80.00000000
23	98	1	84.00000000	80.00000000
23	99	1	84.00000000	80.00000000
23	100	1	84.00000000	80.00000000
23	101	1	84.00000000	80.00000000
23	102	1	84.00000000	80.00000000
23	103	1	84.00000000	80.00000000
23	104	1	84.00000000	80.00000000
23	105	1	84.00000000	80.00000000
23	106	1	84.00000000	80.00000000
23	107	1	84.00000000	80.00000000
23	108	1	84.00000000	80.00000000
23	109	1	84.00000000	80.00000000
23	110	1	84.00000000	80.00000000
23	111	1	84.00000000	80.00000000
23	112	1	84.00000000	80.00000000
23	113	1	84.00000000	80.00000000
23	114	1	84.00000000	80.00000000
23	115	1	84.00000000	80.00000000
23	116	1	84.00000000	80.00000000
23	117	1	84.00000000	80.00000000
23	118	1	84.00000000	80.00000000
23	119	1	84.00000000	80.00000000
23	120	1	84.00000000	80.00000000
23	121	1	84.00000000	80.00000000
23	122	1	84.00000000	80.00000000
23	123	1	84.00000000	80.00000000
23	124	1	84.00000000	80.00000000
23	125	1	84.00000000	80.00000000
23	126	1	84.00000000	80.00000000
23	127	1	84.00000000	80.00000000
23	128	1	84.00000000	80.00000000
23	129	1	84.00000000	80.00000000
23	130	1	84.00000000	80.00000000
23	131	1	84.00000000	80.00000000
23	132	1	84.00000000	80.00000000
23	133	1	84.00000000	80.00000000
23	134	1	84.00000000	80.00000000
23	135	1	84.00000000	80.00000000
23	136	1	84.00000000	80.00000000
23	137	1	84.00000000	80.00000000
23	138	1	84.00000000	80.00000000
23	139	1	84.00000000	80.00000000
23	140	1	84.00000000	80.00000000
23	141	1	84.00000000	80.00000000
23	142	1	84.00000000	80.00000000
23	143	1	84.00000000	80.00000000
23	144	1	84.00000000	80.00000000
23	145	1	84.00000000	80.00000000
23	146	1	84.00000000	80.00000000
23	147	1	84.00000000	80.00000000
23	148	1	84.00000000	80.00000000
23	149	1	84.00000000	80.00000000
23	150	1	84.00000000	80.00000000
23	151	1	84.00000000	80.00000000
23	152	1	84.00000000	80.00000000
23	153	1	84.00000000	80.00000000
23	154	1	84.00000000	80.00000000
23	155	1	84.00000000	80.00000000
23	156	1	84.00000000	80.00000000
23	157	1	84.00000000	80.00000000
23	158	1	84.00000000	80.00000000
23	159	1	84.00000000	80.00000000
23	160	1	84.00000000	80.00000000
23	161	1	84.00000000	80.00000000
23	162	1	84.00000000	80.00000000
23	163	1	84.00000000	80.00000000
23	164	1	84.00000000	80.00000000
23	165	1	84.00000000	80.00000000
23	166	1	84.00000000	80.00000000
23	167	1	84.00000000	80.00000000
23	168	1	84.00000000	80.00000000
23	169	1	84.00000000	80.00000000
23	170	1	84.00000000	80.00000000
23	171	1	84.00000000	80.00000000
23	172	1	84.00000000	80.00000000
23	173	1	84.00000000	80.00000000
23	174	1	84.00000000	80.00000000
23	175	1	84.00000000	80.00000000
23	176	1	84.00000000	80.00000000
23	177	1	84.00000000	80.00000000
23	178	1	84.00000000	80.00000000
23	179	1	84.00000000	80.00000000
23	180	1	84.00000000	80.00000000
23	181	1	84.00000000	80.00000000
23	182	1	84.00000000	80.00000000
23	183	1	84.00000000	80.00000000
23	184	1	84.00000000	80.00000000
23	185	1	84.00000000	80.00000000
23	186	1	84.00000000	80.00000000
23	187	1	84.00000000	80.00000000
23	188	1	84.00000000	80.00000000
23	189	1	84.00000000	80.00000000
23	190	1	84.00000000	80.00000000
23	191	1	84.00000000	80.00000000
23	192	1	84.00000000	80.00000000
23	193	1	84.00000000	80.00000000
23	194	1	84.00000000	80.00000000
23	195	1	84.00000000	80.00000000
23	196	1	84.00000000	80.00000000
23	197	1	84.00000000	80.00000000
23	198	1	84.00000000	80.00000000
23	199	1	84.00000000	80.00000000
23	200	1	84.00000000	80.00000000
23	201	1	84.00000000	80.00000000
23	202	1	84.00000000	80.00000000
23	203	1	84.00000000	80.00000000
23	204	1	84.00000000	80.00000000
23	205	1	84.00000000	80.00000000
23	206	1	84.00000000	80.00000000
23	207	1	84.00000000	80.00000000
23	208	1	84.00000000	80.00000000
23	209	1	84.00000000	80.00000000
24	0	1	84.00000000	80.00000000
24	1	1	84.00000000	80.00000000
24	2	1	84.00000000	80.00000000
24	3	1	84.00000000	80.00000000
24	4	1	84.00000000	80.00000000
24	5	1	84.00000000	80.00000000
24	6	1	84.00000000	80.00000000
24	7	1	84.00000000	80.00000000
24	8	1	84.00000000	80.00000000
24	9	1	84.00000000	80.00000000
24	10	1	84.00000000	80.00000000
24	11	1	84.00000000	80.00000000
24	12	1	84.00000000	80.00000000
24	13	1	84.00000000	80.00000000
24	14	1	84.00000000	80.00000000
24	15	1	84.00000000	80.00000000
24	16	1	84.00000000	80.00000000
24	17	1	84.00000000	80.00000000
24	18	1	84.00000000	80.00000000
24	19	1	84.00000000	80.00000000
24	20	1	84.00000000	80.00000000
24	21	1	84.00000000	80.00000000
24	22	1	84.00000000	80.00000000
24	23	1	84.00000000	80.00000000
24	24	1	84.00000000	80.00000000
24	25	1	84.00000000	80.00000000
24	26	1	84.00000000	80.00000000
24	27	1	84.00000000	80.00000000
24	28	1	84.00000000	80.00000000
24	29	1	84.00000000	80.00000000
24	30	1	84.00000000	80.00000000
24	31	1	84.00000000	80.00000000
24	32	1	84.00000000	80.00000000
24	33	1	84.00000000	80.00000000
24	34	1	84.00000000	80.00000000
24	35	1	84.00000000	80.00000000
24	36	1	84.00000000	80.00000000
24	37	1	84.00000000	80.00000000
24	38	1	84.00000000	80.00000000
24	39	1	84.00000000	80.00000000
24	40	1	84.00000000	80.00000000
24	41	1	84.00000000	80.00000000
24	42	1	84.00000000	80.00000000
24	43	1	84.00000000	80.00000000
24	44	1	84.00000000	80.00000000
24	45	1	84.00000000	80.00000000
24	46	1	84.00000000	80.00000000
24	47	1	84.00000000	80.00000000
24	48	1	84.00000000	80.00000000
24	49	1	84.00000000	80.00000000
24	50	1	84.00000000	80.00000000
24	51	1	84.00000000	80.00000000
24	52	1	84.00000000	80.00000000
24	53	1	84.00000000	80.00000000
24	54	1	84.00000000	80.00000000
24	55	1	84.00000000	80.00000000
24	56	1	84.00000000	80.00000000
24	57	1	84.00000000	80.00000000
24	58	1	84.00000000	80.00000000
24	59	1	84.00000000	80.00000000
24	60	1	84.00000000	80.00000000
24	61	1	84.00000000	80.00000000
24	62	1	84.00000000	80.00000000
24	63	1	84.00000000	80.00000000
24	64	1	84.00000000	80.00000000
24	65	1	84.00000000	80.00000000
24	66	1	84.00000000	80.00000000
24	67	1	84.00000000	80.00000000
24	68	1	84.00000000	80.00000000
24	69	1	84.00000000	80.00000000
24	70	1	84.00000000	80.00000000
24	71	1	84.00000000	80.00000000
24	72	1	84.00000000	80.00000000
24	73	1	84.00000000	80.00000000
24	74	1	84.00000000	80.00000000
24	75	1	84.00000000	80.00000000
24	76	1	84.00000000	80.00000000
24	77	1	84.00000000	80.00000000
24	78	1	84.00000000	80.00000000
24	79	1	84.00000000	80.00000000
24	80	1	84.00000000	80.00000000
24	81	1	84.00000000	80.00000000
24	82	1	84.00000000	80.00000000
24	83	1	84.00000000	80.00000000
24	84	1	84.00000000	80.00000000
24	85	1	84.00000000	80.00000000
24	86	1	84.00000000	80.00000000
24	87	1	84.00000000	80.00000000
24	88	1	84.00000000	80.00000000
24	89	1	84.00000000	80.00000000
24	90	1	84.00000000	80.00000000
24	91	1	84.00000000	80.00000000
24	92	1	84.00000000	80.00000000
24	93	1	84.00000000	80.00000000
24	94	1	84.00000000	80.00000000
24	95	1	84.00000000	80.00000000
24	96	1	84.00000000	80.00000000
24	97	1	84.00000000	80.00000000
24	98	1	84.00000000	80.00000000
24	99	1	84.00000000	80.00000000
24	100	1	84.00000000	80.00000000
24	101	1	84.00000000	80.00000000
24	102	1	84.00000000	80.00000000
24	103	1	84.00000000	80.00000000
24	104	1	84.00000000	80.00000000
24	105	1	84.00000000	80.00000000
24	106	1	84.00000000	80.00000000
24	107	1	84.00000000	80.00000000
24	108	1	84.00000000	80.00000000
24	109	1	84.00000000	80.00000000
24	110	1	84.00000000	80.00000000
24	111	1	84.00000000	80.00000000
24	112	1	84.00000000	80.00000000
24	113	1	84.00000000	80.00000000
24	114	1	84.00000000	80.00000000
24	115	1	84.00000000	80.00000000
24	116	1	84.00000000	80.00000000
24	117	1	84.00000000	80.00000000
24	118	1	84.00000000	80.00000000
24	119	1	84.00000000	80.00000000
24	120	1	84.00000000	80.00000000
24	121	1	84.00000000	80.00000000
24	122	1	84.00000000	80.00000000
24	123	1	84.00000000	80.00000000
24	124	1	84.00000000	80.00000000
24	125	1	84.00000000	80.00000000
24	126	1	84.00000000	80.00000000
24	127	1	84.00000000	80.00000000
24	128	1	84.00000000	80.00000000
24	129	1	84.00000000	80.00000000
24	130	1	84.00000000	80.00000000
24	131	1	84.00000000	80.00000000
24	132	1	84.00000000	80.00000000
24	133	1	84.00000000	80.00000000
24	134	1	84.00000000	80.00000000
24	135	1	84.00000000	80.00000000
24	136	1	84.00000000	80.00000000
24	137	1	84.00000000	80.00000000
24	138	1	84.00000000	80.00000000
24	139	1	84.00000000	80.00000000
24	140	1	84.00000000	80.00000000
24	141	1	84.00000000	80.00000000
24	142	1	84.00000000	80.00000000
24	143	1	84.00000000	80.00000000
24	144	1	84.00000000	80.00000000
24	145	1	84.00000000	80.00000000
24	146	1	84.00000000	80.00000000
24	147	1	84.00000000	80.00000000
24	148	1	84.00000000	80.00000000
24	149	1	84.00000000	80.00000000
24	150	1	84.00000000	80.00000000
24	151	1	84.00000000	80.00000000
24	152	1	84.00000000	80.00000000
24	153	1	84.00000000	80.00000000
24	154	1	84.00000000	80.00000000
24	155	1	84.00000000	80.00000000
24	156	1	84.00000000	80.00000000
24	157	1	84.00000000	80.00000000
24	158	1	84.00000000	80.00000000
24	159	1	84.00000000	80.00000000
24	160	1	84.00000000	80.00000000
24	161	1	84.00000000	80.00000000
24	162	1	84.00000000	80.00000000
24	163	1	84.00000000	80.00000000
24	164	1	84.00000000	80.00000000
24	165	1	84.00000000	80.00000000
24	166	1	84.00000000	80.00000000
24	167	1	84.00000000	80.00000000
24	168	1	84.00000000	80.00000000
24	169	1	84.00000000	80.00000000
24	170	1	84.00000000	80.00000000
24	171	1	84.00000000	80.00000000
24	172	1	84.00000000	80.00000000
24	173	1	84.00000000	80.00000000
24	174	1	84.00000000	80.00000000
24	175	1	84.00000000	80.00000000
24	176	1	84.00000000	80.00000000
24	177	1	84.00000000	80.00000000
24	178	1	84.00000000	80.00000000
24	179	1	84.00000000	80.00000000
24	180	1	84.00000000	80.00000000
24	181	1	84.00000000	80.00000000
24	182	1	84.00000000	80.00000000
24	183	1	84.00000000	80.00000000
24	184	1	84.00000000	80.00000000
24	185	1	84.00000000	80.00000000
24	186	1	84.00000000	80.00000000
24	187	1	84.00000000	80.00000000
24	188	1	84.00000000	80.00000000
24	189	1	84.00000000	80.00000000
24	190	1	84.00000000	80.00000000
24	191	1	84.00000000	80.00000000
24	192	1	84.00000000	80.00000000
24	193	1	84.00000000	80.00000000
24	194	1	84.00000000	80.00000000
24	195	1	84.00000000	80.00000000
24	196	1	84.00000000	80.00000000
24	197	1	84.00000000	80.00000000
24	198	1	84.00000000	80.00000000
24	199	1	84.00000000	80.00000000
24	200	1	84.00000000	80.00000000
24	201	1	84.00000000	80.00000000
24	202	1	84.00000000	80.00000000
24	203	1	84.00000000	80.00000000
24	204	1	84.00000000	80.00000000
24	205	1	84.00000000	80.00000000
25	0	1	84.00000000	80.00000000
25	1	1	84.00000000	80.00000000
25	2	1	84.00000000	80.00000000
25	3	1	84.00000000	80.00000000
25	4	1	84.00000000	80.00000000
25	5	1	84.00000000	80.00000000
25	6	1	84.00000000	80.00000000
25	7	1	84.00000000	80.00000000
25	8	1	84.00000000	80.00000000
25	9	1	84.00000000	80.00000000
25	10	1	84.00000000	80.00000000
25	11	1	84.00000000	80.00000000
25	12	1	84.00000000	80.00000000
25	13	1	84.00000000	80.00000000
25	14	1	84.00000000	80.00000000
25	15	1	84.00000000	80.00000000
25	16	1	84.00000000	80.00000000
25	17	1	84.00000000	80.00000000
25	18	1	84.00000000	80.00000000
25	19	1	84.00000000	80.00000000
25	20	1	84.00000000	80.00000000
25	21	1	84.00000000	80.00000000
25	22	1	84.00000000	80.00000000
25	23	1	84.00000000	80.00000000
25	24	1	84.00000000	80.00000000
25	25	1	84.00000000	80.00000000
25	26	1	84.00000000	80.00000000
25	27	1	84.00000000	80.00000000
25	28	1	84.00000000	80.00000000
25	29	1	84.00000000	80.00000000
25	30	1	84.00000000	80.00000000
25	31	1	84.00000000	80.00000000
25	32	1	84.00000000	80.00000000
25	33	1	84.00000000	80.00000000
25	34	1	84.00000000	80.00000000
25	35	1	84.00000000	80.00000000
25	36	1	84.00000000	80.00000000
25	37	1	84.00000000	80.00000000
25	38	1	84.00000000	80.00000000
25	39	1	84.00000000	80.00000000
25	40	1	84.00000000	80.00000000
25	41	1	84.00000000	80.00000000
25	42	1	84.00000000	80.00000000
25	43	1	84.00000000	80.00000000
25	44	1	84.00000000	80.00000000
25	45	1	84.00000000	80.00000000
25	46	1	84.00000000	80.00000000
25	47	1	84.00000000	80.00000000
25	48	1	84.00000000	80.00000000
25	49	1	84.00000000	80.00000000
25	50	1	84.00000000	80.00000000
25	51	1	84.00000000	80.00000000
25	52	1	84.00000000	80.00000000
25	53	1	84.00000000	80.00000000
25	54	1	84.00000000	80.00000000
25	55	1	84.00000000	80.00000000
25	56	1	84.00000000	80.00000000
25	57	1	84.00000000	80.00000000
25	58	1	84.00000000	80.00000000
25	59	1	84.00000000	80.00000000
25	60	1	84.00000000	80.00000000
25	61	1	84.00000000	80.00000000
25	62	1	84.00000000	80.00000000
25	63	1	84.00000000	80.00000000
25	64	1	84.00000000	80.00000000
25	65	1	84.00000000	80.00000000
25	66	1	84.00000000	80.00000000
25	67	1	84.00000000	80.00000000
25	68	1	84.00000000	80.00000000
25	69	1	84.00000000	80.00000000
25	70	1	84.00000000	80.00000000
25	71	1	84.00000000	80.00000000
25	72	1	84.00000000	80.00000000
25	73	1	84.00000000	80.00000000
25	74	1	84.00000000	80.00000000
25	75	1	84.00000000	80.00000000
25	76	1	84.00000000	80.00000000
25	77	1	84.00000000	80.00000000
25	78	1	84.00000000	80.00000000
25	79	1	84.00000000	80.00000000
25	80	1	84.00000000	80.00000000
25	81	1	84.00000000	80.00000000
25	82	1	84.00000000	80.00000000
25	83	1	84.00000000	80.00000000
25	84	1	84.00000000	80.00000000
25	85	1	84.00000000	80.00000000
25	86	1	84.00000000	80.00000000
25	87	1	84.00000000	80.00000000
25	88	1	84.00000000	80.00000000
25	89	1	84.00000000	80.00000000
25	90	1	84.00000000	80.00000000
25	91	1	84.00000000	80.00000000
25	92	1	84.00000000	80.00000000
25	93	1	84.00000000	80.00000000
25	94	1	84.00000000	80.00000000
25	95	1	84.00000000	80.00000000
25	96	1	84.00000000	80.00000000
25	97	1	84.00000000	80.00000000
25	98	1	84.00000000	80.00000000
25	99	1	84.00000000	80.00000000
25	100	1	84.00000000	80.00000000
25	101	1	84.00000000	80.00000000
25	102	1	84.00000000	80.00000000
25	103	1	84.00000000	80.00000000
25	104	1	84.00000000	80.00000000
25	105	1	84.00000000	80.00000000
25	106	1	84.00000000	80.00000000
25	107	1	84.00000000	80.00000000
25	108	1	84.00000000	80.00000000
25	109	1	84.00000000	80.00000000
25	110	1	84.00000000	80.00000000
25	111	1	84.00000000	80.00000000
25	112	1	84.00000000	80.00000000
25	113	1	84.00000000	80.00000000
25	114	1	84.00000000	80.00000000
25	115	1	84.00000000	80.00000000
25	116	1	84.00000000	80.00000000
25	117	1	84.00000000	80.00000000
25	118	1	84.00000000	80.00000000
25	119	1	84.00000000	80.00000000
25	120	1	84.00000000	80.00000000
25	121	1	84.00000000	80.00000000
25	122	1	84.00000000	80.00000000
25	123	1	84.00000000	80.00000000
25	124	1	84.00000000	80.00000000
25	125	1	84.00000000	80.00000000
25	126	1	84.00000000	80.00000000
25	127	1	84.00000000	80.00000000
25	128	1	84.00000000	80.00000000
25	129	1	84.00000000	80.00000000
25	130	1	84.00000000	80.00000000
25	131	1	84.00000000	80.00000000
25	132	1	84.00000000	80.00000000
25	133	1	84.00000000	80.00000000
25	134	1	84.00000000	80.00000000
25	135	1	84.00000000	80.00000000
25	136	1	84.00000000	80.00000000
25	137	1	84.00000000	80.00000000
25	138	1	84.00000000	80.00000000
25	139	1	84.00000000	80.00000000
25	140	1	84.00000000	80.00000000
25	141	1	84.00000000	80.00000000
25	142	1	84.00000000	80.00000000
25	143	1	84.00000000	80.00000000
25	144	1	84.00000000	80.00000000
25	145	1	84.00000000	80.00000000
25	146	1	84.00000000	80.00000000
25	147	1	84.00000000	80.00000000
25	148	1	84.00000000	80.00000000
25	149	1	84.00000000	80.00000000
25	150	1	84.00000000	80.00000000
25	151	1	84.00000000	80.00000000
25	152	1	84.00000000	80.00000000
25	153	1	84.00000000	80.00000000
25	154	1	84.00000000	80.00000000
25	155	1	84.00000000	80.00000000
25	156	1	84.00000000	80.00000000
25	157	1	84.00000000	80.00000000
25	158	1	84.00000000	80.00000000
25	159	1	84.00000000	80.00000000
25	160	1	84.00000000	80.00000000
25	161	1	84.00000000	80.00000000
25	162	1	84.00000000	80.00000000
25	163	1	84.00000000	80.00000000
25	164	1	84.00000000	80.00000000
25	165	1	84.00000000	80.00000000
25	166	1	84.00000000	80.00000000
25	167	1	84.00000000	80.00000000
25	168	1	84.00000000	80.00000000
25	169	1	84.00000000	80.00000000
25	170	1	84.00000000	80.00000000
25	171	1	84.00000000	80.00000000
25	172	1	84.00000000	80.00000000
25	173	1	84.00000000	80.00000000
25	174	1	84.00000000	80.00000000
25	175	1	84.00000000	80.00000000
25	176	1	84.00000000	80.00000000
25	177	1	84.00000000	80.00000000
25	178	1	84.00000000	80.00000000
25	179	1	84.00000000	80.00000000
25	180	1	84.00000000	80.00000000
25	181	1	84.00000000	80.00000000
25	182	1	84.00000000	80.00000000
25	183	1	84.00000000	80.00000000
25	184	1	84.00000000	80.00000000
25	185	1	84.00000000	80.00000000
25	186	1	84.00000000	80.00000000
25	187	1	84.00000000	80.00000000
25	188	1	84.00000000	80.00000000
25	189	1	84.00000000	80.00000000
25	190	1	84.00000000	80.00000000
25	191	1	84.00000000	80.00000000
25	192	1	84.00000000	80.00000000
25	193	1	84.00000000	80.00000000
25	194	1	84.00000000	80.00000000
25	195	1	84.00000000	80.00000000
25	196	1	84.00000000	80.00000000
25	197	1	84.00000000	80.00000000
25	198	1	84.00000000	80.00000000
25	199	1	84.00000000	80.00000000
25	200	1	84.00000000	80.00000000
25	201	1	84.00000000	80.00000000
26	0	1	84.00000000	80.00000000
26	1	1	84.00000000	80.00000000
26	2	1	84.00000000	80.00000000
26	3	1	84.00000000	80.00000000
26	4	1	84.00000000	80.00000000
26	5	1	84.00000000	80.00000000
26	6	1	84.00000000	80.00000000
26	7	1	84.00000000	80.00000000
26	8	1	84.00000000	80.00000000
26	9	1	84.00000000	80.00000000
26	10	1	84.00000000	80.00000000
26	11	1	84.00000000	80.00000000
26	12	1	84.00000000	80.00000000
26	13	1	84.00000000	80.00000000
26	14	1	84.00000000	80.00000000
26	15	1	84.00000000	80.00000000
26	16	1	84.00000000	80.00000000
26	17	1	84.00000000	80.00000000
26	18	1	84.00000000	80.00000000
26	19	1	84.00000000	80.00000000
26	20	1	84.00000000	80.00000000
26	21	1	84.00000000	80.00000000
26	22	1	84.00000000	80.00000000
26	23	1	84.00000000	80.00000000
26	24	1	84.00000000	80.00000000
26	25	1	84.00000000	80.00000000
26	26	1	84.00000000	80.00000000
26	27	1	84.00000000	80.00000000
26	28	1	84.00000000	80.00000000
26	29	1	84.00000000	80.00000000
26	30	1	84.00000000	80.00000000
26	31	1	84.00000000	80.00000000
26	32	1	84.00000000	80.00000000
26	33	1	84.00000000	80.00000000
26	34	1	84.00000000	80.00000000
26	35	1	84.00000000	80.00000000
26	36	1	84.00000000	80.00000000
26	37	1	84.00000000	80.00000000
26	38	1	84.00000000	80.00000000
26	39	1	84.00000000	80.00000000
26	40	1	84.00000000	80.00000000
26	41	1	84.00000000	80.00000000
26	42	1	84.00000000	80.00000000
26	43	1	84.00000000	80.00000000
26	44	1	84.00000000	80.00000000
26	45	1	84.00000000	80.00000000
26	46	1	84.00000000	80.00000000
26	47	1	84.00000000	80.00000000
26	48	1	84.00000000	80.00000000
26	49	1	84.00000000	80.00000000
26	50	1	84.00000000	80.00000000
26	51	1	84.00000000	80.00000000
26	52	1	84.00000000	80.00000000
26	53	1	84.00000000	80.00000000
26	54	1	84.00000000	80.00000000
26	55	1	84.00000000	80.00000000
26	56	1	84.00000000	80.00000000
26	57	1	84.00000000	80.00000000
26	58	1	84.00000000	80.00000000
26	59	1	84.00000000	80.00000000
26	60	1	84.00000000	80.00000000
26	61	1	84.00000000	80.00000000
26	62	1	84.00000000	80.00000000
26	63	1	84.00000000	80.00000000
26	64	1	84.00000000	80.00000000
26	65	1	84.00000000	80.00000000
26	66	1	84.00000000	80.00000000
26	67	1	84.00000000	80.00000000
26	68	1	84.00000000	80.00000000
26	69	1	84.00000000	80.00000000
26	70	1	84.00000000	80.00000000
26	71	1	84.00000000	80.00000000
26	72	1	84.00000000	80.00000000
26	73	1	84.00000000	80.00000000
26	74	1	84.00000000	80.00000000
26	75	1	84.00000000	80.00000000
26	76	1	84.00000000	80.00000000
26	77	1	84.00000000	80.00000000
26	78	1	84.00000000	80.00000000
26	79	1	84.00000000	80.00000000
26	80	1	84.00000000	80.00000000
26	81	1	84.00000000	80.00000000
26	82	1	84.00000000	80.00000000
26	83	1	84.00000000	80.00000000
26	84	1	84.00000000	80.00000000
26	85	1	84.00000000	80.00000000
26	86	1	84.00000000	80.00000000
26	87	1	84.00000000	80.00000000
26	88	1	84.00000000	80.00000000
26	89	1	84.00000000	80.00000000
26	90	1	84.00000000	80.00000000
26	91	1	84.00000000	80.00000000
26	92	1	84.00000000	80.00000000
26	93	1	84.00000000	80.00000000
26	94	1	84.00000000	80.00000000
26	95	1	84.00000000	80.00000000
26	96	1	84.00000000	80.00000000
26	97	1	84.00000000	80.00000000
26	98	1	84.00000000	80.00000000
26	99	1	84.00000000	80.00000000
26	100	1	84.00000000	80.00000000
26	101	1	84.00000000	80.00000000
26	102	1	84.00000000	80.00000000
26	103	1	84.00000000	80.00000000
26	104	1	84.00000000	80.00000000
26	105	1	84.00000000	80.00000000
26	106	1	84.00000000	80.00000000
26	107	1	84.00000000	80.00000000
26	108	1	84.00000000	80.00000000
26	109	1	84.00000000	80.00000000
26	110	1	84.00000000	80.00000000
26	111	1	84.00000000	80.00000000
26	112	1	84.00000000	80.00000000
26	113	1	84.00000000	80.00000000
26	114	1	84.00000000	80.00000000
26	115	1	84.00000000	80.00000000
26	116	1	84.00000000	80.00000000
26	117	1	84.00000000	80.00000000
26	118	1	84.00000000	80.00000000
26	119	1	84.00000000	80.00000000
26	120	1	84.00000000	80.00000000
26	121	1	84.00000000	80.00000000
26	122	1	84.00000000	80.00000000
26	123	1	84.00000000	80.00000000
26	124	1	84.00000000	80.00000000
26	125	1	84.00000000	80.00000000
26	126	1	84.00000000	80.00000000
26	127	1	84.00000000	80.00000000
26	128	1	84.00000000	80.00000000
26	129	1	84.00000000	80.00000000
26	130	1	84.00000000	80.00000000
26	131	1	84.00000000	80.00000000
26	132	1	84.00000000	80.00000000
26	133	1	84.00000000	80.00000000
26	134	1	84.00000000	80.00000000
26	135	1	84.00000000	80.00000000
26	136	1	84.00000000	80.00000000
26	137	1	84.00000000	80.00000000
26	138	1	84.00000000	80.00000000
26	139	1	84.00000000	80.00000000
26	140	1	84.00000000	80.00000000
26	141	1	84.00000000	80.00000000
26	142	1	84.00000000	80.00000000
26	143	1	84.00000000	80.00000000
26	144	1	84.00000000	80.00000000
26	145	1	84.00000000	80.00000000
26	146	1	84.00000000	80.00000000
26	147	1	84.00000000	80.00000000
26	148	1	84.00000000	80.00000000
26	149	1	84.00000000	80.00000000
26	150	1	84.00000000	80.00000000
26	151	1	84.00000000	80.00000000
26	152	1	84.00000000	80.00000000
26	153	1	84.00000000	80.00000000
26	154	1	84.00000000	80.00000000
26	155	1	84.00000000	80.00000000
26	156	1	84.00000000	80.00000000
26	157	1	84.00000000	80.00000000
26	158	1	84.00000000	80.00000000
26	159	1	84.00000000	80.00000000
26	160	1	84.00000000	80.00000000
26	161	1	84.00000000	80.00000000
26	162	1	84.00000000	80.00000000
26	163	1	84.00000000	80.00000000
26	164	1	84.00000000	80.00000000
26	165	1	84.00000000	80.00000000
26	166	1	84.00000000	80.00000000
26	167	1	84.00000000	80.00000000
26	168	1	84.00000000	80.00000000
26	169	1	84.00000000	80.00000000
26	170	1	84.00000000	80.00000000
26	171	1	84.00000000	80.00000000
26	172	1	84.00000000	80.00000000
26	173	1	84.00000000	80.00000000
26	174	1	84.00000000	80.00000000
26	175	1	84.00000000	80.00000000
26	176	1	84.00000000	80.00000000
26	177	1	84.00000000	80.00000000
26	178	1	84.00000000	80.00000000
26	179	1	84.00000000	80.00000000
26	180	1	84.00000000	80.00000000
26	181	1	84.00000000	80.00000000
26	182	1	84.00000000	80.00000000
26	183	1	84.00000000	80.00000000
26	184	1	84.00000000	80.00000000
26	185	1	84.00000000	80.00000000
26	186	1	84.00000000	80.00000000
26	187	1	84.00000000	80.00000000
26	188	1	84.00000000	80.00000000
26	189	1	84.00000000	80.00000000
26	190	1	84.00000000	80.00000000
26	191	1	84.00000000	80.00000000
26	192	1	84.00000000	80.00000000
26	193	1	84.00000000	80.00000000
26	194	1	84.00000000	80.00000000
26	195	1	84.00000000	80.00000000
26	196	1	84.00000000	80.00000000
26	197	1	84.00000000	80.00000000
26	198	1	84.00000000	80.00000000
26	199	1	84.00000000	80.00000000
27	0	1	84.00000000	80.00000000
27	1	1	84.00000000	80.00000000
27	2	1	84.00000000	80.00000000
27	3	1	84.00000000	80.00000000
27	4	1	84.00000000	80.00000000
27	5	1	84.00000000	80.00000000
27	6	1	84.00000000	80.00000000
27	7	1	84.00000000	80.00000000
27	8	1	84.00000000	80.00000000
27	9	1	84.00000000	80.00000000
27	10	1	84.00000000	80.00000000
27	11	1	84.00000000	80.00000000
27	12	1	84.00000000	80.00000000
27	13	1	84.00000000	80.00000000
27	14	1	84.00000000	80.00000000
27	15	1	84.00000000	80.00000000
27	16	1	84.00000000	80.00000000
27	17	1	84.00000000	80.00000000
27	18	1	84.00000000	80.00000000
27	19	1	84.00000000	80.00000000
27	20	1	84.00000000	80.00000000
27	21	1	84.00000000	80.00000000
27	22	1	84.00000000	80.00000000
27	23	1	84.00000000	80.00000000
27	24	1	84.00000000	80.00000000
27	25	1	84.00000000	80.00000000
27	26	1	84.00000000	80.00000000
27	27	1	84.00000000	80.00000000
27	28	1	84.00000000	80.00000000
27	29	1	84.00000000	80.00000000
27	30	1	84.00000000	80.00000000
27	31	1	84.00000000	80.00000000
27	32	1	84.00000000	80.00000000
27	33	1	84.00000000	80.00000000
27	34	1	84.00000000	80.00000000
27	35	1	84.00000000	80.00000000
27	36	1	84.00000000	80.00000000
27	37	1	84.00000000	80.00000000
27	38	1	84.00000000	80.00000000
27	39	1	84.00000000	80.00000000
27	40	1	84.00000000	80.00000000
27	41	1	84.00000000	80.00000000
27	42	1	84.00000000	80.00000000
27	43	1	84.00000000	80.00000000
27	44	1	84.00000000	80.00000000
27	45	1	84.00000000	80.00000000
27	46	1	84.00000000	80.00000000
27	47	1	84.00000000	80.00000000
27	48	1	84.00000000	80.00000000
27	49	1	84.00000000	80.00000000
27	50	1	84.00000000	80.00000000
27	51	1	84.00000000	80.00000000
27	52	1	84.00000000	80.00000000
27	53	1	84.00000000	80.00000000
27	54	1	84.00000000	80.00000000
27	55	1	84.00000000	80.00000000
27	56	1	84.00000000	80.00000000
27	57	1	84.00000000	80.00000000
27	58	1	84.00000000	80.00000000
27	59	1	84.00000000	80.00000000
27	60	1	84.00000000	80.00000000
27	61	1	84.00000000	80.00000000
27	62	1	84.00000000	80.00000000
27	63	1	84.00000000	80.00000000
27	64	1	84.00000000	80.00000000
27	65	1	84.00000000	80.00000000
27	66	1	84.00000000	80.00000000
27	67	1	84.00000000	80.00000000
27	68	1	84.00000000	80.00000000
27	69	1	84.00000000	80.00000000
27	70	1	84.00000000	80.00000000
27	71	1	84.00000000	80.00000000
27	72	1	84.00000000	80.00000000
27	73	1	84.00000000	80.00000000
27	74	1	84.00000000	80.00000000
27	75	1	84.00000000	80.00000000
27	76	1	84.00000000	80.00000000
27	77	1	84.00000000	80.00000000
27	78	1	84.00000000	80.00000000
27	79	1	84.00000000	80.00000000
27	80	1	84.00000000	80.00000000
27	81	1	84.00000000	80.00000000
27	82	1	84.00000000	80.00000000
27	83	1	84.00000000	80.00000000
27	84	1	84.00000000	80.00000000
27	85	1	84.00000000	80.00000000
27	86	1	84.00000000	80.00000000
27	87	1	84.00000000	80.00000000
27	88	1	84.00000000	80.00000000
27	89	1	84.00000000	80.00000000
27	90	1	84.00000000	80.00000000
27	91	1	84.00000000	80.00000000
27	92	1	84.00000000	80.00000000
27	93	1	84.00000000	80.00000000
27	94	1	84.00000000	80.00000000
27	95	1	84.00000000	80.00000000
27	96	1	84.00000000	80.00000000
27	97	1	84.00000000	80.00000000
27	98	1	84.00000000	80.00000000
27	99	1	84.00000000	80.00000000
27	100	1	84.00000000	80.00000000
27	101	1	84.00000000	80.00000000
27	102	1	84.00000000	80.00000000
27	103	1	84.00000000	80.00000000
27	104	1	84.00000000	80.00000000
27	105	1	84.00000000	80.00000000
27	106	1	84.00000000	80.00000000
27	107	1	84.00000000	80.00000000
27	108	1	84.00000000	80.00000000
27	109	1	84.00000000	80.00000000
27	110	1	84.00000000	80.00000000
27	111	1	84.00000000	80.00000000
27	112	1	84.00000000	80.00000000
27	113	1	84.00000000	80.00000000
27	114	1	84.00000000	80.00000000
27	115	1	84.00000000	80.00000000
27	116	1	84.00000000	80.00000000
27	117	1	84.00000000	80.00000000
27	118	1	84.00000000	80.00000000
27	119	1	84.00000000	80.00000000
27	120	1	84.00000000	80.00000000
27	121	1	84.00000000	80.00000000
27	122	1	84.00000000	80.00000000
27	123	1	84.00000000	80.00000000
27	124	1	84.00000000	80.00000000
27	125	1	84.00000000	80.00000000
27	126	1	84.00000000	80.00000000
27	127	1	84.00000000	80.00000000
27	128	1	84.00000000	80.00000000
27	129	1	84.00000000	80.00000000
27	130	1	84.00000000	80.00000000
27	131	1	84.00000000	80.00000000
27	132	1	84.00000000	80.00000000
27	133	1	84.00000000	80.00000000
27	134	1	84.00000000	80.00000000
27	135	1	84.00000000	80.00000000
27	136	1	84.00000000	80.00000000
27	137	1	84.00000000	80.00000000
27	138	1	84.00000000	80.00000000
27	139	1	84.00000000	80.00000000
27	140	1	84.00000000	80.00000000
27	141	1	84.00000000	80.00000000
27	142	1	84.00000000	80.00000000
27	143	1	84.00000000	80.00000000
27	144	1	84.00000000	80.00000000
27	145	1	84.00000000	80.00000000
27	146	1	84.00000000	80.00000000
27	147	1	84.00000000	80.00000000
27	148	1	84.00000000	80.00000000
27	149	1	84.00000000	80.00000000
27	150	1	84.00000000	80.00000000
27	151	1	84.00000000	80.00000000
27	152	1	84.00000000	80.00000000
27	153	1	84.00000000	80.00000000
27	154	1	84.00000000	80.00000000
27	155	1	84.00000000	80.00000000
27	156	1	84.00000000	80.00000000
27	157	1	84.00000000	80.00000000
27	158	1	84.00000000	80.00000000
27	159	1	84.00000000	80.00000000
27	160	1	84.00000000	80.00000000
27	161	1	84.00000000	80.00000000
27	162	1	84.00000000	80.00000000
27	163	1	84.00000000	80.00000000
27	164	1	84.00000000	80.00000000
27	165	1	84.00000000	80.00000000
27	166	1	84.00000000	80.00000000
27	167	1	84.00000000	80.00000000
27	168	1	84.00000000	80.00000000
27	169	1	84.00000000	80.00000000
27	170	1	84.00000000	80.00000000
27	171	1	84.00000000	80.00000000
27	172	1	84.00000000	80.00000000
27	173	1	84.00000000	80.00000000
27	174	1	84.00000000	80.00000000
27	175	1	84.00000000	80.00000000
27	176	1	84.00000000	80.00000000
27	177	1	84.00000000	80.00000000
27	178	1	84.00000000	80.00000000
27	179	1	84.00000000	80.00000000
27	180	1	84.00000000	80.00000000
27	181	1	84.00000000	80.00000000
27	182	1	84.00000000	80.00000000
27	183	1	84.00000000	80.00000000
27	184	1	84.00000000	80.00000000
27	185	1	84.00000000	80.00000000
27	186	1	84.00000000	80.00000000
27	187	1	84.00000000	80.00000000
27	188	1	84.00000000	80.00000000
27	189	1	84.00000000	80.00000000
27	190	1	84.00000000	80.00000000
27	191	1	84.00000000	80.00000000
27	192	1	84.00000000	80.00000000
27	193	1	84.00000000	80.00000000
27	194	1	84.00000000	80.00000000
27	195	1	84.00000000	80.00000000
28	0	1	84.00000000	80.00000000
28	1	1	84.00000000	80.00000000
28	2	1	84.00000000	80.00000000
28	3	1	84.00000000	80.00000000
28	4	1	84.00000000	80.00000000
28	5	1	84.00000000	80.00000000
28	6	1	84.00000000	80.00000000
28	7	1	84.00000000	80.00000000
28	8	1	84.00000000	80.00000000
28	9	1	84.00000000	80.00000000
28	10	1	84.00000000	80.00000000
28	11	1	84.00000000	80.00000000
28	12	1	84.00000000	80.00000000
28	13	1	84.00000000	80.00000000
28	14	1	84.00000000	80.00000000
28	15	1	84.00000000	80.00000000
28	16	1	84.00000000	80.00000000
28	17	1	84.00000000	80.00000000
28	18	1	84.00000000	80.00000000
28	19	1	84.00000000	80.00000000
28	20	1	84.00000000	80.00000000
28	21	1	84.00000000	80.00000000
28	22	1	84.00000000	80.00000000
28	23	1	84.00000000	80.00000000
28	24	1	84.00000000	80.00000000
28	25	1	84.00000000	80.00000000
28	26	1	84.00000000	80.00000000
28	27	1	84.00000000	80.00000000
28	28	1	84.00000000	80.00000000
28	29	1	84.00000000	80.00000000
28	30	1	84.00000000	80.00000000
28	31	1	84.00000000	80.00000000
28	32	1	84.00000000	80.00000000
28	33	1	84.00000000	80.00000000
28	34	1	84.00000000	80.00000000
28	35	1	84.00000000	80.00000000
28	36	1	84.00000000	80.00000000
28	37	1	84.00000000	80.00000000
28	38	1	84.00000000	80.00000000
28	39	1	84.00000000	80.00000000
28	40	1	84.00000000	80.00000000
28	41	1	84.00000000	80.00000000
28	42	1	84.00000000	80.00000000
28	43	1	84.00000000	80.00000000
28	44	1	84.00000000	80.00000000
28	45	1	84.00000000	80.00000000
28	46	1	84.00000000	80.00000000
28	47	1	84.00000000	80.00000000
28	48	1	84.00000000	80.00000000
28	49	1	84.00000000	80.00000000
28	50	1	84.00000000	80.00000000
28	51	1	84.00000000	80.00000000
28	52	1	84.00000000	80.00000000
28	53	1	84.00000000	80.00000000
28	54	1	84.00000000	80.00000000
28	55	1	84.00000000	80.00000000
28	56	1	84.00000000	80.00000000
28	57	1	84.00000000	80.00000000
28	58	1	84.00000000	80.00000000
28	59	1	84.00000000	80.00000000
28	60	1	84.00000000	80.00000000
28	61	1	84.00000000	80.00000000
28	62	1	84.00000000	80.00000000
28	63	1	84.00000000	80.00000000
28	64	1	84.00000000	80.00000000
28	65	1	84.00000000	80.00000000
28	66	1	84.00000000	80.00000000
28	67	1	84.00000000	80.00000000
28	68	1	84.00000000	80.00000000
28	69	1	84.00000000	80.00000000
28	70	1	84.00000000	80.00000000
28	71	1	84.00000000	80.00000000
28	72	1	84.00000000	80.00000000
28	73	1	84.00000000	80.00000000
28	74	1	84.00000000	80.00000000
28	75	1	84.00000000	80.00000000
28	76	1	84.00000000	80.00000000
28	77	1	84.00000000	80.00000000
28	78	1	84.00000000	80.00000000
28	79	1	84.00000000	80.00000000
28	80	1	84.00000000	80.00000000
28	81	1	84.00000000	80.00000000
28	82	1	84.00000000	80.00000000
28	83	1	84.00000000	80.00000000
28	84	1	84.00000000	80.00000000
28	85	1	84.00000000	80.00000000
28	86	1	84.00000000	80.00000000
28	87	1	84.00000000	80.00000000
28	88	1	84.00000000	80.00000000
28	89	1	84.00000000	80.00000000
28	90	1	84.00000000	80.00000000
28	91	1	84.00000000	80.00000000
28	92	1	84.00000000	80.00000000
28	93	1	84.00000000	80.00000000
28	94	1	84.00000000	80.00000000
28	95	1	84.00000000	80.00000000
28	96	1	84.00000000	80.00000000
28	97	1	84.00000000	80.00000000
28	98	1	84.00000000	80.00000000
28	99	1	84.00000000	80.00000000
28	100	1	84.00000000	80.00000000
28	101	1	84.00000000	80.00000000
28	102	1	84.00000000	80.00000000
28	103	1	84.00000000	80.00000000
28	104	1	84.00000000	80.00000000
28	105	1	84.00000000	80.00000000
28	106	1	84.00000000	80.00000000
28	107	1	84.00000000	80.00000000
28	108	1	84.00000000	80.00000000
28	109	1	84.00000000	80.00000000
28	110	1	84.00000000	80.00000000
28	111	1	84.00000000	80.00000000
28	112	1	84.00000000	80.00000000
28	113	1	84.00000000	80.00000000
28	114	1	84.00000000	80.00000000
28	115	1	84.00000000	80.00000000
28	116	1	84.00000000	80.00000000
28	117	1	84.00000000	80.00000000
28	118	1	84.00000000	80.00000000
28	119	1	84.00000000	80.00000000
28	120	1	84.00000000	80.00000000
28	121	1	84.00000000	80.00000000
28	122	1	84.00000000	80.00000000
28	123	1	84.00000000	80.00000000
28	124	1	84.00000000	80.00000000
28	125	1	84.00000000	80.00000000
28	126	1	84.00000000	80.00000000
28	127	1	84.00000000	80.00000000
28	128	1	84.00000000	80.00000000
28	129	1	84.00000000	80.00000000
28	130	1	84.00000000	80.00000000
28	131	1	84.00000000	80.00000000
28	132	1	84.00000000	80.00000000
28	133	1	84.00000000	80.00000000
28	134	1	84.00000000	80.00000000
28	135	1	84.00000000	80.00000000
28	136	1	84.00000000	80.00000000
28	137	1	84.00000000	80.00000000
28	138	1	84.00000000	80.00000000
28	139	1	84.00000000	80.00000000
28	140	1	84.00000000	80.00000000
28	141	1	84.00000000	80.00000000
28	142	1	84.00000000	80.00000000
28	143	1	84.00000000	80.00000000
28	144	1	84.00000000	80.00000000
28	145	1	84.00000000	80.00000000
28	146	1	84.00000000	80.00000000
28	147	1	84.00000000	80.00000000
28	148	1	84.00000000	80.00000000
28	149	1	84.00000000	80.00000000
28	150	1	84.00000000	80.00000000
28	151	1	84.00000000	80.00000000
28	152	1	84.00000000	80.00000000
28	153	1	84.00000000	80.00000000
28	154	1	84.00000000	80.00000000
28	155	1	84.00000000	80.00000000
28	156	1	84.00000000	80.00000000
28	157	1	84.00000000	80.00000000
28	158	1	84.00000000	80.00000000
28	159	1	84.00000000	80.00000000
28	160	1	84.00000000	80.00000000
28	161	1	84.00000000	80.00000000
28	162	1	84.00000000	80.00000000
28	163	1	84.00000000	80.00000000
28	164	1	84.00000000	80.00000000
28	165	1	84.00000000	80.00000000
28	166	1	84.00000000	80.00000000
28	167	1	84.00000000	80.00000000
28	168	1	84.00000000	80.00000000
28	169	1	84.00000000	80.00000000
28	170	1	84.00000000	80.00000000
28	171	1	84.00000000	80.00000000
28	172	1	84.00000000	80.00000000
28	173	1	84.00000000	80.00000000
28	174	1	84.00000000	80.00000000
28	175	1	84.00000000	80.00000000
28	176	1	84.00000000	80.00000000
28	177	1	84.00000000	80.00000000
29	0	1	84.00000000	80.00000000
29	1	1	84.00000000	80.00000000
29	2	1	84.00000000	80.00000000
29	3	1	84.00000000	80.00000000
29	4	1	84.00000000	80.00000000
29	5	1	84.00000000	80.00000000
29	6	1	84.00000000	80.00000000
29	7	1	84.00000000	80.00000000
29	8	1	84.00000000	80.00000000
29	9	1	84.00000000	80.00000000
29	10	1	84.00000000	80.00000000
29	11	1	84.00000000	80.00000000
29	12	1	84.00000000	80.00000000
29	13	1	84.00000000	80.00000000
29	14	1	84.00000000	80.00000000
29	15	1	84.00000000	80.00000000
29	16	1	84.00000000	80.00000000
29	17	1	84.00000000	80.00000000
29	18	1	84.00000000	80.00000000
29	19	1	84.00000000	80.00000000
29	20	1	84.00000000	80.00000000
29	21	1	84.00000000	80.00000000
29	22	1	84.00000000	80.00000000
29	23	1	84.00000000	80.00000000
29	24	1	84.00000000	80.00000000
29	25	1	84.00000000	80.00000000
29	26	1	84.00000000	80.00000000
29	27	1	84.00000000	80.00000000
29	28	1	84.00000000	80.00000000
29	29	1	84.00000000	80.00000000
29	30	1	84.00000000	80.00000000
29	31	1	84.00000000	80.00000000
29	32	1	84.00000000	80.00000000
29	33	1	84.00000000	80.00000000
29	34	1	84.00000000	80.00000000
29	35	1	84.00000000	80.00000000
29	36	1	84.00000000	80.00000000
29	37	1	84.00000000	80.00000000
29	38	1	84.00000000	80.00000000
29	39	1	84.00000000	80.00000000
29	40	1	84.00000000	80.00000000
29	41	1	84.00000000	80.00000000
29	42	1	84.00000000	80.00000000
29	43	1	84.00000000	80.00000000
29	44	1	84.00000000	80.00000000
29	45	1	84.00000000	80.00000000
29	46	1	84.00000000	80.00000000
29	47	1	84.00000000	80.00000000
29	48	1	84.00000000	80.00000000
29	49	1	84.00000000	80.00000000
29	50	1	84.00000000	80.00000000
29	51	1	84.00000000	80.00000000
29	52	1	84.00000000	80.00000000
29	53	1	84.00000000	80.00000000
29	54	1	84.00000000	80.00000000
29	55	1	84.00000000	80.00000000
29	56	1	84.00000000	80.00000000
29	57	1	84.00000000	80.00000000
29	58	1	84.00000000	80.00000000
29	59	1	84.00000000	80.00000000
29	60	1	84.00000000	80.00000000
29	61	1	84.00000000	80.00000000
29	62	1	84.00000000	80.00000000
29	63	1	84.00000000	80.00000000
29	64	1	84.00000000	80.00000000
29	65	1	84.00000000	80.00000000
29	66	1	84.00000000	80.00000000
29	67	1	84.00000000	80.00000000
29	68	1	84.00000000	80.00000000
29	69	1	84.00000000	80.00000000
29	70	1	84.00000000	80.00000000
29	71	1	84.00000000	80.00000000
29	72	1	84.00000000	80.00000000
29	73	1	84.00000000	80.00000000
29	74	1	84.00000000	80.00000000
29	75	1	84.00000000	80.00000000
29	76	1	84.00000000	80.00000000
29	77	1	84.00000000	80.00000000
29	78	1	84.00000000	80.00000000
29	79	1	84.00000000	80.00000000
29	80	1	84.00000000	80.00000000
29	81	1	84.00000000	80.00000000
29	82	1	84.00000000	80.00000000
29	83	1	84.00000000	80.00000000
29	84	1	84.00000000	80.00000000
29	85	1	84.00000000	80.00000000
29	86	1	84.00000000	80.00000000
29	87	1	84.00000000	80.00000000
29	88	1	84.00000000	80.00000000
29	89	1	84.00000000	80.00000000
29	90	1	84.00000000	80.00000000
29	91	1	84.00000000	80.00000000
29	92	1	84.00000000	80.00000000
29	93	1	84.00000000	80.00000000
29	94	1	84.00000000	80.00000000
29	95	1	84.00000000	80.00000000
29	96	1	84.00000000	80.00000000
29	97	1	84.00000000	80.00000000
29	98	1	84.00000000	80.00000000
29	99	1	84.00000000	80.00000000
29	100	1	84.00000000	80.00000000
29	101	1	84.00000000	80.00000000
29	102	1	84.00000000	80.00000000
29	103	1	84.00000000	80.00000000
29	104	1	84.00000000	80.00000000
29	105	1	84.00000000	80.00000000
29	106	1	84.00000000	80.00000000
29	107	1	84.00000000	80.00000000
29	108	1	84.00000000	80.00000000
29	109	1	84.00000000	80.00000000
29	110	1	84.00000000	80.00000000
29	111	1	84.00000000	80.00000000
29	112	1	84.00000000	80.00000000
29	113	1	84.00000000	80.00000000
29	114	1	84.00000000	80.00000000
29	115	1	84.00000000	80.00000000
29	116	1	84.00000000	80.00000000
29	117	1	84.00000000	80.00000000
29	118	1	84.00000000	80.00000000
29	119	1	84.00000000	80.00000000
29	120	1	84.00000000	80.00000000
29	121	1	84.00000000	80.00000000
29	122	1	84.00000000	80.00000000
29	123	1	84.00000000	80.00000000
29	124	1	84.00000000	80.00000000
29	125	1	84.00000000	80.00000000
29	126	1	84.00000000	80.00000000
29	127	1	84.00000000	80.00000000
29	128	1	84.00000000	80.00000000
29	129	1	84.00000000	80.00000000
30	0	1	84.00000000	80.00000000
30	1	1	84.00000000	80.00000000
30	2	1	84.00000000	80.00000000
30	3	1	84.00000000	80.00000000
30	4	1	84.00000000	80.00000000
30	5	1	84.00000000	80.00000000
30	6	1	84.00000000	80.00000000
30	7	1	84.00000000	80.00000000
30	8	1	84.00000000	80.00000000
30	9	1	84.00000000	80.00000000
30	10	1	84.00000000	80.00000000
30	11	1	84.00000000	80.00000000
30	12	1	84.00000000	80.00000000
30	13	1	84.00000000	80.00000000
30	14	1	84.00000000	80.00000000
30	15	1	84.00000000	80.00000000
30	16	1	84.00000000	80.00000000
30	17	1	84.00000000	80.00000000
30	18	1	84.00000000	80.00000000
30	19	1	84.00000000	80.00000000
30	20	1	84.00000000	80.00000000
30	21	1	84.00000000	80.00000000
30	22	1	84.00000000	80.00000000
30	23	1	84.00000000	80.00000000
30	24	1	84.00000000	80.00000000
30	25	1	84.00000000	80.00000000
30	26	1	84.00000000	80.00000000
30	27	1	84.00000000	80.00000000
30	28	1	84.00000000	80.00000000
30	29	1	84.00000000	80.00000000
30	30	1	84.00000000	80.00000000
30	31	1	84.00000000	80.00000000
30	32	1	84.00000000	80.00000000
30	33	1	84.00000000	80.00000000
30	34	1	84.00000000	80.00000000
30	35	1	84.00000000	80.00000000
30	36	1	84.00000000	80.00000000
30	37	1	84.00000000	80.00000000
30	38	1	84.00000000	80.00000000
30	39	1	84.00000000	80.00000000
30	40	1	84.00000000	80.00000000
30	41	1	84.00000000	80.00000000
30	42	1	84.00000000	80.00000000
30	43	1	84.00000000	80.00000000
30	44	1	84.00000000	80.00000000
30	45	1	84.00000000	80.00000000
30	46	1	84.00000000	80.00000000
30	47	1	84.00000000	80.00000000
30	48	1	84.00000000	80.00000000
30	49	1	84.00000000	80.00000000
30	50	1	84.00000000	80.00000000
30	51	1	84.00000000	80.00000000
30	52	1	84.00000000	80.00000000
30	53	1	84.00000000	80.00000000
30	54	1	84.00000000	80.00000000
30	55	1	84.00000000	80.00000000
30	56	1	84.00000000	80.00000000
30	57	1	84.00000000	80.00000000
30	58	1	84.00000000	80.00000000
30	59	1	84.00000000	80.00000000
30	60	1	84.00000000	80.00000000
30	61	1	84.00000000	80.00000000
30	62	1	84.00000000	80.00000000
30	63	1	84.00000000	80.00000000
30	64	1	84.00000000	80.00000000
30	65	1	84.00000000	80.00000000
30	66	1	84.00000000	80.00000000
30	67	1	84.00000000	80.00000000
30	68	1	84.00000000	80.00000000
30	69	1	84.00000000	80.00000000
30	70	1	84.00000000	80.00000000
30	71	1	84.00000000	80.00000000
30	72	1	84.00000000	80.00000000
30	73	1	84.00000000	80.00000000
30	74	1	84.00000000	80.00000000
30	75	1	84.00000000	80.00000000
30	76	1	84.00000000	80.00000000
30	77	1	84.00000000	80.00000000
30	78	1	84.00000000	80.00000000
30	79	1	84.00000000	80.00000000
30	80	1	84.00000000	80.00000000
30	81	1	84.00000000	80.00000000
30	82	1	84.00000000	80.00000000
30	83	1	84.00000000	80.00000000
30	84	1	84.00000000	80.00000000
30	85	1	84.00000000	80.00000000
30	86	1	84.00000000	80.00000000
30	87	1	84.00000000	80.00000000
30	88	1	84.00000000	80.00000000
30	89	1	84.00000000	80.00000000
30	90	1	84.00000000	80.00000000
30	91	1	84.00000000	80.00000000
30	92	1	84.00000000	80.00000000
30	93	1	84.00000000	80.00000000
30	94	1	84.00000000	80.00000000
30	95	1	84.00000000	80.00000000
30	96	1	84.00000000	80.00000000
30	97	1	84.00000000	80.00000000
30	98	1	84.00000000	80.00000000
30	99	1	84.00000000	80.00000000
30	100	1	84.00000000	80.00000000
30	101	1	84.00000000	80.00000000
30	102	1	84.00000000	80.00000000
30	103	1	84.00000000	80.00000000
30	104	1	84.00000000	80.00000000
30	105	1	84.00000000	80.00000000
30	106	1	84.00000000	80.00000000
30	107	1	84.00000000	80.00000000
31	0	1	84.00000000	80.00000000
31	1	1	84.00000000	80.00000000
31	2	1	84.00000000	80.00000000
31	3	1	84.00000000	80.00000000
31	4	1	84.00000000	80.00000000
31	5	1	84.00000000	80.00000000
31	6	1	84.00000000	80.00000000
31	7	1	84.00000000	80.00000000
31	8	1	84.00000000	80.00000000
31	9	1	84.00000000	80.00000000
31	10	1	84.00000000	80.00000000
31	11	1	84.00000000	80.00000000
31	12	1	84.00000000	80.00000000
31	13	1	84.00000000	80.00000000
31	14	1	84.00000000	80.00000000
31	15	1	84.00000000	80.00000000
31	16	1	84.00000000	80.00000000
31	17	1	84.00000000	80.00000000
31	18	1	84.00000000	80.00000000
31	19	1	84.00000000	80.00000000
31	20	1	84.00000000	80.00000000
31	21	1	84.00000000	80.00000000
31	22	1	84.00000000	80.00000000
31	23	1	84.00000000	80.00000000
31	24	1	84.00000000	80.00000000
31	25	1	84.00000000	80.00000000
31	26	1	84.00000000	80.00000000
31	27	1	84.00000000	80.00000000
31	28	1	84.00000000	80.00000000
31	29	1	84.00000000	80.00000000
31	30	1	84.00000000	80.00000000
31	31	1	84.00000000	80.00000000
31	32	1	84.00000000	80.00000000
31	33	1	84.00000000	80.00000000
31	34	1	84.00000000	80.00000000
31	35	1	84.00000000	80.00000000
31	36	1	84.00000000	80.00000000
31	37	1	84.00000000	80.00000000
31	38	1	84.00000000	80.00000000
31	39	1	84.00000000	80.00000000
31	40	1	84.00000000	80.00000000
31	41	1	84.00000000	80.00000000
31	42	1	84.00000000	80.00000000
31	43	1	84.00000000	80.00000000
31	44	1	84.00000000	80.00000000
31	45	1	84.00000000	80.00000000
31	46	1	84.00000000	80.00000000
31	47	1	84.00000000	80.00000000
31	48	1	84.00000000	80.00000000
31	49	1	84.00000000	80.00000000
31	50	1	84.00000000	80.00000000
31	51	1	84.00000000	80.00000000
31	52	1	84.00000000	80.00000000
31	53	1	84.00000000	80.00000000
31	54	1	84.00000000	80.00000000
31	55	1	84.00000000	80.00000000
31	56	1	84.00000000	80.00000000
31	57	1	84.00000000	80.00000000
31	58	1	84.00000000	80.00000000
31	59	1	84.00000000	80.00000000
31	60	1	84.00000000	80.00000000
31	61	1	84.00000000	80.00000000
31	62	1	84.00000000	80.00000000
31	63	1	84.00000000	80.00000000
31	64	1	84.00000000	80.00000000
31	65	1	84.00000000	80.00000000
31	66	1	84.00000000	80.00000000
31	67	1	84.00000000	80.00000000
31	68	1	84.00000000	80.00000000
31	69	1	84.00000000	80.00000000
31	70	1	84.00000000	80.00000000
31	71	1	84.00000000	80.00000000
31	72	1	84.00000000	80.00000000
31	73	1	84.00000000	80.00000000
31	74	1	84.00000000	80.00000000
31	75	1	84.00000000	80.00000000
31	76	1	84.00000000	80.00000000
31	77	1	84.00000000	80.00000000
31	78	1	84.00000000	80.00000000
31	79	1	84.00000000	80.00000000
31	80	1	84.00000000	80.00000000
31	81	1	84.00000000	80.00000000
31	82	1	84.00000000	80.00000000
31	83	1	84.00000000	80.00000000
31	84	1	84.00000000	80.00000000
31	85	1	84.00000000	80.00000000
31	86	1	84.00000000	80.00000000
31	87	1	84.00000000	80.00000000
31	88	1	84.00000000	80.00000000
31	89	1	84.00000000	80.00000000
########################################
# TPC Y : y = (ct-p0)*p1               #
########################################
0	0	2	-1265.55017692	0.05500000
0	1	2	-1275.05061402	0.05500000
0	2	2	-1281.57064612	0.05500000
0	3	2	-1241.85915078	0.05500000
0	4	2	-1270.91481026	0.05500000
0	5	2	-1274.62896145	0.05500000
0	6	2	-1263.53541948	0.05500000
0	7	2	-1270.91481026	0.05500000
0	8	2	-1271.43891842	0.05500000
0	9	2	-1245.95237762	0.05500000
0	10	2	-1260.08959080	0.05500000
0	11	2	-1341.50932850	0.05500000
0	12	2	-1263.70895967	0.05500000
0	13	2	-1264.23001440	0.05500000
0	14	2	-1268.18112084	0.05500000
0	15	2	-1265.47532651	0.05500000
0	16	2	-1273.74988596	0.05500000
0	17	2	-1270.91481026	0.05500000
0	18	2	-1291.33533209	0.05500000
0	19	2	-1248.25845740	0.05500000
0	20	2	-1284.42036569	0.05500000
0	21	2	-1263.22178988	0.05500000
0	22	2	-1286.37312466	0.05500000
0	23	2	-1259.07145416	0.05500000
0	24	2	-1247.66596674	0.05500000
0	25	2	-1251.90970672	0.05500000
0	26	2	-1263.28790737	0.05500000
0	27	2	-1275.84986290	0.05500000
0	28	2	-1263.67119393	0.05500000
0	29	2	-1241.89615772	0.05500000
0	30	2	-1267.51612548	0.05500000
0	31	2	-1259.67431407	0.05500000
0	32	2	-1274.66858179	0.05500000
0	33	2	-1251.79211476	0.05500000
0	34	2	-1267.02619844	0.05500000
0	35	2	-1262.55076406	0.05500000
0	36	2	-1267.14819917	0.05500000
0	37	2	-1253.75062307	0.05500000
0	38	2	-1277.12963703	0.05500000
0	39	2	-1258.99697833	0.05500000
0	40	2	-1252.26860876	0.05500000
0	41	2	-1251.15315009	0.05500000
0	42	2	-1261.50256820	0.05500000
0	43	2	-1258.27375767	0.05500000
0	44	2	-1265.13471807	0.05500000
0	45	2	-1260.24648155	0.05500000
0	46	2	-1251.78960343	0.05500000
0	47	2	-1247.28031820	0.05500000
1	0	2	-1253.07678364	0.05500000
1	1	2	-1269.66947895	0.05500000
1	2	2	-1251.06700116	0.05500000
1	3	2	-1274.80843346	0.05500000
1	4	2	-1254.62325388	0.05500000
1	5	2	-1275.93069487	0.05500000
1	6	2	-1252.02841493	0.05500000
1	7	2	-1251.00688129	0.05500000
1	8	2	-1256.59749126	0.05500000
1	9	2	-1230.36116710	0.05500000
1	10	2	-1270.79690647	0.05500000
1	11	2	-1254.12661844	0.05500000
1	12	2	-1258.96820921	0.05500000
1	13	2	-1290.14311748	0.05500000
1	14	2	-1254.99665696	0.05500000
1	15	2	-1263.66193728	0.05500000
1	16	2	-1264.61708189	0.05500000
1	17	2	-1246.72897819	0.05500000
1	18	2	-1261.12197972	0.05500000
1	19	2	-1265.63614155	0.05500000
1	20	2	-1251.20766931	0.05500000
1	21	2	-1256.70690897	0.05500000
1	22	2	-1265.75611268	0.05500000
1	23	2	-1264.02740083	0.05500000
1	24	2	-1249.01303136	0.05500000
1	25	2	-1263.78567773	0.05500000
1	26	2	-1263.44304214	0.05500000
1	27	2	-1255.66033714	0.05500000
1	28	2	-1261.37155420	0.05500000
1	29	2	-1263.00794853	0.05500000
1	30	2	-1258.41537503	0.05500000
1	31	2	-1271.44818314	0.05500000
1	32	2	-1250.75015710	0.05500000
1	33	2	-1273.66838600	0.05500000
1	34	2	-1264.04614037	0.05500000
1	35	2	-1272.42779066	0.05500000
1	36	2	-1265.28406347	0.05500000
1	37	2	-1280.81819081	0.05500000
1	38	2	-1258.40442540	0.05500000
1	39	2	-1273.92698470	0.05500000
1	40	2	-1267.73411113	0.05500000
1	41	2	-1269.39809772	0.05500000
1	42	2	-1270.63381154	0.05500000
1	43	2	-1264.65595155	0.05500000
1	44	2	-1266.56222949	0.05500000
1	45	2	-1269.47731653	0.05500000
1	46	2	-1270.49798549	0.05500000
1	47	2	-1260.92489088	0.05500000
2	0	2	-1263.00985617	0.05500000
2	1	2	-1271.17837115	0.05500000
2	2	2	-1261.44284607	0.05500000
2	3	2	-1256.79053679	0.05500000
2	4	2	-1275.96977347	0.05500000
2	5	2	-1239.34872475	0.05500000
2	6	2	-1280.59314011	0.05500000
2	7	2	-1246.31035865	0.05500000
2	8	2	-1282.06123534	0.05500000
2	9	2	-1251.73685594	0.05500000
2	10	2	-1283.09476615	0.05500000
2	11	2	-1253.61904282	0.05500000
2	12	2	-1265.18390005	0.05500000
2	13	2	-1254.39648239	0.05500000
2	14	2	-1287.36645024	0.05500000
2	15	2	-1274.40307514	0.05500000
2	16	2	-1258.11074218	0.05500000
2	17	2	-1254.01873600	0.05500000
2	18	2	-1274.86495215	0.05500000
2	19	2	-1249.42230789	0.05500000
2	20	2	-1260.98466454	0.05500000
2	21	2	-1254.21197682	0.05500000
2	22	2	-1279.58814062	0.05500000
2	23	2	-1254.73668510	0.05500000
2	24	2	-1294.42292161	0.05500000
2	25	2	-1253.92610160	0.05500000
2	26	2	-1270.82645723	0.05500000
2	27	2	-1260.57656421	0.05500000
2	28	2	-1267.42934168	0.05500000
2	29	2	-1265.67848904	0.05500000
2	30	2	-1272.14387392	0.05500000
2	31	2	-1263.55244743	0.05500000
2	32	2	-1271.45818651	0.05500000
2	33	2	-1251.18911652	0.05500000
2	34	2	-1281.36227482	0.05500000
2	35	2	-1261.61100668	0.05500000
2	36	2	-1264.26743784	0.05500000
2	37	2	-1251.07372934	0.05500000
2	38	2	-1264.74861313	0.05500000
2	39	2	-1253.83203671	0.05500000
2	40	2	-1262.67960538	0.05500000
2	41	2	-1260.16021642	0.05500000
2	42	2	-1258.30616404	0.05500000
2	43	2	-1256.44413378	0.05500000
2	44	2	-1257.40185088	0.05500000
2	45	2	-1263.57032933	0.05500000
2	46	2	-1267.40296889	0.05500000
2	47	2	-1245.58296571	0.05500000
2	48	2	-1271.38511732	0.05500000
2	49	2	-1254.29742988	0.05500000
2	50	2	-1253.69338093	0.05500000
2	51	2	-1254.44286828	0.05500000
2	52	2	-1265.28078115	0.05500000
2	53	2	-1263.83681804	0.05500000
2	54	2	-1254.97918763	0.05500000
2	55	2	-1263.79295742	0.05500000
2	56	2	-1273.91357274	0.05500000
2	57	2	-1263.82120082	0.05500000
2	58	2	-1270.80024316	0.05500000
2	59	2	-1263.19180168	0.05500000
2	60	2	-1270.69457628	0.05500000
2	61	2	-1267.61380533	0.05500000
2	62	2	-1265.47303829	0.05500000
2	63	2	-1255.40797722	0.05500000
2	64	2	-1270.41861890	0.05500000
2	65	2	-1264.03940488	0.05500000
2	66	2	-1271.77953240	0.05500000
2	67	2	-1262.19676610	0.05500000
2	68	2	-1260.78116654	0.05500000
2	69	2	-1261.82283228	0.05500000
2	70	2	-1268.07317772	0.05500000
2	71	2	-1253.31045275	0.05500000
3	0	2	-1251.18406876	0.05500000
3	1	2	-1268.41083517	0.05500000
3	2	2	-1260.87788122	0.05500000
3	3	2	-1250.55519247	0.05500000
3	4	2	-1268.02987050	0.05500000
3	5	2	-1253.67093987	0.05500000
3	6	2	-1259.51203280	0.05500000
3	7	2	-1270.60589288	0.05500000
3	8	2	-1265.03082397	0.05500000
3	9	2	-1256.41175720	0.05500000
3	10	2	-1260.25106468	0.05500000
3	11	2	-1256.53726037	0.05500000
3	12	2	-1255.79035718	0.05500000
3	13	2	-1276.06738921	0.05500000
3	14	2	-1244.51322894	0.05500000
3	15	2	-1260.32905995	0.05500000
3	16	2	-1261.05638930	0.05500000
3	17	2	-1266.42154505	0.05500000
3	18	2	-1247.59314580	0.05500000
3	19	2	-1251.83595062	0.05500000
3	20	2	-1265.83792807	0.05500000
3	21	2	-1254.52109304	0.05500000
3	22	2	-1256.59461880	0.05500000
3	23	2	-1260.47515382	0.05500000
3	24	2	-1261.44838925	0.05500000
3	25	2	-1256.54528826	0.05500000
3	26	2	-1283.55201044	0.05500000
3	27	2	-1254.54374364	0.05500000
3	28	2	-1262.59235214	0.05500000
3	29	2	-1253.30955929	0.05500000
3	30	2	-1270.79309252	0.05500000
3	31	2	-1250.45512946	0.05500000
3	32	2	-1268.02369054	0.05500000
3	33	2	-1266.56438729	0.05500000
3	34	2	-1256.42828948	0.05500000
3	35	2	-1255.62003396	0.05500000
3	36	2	-1264.09895686	0.05500000
3	37	2	-1258.59093273	0.05500000
3	38	2	-1261.45078391	0.05500000
3	39	2	-1258.08047295	0.05500000
3	40	2	-1255.82631714	0.05500000
3	41	2	-1266.42372295	0.05500000
3	42	2	-1265.26791444	0.05500000
3	43	2	-1270.97269036	0.05500000
3	44	2	-1254.24427743	0.05500000
3	45	2	-1255.53280664	0.05500000
3	46	2	-1255.84293401	0.05500000
3	47	2	-1267.47362216	0.05500000
3	48	2	-1256.55986862	0.05500000
3	49	2	-1259.39862676	0.05500000
3	50	2	-1251.64314737	0.05500000
3	51	2	-1264.99507285	0.05500000
3	52	2	-1239.61250064	0.05500000
3	53	2	-1276.22830703	0.05500000
3	54	2	-1246.87338361	0.05500000
3	55	2	-1254.63296578	0.05500000
3	56	2	-1269.67222332	0.05500000
3	57	2	-1260.31658926	0.05500000
3	58	2	-1259.26998150	0.05500000
3	59	2	-1262.74225983	0.05500000
3	60	2	-1262.13599181	0.05500000
3	61	2	-1255.93005886	0.05500000
3	62	2	-1246.57211405	0.05500000
3	63	2	-1277.73253469	0.05500000
3	64	2	-1258.10832527	0.05500000
3	65	2	-1234.55876039	0.05500000
3	66	2	-1260.19060445	0.05500000
3	67	2	-1260.67989972	0.05500000
3	68	2	-1245.18372994	0.05500000
3	69	2	-1255.10180092	0.05500000
3	70	2	-1251.83605918	0.05500000
3	71	2	-1254.35558415	0.05500000
3	72	2	-1260.13947852	0.05500000
3	73	2	-1259.94682220	0.05500000
3	74	2	-1264.79546088	0.05500000
3	75	2	-1258.39890930	0.05500000
3	76	2	-1274.32531511	0.05500000
3	77	2	-1265.11754713	0.05500000
3	78	2	-1261.16295353	0.05500000
3	79	2	-1269.73808253	0.05500000
3	80	2	-1257.01487774	0.05500000
3	81	2	-1269.67656437	0.05500000
3	82	2	-1264.19956686	0.05500000
3	83	2	-1271.36219591	0.05500000
3	84	2	-1267.92464598	0.05500000
3	85	2	-1244.62636376	0.05500000
3	86	2	-1267.95342612	0.05500000
3	87	2	-1272.89428138	0.05500000
3	88	2	-1267.43810499	0.05500000
3	89	2	-1267.92075736	0.05500000
3	90	2	-1269.96367035	0.05500000
3	91	2	-1265.78252405	0.05500000
3	92	2	-1259.16911917	0.05500000
3	93	2	-1264.97667201	0.05500000
3	94	2	-1268.70249464	0.05500000
3	95	2	-1255.69207299	0.05500000
4	0	2	-1235.35927617	0.05500000
4	1	2	-1240.98340319	0.05500000
4	2	2	-1248.09603999	0.05500000
4	3	2	-1228.00643683	0.05500000
4	4	2	-1229.07086250	0.05500000
4	5	2	-1229.35305365	0.05500000
4	6	2	-1238.80422213	0.05500000
4	7	2	-1233.45591591	0.05500000
4	8	2	-1243.74009632	0.05500000
4	9	2	-1228.26028403	0.05500000
4	10	2	-1230.00350377	0.05500000
4	11	2	-1217.53018392	0.05500000
4	12	2	-1237.68664829	0.05500000
4	13	2	-1229.67961177	0.05500000
4	14	2	-1226.85782566	0.05500000
4	15	2	-1217.22550224	0.05500000
4	16	2	-1245.17881887	0.05500000
4	17	2	-1224.69064247	0.05500000
4	18	2	-1234.58051950	0.05500000
4	19	2	-1233.72752217	0.05500000
4	20	2	-1229.55270307	0.05500000
4	21	2	-1220.31050224	0.05500000
4	22	2	-1234.13344878	0.05500000
4	23	2	-1238.34407894	0.05500000
4	24	2	-1233.41644622	0.05500000
4	25	2	-1223.75995277	0.05500000
4	26	2	-1237.02503261	0.05500000
4	27	2	-1227.53786184	0.05500000
4	28	2	-1213.20530561	0.05500000
4	29	2	-1240.36195223	0.05500000
4	30	2	-1248.23137218	0.05500000
4	31	2	-1216.21971080	0.05500000
4	32	2	-1272.23839889	0.05500000
4	33	2	-1239.21532561	0.05500000
4	34	2	-1238.97241801	0.05500000
4	35	2	-1237.88788016	0.05500000
4	36	2	-1243.62959972	0.05500000
4	37	2	-1244.34166476	0.05500000
4	38	2	-1247.15482946	0.05500000
4	39	2	-1237.90393010	0.05500000
4	40	2	-1240.06570220	0.05500000
4	41	2	-1232.09659251	0.05500000
4	42	2	-1246.30924020	0.05500000
4	43	2	-1221.21913042	0.05500000
4	44	2	-1240.59899768	0.05500000
4	45	2	-1241.23073810	0.05500000
4	46	2	-1237.40110303	0.05500000
4	47	2	-1242.35948278	0.05500000
4	48	2	-1245.39322507	0.05500000
4	49	2	-1235.44846423	0.05500000
4	50	2	-1233.05506180	0.05500000
4	51	2	-1239.12030650	0.05500000
4	52	2	-1238.62361441	0.05500000
4	53	2	-1258.19083741	0.05500000
4	54	2	-1235.60824392	0.05500000
4	55	2	-1235.24414007	0.05500000
4	56	2	-1232.13222822	0.05500000
4	57	2	-1234.89337943	0.05500000
4	58	2	-1233.28756940	0.05500000
4	59	2	-1234.01532437	0.05500000
4	60	2	-1278.04870059	0.05500000
4	61	2	-1258.02582039	0.05500000
4	62	2	-1270.13952151	0.05500000
4	63	2	-1263.28929013	0.05500000
4	64	2	-1269.79394951	0.05500000
4	65	2	-1260.32801674	0.05500000
4	66	2	-1278.13769775	0.05500000
4	67	2	-1256.16824447	0.05500000
4	68	2	-1266.91602388	0.05500000
4	69	2	-1256.33419378	0.05500000
4	70	2	-1269.54807904	0.05500000
4	71	2	-1270.64677130	0.05500000
4	72	2	-1273.18724029	0.05500000
4	73	2	-1270.01504539	0.05500000
4	74	2	-1258.81787236	0.05500000
4	75	2	-1265.02067000	0.05500000
4	76	2	-1249.31406338	0.05500000
4	77	2	-1256.40395814	0.05500000
4	78	2	-1278.42715623	0.05500000
4	79	2	-1256.09946659	0.05500000
4	80	2	-1252.08551493	0.05500000
4	81	2	-1252.49013337	0.05500000
4	82	2	-1259.94866093	0.05500000
4	83	2	-1258.81381415	0.05500000
4	84	2	-1267.93482716	0.05500000
4	85	2	-1246.56757961	0.05500000
4	86	2	-1256.02751212	0.05500000
4	87	2	-1256.67071017	0.05500000
4	88	2	-1259.69428007	0.05500000
4	89	2	-1248.73997365	0.05500000
4	90	2	-1265.86773932	0.05500000
4	91	2	-1258.68122132	0.05500000
4	92	2	-1258.18904831	0.05500000
4	93	2	-1260.16832908	0.05500000
4	94	2	-1258.25228557	0.05500000
4	95	2	-1265.75965189	0.05500000
4	96	2	-1268.62709585	0.05500000
4	97	2	-1259.32437244	0.05500000
4	98	2	-1266.71288489	0.05500000
4	99	2	-1262.07605462	0.05500000
4	100	2	-1221.49747895	0.05500000
4	101	2	-1232.92291882	0.05500000
4	102	2	-1222.07860526	0.05500000
4	103	2	-1250.51802647	0.05500000
4	104	2	-1250.44022724	0.05500000
4	105	2	-1229.05969719	0.05500000
4	106	2	-1229.22910741	0.05500000
4	107	2	-1241.72375946	0.05500000
4	108	2	-1234.68960066	0.05500000
4	109	2	-1241.74428035	0.05500000
4	110	2	-1234.31331462	0.05500000
4	111	2	-1237.52737546	0.05500000
4	112	2	-1230.02361409	0.05500000
4	113	2	-1235.42251891	0.05500000
4	114	2	-1242.49638118	0.05500000
4	115	2	-1242.83050184	0.05500000
4	116	2	-1235.25637219	0.05500000
4	117	2	-1237.36822542	0.05500000
4	118	2	-1237.48597086	0.05500000
4	119	2	-1244.30243405	0.05500000
5	0	2	-1232.85017319	0.05500000
5	1	2	-1239.76943630	0.05500000
5	2	2	-1236.89585351	0.05500000
5	3	2	-1237.30071927	0.05500000
5	4	2	-1238.09717808	0.05500000
5	5	2	-1238.44958900	0.05500000
5	6	2	-1233.21412960	0.05500000
5	7	2	-1227.85521620	0.05500000
5	8	2	-1235.37599991	0.05500000
5	9	2	-1223.63989632	0.05500000
5	10	2	-1219.34769711	0.05500000
5	11	2	-1238.16972259	0.05500000
5	12	2	-1236.46544968	0.05500000
5	13	2	-1220.53624974	0.05500000
5	14	2	-1224.81437560	0.05500000
5	15	2	-1219.58149390	0.05500000
5	16	2	-1219.59386990	0.05500000
5	17	2	-1220.96321469	0.05500000
5	18	2	-1216.68721022	0.05500000
5	19	2	-1213.78951041	0.05500000
5	20	2	-1217.80797450	0.05500000
5	21	2	-1234.41551557	0.05500000
5	22	2	-1213.24938533	0.05500000
5	23	2	-1230.81894521	0.05500000
5	24	2	-1234.53978242	0.05500000
5	25	2	-1234.83273763	0.05500000
5	26	2	-1245.70753199	0.05500000
5	27	2	-1220.89685600	0.05500000
5	28	2	-1235.96512637	0.05500000
5	29	2	-1220.65189753	0.05500000
5	30	2	-1224.84484035	0.05500000
5	31	2	-1250.75831464	0.05500000
5	32	2	-1222.99222580	0.05500000
5	33	2	-1225.89236606	0.05500000
5	34	2	-1237.15946601	0.05500000
5	35	2	-1221.72895231	0.05500000
5	36	2	-1221.33351287	0.05500000
5	37	2	-1242.68529285	0.05500000
5	38	2	-1238.10305760	0.05500000
5	39	2	-1217.43010433	0.05500000
5	40	2	-1237.31474768	0.05500000
5	41	2	-1238.14991137	0.05500000
5	42	2	-1231.31655537	0.05500000
5	43	2	-1230.39347967	0.05500000
5	44	2	-1232.50208532	0.05500000
5	45	2	-1233.73662836	0.05500000
5	46	2	-1235.08060537	0.05500000
5	47	2	-1232.09905315	0.05500000
5	48	2	-1230.70166053	0.05500000
5	49	2	-1226.03154215	0.05500000
5	50	2	-1227.37195876	0.05500000
5	51	2	-1230.23684093	0.05500000
5	52	2	-1229.58085189	0.05500000
5	53	2	-1218.62843613	0.05500000
5	54	2	-1220.04436697	0.05500000
5	55	2	-1225.69917372	0.05500000
5	56	2	-1225.36109989	0.05500000
5	57	2	-1227.32112396	0.05500000
5	58	2	-1230.99540996	0.05500000
5	59	2	-1231.39053247	0.05500000
5	60	2	-1227.27010530	0.05500000
5	61	2	-1233.34448695	0.05500000
5	62	2	-1229.36916086	0.05500000
5	63	2	-1229.50445302	0.05500000
5	64	2	-1234.32874218	0.05500000
5	65	2	-1235.43883282	0.05500000
5	66	2	-1230.01886553	0.05500000
5	67	2	-1240.46748127	0.05500000
5	68	2	-1229.82174745	0.05500000
5	69	2	-1231.05456975	0.05500000
5	70	2	-1229.14456593	0.05500000
5	71	2	-1233.71022220	0.05500000
5	72	2	-1254.48439648	0.05500000
5	73	2	-1267.30489957	0.05500000
5	74	2	-1251.75772328	0.05500000
5	75	2	-1265.69900717	0.05500000
5	76	2	-1251.29421934	0.05500000
5	77	2	-1263.94877774	0.05500000
5	78	2	-1250.26419016	0.05500000
5	79	2	-1263.59335317	0.05500000
5	80	2	-1248.99804581	0.05500000
5	81	2	-1265.71358120	0.05500000
5	82	2	-1249.01854597	0.05500000
5	83	2	-1264.94780930	0.05500000
5	84	2	-1245.93948397	0.05500000
5	85	2	-1259.03405192	0.05500000
5	86	2	-1230.99515547	0.05500000
5	87	2	-1255.94365255	0.05500000
5	88	2	-1241.32078035	0.05500000
5	89	2	-1251.43561424	0.05500000
5	90	2	-1238.73526671	0.05500000
5	91	2	-1246.68257579	0.05500000
5	92	2	-1238.85326869	0.05500000
5	93	2	-1243.28678562	0.05500000
5	94	2	-1240.30286369	0.05500000
5	95	2	-1247.72677011	0.05500000
5	96	2	-1242.37188060	0.05500000
5	97	2	-1256.71542394	0.05500000
5	98	2	-1241.69046622	0.05500000
5	99	2	-1258.74499759	0.05500000
5	100	2	-1241.25931436	0.05500000
5	101	2	-1256.17621971	0.05500000
5	102	2	-1239.62849693	0.05500000
5	103	2	-1247.52132343	0.05500000
5	104	2	-1239.03037687	0.05500000
5	105	2	-1252.49373215	0.05500000
5	106	2	-1237.26744184	0.05500000
5	107	2	-1253.66017723	0.05500000
5	108	2	-1240.87698747	0.05500000
5	109	2	-1254.37503918	0.05500000
5	110	2	-1242.58432323	0.05500000
5	111	2	-1257.54810139	0.05500000
5	112	2	-1244.15806316	0.05500000
5	113	2	-1257.78935593	0.05500000
5	114	2	-1244.97571086	0.05500000
5	115	2	-1258.59227071	0.05500000
5	116	2	-1245.57240407	0.05500000
5	117	2	-1260.54849274	0.05500000
5	118	2	-1246.64650754	0.05500000
5	119	2	-1252.27962371	0.05500000
5	120	2	-1222.38151729	0.05500000
5	121	2	-1224.10215958	0.05500000
5	122	2	-1222.66591472	0.05500000
5	123	2	-1218.02025005	0.05500000
5	124	2	-1222.97719349	0.05500000
5	125	2	-1222.86839131	0.05500000
5	126	2	-1216.91888714	0.05500000
5	127	2	-1220.62136271	0.05500000
5	128	2	-1221.62966533	0.05500000
5	129	2	-1223.26553879	0.05500000
5	130	2	-1234.47244429	0.05500000
5	131	2	-1232.54027699	0.05500000
5	132	2	-1236.31269767	0.05500000
5	133	2	-1234.46936387	0.05500000
5	134	2	-1240.78964202	0.05500000
5	135	2	-1236.89943864	0.05500000
5	136	2	-1241.19445596	0.05500000
5	137	2	-1236.82332299	0.05500000
5	138	2	-1238.90166443	0.05500000
5	139	2	-1240.09426329	0.05500000
5	140	2	-1243.52973247	0.05500000
5	141	2	-1242.11327039	0.05500000
5	142	2	-1244.32846187	0.05500000
5	143	2	-1242.03439937	0.05500000
6	0	2	-1269.91932277	0.05500000
6	1	2	-1266.26100123	0.05500000
6	2	2	-1271.51120132	0.05500000
6	3	2	-1266.32734945	0.05500000
6	4	2	-1270.45282390	0.05500000
6	5	2	-1266.14517429	0.05500000
6	6	2	-1271.37915631	0.05500000
6	7	2	-1261.97808217	0.05500000
6	8	2	-1272.00829034	0.05500000
6	9	2	-1253.23294279	0.05500000
6	10	2	-1267.35788322	0.05500000
6	11	2	-1260.93670738	0.05500000
6	12	2	-1261.46020799	0.05500000
6	13	2	-1258.10511819	0.05500000
6	14	2	-1256.77001200	0.05500000
6	15	2	-1263.53390946	0.05500000
6	16	2	-1260.24694530	0.05500000
6	17	2	-1261.77767469	0.05500000
6	18	2	-1256.25875225	0.05500000
6	19	2	-1259.09424905	0.05500000
6	20	2	-1260.65472971	0.05500000
6	21	2	-1256.09771112	0.05500000
6	22	2	-1261.61013334	0.05500000
6	23	2	-1253.08990324	0.05500000
6	24	2	-1260.16090192	0.05500000
6	25	2	-1254.36334342	0.05500000
6	26	2	-1262.52581720	0.05500000
6	27	2	-1264.88547627	0.05500000
6	28	2	-1216.17836208	0.05500000
6	29	2	-1210.12714094	0.05500000
6	30	2	-1219.83226520	0.05500000
6	31	2	-1211.65325243	0.05500000
6	32	2	-1218.71125132	0.05500000
6	33	2	-1212.87487029	0.05500000
6	34	2	-1215.58410724	0.05500000
6	35	2	-1210.63972225	0.05500000
6	36	2	-1221.72534234	0.05500000
6	37	2	-1212.69612819	0.05500000
6	38	2	-1216.95803911	0.05500000
6	39	2	-1210.69745633	0.05500000
6	40	2	-1214.18257943	0.05500000
6	41	2	-1211.26325854	0.05500000
6	42	2	-1214.75722753	0.05500000
6	43	2	-1214.75078455	0.05500000
6	44	2	-1214.19715019	0.05500000
6	45	2	-1213.43874079	0.05500000
6	46	2	-1216.41690124	0.05500000
6	47	2	-1216.16127561	0.05500000
6	48	2	-1220.14028641	0.05500000
6	49	2	-1212.81707542	0.05500000
6	50	2	-1220.01732397	0.05500000
6	51	2	-1215.72391887	0.05500000
6	52	2	-1221.19194014	0.05500000
6	53	2	-1211.02213056	0.05500000
6	54	2	-1218.69472916	0.05500000
6	55	2	-1208.90632952	0.05500000
6	56	2	-1214.20961065	0.05500000
6	57	2	-1209.89484340	0.05500000
6	58	2	-1211.03743532	0.05500000
6	59	2	-1209.15599363	0.05500000
6	60	2	-1211.72884976	0.05500000
6	61	2	-1208.27269060	0.05500000
6	62	2	-1210.93082130	0.05500000
6	63	2	-1201.17800264	0.05500000
6	64	2	-1208.82855824	0.05500000
6	65	2	-1204.71276048	0.05500000
6	66	2	-1206.79637819	0.05500000
6	67	2	-1205.22625448	0.05500000
6	68	2	-1215.10982109	0.05500000
6	69	2	-1206.64346792	0.05500000
6	70	2	-1213.80765585	0.05500000
6	71	2	-1208.04781798	0.05500000
6	72	2	-1213.75325008	0.05500000
6	73	2	-1210.40093310	0.05500000
6	74	2	-1214.81386328	0.05500000
6	75	2	-1210.56220727	0.05500000
6	76	2	-1222.70376188	0.05500000
6	77	2	-1208.41285877	0.05500000
6	78	2	-1223.92953770	0.05500000
6	79	2	-1210.76071353	0.05500000
6	80	2	-1217.08634566	0.05500000
6	81	2	-1206.04254201	0.05500000
6	82	2	-1215.85204084	0.05500000
6	83	2	-1206.75282480	0.05500000
6	84	2	-1230.92162833	0.05500000
6	85	2	-1227.09671509	0.05500000
6	86	2	-1230.98264808	0.05500000
6	87	2	-1228.41369869	0.05500000
6	88	2	-1229.33293624	0.05500000
6	89	2	-1223.54149972	0.05500000
6	90	2	-1228.54255127	0.05500000
6	91	2	-1224.69061584	0.05500000
6	92	2	-1226.71765493	0.05500000
6	93	2	-1225.67019481	0.05500000
6	94	2	-1226.52998028	0.05500000
6	95	2	-1223.94620907	0.05500000
6	96	2	-1224.63546629	0.05500000
6	97	2	-1220.15994896	0.05500000
6	98	2	-1218.44291265	0.05500000
6	99	2	-1216.97355956	0.05500000
6	100	2	-1216.61876422	0.05500000
6	101	2	-1210.12425970	0.05500000
6	102	2	-1212.59429846	0.05500000
6	103	2	-1208.01888454	0.05500000
6	104	2	-1214.38335735	0.05500000
6	105	2	-1213.92708705	0.05500000
6	106	2	-1213.71180293	0.05500000
6	107	2	-1216.58821184	0.05500000
6	108	2	-1210.43790860	0.05500000
6	109	2	-1219.93620140	0.05500000
6	110	2	-1212.49477672	0.05500000
6	111	2	-1219.87414601	0.05500000
6	112	2	-1219.69094657	0.05500000
6	113	2	-1218.51190923	0.05500000
6	114	2	-1219.75130442	0.05500000
6	115	2	-1220.51867682	0.05500000
6	116	2	-1223.56752755	0.05500000
6	117	2	-1221.14912850	0.05500000
6	118	2	-1217.23003037	0.05500000
6	119	2	-1221.29923589	0.05500000
6	120	2	-1215.47244630	0.05500000
6	121	2	-1217.15826842	0.05500000
6	122	2	-1216.58735511	0.05500000
6	123	2	-1217.42052350	0.05500000
6	124	2	-1214.13835729	0.05500000
6	125	2	-1218.24840580	0.05500000
6	126	2	-1218.10151970	0.05500000
6	127	2	-1217.80041747	0.05500000
6	128	2	-1218.26782685	0.05500000
6	129	2	-1221.51761674	0.05500000
6	130	2	-1218.22200618	0.05500000
6	131	2	-1219.76511390	0.05500000
6	132	2	-1220.03283162	0.05500000
6	133	2	-1222.81526328	0.05500000
6	134	2	-1222.89678880	0.05500000
6	135	2	-1220.41592161	0.05500000
6	136	2	-1220.90656931	0.05500000
6	137	2	-1219.48896992	0.05500000
6	138	2	-1221.86604450	0.05500000
6	139	2	-1216.65085522	0.05500000
6	140	2	-1246.03119364	0.05500000
6	141	2	-1247.58033133	0.05500000
6	142	2	-1242.93521936	0.05500000
6	143	2	-1249.28542569	0.05500000
6	144	2	-1246.74933442	0.05500000
6	145	2	-1248.87815681	0.05500000
6	146	2	-1244.73559787	0.05500000
6	147	2	-1253.67177699	0.05500000
6	148	2	-1246.40884917	0.05500000
6	149	2	-1252.34431245	0.05500000
6	150	2	-1246.57738168	0.05500000
6	151	2	-1255.73745451	0.05500000
6	152	2	-1253.60524562	0.05500000
6	153	2	-1257.40107489	0.05500000
6	154	2	-1258.26400389	0.05500000
6	155	2	-1262.98997967	0.05500000
6	156	2	-1260.60434196	0.05500000
6	157	2	-1266.81595233	0.05500000
6	158	2	-1263.58568517	0.05500000
6	159	2	-1267.38083656	0.05500000
6	160	2	-1260.94954375	0.05500000
6	161	2	-1269.20588153	0.05500000
6	162	2	-1264.00855780	0.05500000
6	163	2	-1273.02261606	0.05500000
6	164	2	-1262.95234269	0.05500000
6	165	2	-1271.79321030	0.05500000
6	166	2	-1266.70829355	0.05500000
6	167	2	-1269.90080120	0.05500000
7	0	2	-1265.92760416	0.05500000
7	1	2	-1259.59137722	0.05500000
7	2	2	-1267.74781381	0.05500000
7	3	2	-1261.10464502	0.05500000
7	4	2	-1266.87427474	0.05500000
7	5	2	-1260.32551002	0.05500000
7	6	2	-1263.54901161	0.05500000
7	7	2	-1256.70058408	0.05500000
7	8	2	-1256.60857085	0.05500000
7	9	2	-1253.27677429	0.05500000
7	10	2	-1253.82239092	0.05500000
7	11	2	-1253.14418002	0.05500000
7	12	2	-1253.16714303	0.05500000
7	13	2	-1258.14836214	0.05500000
7	14	2	-1255.02787240	0.05500000
7	15	2	-1256.79788282	0.05500000
7	16	2	-1256.95835715	0.05500000
7	17	2	-1253.85638233	0.05500000
7	18	2	-1257.39319374	0.05500000
7	19	2	-1249.65641367	0.05500000
7	20	2	-1256.78802917	0.05500000
7	21	2	-1249.16913972	0.05500000
7	22	2	-1252.61460787	0.05500000
7	23	2	-1251.48809009	0.05500000
7	24	2	-1250.94296822	0.05500000
7	25	2	-1256.70909978	0.05500000
7	26	2	-1251.23547526	0.05500000
7	27	2	-1258.04830231	0.05500000
7	28	2	-1253.50991142	0.05500000
7	29	2	-1249.89049422	0.05500000
7	30	2	-1257.57639644	0.05500000
7	31	2	-1252.66854916	0.05500000
7	32	2	-1220.98110727	0.05500000
7	33	2	-1229.31181042	0.05500000
7	34	2	-1229.03079104	0.05500000
7	35	2	-1232.70591385	0.05500000
7	36	2	-1231.88550346	0.05500000
7	37	2	-1232.83716463	0.05500000
7	38	2	-1232.80396761	0.05500000
7	39	2	-1230.02499809	0.05500000
7	40	2	-1228.47917662	0.05500000
7	41	2	-1231.40012437	0.05500000
7	42	2	-1226.07644314	0.05500000
7	43	2	-1227.19774242	0.05500000
7	44	2	-1224.87763119	0.05500000
7	45	2	-1220.33228418	0.05500000
7	46	2	-1221.27917159	0.05500000
7	47	2	-1218.83085907	0.05500000
7	48	2	-1221.96154164	0.05500000
7	49	2	-1220.12584268	0.05500000
7	50	2	-1220.42881925	0.05500000
7	51	2	-1224.22324691	0.05500000
7	52	2	-1225.62746642	0.05500000
7	53	2	-1224.99121699	0.05500000
7	54	2	-1224.01734122	0.05500000
7	55	2	-1223.34371511	0.05500000
7	56	2	-1225.55938864	0.05500000
7	57	2	-1230.31385124	0.05500000
7	58	2	-1232.71364790	0.05500000
7	59	2	-1226.56802284	0.05500000
7	60	2	-1228.96910354	0.05500000
7	61	2	-1228.37133938	0.05500000
7	62	2	-1228.58694940	0.05500000
7	63	2	-1227.88634702	0.05500000
7	64	2	-1228.38918040	0.05500000
7	65	2	-1222.35968339	0.05500000
7	66	2	-1224.02379048	0.05500000
7	67	2	-1225.89981766	0.05500000
7	68	2	-1221.59388393	0.05500000
7	69	2	-1222.28110869	0.05500000
7	70	2	-1222.60779252	0.05500000
7	71	2	-1220.11935980	0.05500000
7	72	2	-1219.98848311	0.05500000
7	73	2	-1216.91582312	0.05500000
7	74	2	-1219.04978324	0.05500000
7	75	2	-1215.04242622	0.05500000
7	76	2	-1219.44359121	0.05500000
7	77	2	-1220.07490148	0.05500000
7	78	2	-1222.14690818	0.05500000
7	79	2	-1219.61245225	0.05500000
7	80	2	-1224.91896330	0.05500000
7	81	2	-1221.71277507	0.05500000
7	82	2	-1224.26498527	0.05500000
7	83	2	-1224.91265367	0.05500000
7	84	2	-1223.02183390	0.05500000
7	85	2	-1226.33181982	0.05500000
7	86	2	-1229.86239142	0.05500000
7	87	2	-1228.51062537	0.05500000
7	88	2	-1227.90927707	0.05500000
7	89	2	-1225.61514972	0.05500000
7	90	2	-1228.52684564	0.05500000
7	91	2	-1225.44425396	0.05500000
7	92	2	-1226.79790711	0.05500000
7	93	2	-1221.72278479	0.05500000
7	94	2	-1225.13395154	0.05500000
7	95	2	-1222.89444162	0.05500000
7	96	2	-1203.06106857	0.05500000
7	97	2	-1204.38744214	0.05500000
7	98	2	-1201.92933377	0.05500000
7	99	2	-1202.22091518	0.05500000
7	100	2	-1199.15707961	0.05500000
7	101	2	-1200.26216647	0.05500000
7	102	2	-1199.82550634	0.05500000
7	103	2	-1200.92577496	0.05500000
7	104	2	-1199.15650745	0.05500000
7	105	2	-1201.64150298	0.05500000
7	106	2	-1201.20814841	0.05500000
7	107	2	-1199.51861193	0.05500000
7	108	2	-1199.43444508	0.05500000
7	109	2	-1195.82643512	0.05500000
7	110	2	-1196.06127193	0.05500000
7	111	2	-1194.62117321	0.05500000
7	112	2	-1188.76862229	0.05500000
7	113	2	-1193.31695638	0.05500000
7	114	2	-1187.19401432	0.05500000
7	115	2	-1191.86684541	0.05500000
7	116	2	-1189.81651873	0.05500000
7	117	2	-1192.56188291	0.05500000
7	118	2	-1190.45137514	0.05500000
7	119	2	-1193.93285333	0.05500000
7	120	2	-1192.17186541	0.05500000
7	121	2	-1194.01494699	0.05500000
7	122	2	-1193.05976075	0.05500000
7	123	2	-1190.03663463	0.05500000
7	124	2	-1195.11501185	0.05500000
7	125	2	-1196.42000055	0.05500000
7	126	2	-1196.31480325	0.05500000
7	127	2	-1200.26204725	0.05500000
7	128	2	-1193.60108192	0.05500000
7	129	2	-1201.62532419	0.05500000
7	130	2	-1196.72277919	0.05500000
7	131	2	-1202.65234320	0.05500000
7	132	2	-1196.75923675	0.05500000
7	133	2	-1200.96327087	0.05500000
7	134	2	-1199.59119170	0.05500000
7	135	2	-1197.90214184	0.05500000
7	136	2	-1195.94172856	0.05500000
7	137	2	-1198.82993239	0.05500000
7	138	2	-1193.75173579	0.05500000
7	139	2	-1196.76204358	0.05500000
7	140	2	-1194.07726195	0.05500000
7	141	2	-1196.89051041	0.05500000
7	142	2	-1192.38673035	0.05500000
7	143	2	-1197.12553085	0.05500000
7	144	2	-1191.99901847	0.05500000
7	145	2	-1198.04853112	0.05500000
7	146	2	-1196.28655483	0.05500000
7	147	2	-1202.38196925	0.05500000
7	148	2	-1197.29925715	0.05500000
7	149	2	-1199.15721708	0.05500000
7	150	2	-1200.56672348	0.05500000
7	151	2	-1200.93506847	0.05500000
7	152	2	-1199.49744404	0.05500000
7	153	2	-1201.41956855	0.05500000
7	154	2	-1199.09413155	0.05500000
7	155	2	-1200.76039147	0.05500000
7	156	2	-1199.18211447	0.05500000
7	157	2	-1202.85030320	0.05500000
7	158	2	-1197.92042048	0.05500000
7	159	2	-1199.35369595	0.05500000
7	160	2	-1250.00108546	0.05500000
7	161	2	-1250.77863764	0.05500000
7	162	2	-1244.75350628	0.05500000
7	163	2	-1252.23130449	0.05500000
7	164	2	-1251.84324746	0.05500000
7	165	2	-1255.78765102	0.05500000
7	166	2	-1250.40495220	0.05500000
7	167	2	-1254.75934197	0.05500000
7	168	2	-1253.39759293	0.05500000
7	169	2	-1254.95895930	0.05500000
7	170	2	-1248.66659951	0.05500000
7	171	2	-1254.93664769	0.05500000
7	172	2	-1250.45077713	0.05500000
7	173	2	-1252.74356133	0.05500000
7	174	2	-1253.33389022	0.05500000
7	175	2	-1254.49464089	0.05500000
7	176	2	-1254.34729949	0.05500000
7	177	2	-1261.17432152	0.05500000
7	178	2	-1262.11081547	0.05500000
7	179	2	-1263.96635211	0.05500000
7	180	2	-1258.62190863	0.05500000
7	181	2	-1263.23857032	0.05500000
7	182	2	-1263.32029327	0.05500000
7	183	2	-1270.61244436	0.05500000
7	184	2	-1263.70349284	0.05500000
7	185	2	-1265.17371048	0.05500000
7	186	2	-1261.88087904	0.05500000
7	187	2	-1268.38558373	0.05500000
7	188	2	-1264.29953671	0.05500000
7	189	2	-1270.92637354	0.05500000
7	190	2	-1262.30400290	0.05500000
7	191	2	-1267.53729846	0.05500000
8	0	2	-1239.19501376	0.05500000
8	1	2	-1247.67273899	0.05500000
8	2	2	-1240.85246159	0.05500000
8	3	2	-1245.78039414	0.05500000
8	4	2	-1239.06669480	0.05500000
8	5	2	-1245.00907810	0.05500000
8	6	2	-1235.29094062	0.05500000
8	7	2	-1229.99199953	0.05500000
8	8	2	-1241.71743384	0.05500000
8	9	2	-1231.91529608	0.05500000
8	10	2	-1233.07766454	0.05500000
8	11	2	-1241.66032589	0.05500000
8	12	2	-1225.74753988	0.05500000
8	13	2	-1236.38695325	0.05500000
8	14	2	-1232.96708371	0.05500000
8	15	2	-1233.19614763	0.05500000
8	16	2	-1237.09154924	0.05500000
8	17	2	-1239.38840079	0.05500000
8	18	2	-1231.20212596	0.05500000
8	19	2	-1241.43285174	0.05500000
8	20	2	-1229.37247106	0.05500000
8	21	2	-1241.89052253	0.05500000
8	22	2	-1233.65334129	0.05500000
8	23	2	-1243.82373323	0.05500000
8	24	2	-1240.23861089	0.05500000
8	25	2	-1247.68521142	0.05500000
8	26	2	-1245.94377335	0.05500000
8	27	2	-1243.97795921	0.05500000
8	28	2	-1254.57925933	0.05500000
8	29	2	-1245.96771629	0.05500000
8	30	2	-1246.42602888	0.05500000
8	31	2	-1253.04106065	0.05500000
8	32	2	-1239.54199580	0.05500000
8	33	2	-1257.37680991	0.05500000
8	34	2	-1240.81116140	0.05500000
8	35	2	-1250.36600949	0.05500000
8	36	2	-1249.34872188	0.05500000
8	37	2	-1254.00061257	0.05500000
8	38	2	-1260.16449548	0.05500000
8	39	2	-1257.73128652	0.05500000
8	40	2	-1263.11048733	0.05500000
8	41	2	-1260.49093596	0.05500000
8	42	2	-1259.28833610	0.05500000
8	43	2	-1269.68050185	0.05500000
8	44	2	-1255.99291278	0.05500000
8	45	2	-1258.56737495	0.05500000
8	46	2	-1259.73868807	0.05500000
8	47	2	-1255.49073047	0.05500000
8	48	2	-1252.27259379	0.05500000
8	49	2	-1249.90131765	0.05500000
8	50	2	-1248.75185963	0.05500000
8	51	2	-1251.72642686	0.05500000
8	52	2	-1245.49481709	0.05500000
8	53	2	-1250.92902114	0.05500000
8	54	2	-1246.78613908	0.05500000
8	55	2	-1252.23031735	0.05500000
8	56	2	-1253.20259288	0.05500000
8	57	2	-1253.31932104	0.05500000
8	58	2	-1254.95639517	0.05500000
8	59	2	-1255.01501763	0.05500000
8	60	2	-1249.51425893	0.05500000
8	61	2	-1256.15602017	0.05500000
8	62	2	-1252.93084976	0.05500000
8	63	2	-1255.37065823	0.05500000
8	64	2	-1250.14521547	0.05500000
8	65	2	-1253.58660834	0.05500000
8	66	2	-1249.04288501	0.05500000
8	67	2	-1253.06678916	0.05500000
8	68	2	-1248.48641071	0.05500000
8	69	2	-1250.51597886	0.05500000
8	70	2	-1250.30587823	0.05500000
8	71	2	-1249.60322815	0.05500000
8	72	2	-1250.51861719	0.05500000
8	73	2	-1249.65363155	0.05500000
8	74	2	-1245.62314480	0.05500000
8	75	2	-1246.50715235	0.05500000
8	76	2	0.00000000	0.05500000
8	77	2	0.00000000	0.05500000
8	78	2	0.00000000	0.05500000
8	79	2	0.00000000	0.05500000
8	80	2	0.00000000	0.05500000
8	81	2	0.00000000	0.05500000
8	82	2	0.00000000	0.05500000
8	83	2	0.00000000	0.05500000
8	84	2	0.00000000	0.05500000
8	85	2	0.00000000	0.05500000
8	86	2	-1237.25558241	0.05500000
8	87	2	-1242.66518520	0.05500000
8	88	2	-1241.33958358	0.05500000
8	89	2	-1241.14233757	0.05500000
8	90	2	-1239.70934351	0.05500000
8	91	2	-1244.37351409	0.05500000
8	92	2	-1244.13267359	0.05500000
8	93	2	-1246.17230353	0.05500000
8	94	2	-1245.88154006	0.05500000
8	95	2	-1246.31648228	0.05500000
8	96	2	-1247.38921780	0.05500000
8	97	2	-1251.23608282	0.05500000
8	98	2	-1252.20403679	0.05500000
8	99	2	-1255.45556767	0.05500000
8	100	2	-1248.54041405	0.05500000
8	101	2	-1250.92897090	0.05500000
8	102	2	-1250.39049726	0.05500000
8	103	2	-1253.23709207	0.05500000
8	104	2	-1246.75679570	0.05500000
8	105	2	-1249.79574897	0.05500000
8	106	2	-1246.31989942	0.05500000
8	107	2	-1250.00327895	0.05500000
8	108	2	-1268.96823263	0.05500000
8	109	2	-1266.53739693	0.05500000
8	110	2	-1267.03365525	0.05500000
8	111	2	-1267.54371256	0.05500000
8	112	2	-1263.88208856	0.05500000
8	113	2	-1264.91322613	0.05500000
8	114	2	-1265.51779043	0.05500000
8	115	2	-1267.01270338	0.05500000
8	116	2	-1265.01212930	0.05500000
8	117	2	-1267.16443390	0.05500000
8	118	2	-1266.32080951	0.05500000
8	119	2	-1265.98954810	0.05500000
8	120	2	-1264.67837799	0.05500000
8	121	2	-1263.74876180	0.05500000
8	122	2	-1262.41635448	0.05500000
8	123	2	-1264.64351358	0.05500000
8	124	2	-1262.37286578	0.05500000
8	125	2	-1260.84548507	0.05500000
8	126	2	-1259.56710228	0.05500000
8	127	2	-1257.31834171	0.05500000
8	128	2	0.00000000	0.05500000
8	129	2	0.00000000	0.05500000
8	130	2	0.00000000	0.05500000
8	131	2	0.00000000	0.05500000
8	132	2	0.00000000	0.05500000
8	133	2	0.00000000	0.05500000
8	134	2	0.00000000	0.05500000
8	135	2	0.00000000	0.05500000
8	136	2	0.00000000	0.05500000
8	137	2	0.00000000	0.05500000
8	138	2	0.00000000	0.05500000
8	139	2	0.00000000	0.05500000
8	140	2	-1250.54221761	0.05500000
8	141	2	-1255.96352056	0.05500000
8	142	2	-1255.29139885	0.05500000
8	143	2	-1258.67934469	0.05500000
8	144	2	-1255.87298981	0.05500000
8	145	2	-1260.87554004	0.05500000
8	146	2	-1258.92210826	0.05500000
8	147	2	-1260.49855643	0.05500000
8	148	2	-1256.43154070	0.05500000
8	149	2	-1261.28349604	0.05500000
8	150	2	-1256.41242834	0.05500000
8	151	2	-1260.81403383	0.05500000
8	152	2	-1257.96786410	0.05500000
8	153	2	-1260.96734035	0.05500000
8	154	2	-1230.97277905	0.05500000
8	155	2	-1261.16856329	0.05500000
8	156	2	-1255.54214511	0.05500000
8	157	2	-1262.81064726	0.05500000
8	158	2	-1259.56710228	0.05500000
8	159	2	-1263.46170817	0.05500000
8	160	2	-1256.33053658	0.05500000
8	161	2	-1258.20779392	0.05500000
8	162	2	-1255.94361048	0.05500000
8	163	2	-1258.24711817	0.05500000
8	164	2	-1256.06608257	0.05500000
8	165	2	-1263.29766417	0.05500000
8	166	2	-1258.10604440	0.05500000
8	167	2	-1259.79819414	0.05500000
8	168	2	-1257.02038854	0.05500000
8	169	2	-1260.54431516	0.05500000
8	170	2	-1258.14199736	0.05500000
8	171	2	-1259.14467180	0.05500000
8	172	2	-1249.04982489	0.05500000
8	173	2	-1257.51327259	0.05500000
8	174	2	-1254.54328340	0.05500000
8	175	2	-1261.84440556	0.05500000
8	176	2	-1258.39318108	0.05500000
8	177	2	-1262.23171045	0.05500000
8	178	2	-1256.03080110	0.05500000
8	179	2	-1259.54420744	0.05500000
8	180	2	-1253.65073670	0.05500000
8	181	2	-1257.06798860	0.05500000
8	182	2	-1257.43226358	0.05500000
8	183	2	-1261.00700496	0.05500000
8	184	2	-1260.63913054	0.05500000
8	185	2	-1259.64287633	0.05500000
8	186	2	-1259.79206445	0.05500000
8	187	2	-1259.87423423	0.05500000
8	188	2	-1256.08749958	0.05500000
8	189	2	-1258.12424067	0.05500000
8	190	2	-1259.41474219	0.05500000
8	191	2	-1256.17278040	0.05500000
8	192	2	-1257.48075473	0.05500000
8	193	2	-1255.91371708	0.05500000
8	194	2	-1254.27189089	0.05500000
8	195	2	-1251.72111280	0.05500000
8	196	2	-1252.81867765	0.05500000
8	197	2	-1252.53233986	0.05500000
8	198	2	-1249.91250245	0.05500000
8	199	2	-1251.06768614	0.05500000
8	200	2	-1250.17097030	0.05500000
8	201	2	-1256.70213491	0.05500000
8	202	2	-1252.81273343	0.05500000
8	203	2	-1264.52377133	0.05500000
8	204	2	-1259.78301949	0.05500000
8	205	2	-1266.00707244	0.05500000
8	206	2	-1263.87149541	0.05500000
8	207	2	-1271.43329772	0.05500000
8	208	2	-1263.78328982	0.05500000
8	209	2	-1263.45325504	0.05500000
8	210	2	-1264.40721243	0.05500000
8	211	2	-1266.50943857	0.05500000
8	212	2	-1262.67064247	0.05500000
8	213	2	-1264.83037764	0.05500000
8	214	2	-1262.77536916	0.05500000
8	215	2	-1264.55253729	0.05500000
9	0	2	-1247.00401643	0.05500000
9	1	2	-1246.57640574	0.05500000
9	2	2	-1250.93576611	0.05500000
9	3	2	-1248.33283068	0.05500000
9	4	2	-1241.37001055	0.05500000
9	5	2	-1247.29905868	0.05500000
9	6	2	-1243.44141982	0.05500000
9	7	2	-1235.27605506	0.05500000
9	8	2	-1241.01237603	0.05500000
9	9	2	-1244.58036766	0.05500000
9	10	2	-1236.80546723	0.05500000
9	11	2	-1239.26875911	0.05500000
9	12	2	-1238.27460813	0.05500000
9	13	2	-1236.26497939	0.05500000
9	14	2	-1239.65932793	0.05500000
9	15	2	-1239.41716846	0.05500000
9	16	2	-1240.25827633	0.05500000
9	17	2	-1240.37907042	0.05500000
9	18	2	-1234.39823913	0.05500000
9	19	2	-1238.83989579	0.05500000
9	20	2	-1238.41098339	0.05500000
9	21	2	-1249.17221529	0.05500000
9	22	2	-1238.15217429	0.05500000
9	23	2	-1243.54542711	0.05500000
9	24	2	-1250.15069735	0.05500000
9	25	2	-1249.99367211	0.05500000
9	26	2	-1260.46349283	0.05500000
9	27	2	-1250.53616103	0.05500000
9	28	2	-1255.02777975	0.05500000
9	29	2	-1257.32059751	0.05500000
9	30	2	-1248.34110869	0.05500000
9	31	2	-1263.68624379	0.05500000
9	32	2	-1243.72052152	0.05500000
9	33	2	-1262.08323968	0.05500000
9	34	2	-1255.85465479	0.05500000
9	35	2	-1252.57016041	0.05500000
9	36	2	-1261.37070646	0.05500000
9	37	2	-1256.14563426	0.05500000
9	38	2	-1256.31319185	0.05500000
9	39	2	-1262.38873943	0.05500000
9	40	2	-1250.67680077	0.05500000
9	41	2	-1265.76538874	0.05500000
9	42	2	-1259.35378886	0.05500000
9	43	2	-1260.72096122	0.05500000
9	44	2	-1268.87121122	0.05500000
9	45	2	-1271.37009367	0.05500000
9	46	2	-1266.60403521	0.05500000
9	47	2	-1268.96886644	0.05500000
9	48	2	-1267.29720020	0.05500000
9	49	2	-1270.37456062	0.05500000
9	50	2	-1262.79481790	0.05500000
9	51	2	-1267.48027704	0.05500000
9	52	2	-1268.98860715	0.05500000
9	53	2	-1266.01383285	0.05500000
9	54	2	-1260.42075404	0.05500000
9	55	2	-1267.42381568	0.05500000
9	56	2	-1264.10488702	0.05500000
9	57	2	-1265.21811225	0.05500000
9	58	2	-1258.56933766	0.05500000
9	59	2	-1262.68595230	0.05500000
9	60	2	-1260.79923863	0.05500000
9	61	2	-1261.30069021	0.05500000
9	62	2	-1265.55883005	0.05500000
9	63	2	-1264.19790939	0.05500000
9	64	2	-1257.40337196	0.05500000
9	65	2	-1262.08437245	0.05500000
9	66	2	-1258.51502405	0.05500000
9	67	2	-1260.25913651	0.05500000
9	68	2	-1261.01963089	0.05500000
9	69	2	-1262.11109012	0.05500000
9	70	2	-1255.90688034	0.05500000
9	71	2	-1257.82179788	0.05500000
9	72	2	0.00000000	0.05500000
9	73	2	0.00000000	0.05500000
9	74	2	0.00000000	0.05500000
9	75	2	0.00000000	0.05500000
9	76	2	0.00000000	0.05500000
9	77	2	0.00000000	0.05500000
9	78	2	0.00000000	0.05500000
9	79	2	0.00000000	0.05500000
9	80	2	0.00000000	0.05500000
9	81	2	0.00000000	0.05500000
9	82	2	0.00000000	0.05500000
9	83	2	0.00000000	0.05500000
9	84	2	0.00000000	0.05500000
9	85	2	0.00000000	0.05500000
9	86	2	0.00000000	0.05500000
9	87	2	0.00000000	0.05500000
9	88	2	0.00000000	0.05500000
9	89	2	0.00000000	0.05500000
9	90	2	0.00000000	0.05500000
9	91	2	0.00000000	0.05500000
9	92	2	0.00000000	0.05500000
9	93	2	0.00000000	0.05500000
9	94	2	0.00000000	0.05500000
9	95	2	0.00000000	0.05500000
9	96	2	0.00000000	0.05500000
9	97	2	0.00000000	0.05500000
9	98	2	0.00000000	0.05500000
9	99	2	0.00000000	0.05500000
9	100	2	0.00000000	0.05500000
9	101	2	0.00000000	0.05500000
9	102	2	0.00000000	0.05500000
9	103	2	0.00000000	0.05500000
9	104	2	0.00000000	0.05500000
9	105	2	0.00000000	0.05500000
9	106	2	0.00000000	0.05500000
9	107	2	0.00000000	0.05500000
9	108	2	0.00000000	0.05500000
9	109	2	-1257.30743123	0.05500000
9	110	2	-1260.26882237	0.05500000
9	111	2	-1264.75061791	0.05500000
9	112	2	-1261.25046683	0.05500000
9	113	2	-1261.93544203	0.05500000
9	114	2	-1263.81013055	0.05500000
9	115	2	-1264.46252535	0.05500000
9	116	2	-1259.05410256	0.05500000
9	117	2	-1261.80976323	0.05500000
9	118	2	-1256.65167813	0.05500000
9	119	2	-1263.16605322	0.05500000
9	120	2	-1266.75592008	0.05500000
9	121	2	-1264.23863744	0.05500000
9	122	2	-1264.77241991	0.05500000
9	123	2	-1262.76840158	0.05500000
9	124	2	-1262.15632087	0.05500000
9	125	2	-1261.08544372	0.05500000
9	126	2	-1263.99260917	0.05500000
9	127	2	-1264.43729430	0.05500000
9	128	2	-1265.39315590	0.05500000
9	129	2	-1262.53158957	0.05500000
9	130	2	-1264.91482292	0.05500000
9	131	2	-1261.76559528	0.05500000
9	132	2	0.00000000	0.05500000
9	133	2	0.00000000	0.05500000
9	134	2	0.00000000	0.05500000
9	135	2	0.00000000	0.05500000
9	136	2	0.00000000	0.05500000
9	137	2	0.00000000	0.05500000
9	138	2	0.00000000	0.05500000
9	139	2	0.00000000	0.05500000
9	140	2	0.00000000	0.05500000
9	141	2	0.00000000	0.05500000
9	142	2	0.00000000	0.05500000
9	143	2	0.00000000	0.05500000
9	144	2	0.00000000	0.05500000
9	145	2	0.00000000	0.05500000
9	146	2	0.00000000	0.05500000
9	147	2	0.00000000	0.05500000
9	148	2	0.00000000	0.05500000
9	149	2	0.00000000	0.05500000
9	150	2	0.00000000	0.05500000
9	151	2	0.00000000	0.05500000
9	152	2	0.00000000	0.05500000
9	153	2	0.00000000	0.05500000
9	154	2	0.00000000	0.05500000
9	155	2	0.00000000	0.05500000
9	156	2	0.00000000	0.05500000
9	157	2	0.00000000	0.05500000
9	158	2	0.00000000	0.05500000
9	159	2	0.00000000	0.05500000
9	160	2	0.00000000	0.05500000
9	161	2	0.00000000	0.05500000
9	162	2	0.00000000	0.05500000
9	163	2	0.00000000	0.05500000
9	164	2	0.00000000	0.05500000
9	165	2	0.00000000	0.05500000
9	166	2	0.00000000	0.05500000
9	167	2	0.00000000	0.05500000
9	168	2	-1261.15138230	0.05500000
9	169	2	-1265.83985795	0.05500000
9	170	2	-1264.29521984	0.05500000
9	171	2	-1265.26957941	0.05500000
9	172	2	-1267.96445716	0.05500000
9	173	2	-1263.28490410	0.05500000
9	174	2	-1266.96495282	0.05500000
9	175	2	-1263.51635565	0.05500000
9	176	2	-1264.58123214	0.05500000
9	177	2	-1262.21432334	0.05500000
9	178	2	-1265.21651487	0.05500000
9	179	2	-1264.21391195	0.05500000
9	180	2	-1265.26415315	0.05500000
9	181	2	-1264.47536907	0.05500000
9	182	2	-1262.94616308	0.05500000
9	183	2	-1263.42220584	0.05500000
9	184	2	-1267.45348068	0.05500000
9	185	2	-1263.57599189	0.05500000
9	186	2	-1258.33557163	0.05500000
9	187	2	-1266.36046437	0.05500000
9	188	2	-1262.33594431	0.05500000
9	189	2	-1260.92943354	0.05500000
9	190	2	-1259.97042944	0.05500000
9	191	2	-1256.27109244	0.05500000
9	192	2	-1261.69817168	0.05500000
9	193	2	-1264.31974732	0.05500000
9	194	2	-1257.31737538	0.05500000
9	195	2	-1259.10056245	0.05500000
9	196	2	-1257.84541407	0.05500000
9	197	2	-1256.15197285	0.05500000
9	198	2	-1263.12592227	0.05500000
9	199	2	-1263.94304834	0.05500000
9	200	2	-1261.89276896	0.05500000
9	201	2	-1261.06871284	0.05500000
9	202	2	-1260.84744898	0.05500000
9	203	2	-1259.22925875	0.05500000
9	204	2	-1257.02725101	0.05500000
9	205	2	-1257.09241614	0.05500000
9	206	2	-1258.45530775	0.05500000
9	207	2	-1257.51269749	0.05500000
9	208	2	-1256.54882403	0.05500000
9	209	2	-1259.31296441	0.05500000
9	210	2	-1255.60316799	0.05500000
9	211	2	-1257.48433436	0.05500000
9	212	2	-1256.42844190	0.05500000
9	213	2	-1254.49794557	0.05500000
9	214	2	-1256.87852678	0.05500000
9	215	2	-1255.91882684	0.05500000
9	216	2	-1253.41537674	0.05500000
9	217	2	-1253.82861956	0.05500000
9	218	2	-1251.16598391	0.05500000
9	219	2	-1255.00296416	0.05500000
9	220	2	-1250.35624218	0.05500000
9	221	2	-1251.88649795	0.05500000
9	222	2	-1247.80438447	0.05500000
9	223	2	-1250.10230732	0.05500000
9	224	2	-1251.42836651	0.05500000
9	225	2	-1252.87437613	0.05500000
9	226	2	-1246.57110056	0.05500000
9	227	2	-1264.28752519	0.05500000
9	228	2	-1259.70105920	0.05500000
9	229	2	-1257.78604694	0.05500000
9	230	2	-1258.75026857	0.05500000
9	231	2	-1256.45449346	0.05500000
9	232	2	-1256.75482510	0.05500000
9	233	2	-1260.09374592	0.05500000
9	234	2	-1261.49559129	0.05500000
9	235	2	-1264.78821075	0.05500000
9	236	2	-1262.56370444	0.05500000
9	237	2	-1259.43873667	0.05500000
9	238	2	-1261.75998386	0.05500000
9	239	2	-1259.23838353	0.05500000
10	0	2	-1170.44640839	0.05500000
10	1	2	-1178.62398025	0.05500000
10	2	2	-1172.05262379	0.05500000
10	3	2	-1186.54926145	0.05500000
10	4	2	-1180.14861373	0.05500000
10	5	2	-1184.32476705	0.05500000
10	6	2	-1189.03071309	0.05500000
10	7	2	-1185.71584646	0.05500000
10	8	2	-1193.14966817	0.05500000
10	9	2	-1190.56329767	0.05500000
10	10	2	-1203.72658759	0.05500000
10	11	2	-1194.28909040	0.05500000
10	12	2	-1204.12178711	0.05500000
10	13	2	-1194.88010800	0.05500000
10	14	2	-1207.42360817	0.05500000
10	15	2	-1200.42017368	0.05500000
10	16	2	-1197.91680234	0.05500000
10	17	2	-1219.43286560	0.05500000
10	18	2	-1196.86864473	0.05500000
10	19	2	-1215.93392156	0.05500000
10	20	2	-1199.66151787	0.05500000
10	21	2	-1214.31342407	0.05500000
10	22	2	-1198.76642972	0.05500000
10	23	2	-1210.27039527	0.05500000
10	24	2	-1209.76462176	0.05500000
10	25	2	-1205.33498366	0.05500000
10	26	2	-1220.09748461	0.05500000
10	27	2	-1217.80850538	0.05500000
10	28	2	-1221.85451042	0.05500000
10	29	2	-1224.29343025	0.05500000
10	30	2	-1227.74470210	0.05500000
10	31	2	-1223.61631132	0.05500000
10	32	2	-1218.45463338	0.05500000
10	33	2	-1233.19122645	0.05500000
10	34	2	-1225.97252660	0.05500000
10	35	2	-1222.51575015	0.05500000
10	36	2	-1225.03741788	0.05500000
10	37	2	-1224.58399725	0.05500000
10	38	2	-1216.39463581	0.05500000
10	39	2	-1223.66567291	0.05500000
10	40	2	-1225.90972800	0.05500000
10	41	2	-1221.89978027	0.05500000
10	42	2	-1219.51360299	0.05500000
10	43	2	-1219.60988478	0.05500000
10	44	2	-1217.39954094	0.05500000
10	45	2	-1219.76830889	0.05500000
10	46	2	-1219.28731096	0.05500000
10	47	2	-1222.98378464	0.05500000
10	48	2	-1201.79464986	0.05500000
10	49	2	0.00000000	0.05500000
10	50	2	0.00000000	0.05500000
10	51	2	0.00000000	0.05500000
10	52	2	0.00000000	0.05500000
10	53	2	0.00000000	0.05500000
10	54	2	0.00000000	0.05500000
10	55	2	0.00000000	0.05500000
10	56	2	0.00000000	0.05500000
10	57	2	0.00000000	0.05500000
10	58	2	0.00000000	0.05500000
10	59	2	0.00000000	0.05500000
10	60	2	0.00000000	0.05500000
10	61	2	0.00000000	0.05500000
10	62	2	0.00000000	0.05500000
10	63	2	0.00000000	0.05500000
10	64	2	0.00000000	0.05500000
10	65	2	0.00000000	0.05500000
10	66	2	0.00000000	0.05500000
10	67	2	0.00000000	0.05500000
10	68	2	0.00000000	0.05500000
10	69	2	0.00000000	0.05500000
10	70	2	0.00000000	0.05500000
10	71	2	0.00000000	0.05500000
10	72	2	0.00000000	0.05500000
10	73	2	0.00000000	0.05500000
10	74	2	0.00000000	0.05500000
10	75	2	0.00000000	0.05500000
10	76	2	0.00000000	0.05500000
10	77	2	0.00000000	0.05500000
10	78	2	0.00000000	0.05500000
10	79	2	0.00000000	0.05500000
10	80	2	0.00000000	0.05500000
10	81	2	0.00000000	0.05500000
10	82	2	0.00000000	0.05500000
10	83	2	0.00000000	0.05500000
10	84	2	0.00000000	0.05500000
10	85	2	0.00000000	0.05500000
10	86	2	0.00000000	0.05500000
10	87	2	0.00000000	0.05500000
10	88	2	0.00000000	0.05500000
10	89	2	0.00000000	0.05500000
10	90	2	0.00000000	0.05500000
10	91	2	0.00000000	0.05500000
10	92	2	0.00000000	0.05500000
10	93	2	0.00000000	0.05500000
10	94	2	0.00000000	0.05500000
10	95	2	0.00000000	0.05500000
10	96	2	0.00000000	0.05500000
10	97	2	0.00000000	0.05500000
10	98	2	-1212.80876863	0.05500000
10	99	2	-1214.04236720	0.05500000
10	100	2	-1212.30417487	0.05500000
10	101	2	-1216.23121503	0.05500000
10	102	2	-1210.72493913	0.05500000
10	103	2	-1211.21328563	0.05500000
10	104	2	-1231.22020685	0.05500000
10	105	2	-1212.75460062	0.05500000
10	106	2	-1226.50156594	0.05500000
10	107	2	-1213.92725097	0.05500000
10	108	2	-1224.33899705	0.05500000
10	109	2	-1211.69224008	0.05500000
10	110	2	0.00000000	0.05500000
10	111	2	0.00000000	0.05500000
10	112	2	0.00000000	0.05500000
10	113	2	0.00000000	0.05500000
10	114	2	0.00000000	0.05500000
10	115	2	0.00000000	0.05500000
10	116	2	0.00000000	0.05500000
10	117	2	0.00000000	0.05500000
10	118	2	0.00000000	0.05500000
10	119	2	0.00000000	0.05500000
10	120	2	0.00000000	0.05500000
10	121	2	0.00000000	0.05500000
10	122	2	0.00000000	0.05500000
10	123	2	0.00000000	0.05500000
10	124	2	0.00000000	0.05500000
10	125	2	0.00000000	0.05500000
10	126	2	0.00000000	0.05500000
10	127	2	0.00000000	0.05500000
10	128	2	0.00000000	0.05500000
10	129	2	0.00000000	0.05500000
10	130	2	0.00000000	0.05500000
10	131	2	0.00000000	0.05500000
10	132	2	0.00000000	0.05500000
10	133	2	0.00000000	0.05500000
10	134	2	0.00000000	0.05500000
10	135	2	0.00000000	0.05500000
10	136	2	0.00000000	0.05500000
10	137	2	0.00000000	0.05500000
10	138	2	0.00000000	0.05500000
10	139	2	0.00000000	0.05500000
10	140	2	0.00000000	0.05500000
10	141	2	0.00000000	0.05500000
10	142	2	0.00000000	0.05500000
10	143	2	0.00000000	0.05500000
10	144	2	0.00000000	0.05500000
10	145	2	0.00000000	0.05500000
10	146	2	0.00000000	0.05500000
10	147	2	0.00000000	0.05500000
10	148	2	0.00000000	0.05500000
10	149	2	0.00000000	0.05500000
10	150	2	0.00000000	0.05500000
10	151	2	0.00000000	0.05500000
10	152	2	0.00000000	0.05500000
10	153	2	0.00000000	0.05500000
10	154	2	0.00000000	0.05500000
10	155	2	0.00000000	0.05500000
10	156	2	0.00000000	0.05500000
10	157	2	0.00000000	0.05500000
10	158	2	0.00000000	0.05500000
10	159	2	-1197.17448435	0.05500000
10	160	2	-1226.67565715	0.05500000
10	161	2	-1213.19866723	0.05500000
10	162	2	-1219.41304339	0.05500000
10	163	2	-1214.19871900	0.05500000
10	164	2	-1216.92006065	0.05500000
10	165	2	-1220.45541821	0.05500000
10	166	2	-1225.25664729	0.05500000
10	167	2	-1213.46216136	0.05500000
10	168	2	-1212.62167034	0.05500000
10	169	2	-1220.32267094	0.05500000
10	170	2	-1211.24046178	0.05500000
10	171	2	-1210.89068143	0.05500000
10	172	2	-1212.86044923	0.05500000
10	173	2	-1209.06697036	0.05500000
10	174	2	-1216.45201687	0.05500000
10	175	2	-1210.75701893	0.05500000
10	176	2	-1212.96323670	0.05500000
10	177	2	-1205.43606996	0.05500000
10	178	2	-1217.22384764	0.05500000
10	179	2	-1206.25358350	0.05500000
10	180	2	-1218.85844686	0.05500000
10	181	2	-1208.97934155	0.05500000
10	182	2	-1214.74348751	0.05500000
10	183	2	-1211.86942722	0.05500000
10	184	2	-1210.82583248	0.05500000
10	185	2	-1209.84574990	0.05500000
10	186	2	-1213.53651255	0.05500000
10	187	2	-1207.65616198	0.05500000
10	188	2	-1211.54628127	0.05500000
10	189	2	-1211.76774445	0.05500000
10	190	2	-1208.73684348	0.05500000
10	191	2	-1208.58283457	0.05500000
10	192	2	-1212.53129074	0.05500000
10	193	2	-1209.77058944	0.05500000
10	194	2	-1213.66835772	0.05500000
10	195	2	-1209.86208713	0.05500000
10	196	2	-1212.03884848	0.05500000
10	197	2	-1214.76910090	0.05500000
10	198	2	-1208.47974309	0.05500000
10	199	2	-1205.64845374	0.05500000
10	200	2	-1210.08194898	0.05500000
10	201	2	-1207.23372171	0.05500000
10	202	2	-1208.57470676	0.05500000
10	203	2	-1204.04007759	0.05500000
10	204	2	-1203.90378404	0.05500000
10	205	2	-1197.82599068	0.05500000
10	206	2	-1205.40886702	0.05500000
10	207	2	-1198.36152506	0.05500000
11	0	2	-1168.56435483	0.05500000
11	1	2	-1165.90602075	0.05500000
11	2	2	-1176.05202192	0.05500000
11	3	2	-1175.14481750	0.05500000
11	4	2	-1193.19659891	0.05500000
11	5	2	-1182.85394802	0.05500000
11	6	2	-1196.02520592	0.05500000
11	7	2	-1182.67950930	0.05500000
11	8	2	-1203.68609692	0.05500000
11	9	2	-1194.53465495	0.05500000
11	10	2	-1205.95425515	0.05500000
11	11	2	-1204.60541000	0.05500000
11	12	2	-1196.37901745	0.05500000
11	13	2	-1211.81333138	0.05500000
11	14	2	-1193.23340671	0.05500000
11	15	2	-1214.83550133	0.05500000
11	16	2	-1203.08319563	0.05500000
11	17	2	-1210.10547834	0.05500000
11	18	2	-1201.08861437	0.05500000
11	19	2	-1208.75651299	0.05500000
11	20	2	-1221.08231710	0.05500000
11	21	2	-1211.17183760	0.05500000
11	22	2	-1221.40993600	0.05500000
11	23	2	-1212.84271271	0.05500000
11	24	2	-1217.46900860	0.05500000
11	25	2	-1222.75829103	0.05500000
11	26	2	-1227.00083867	0.05500000
11	27	2	-1232.36345870	0.05500000
11	28	2	-1223.87864482	0.05500000
11	29	2	-1231.73581923	0.05500000
11	30	2	-1227.84038418	0.05500000
11	31	2	-1228.67112416	0.05500000
11	32	2	-1226.47208464	0.05500000
11	33	2	-1224.56160590	0.05500000
11	34	2	-1226.50987808	0.05500000
11	35	2	-1224.06995852	0.05500000
11	36	2	-1229.31776699	0.05500000
11	37	2	-1225.67606097	0.05500000
11	38	2	-1224.73530825	0.05500000
11	39	2	-1221.23807937	0.05500000
11	40	2	-1222.96721126	0.05500000
11	41	2	-1221.99436934	0.05500000
11	42	2	0.00000000	0.05500000
11	43	2	0.00000000	0.05500000
11	44	2	0.00000000	0.05500000
11	45	2	0.00000000	0.05500000
11	46	2	0.00000000	0.05500000
11	47	2	0.00000000	0.05500000
11	48	2	0.00000000	0.05500000
11	49	2	0.00000000	0.05500000
11	50	2	0.00000000	0.05500000
11	51	2	0.00000000	0.05500000
11	52	2	0.00000000	0.05500000
11	53	2	0.00000000	0.05500000
11	54	2	0.00000000	0.05500000
11	55	2	0.00000000	0.05500000
11	56	2	-1225.02486851	0.05500000
11	57	2	-1225.82804654	0.05500000
11	58	2	-1224.79014137	0.05500000
11	59	2	-1233.30637184	0.05500000
11	60	2	-1232.81303845	0.05500000
11	61	2	-1232.66274135	0.05500000
11	62	2	-1237.40444923	0.05500000
11	63	2	-1230.70358682	0.05500000
11	64	2	-1231.65136360	0.05500000
11	65	2	-1234.89304918	0.05500000
11	66	2	-1232.87131879	0.05500000
11	67	2	-1232.31590118	0.05500000
11	68	2	-1228.22047565	0.05500000
11	69	2	-1230.49965461	0.05500000
11	70	2	-1231.64568364	0.05500000
11	71	2	-1228.90679716	0.05500000
11	72	2	-1227.91013547	0.05500000
11	73	2	-1228.85564096	0.05500000
11	74	2	-1226.16533429	0.05500000
11	75	2	-1226.61093331	0.05500000
11	76	2	-1223.79965545	0.05500000
11	77	2	-1219.94515328	0.05500000
11	78	2	-1218.12075468	0.05500000
11	79	2	-1223.62249144	0.05500000
11	80	2	-1224.57070838	0.05500000
11	81	2	-1226.47426253	0.05500000
11	82	2	-1225.65855779	0.05500000
11	83	2	-1229.96914511	0.05500000
11	84	2	-1224.83457266	0.05500000
11	85	2	-1228.80477228	0.05500000
11	86	2	-1222.55875671	0.05500000
11	87	2	-1226.04035205	0.05500000
11	88	2	-1224.00259649	0.05500000
11	89	2	-1223.74173581	0.05500000
11	90	2	-1225.93984271	0.05500000
11	91	2	-1224.89984431	0.05500000
11	92	2	-1216.38638234	0.05500000
11	93	2	-1227.87886625	0.05500000
11	94	2	0.00000000	0.05500000
11	95	2	0.00000000	0.05500000
11	96	2	0.00000000	0.05500000
11	97	2	0.00000000	0.05500000
11	98	2	0.00000000	0.05500000
11	99	2	0.00000000	0.05500000
11	100	2	0.00000000	0.05500000
11	101	2	0.00000000	0.05500000
11	102	2	0.00000000	0.05500000
11	103	2	0.00000000	0.05500000
11	104	2	0.00000000	0.05500000
11	105	2	0.00000000	0.05500000
11	106	2	0.00000000	0.05500000
11	107	2	0.00000000	0.05500000
11	108	2	-1210.71245758	0.05500000
11	109	2	-1201.78918291	0.05500000
11	110	2	0.00000000	0.05500000
11	111	2	0.00000000	0.05500000
11	112	2	0.00000000	0.05500000
11	113	2	0.00000000	0.05500000
11	114	2	0.00000000	0.05500000
11	115	2	0.00000000	0.05500000
11	116	2	0.00000000	0.05500000
11	117	2	0.00000000	0.05500000
11	118	2	0.00000000	0.05500000
11	119	2	0.00000000	0.05500000
11	120	2	0.00000000	0.05500000
11	121	2	0.00000000	0.05500000
11	122	2	0.00000000	0.05500000
11	123	2	0.00000000	0.05500000
11	124	2	-1214.60866199	0.05500000
11	125	2	-1207.12983158	0.05500000
11	126	2	-1213.54534996	0.05500000
11	127	2	-1212.86324294	0.05500000
11	128	2	-1216.85477127	0.05500000
11	129	2	-1211.32094747	0.05500000
11	130	2	-1219.20847275	0.05500000
11	131	2	-1214.82031499	0.05500000
11	132	2	-1219.92956809	0.05500000
11	133	2	-1217.41574332	0.05500000
11	134	2	-1223.74742062	0.05500000
11	135	2	-1219.30943809	0.05500000
11	136	2	-1222.18171043	0.05500000
11	137	2	-1217.09305496	0.05500000
11	138	2	-1222.68903521	0.05500000
11	139	2	-1218.18467562	0.05500000
11	140	2	-1222.84414375	0.05500000
11	141	2	-1217.64086859	0.05500000
11	142	2	-1223.35863541	0.05500000
11	143	2	-1220.14069540	0.05500000
11	144	2	-1226.95928609	0.05500000
11	145	2	-1221.97813037	0.05500000
11	146	2	-1225.41556180	0.05500000
11	147	2	-1221.99318164	0.05500000
11	148	2	-1227.07147492	0.05500000
11	149	2	-1221.67071784	0.05500000
11	150	2	-1228.19439403	0.05500000
11	151	2	-1226.27506955	0.05500000
11	152	2	-1231.28702775	0.05500000
11	153	2	-1225.67261296	0.05500000
11	154	2	-1232.41393858	0.05500000
11	155	2	-1223.40296800	0.05500000
11	156	2	-1228.42043901	0.05500000
11	157	2	-1222.51606036	0.05500000
11	158	2	-1223.47280396	0.05500000
11	159	2	-1212.30253843	0.05500000
11	160	2	-1214.78026881	0.05500000
11	161	2	-1210.02527004	0.05500000
11	162	2	0.00000000	0.05500000
11	163	2	0.00000000	0.05500000
11	164	2	0.00000000	0.05500000
11	165	2	0.00000000	0.05500000
11	166	2	0.00000000	0.05500000
11	167	2	0.00000000	0.05500000
11	168	2	0.00000000	0.05500000
11	169	2	0.00000000	0.05500000
11	170	2	0.00000000	0.05500000
11	171	2	0.00000000	0.05500000
11	172	2	0.00000000	0.05500000
11	173	2	0.00000000	0.05500000
11	174	2	0.00000000	0.05500000
11	175	2	0.00000000	0.05500000
11	176	2	-1210.63700253	0.05500000
11	177	2	-1217.56798568	0.05500000
11	178	2	-1215.35584345	0.05500000
11	179	2	-1203.10256268	0.05500000
11	180	2	-1217.17952913	0.05500000
11	181	2	-1216.64953384	0.05500000
11	182	2	-1212.96462769	0.05500000
11	183	2	-1206.49230511	0.05500000
11	184	2	-1207.52604009	0.05500000
11	185	2	-1207.47511331	0.05500000
11	186	2	-1200.57750031	0.05500000
11	187	2	-1201.64666539	0.05500000
11	188	2	-1207.05035581	0.05500000
11	189	2	-1202.55207866	0.05500000
11	190	2	-1207.87557931	0.05500000
11	191	2	-1195.12723945	0.05500000
11	192	2	-1201.06829257	0.05500000
11	193	2	-1206.07546502	0.05500000
11	194	2	-1208.70349196	0.05500000
11	195	2	-1203.82612026	0.05500000
11	196	2	-1203.22099757	0.05500000
11	197	2	-1203.89186732	0.05500000
11	198	2	-1200.55790234	0.05500000
11	199	2	-1196.23930613	0.05500000
11	200	2	-1194.28333540	0.05500000
11	201	2	-1191.58866429	0.05500000
11	202	2	-1198.61972031	0.05500000
11	203	2	-1197.63402283	0.05500000
11	204	2	-1196.50923251	0.05500000
11	205	2	-1200.38473766	0.05500000
11	206	2	-1202.91498591	0.05500000
11	207	2	-1195.24670427	0.05500000
11	208	2	-1202.34448971	0.05500000
11	209	2	-1196.12716511	0.05500000
11	210	2	-1201.56299035	0.05500000
11	211	2	-1194.32649228	0.05500000
11	212	2	-1197.73347287	0.05500000
11	213	2	-1196.37712902	0.05500000
11	214	2	-1200.44800541	0.05500000
11	215	2	-1196.00454834	0.05500000
11	216	2	-1198.35672573	0.05500000
11	217	2	-1193.31251252	0.05500000
12	0	2	-1151.12571130	0.05500000
12	1	2	-1174.30245742	0.05500000
12	2	2	-1163.81332989	0.05500000
12	3	2	-1188.43781819	0.05500000
12	4	2	-1162.62998640	0.05500000
12	5	2	-1217.57934336	0.05500000
12	6	2	-1161.96809474	0.05500000
12	7	2	-1211.03529037	0.05500000
12	8	2	-1210.34596248	0.05500000
12	9	2	-1209.46498679	0.05500000
12	10	2	-1200.34799164	0.05500000
12	11	2	-1226.00132467	0.05500000
12	12	2	-1215.21868722	0.05500000
12	13	2	-1234.83331422	0.05500000
12	14	2	-1216.76684784	0.05500000
12	15	2	-1240.34594957	0.05500000
12	16	2	-1226.21166631	0.05500000
12	17	2	-1228.45616475	0.05500000
12	18	2	-1235.55129533	0.05500000
12	19	2	-1229.51755329	0.05500000
12	20	2	-1235.37076922	0.05500000
12	21	2	-1241.87867871	0.05500000
12	22	2	-1216.08740703	0.05500000
12	23	2	-1260.72559077	0.05500000
12	24	2	-1221.44151426	0.05500000
12	25	2	-1243.43116496	0.05500000
12	26	2	-1246.67552551	0.05500000
12	27	2	-1256.17176657	0.05500000
12	28	2	-1244.17493694	0.05500000
12	29	2	-1250.46121938	0.05500000
12	30	2	-1237.55219675	0.05500000
12	31	2	-1253.79958607	0.05500000
12	32	2	-1245.07567292	0.05500000
12	33	2	-1241.96018950	0.05500000
12	34	2	-1245.68479158	0.05500000
12	35	2	-1247.43589104	0.05500000
12	36	2	0.00000000	0.05500000
12	37	2	0.00000000	0.05500000
12	38	2	0.00000000	0.05500000
12	39	2	0.00000000	0.05500000
12	40	2	0.00000000	0.05500000
12	41	2	0.00000000	0.05500000
12	42	2	0.00000000	0.05500000
12	43	2	0.00000000	0.05500000
12	44	2	0.00000000	0.05500000
12	45	2	0.00000000	0.05500000
12	46	2	0.00000000	0.05500000
12	47	2	0.00000000	0.05500000
12	48	2	-1249.79819387	0.05500000
12	49	2	-1245.15023711	0.05500000
12	50	2	-1239.54416234	0.05500000
12	51	2	-1242.47803297	0.05500000
12	52	2	-1248.51242627	0.05500000
12	53	2	-1250.86517957	0.05500000
12	54	2	-1245.59763848	0.05500000
12	55	2	-1245.21196331	0.05500000
12	56	2	-1245.61180756	0.05500000
12	57	2	-1254.60258302	0.05500000
12	58	2	-1249.48076399	0.05500000
12	59	2	-1247.16891413	0.05500000
12	60	2	-1251.06615392	0.05500000
12	61	2	-1255.33873330	0.05500000
12	62	2	-1247.58902545	0.05500000
12	63	2	-1254.21745380	0.05500000
12	64	2	-1251.13515938	0.05500000
12	65	2	-1258.66475766	0.05500000
12	66	2	-1245.92820040	0.05500000
12	67	2	-1264.68970063	0.05500000
12	68	2	-1246.60328195	0.05500000
12	69	2	-1262.74969222	0.05500000
12	70	2	-1246.76016088	0.05500000
12	71	2	-1256.86513179	0.05500000
12	72	2	-1254.43537941	0.05500000
12	73	2	-1253.68709928	0.05500000
12	74	2	-1249.85660018	0.05500000
12	75	2	-1257.31733768	0.05500000
12	76	2	-1243.09811953	0.05500000
12	77	2	-1260.04963397	0.05500000
12	78	2	-1244.11124319	0.05500000
12	79	2	-1253.03208721	0.05500000
12	80	2	-1247.00395840	0.05500000
12	81	2	-1258.74999857	0.05500000
12	82	2	-1239.19021475	0.05500000
12	83	2	-1254.23616829	0.05500000
12	84	2	-1241.18065281	0.05500000
12	85	2	-1252.54953288	0.05500000
12	86	2	-1240.70158089	0.05500000
12	87	2	-1250.31410702	0.05500000
12	88	2	-1243.28239361	0.05500000
12	89	2	-1251.73854928	0.05500000
12	90	2	-1241.64615028	0.05500000
12	91	2	-1249.87939388	0.05500000
12	92	2	-1237.71919975	0.05500000
12	93	2	-1249.32126658	0.05500000
12	94	2	-1232.35722733	0.05500000
12	95	2	-1251.48329559	0.05500000
12	96	2	-1237.23260098	0.05500000
12	97	2	-1247.36115807	0.05500000
12	98	2	-1237.25000443	0.05500000
12	99	2	-1244.56013657	0.05500000
12	100	2	-1235.85689706	0.05500000
12	101	2	-1245.13791208	0.05500000
12	102	2	-1234.45930991	0.05500000
12	103	2	-1237.17727030	0.05500000
12	104	2	-1243.35655730	0.05500000
12	105	2	-1222.41233921	0.05500000
12	106	2	0.00000000	0.05500000
12	107	2	0.00000000	0.05500000
12	108	2	0.00000000	0.05500000
12	109	2	0.00000000	0.05500000
12	110	2	0.00000000	0.05500000
12	111	2	0.00000000	0.05500000
12	112	2	0.00000000	0.05500000
12	113	2	0.00000000	0.05500000
12	114	2	0.00000000	0.05500000
12	115	2	0.00000000	0.05500000
12	116	2	0.00000000	0.05500000
12	117	2	0.00000000	0.05500000
12	118	2	0.00000000	0.05500000
12	119	2	0.00000000	0.05500000
12	120	2	0.00000000	0.05500000
12	121	2	0.00000000	0.05500000
12	122	2	0.00000000	0.05500000
12	123	2	0.00000000	0.05500000
12	124	2	-1227.56109256	0.05500000
12	125	2	-1250.59326539	0.05500000
12	126	2	-1246.65434437	0.05500000
12	127	2	-1245.39670590	0.05500000
12	128	2	-1244.10351182	0.05500000
12	129	2	-1249.25865487	0.05500000
12	130	2	-1245.32735081	0.05500000
12	131	2	-1249.34562004	0.05500000
12	132	2	-1246.55188647	0.05500000
12	133	2	-1248.91224370	0.05500000
12	134	2	-1246.82980681	0.05500000
12	135	2	-1251.63590653	0.05500000
12	136	2	-1250.12720501	0.05500000
12	137	2	-1253.38571095	0.05500000
12	138	2	-1250.61470642	0.05500000
12	139	2	-1255.90263942	0.05500000
12	140	2	-1255.15605726	0.05500000
12	141	2	-1255.89791280	0.05500000
12	142	2	-1258.10623871	0.05500000
12	143	2	-1257.77628295	0.05500000
12	144	2	-1257.55004548	0.05500000
12	145	2	-1258.54126138	0.05500000
12	146	2	-1257.92818370	0.05500000
12	147	2	-1260.07852935	0.05500000
12	148	2	-1256.63189369	0.05500000
12	149	2	-1258.94155183	0.05500000
12	150	2	-1258.83937102	0.05500000
12	151	2	-1261.20207484	0.05500000
12	152	2	-1262.32555949	0.05500000
12	153	2	-1261.86452402	0.05500000
12	154	2	-1262.28191804	0.05500000
12	155	2	-1264.24001188	0.05500000
12	156	2	-1263.30990753	0.05500000
12	157	2	-1266.35589069	0.05500000
12	158	2	-1267.61158610	0.05500000
12	159	2	-1269.21156163	0.05500000
12	160	2	-1268.51801979	0.05500000
12	161	2	-1271.12969149	0.05500000
12	162	2	-1269.24683719	0.05500000
12	163	2	-1272.92550557	0.05500000
12	164	2	-1270.55691945	0.05500000
12	165	2	-1274.66125959	0.05500000
12	166	2	-1270.95431809	0.05500000
12	167	2	-1270.86086742	0.05500000
12	168	2	-1264.62544917	0.05500000
12	169	2	-1267.58330006	0.05500000
12	170	2	-1263.92132924	0.05500000
12	171	2	-1264.78606151	0.05500000
12	172	2	-1262.73930152	0.05500000
12	173	2	-1261.78310704	0.05500000
12	174	2	-1263.14008168	0.05500000
12	175	2	-1263.94201441	0.05500000
12	176	2	-1257.41663015	0.05500000
12	177	2	-1257.42047762	0.05500000
12	178	2	-1259.21067957	0.05500000
12	179	2	-1252.53528433	0.05500000
12	180	2	-1252.85457444	0.05500000
12	181	2	-1258.97092069	0.05500000
12	182	2	0.00000000	0.05500000
12	183	2	0.00000000	0.05500000
12	184	2	0.00000000	0.05500000
12	185	2	0.00000000	0.05500000
12	186	2	0.00000000	0.05500000
12	187	2	0.00000000	0.05500000
12	188	2	0.00000000	0.05500000
12	189	2	0.00000000	0.05500000
12	190	2	0.00000000	0.05500000
12	191	2	0.00000000	0.05500000
12	192	2	0.00000000	0.05500000
12	193	2	0.00000000	0.05500000
12	194	2	-1238.53904684	0.05500000
12	195	2	-1244.23074080	0.05500000
12	196	2	-1233.38872754	0.05500000
12	197	2	-1235.68795438	0.05500000
12	198	2	-1225.30416172	0.05500000
12	199	2	-1226.78242885	0.05500000
12	200	2	-1225.82574058	0.05500000
12	201	2	-1225.55097685	0.05500000
12	202	2	-1216.43703318	0.05500000
12	203	2	-1217.92993540	0.05500000
12	204	2	-1218.01346985	0.05500000
12	205	2	-1222.27696509	0.05500000
12	206	2	-1212.98844091	0.05500000
12	207	2	-1218.36550602	0.05500000
12	208	2	-1217.57895966	0.05500000
12	209	2	-1226.16609774	0.05500000
12	210	2	-1214.35614154	0.05500000
12	211	2	-1217.86778018	0.05500000
12	212	2	-1212.01519238	0.05500000
12	213	2	-1198.56402747	0.05500000
12	214	2	-1198.57100793	0.05500000
12	215	2	-1200.53613678	0.05500000
12	216	2	-1200.00008989	0.05500000
12	217	2	-1205.50771042	0.05500000
12	218	2	-1199.68320459	0.05500000
12	219	2	-1206.08809807	0.05500000
12	220	2	-1197.94246945	0.05500000
12	221	2	-1208.92045523	0.05500000
12	222	2	-1204.69097175	0.05500000
12	223	2	-1209.10510010	0.05500000
12	224	2	-1211.05578004	0.05500000
12	225	2	-1220.25295925	0.05500000
12	226	2	-1210.68161094	0.05500000
12	227	2	-1218.19840801	0.05500000
12	228	2	-1215.21145126	0.05500000
12	229	2	-1224.53170819	0.05500000
13	0	2	-1239.00925578	0.05500000
13	1	2	-1216.73158741	0.05500000
13	2	2	-1241.21725418	0.05500000
13	3	2	-1213.61070065	0.05500000
13	4	2	-1245.12268092	0.05500000
13	5	2	-1211.31751685	0.05500000
13	6	2	-1241.11266421	0.05500000
13	7	2	-1235.52822312	0.05500000
13	8	2	-1232.13654783	0.05500000
13	9	2	-1236.03555814	0.05500000
13	10	2	-1273.34590979	0.05500000
13	11	2	-1227.58162083	0.05500000
13	12	2	-1270.46578621	0.05500000
13	13	2	-1223.64909715	0.05500000
13	14	2	-1270.96047140	0.05500000
13	15	2	-1241.59370313	0.05500000
13	16	2	-1251.82565318	0.05500000
13	17	2	0.00000000	0.05500000
13	18	2	0.00000000	0.05500000
13	19	2	0.00000000	0.05500000
13	20	2	0.00000000	0.05500000
13	21	2	0.00000000	0.05500000
13	22	2	0.00000000	0.05500000
13	23	2	0.00000000	0.05500000
13	24	2	0.00000000	0.05500000
13	25	2	0.00000000	0.05500000
13	26	2	0.00000000	0.05500000
13	27	2	0.00000000	0.05500000
13	28	2	-1272.01106718	0.05500000
13	29	2	-1247.28232273	0.05500000
13	30	2	-1278.24518624	0.05500000
13	31	2	-1241.50492172	0.05500000
13	32	2	-1270.73199370	0.05500000
13	33	2	-1245.94842305	0.05500000
13	34	2	-1257.59229764	0.05500000
13	35	2	-1258.23299769	0.05500000
13	36	2	-1267.39473643	0.05500000
13	37	2	-1243.42791945	0.05500000
13	38	2	-1265.19407119	0.05500000
13	39	2	-1246.86404866	0.05500000
13	40	2	-1267.34124213	0.05500000
13	41	2	-1245.16869215	0.05500000
13	42	2	-1266.48897059	0.05500000
13	43	2	-1248.65453864	0.05500000
13	44	2	-1266.64196999	0.05500000
13	45	2	-1257.04158893	0.05500000
13	46	2	-1258.02451822	0.05500000
13	47	2	-1259.06854484	0.05500000
13	48	2	-1256.14270655	0.05500000
13	49	2	-1257.02639774	0.05500000
13	50	2	-1262.59671537	0.05500000
13	51	2	-1252.91987919	0.05500000
13	52	2	-1268.64314182	0.05500000
13	53	2	-1252.37419470	0.05500000
13	54	2	-1264.55315895	0.05500000
13	55	2	-1260.59689526	0.05500000
13	56	2	-1260.19825409	0.05500000
13	57	2	-1261.84036442	0.05500000
13	58	2	-1261.17015067	0.05500000
13	59	2	-1257.53126012	0.05500000
13	60	2	-1267.35847207	0.05500000
13	61	2	-1247.19228864	0.05500000
13	62	2	-1276.54110899	0.05500000
13	63	2	-1237.12397923	0.05500000
13	64	2	-1274.76313422	0.05500000
13	65	2	-1238.20014202	0.05500000
13	66	2	-1268.23048624	0.05500000
13	67	2	-1247.00101006	0.05500000
13	68	2	-1259.32330228	0.05500000
13	69	2	-1257.88039189	0.05500000
13	70	2	-1260.09293965	0.05500000
13	71	2	-1248.09475390	0.05500000
13	72	2	-1260.75199957	0.05500000
13	73	2	-1251.81532715	0.05500000
13	74	2	-1261.32622421	0.05500000
13	75	2	-1246.42506559	0.05500000
13	76	2	-1266.62586186	0.05500000
13	77	2	-1249.35703223	0.05500000
13	78	2	-1260.73790848	0.05500000
13	79	2	-1250.66663579	0.05500000
13	80	2	-1255.60047789	0.05500000
13	81	2	-1250.97810720	0.05500000
13	82	2	-1254.23369252	0.05500000
13	83	2	-1249.03868213	0.05500000
13	84	2	-1259.02669747	0.05500000
13	85	2	-1244.58200394	0.05500000
13	86	2	-1257.28948496	0.05500000
13	87	2	-1243.48872202	0.05500000
13	88	2	-1254.69573289	0.05500000
13	89	2	-1243.21844735	0.05500000
13	90	2	-1256.50079529	0.05500000
13	91	2	-1242.33727034	0.05500000
13	92	2	-1254.20114101	0.05500000
13	93	2	-1245.02309905	0.05500000
13	94	2	-1250.57988482	0.05500000
13	95	2	-1245.01350722	0.05500000
13	96	2	-1248.87559979	0.05500000
13	97	2	-1241.94086398	0.05500000
13	98	2	-1243.01487920	0.05500000
13	99	2	0.00000000	0.05500000
13	100	2	0.00000000	0.05500000
13	101	2	0.00000000	0.05500000
13	102	2	0.00000000	0.05500000
13	103	2	0.00000000	0.05500000
13	104	2	0.00000000	0.05500000
13	105	2	0.00000000	0.05500000
13	106	2	0.00000000	0.05500000
13	107	2	0.00000000	0.05500000
13	108	2	0.00000000	0.05500000
13	109	2	0.00000000	0.05500000
13	110	2	0.00000000	0.05500000
13	111	2	0.00000000	0.05500000
13	112	2	0.00000000	0.05500000
13	113	2	0.00000000	0.05500000
13	114	2	0.00000000	0.05500000
13	115	2	-1234.65458224	0.05500000
13	116	2	-1238.41629440	0.05500000
13	117	2	-1240.90141700	0.05500000
13	118	2	-1236.83737295	0.05500000
13	119	2	-1237.30068534	0.05500000
13	120	2	-1238.60973241	0.05500000
13	121	2	-1236.78848082	0.05500000
13	122	2	-1238.42170680	0.05500000
13	123	2	-1236.90338961	0.05500000
13	124	2	-1237.66249764	0.05500000
13	125	2	-1236.14231368	0.05500000
13	126	2	-1236.11467097	0.05500000
13	127	2	-1235.34889392	0.05500000
13	128	2	-1237.71809144	0.05500000
13	129	2	-1238.72585205	0.05500000
13	130	2	-1239.45880703	0.05500000
13	131	2	-1240.39787218	0.05500000
13	132	2	-1244.08096170	0.05500000
13	133	2	-1243.90201013	0.05500000
13	134	2	-1244.54366780	0.05500000
13	135	2	-1244.95457400	0.05500000
13	136	2	-1244.64661832	0.05500000
13	137	2	-1245.69946404	0.05500000
13	138	2	-1246.32539214	0.05500000
13	139	2	-1244.23646220	0.05500000
13	140	2	-1245.99338071	0.05500000
13	141	2	-1245.92927916	0.05500000
13	142	2	-1248.13296936	0.05500000
13	143	2	-1246.32404856	0.05500000
13	144	2	-1252.96095993	0.05500000
13	145	2	-1253.55269554	0.05500000
13	146	2	-1256.76106383	0.05500000
13	147	2	-1256.27774357	0.05500000
13	148	2	-1258.75537472	0.05500000
13	149	2	-1260.03427929	0.05500000
13	150	2	-1262.51109335	0.05500000
13	151	2	-1261.42246023	0.05500000
13	152	2	-1263.62897938	0.05500000
13	153	2	-1263.00474322	0.05500000
13	154	2	-1264.46897858	0.05500000
13	155	2	-1263.91132097	0.05500000
13	156	2	-1265.66749385	0.05500000
13	157	2	-1264.64575921	0.05500000
13	158	2	-1267.04042287	0.05500000
13	159	2	-1267.65513164	0.05500000
13	160	2	-1269.09605711	0.05500000
13	161	2	-1270.38697074	0.05500000
13	162	2	-1269.94740159	0.05500000
13	163	2	-1270.86737462	0.05500000
13	164	2	-1269.00073945	0.05500000
13	165	2	-1270.28263658	0.05500000
13	166	2	-1272.01410458	0.05500000
13	167	2	-1272.12607495	0.05500000
13	168	2	-1271.00011242	0.05500000
13	169	2	-1272.99222966	0.05500000
13	170	2	-1274.70289177	0.05500000
13	171	2	-1268.51997406	0.05500000
13	172	2	-1274.33985460	0.05500000
13	173	2	-1270.45013344	0.05500000
13	174	2	-1272.36567992	0.05500000
13	175	2	-1270.63421619	0.05500000
13	176	2	-1270.68605998	0.05500000
13	177	2	-1268.58909547	0.05500000
13	178	2	-1271.87984449	0.05500000
13	179	2	-1268.54532366	0.05500000
13	180	2	-1268.90780468	0.05500000
13	181	2	-1265.43904441	0.05500000
13	182	2	-1265.76934768	0.05500000
13	183	2	-1259.59026061	0.05500000
13	184	2	-1266.54665126	0.05500000
13	185	2	-1260.69726875	0.05500000
13	186	2	0.00000000	0.05500000
13	187	2	0.00000000	0.05500000
13	188	2	0.00000000	0.05500000
13	189	2	0.00000000	0.05500000
13	190	2	0.00000000	0.05500000
13	191	2	0.00000000	0.05500000
13	192	2	0.00000000	0.05500000
13	193	2	0.00000000	0.05500000
13	194	2	0.00000000	0.05500000
13	195	2	0.00000000	0.05500000
13	196	2	0.00000000	0.05500000
13	197	2	-1206.23297644	0.05500000
13	198	2	-1200.53363538	0.05500000
13	199	2	-1201.38828065	0.05500000
13	200	2	-1187.05956877	0.05500000
13	201	2	-1186.42528381	0.05500000
13	202	2	-1177.39151896	0.05500000
13	203	2	-1168.25555579	0.05500000
13	204	2	-1152.51016709	0.05500000
13	205	2	-1152.20833178	0.05500000
13	206	2	-1134.72002017	0.05500000
13	207	2	-1165.32996939	0.05500000
13	208	2	-1105.39225050	0.05500000
13	209	2	-1105.96926808	0.05500000
13	210	2	-1108.23316767	0.05500000
13	211	2	-1120.23836751	0.05500000
13	212	2	-1124.77214818	0.05500000
13	213	2	-1104.64571922	0.05500000
14	0	2	-1154.88475430	0.05500000
14	1	2	-1174.30061609	0.05500000
14	2	2	-1157.45787023	0.05500000
14	3	2	-1211.97601623	0.05500000
14	4	2	0.00000000	0.05500000
14	5	2	0.00000000	0.05500000
14	6	2	0.00000000	0.05500000
14	7	2	0.00000000	0.05500000
14	8	2	0.00000000	0.05500000
14	9	2	0.00000000	0.05500000
14	10	2	0.00000000	0.05500000
14	11	2	0.00000000	0.05500000
14	12	2	0.00000000	0.05500000
14	13	2	0.00000000	0.05500000
14	14	2	-1206.25555359	0.05500000
14	15	2	-1217.90114617	0.05500000
14	16	2	-1217.29615133	0.05500000
14	17	2	-1220.67667778	0.05500000
14	18	2	-1214.98235249	0.05500000
14	19	2	-1224.60799321	0.05500000
14	20	2	-1217.11371282	0.05500000
14	21	2	-1224.19975680	0.05500000
14	22	2	-1217.01556625	0.05500000
14	23	2	-1224.84247446	0.05500000
14	24	2	-1215.24091618	0.05500000
14	25	2	-1222.72918124	0.05500000
14	26	2	-1218.75563856	0.05500000
14	27	2	-1221.28068276	0.05500000
14	28	2	-1218.82549090	0.05500000
14	29	2	-1224.90512505	0.05500000
14	30	2	-1217.64098338	0.05500000
14	31	2	-1228.74518951	0.05500000
14	32	2	-1212.79952106	0.05500000
14	33	2	-1224.40823574	0.05500000
14	34	2	-1214.50419628	0.05500000
14	35	2	-1221.21248571	0.05500000
14	36	2	-1216.24154515	0.05500000
14	37	2	-1220.53589359	0.05500000
14	38	2	-1214.55861497	0.05500000
14	39	2	-1222.27009165	0.05500000
14	40	2	-1220.55036364	0.05500000
14	41	2	-1217.57019310	0.05500000
14	42	2	-1215.24998484	0.05500000
14	43	2	-1221.94074692	0.05500000
14	44	2	-1218.67284999	0.05500000
14	45	2	-1223.21579357	0.05500000
14	46	2	-1217.36391238	0.05500000
14	47	2	-1221.69090446	0.05500000
14	48	2	-1221.13977025	0.05500000
14	49	2	-1222.54882839	0.05500000
14	50	2	-1217.18010939	0.05500000
14	51	2	-1220.41684803	0.05500000
14	52	2	-1217.23371452	0.05500000
14	53	2	-1220.63102140	0.05500000
14	54	2	-1213.39609003	0.05500000
14	55	2	-1221.21353674	0.05500000
14	56	2	-1213.55554990	0.05500000
14	57	2	-1224.72855061	0.05500000
14	58	2	-1212.22207911	0.05500000
14	59	2	-1220.90384905	0.05500000
14	60	2	-1216.66556363	0.05500000
14	61	2	-1220.91753871	0.05500000
14	62	2	-1211.90843898	0.05500000
14	63	2	-1221.50081256	0.05500000
14	64	2	-1199.71819302	0.05500000
14	65	2	-1218.20123792	0.05500000
14	66	2	-1208.51111259	0.05500000
14	67	2	-1208.68923554	0.05500000
14	68	2	-1206.20952702	0.05500000
14	69	2	-1211.57594251	0.05500000
14	70	2	-1201.65371339	0.05500000
14	71	2	-1214.85213116	0.05500000
14	72	2	-1203.00444944	0.05500000
14	73	2	-1210.03963387	0.05500000
14	74	2	-1205.20625481	0.05500000
14	75	2	-1209.87951335	0.05500000
14	76	2	-1204.93716418	0.05500000
14	77	2	-1208.16775559	0.05500000
14	78	2	-1206.63506626	0.05500000
14	79	2	-1215.56891764	0.05500000
14	80	2	-1202.83848382	0.05500000
14	81	2	-1210.06787676	0.05500000
14	82	2	-1203.82671695	0.05500000
14	83	2	-1207.79999506	0.05500000
14	84	2	-1202.31141731	0.05500000
14	85	2	-1206.31741481	0.05500000
14	86	2	-1201.75892730	0.05500000
14	87	2	-1210.28213432	0.05500000
14	88	2	-1201.34303833	0.05500000
14	89	2	-1205.31916622	0.05500000
14	90	2	-1201.12247226	0.05500000
14	91	2	-1204.76645746	0.05500000
14	92	2	-1197.43673990	0.05500000
14	93	2	-1205.49117946	0.05500000
14	94	2	0.00000000	0.05500000
14	95	2	0.00000000	0.05500000
14	96	2	0.00000000	0.05500000
14	97	2	0.00000000	0.05500000
14	98	2	0.00000000	0.05500000
14	99	2	0.00000000	0.05500000
14	100	2	0.00000000	0.05500000
14	101	2	0.00000000	0.05500000
14	102	2	0.00000000	0.05500000
14	103	2	0.00000000	0.05500000
14	104	2	-1188.57897479	0.05500000
14	105	2	-1197.24506940	0.05500000
14	106	2	-1209.54140091	0.05500000
14	107	2	-1200.34524150	0.05500000
14	108	2	0.00000000	0.05500000
14	109	2	0.00000000	0.05500000
14	110	2	0.00000000	0.05500000
14	111	2	0.00000000	0.05500000
14	112	2	0.00000000	0.05500000
14	113	2	0.00000000	0.05500000
14	114	2	0.00000000	0.05500000
14	115	2	0.00000000	0.05500000
14	116	2	0.00000000	0.05500000
14	117	2	0.00000000	0.05500000
14	118	2	-1208.64233070	0.05500000
14	119	2	-1205.66103525	0.05500000
14	120	2	-1208.28517941	0.05500000
14	121	2	-1204.01737641	0.05500000
14	122	2	-1206.13975635	0.05500000
14	123	2	-1203.66888393	0.05500000
14	124	2	-1206.85107751	0.05500000
14	125	2	-1201.98553197	0.05500000
14	126	2	-1204.74900471	0.05500000
14	127	2	-1199.22557074	0.05500000
14	128	2	-1206.11018924	0.05500000
14	129	2	-1202.68670711	0.05500000
14	130	2	-1205.64145574	0.05500000
14	131	2	-1202.69835823	0.05500000
14	132	2	-1206.35688607	0.05500000
14	133	2	-1204.86528646	0.05500000
14	134	2	-1208.41076972	0.05500000
14	135	2	-1205.87632107	0.05500000
14	136	2	-1207.22408369	0.05500000
14	137	2	-1206.82009692	0.05500000
14	138	2	-1208.93883271	0.05500000
14	139	2	-1207.16015753	0.05500000
14	140	2	-1213.06909221	0.05500000
14	141	2	-1210.76521164	0.05500000
14	142	2	-1212.69372655	0.05500000
14	143	2	-1210.94815766	0.05500000
14	144	2	-1213.46904580	0.05500000
14	145	2	-1212.73172391	0.05500000
14	146	2	-1215.53758545	0.05500000
14	147	2	-1214.90470659	0.05500000
14	148	2	-1217.02940586	0.05500000
14	149	2	-1217.96132786	0.05500000
14	150	2	-1220.91602490	0.05500000
14	151	2	-1222.05671620	0.05500000
14	152	2	-1222.01213562	0.05500000
14	153	2	-1222.08647434	0.05500000
14	154	2	-1225.10826209	0.05500000
14	155	2	-1225.69728257	0.05500000
14	156	2	-1226.68186799	0.05500000
14	157	2	-1225.34677664	0.05500000
14	158	2	-1227.67178360	0.05500000
14	159	2	-1225.74753448	0.05500000
14	160	2	-1226.98137155	0.05500000
14	161	2	-1226.58371431	0.05500000
14	162	2	-1224.07362334	0.05500000
14	163	2	-1223.13562059	0.05500000
14	164	2	-1225.89593025	0.05500000
14	165	2	-1224.51815192	0.05500000
14	166	2	-1227.19811714	0.05500000
14	167	2	-1226.75466684	0.05500000
14	168	2	-1231.33072828	0.05500000
14	169	2	-1228.75189122	0.05500000
14	170	2	-1228.37008172	0.05500000
14	171	2	-1221.34993897	0.05500000
14	172	2	-1226.59812337	0.05500000
14	173	2	-1226.22910261	0.05500000
14	174	2	-1228.94281932	0.05500000
14	175	2	-1225.05785551	0.05500000
14	176	2	-1226.02523062	0.05500000
14	177	2	-1224.77672851	0.05500000
14	178	2	-1228.82915354	0.05500000
14	179	2	-1225.63740634	0.05500000
14	180	2	-1229.25121965	0.05500000
14	181	2	-1228.33933470	0.05500000
14	182	2	-1230.00802596	0.05500000
14	183	2	-1227.34388087	0.05500000
14	184	2	-1229.09247458	0.05500000
14	185	2	-1228.13201841	0.05500000
14	186	2	-1230.42193415	0.05500000
14	187	2	-1226.39471240	0.05500000
14	188	2	-1226.74355105	0.05500000
14	189	2	-1221.86726355	0.05500000
14	190	2	-1223.45957395	0.05500000
14	191	2	-1218.19550355	0.05500000
14	192	2	-1219.62558932	0.05500000
14	193	2	-1211.48759742	0.05500000
14	194	2	-1210.61783072	0.05500000
14	195	2	-1206.22843162	0.05500000
14	196	2	-1200.78917877	0.05500000
14	197	2	-1191.75375724	0.05500000
14	198	2	0.00000000	0.05500000
14	199	2	0.00000000	0.05500000
14	200	2	0.00000000	0.05500000
14	201	2	0.00000000	0.05500000
14	202	2	0.00000000	0.05500000
14	203	2	0.00000000	0.05500000
14	204	2	0.00000000	0.05500000
14	205	2	0.00000000	0.05500000
14	206	2	0.00000000	0.05500000
14	207	2	0.00000000	0.05500000
14	208	2	-1006.30004554	0.05500000
14	209	2	-1014.03839443	0.05500000
14	210	2	-974.38597483	0.05500000
14	211	2	-1209.36297558	0.05500000
15	0	2	0.00000000	0.05500000
15	1	2	0.00000000	0.05500000
15	2	2	0.00000000	0.05500000
15	3	2	0.00000000	0.05500000
15	4	2	-1159.93429712	0.05500000
15	5	2	-1170.42809622	0.05500000
15	6	2	-1180.47347055	0.05500000
15	7	2	-1180.95645271	0.05500000
15	8	2	-1182.85361232	0.05500000
15	9	2	-1191.62109603	0.05500000
15	10	2	-1195.25197658	0.05500000
15	11	2	-1196.41577837	0.05500000
15	12	2	-1202.42982700	0.05500000
15	13	2	-1200.78939715	0.05500000
15	14	2	-1210.59013297	0.05500000
15	15	2	-1205.59238931	0.05500000
15	16	2	-1210.07987579	0.05500000
15	17	2	-1207.31910867	0.05500000
15	18	2	-1211.32374438	0.05500000
15	19	2	-1206.72745159	0.05500000
15	20	2	-1217.68869748	0.05500000
15	21	2	-1207.28713386	0.05500000
15	22	2	-1211.74578652	0.05500000
15	23	2	-1208.60383032	0.05500000
15	24	2	-1208.85671083	0.05500000
15	25	2	-1210.36837455	0.05500000
15	26	2	-1210.28276599	0.05500000
15	27	2	-1205.64488088	0.05500000
15	28	2	-1215.76301681	0.05500000
15	29	2	-1205.82075647	0.05500000
15	30	2	-1211.30118943	0.05500000
15	31	2	-1208.01529295	0.05500000
15	32	2	-1209.39982143	0.05500000
15	33	2	-1208.15981587	0.05500000
15	34	2	-1209.58845442	0.05500000
15	35	2	-1207.18760749	0.05500000
15	36	2	-1209.51940472	0.05500000
15	37	2	-1211.08858316	0.05500000
15	38	2	-1209.60251994	0.05500000
15	39	2	-1203.66019691	0.05500000
15	40	2	-1211.59710464	0.05500000
15	41	2	-1207.58410122	0.05500000
15	42	2	-1212.81712201	0.05500000
15	43	2	-1203.07127009	0.05500000
15	44	2	-1212.80127144	0.05500000
15	45	2	-1210.99133269	0.05500000
15	46	2	-1212.06393739	0.05500000
15	47	2	-1211.87341183	0.05500000
15	48	2	-1212.58654726	0.05500000
15	49	2	-1211.50966886	0.05500000
15	50	2	-1214.01232981	0.05500000
15	51	2	-1211.37669283	0.05500000
15	52	2	-1219.67190522	0.05500000
15	53	2	-1213.67933687	0.05500000
15	54	2	-1220.87418787	0.05500000
15	55	2	-1213.15379179	0.05500000
15	56	2	-1221.20178819	0.05500000
15	57	2	-1219.41009017	0.05500000
15	58	2	-1223.92172280	0.05500000
15	59	2	-1215.90208560	0.05500000
15	60	2	-1221.84681884	0.05500000
15	61	2	-1207.41093977	0.05500000
15	62	2	-1225.71164612	0.05500000
15	63	2	-1215.30309124	0.05500000
15	64	2	-1220.04021730	0.05500000
15	65	2	-1213.82178738	0.05500000
15	66	2	-1220.84280752	0.05500000
15	67	2	-1208.92153982	0.05500000
15	68	2	-1220.81908865	0.05500000
15	69	2	-1211.88057399	0.05500000
15	70	2	-1217.97821193	0.05500000
15	71	2	-1213.89616796	0.05500000
15	72	2	-1216.79138086	0.05500000
15	73	2	-1213.59259801	0.05500000
15	74	2	-1216.36716783	0.05500000
15	75	2	-1207.26790543	0.05500000
15	76	2	-1220.01888905	0.05500000
15	77	2	-1211.98096968	0.05500000
15	78	2	-1213.84243934	0.05500000
15	79	2	-1210.42044899	0.05500000
15	80	2	-1213.20369322	0.05500000
15	81	2	-1208.86099264	0.05500000
15	82	2	-1213.15031550	0.05500000
15	83	2	-1206.33757535	0.05500000
15	84	2	-1211.47576086	0.05500000
15	85	2	-1206.51000433	0.05500000
15	86	2	-1208.43213271	0.05500000
15	87	2	-1205.20284484	0.05500000
15	88	2	-1209.82818020	0.05500000
15	89	2	-1202.66185099	0.05500000
15	90	2	-1208.79709436	0.05500000
15	91	2	0.00000000	0.05500000
15	92	2	0.00000000	0.05500000
15	93	2	0.00000000	0.05500000
15	94	2	0.00000000	0.05500000
15	95	2	0.00000000	0.05500000
15	96	2	0.00000000	0.05500000
15	97	2	0.00000000	0.05500000
15	98	2	0.00000000	0.05500000
15	99	2	0.00000000	0.05500000
15	100	2	0.00000000	0.05500000
15	101	2	-1193.90897493	0.05500000
15	102	2	-1204.86451988	0.05500000
15	103	2	-1198.06351744	0.05500000
15	104	2	-1205.23613570	0.05500000
15	105	2	-1196.98708841	0.05500000
15	106	2	-1204.62608229	0.05500000
15	107	2	-1199.19261595	0.05500000
15	108	2	-1202.52388388	0.05500000
15	109	2	-1195.89548980	0.05500000
15	110	2	-1201.21677662	0.05500000
15	111	2	-1193.05707618	0.05500000
15	112	2	-1194.31478731	0.05500000
15	113	2	0.00000000	0.05500000
15	114	2	0.00000000	0.05500000
15	115	2	0.00000000	0.05500000
15	116	2	0.00000000	0.05500000
15	117	2	0.00000000	0.05500000
15	118	2	0.00000000	0.05500000
15	119	2	0.00000000	0.05500000
15	120	2	0.00000000	0.05500000
15	121	2	0.00000000	0.05500000
15	122	2	0.00000000	0.05500000
15	123	2	-1195.99365290	0.05500000
15	124	2	-1201.26009116	0.05500000
15	125	2	-1199.89717139	0.05500000
15	126	2	-1199.63730089	0.05500000
15	127	2	-1197.17432235	0.05500000
15	128	2	-1196.72407840	0.05500000
15	129	2	-1195.73529645	0.05500000
15	130	2	-1197.36429123	0.05500000
15	131	2	-1195.78876679	0.05500000
15	132	2	-1196.91667450	0.05500000
15	133	2	-1196.52312862	0.05500000
15	134	2	-1196.52445532	0.05500000
15	135	2	-1195.43281908	0.05500000
15	136	2	-1196.92900653	0.05500000
15	137	2	-1196.61042012	0.05500000
15	138	2	-1197.93656548	0.05500000
15	139	2	-1195.58640057	0.05500000
15	140	2	-1196.66320213	0.05500000
15	141	2	-1197.04225451	0.05500000
15	142	2	-1198.79639299	0.05500000
15	143	2	-1199.50456484	0.05500000
15	144	2	-1201.58978925	0.05500000
15	145	2	-1202.28221244	0.05500000
15	146	2	-1205.08101697	0.05500000
15	147	2	-1202.76066116	0.05500000
15	148	2	-1205.17904101	0.05500000
15	149	2	-1203.48144830	0.05500000
15	150	2	-1207.36456741	0.05500000
15	151	2	-1206.90339916	0.05500000
15	152	2	-1209.09018359	0.05500000
15	153	2	-1209.16829159	0.05500000
15	154	2	-1212.67510499	0.05500000
15	155	2	-1211.09395549	0.05500000
15	156	2	-1212.33851438	0.05500000
15	157	2	-1208.45179289	0.05500000
15	158	2	-1211.37178575	0.05500000
15	159	2	-1211.14189696	0.05500000
15	160	2	-1216.05721856	0.05500000
15	161	2	-1214.57088806	0.05500000
15	162	2	-1218.96335329	0.05500000
15	163	2	-1216.54995053	0.05500000
15	164	2	-1218.63875981	0.05500000
15	165	2	-1216.90995875	0.05500000
15	166	2	-1220.13623454	0.05500000
15	167	2	-1216.96106146	0.05500000
15	168	2	-1219.56909374	0.05500000
15	169	2	-1218.27187258	0.05500000
15	170	2	-1221.58468513	0.05500000
15	171	2	-1218.24249134	0.05500000
15	172	2	-1221.60942518	0.05500000
15	173	2	-1218.40567465	0.05500000
15	174	2	-1221.36415644	0.05500000
15	175	2	-1218.48712480	0.05500000
15	176	2	-1221.93728882	0.05500000
15	177	2	-1219.97087680	0.05500000
15	178	2	-1223.51793733	0.05500000
15	179	2	-1221.89208749	0.05500000
15	180	2	-1224.97646314	0.05500000
15	181	2	-1220.91157555	0.05500000
15	182	2	-1224.14407680	0.05500000
15	183	2	-1225.55881494	0.05500000
15	184	2	-1225.71236544	0.05500000
15	185	2	-1225.39859333	0.05500000
15	186	2	-1229.22625638	0.05500000
15	187	2	-1227.38645674	0.05500000
15	188	2	-1226.13557483	0.05500000
15	189	2	-1221.96441691	0.05500000
15	190	2	-1224.68239720	0.05500000
15	191	2	-1219.66689448	0.05500000
15	192	2	-1224.09196196	0.05500000
15	193	2	-1221.37893066	0.05500000
15	194	2	-1222.14691806	0.05500000
15	195	2	-1218.04959006	0.05500000
15	196	2	-1216.91606798	0.05500000
15	197	2	-1217.32561870	0.05500000
15	198	2	-1213.42578211	0.05500000
15	199	2	-1209.42611116	0.05500000
15	200	2	-1207.82689180	0.05500000
15	201	2	-1196.84465318	0.05500000
15	202	2	-1204.21469347	0.05500000
15	203	2	-1187.59586856	0.05500000
15	204	2	-1186.13532600	0.05500000
15	205	2	-1163.77307962	0.05500000
15	206	2	-1157.06577366	0.05500000
15	207	2	-1140.18591244	0.05500000
15	208	2	-1118.62724670	0.05500000
15	209	2	-1082.01291076	0.05500000
15	210	2	0.00000000	0.05500000
15	211	2	0.00000000	0.05500000
15	212	2	0.00000000	0.05500000
15	213	2	0.00000000	0.05500000
16	0	2	-1146.95174486	0.05500000
16	1	2	-1182.99900441	0.05500000
16	2	2	-1184.69113826	0.05500000
16	3	2	-1202.96117742	0.05500000
16	4	2	-1210.08513367	0.05500000
16	5	2	-1218.48198329	0.05500000
16	6	2	-1235.58489187	0.05500000
16	7	2	-1236.33148742	0.05500000
16	8	2	-1246.95169453	0.05500000
16	9	2	-1253.31041040	0.05500000
16	10	2	-1259.94868569	0.05500000
16	11	2	-1265.40552231	0.05500000
16	12	2	-1267.85363129	0.05500000
16	13	2	-1272.67610728	0.05500000
16	14	2	-1272.21004525	0.05500000
16	15	2	-1276.75482228	0.05500000
16	16	2	-1277.20381713	0.05500000
16	17	2	-1273.68977381	0.05500000
16	18	2	-1274.21003706	0.05500000
16	19	2	-1283.38332075	0.05500000
16	20	2	-1275.92441998	0.05500000
16	21	2	-1275.08350614	0.05500000
16	22	2	-1280.80997532	0.05500000
16	23	2	-1276.86895847	0.05500000
16	24	2	-1279.95625114	0.05500000
16	25	2	-1277.57343923	0.05500000
16	26	2	-1274.99737106	0.05500000
16	27	2	-1281.54929670	0.05500000
16	28	2	-1279.32928769	0.05500000
16	29	2	-1274.12547565	0.05500000
16	30	2	-1274.93880820	0.05500000
16	31	2	-1276.15339390	0.05500000
16	32	2	-1277.57536673	0.05500000
16	33	2	-1274.41382475	0.05500000
16	34	2	-1273.17154074	0.05500000
16	35	2	-1277.47585945	0.05500000
16	36	2	-1275.31642729	0.05500000
16	37	2	-1278.11538556	0.05500000
16	38	2	-1271.24209535	0.05500000
16	39	2	-1274.25533660	0.05500000
16	40	2	-1276.99782863	0.05500000
16	41	2	-1277.19911825	0.05500000
16	42	2	-1275.15640476	0.05500000
16	43	2	-1273.66322278	0.05500000
16	44	2	-1281.80465197	0.05500000
16	45	2	-1275.07858492	0.05500000
16	46	2	-1279.76029022	0.05500000
16	47	2	-1280.49486186	0.05500000
16	48	2	-1281.14354104	0.05500000
16	49	2	-1279.87119763	0.05500000
16	50	2	-1282.84042734	0.05500000
16	51	2	-1281.63546565	0.05500000
16	52	2	-1287.56041221	0.05500000
16	53	2	-1278.01327509	0.05500000
16	54	2	-1285.03302082	0.05500000
16	55	2	-1283.97153243	0.05500000
16	56	2	-1285.67122603	0.05500000
16	57	2	-1283.85865754	0.05500000
16	58	2	-1286.75968755	0.05500000
16	59	2	-1281.57498135	0.05500000
16	60	2	-1285.92207439	0.05500000
16	61	2	-1289.75473866	0.05500000
16	62	2	-1287.22225834	0.05500000
16	63	2	-1284.32064571	0.05500000
16	64	2	-1287.11298612	0.05500000
16	65	2	-1285.93680927	0.05500000
16	66	2	-1281.82140217	0.05500000
16	67	2	-1285.21808845	0.05500000
16	68	2	-1288.09300407	0.05500000
16	69	2	-1280.56432605	0.05500000
16	70	2	-1287.06226518	0.05500000
16	71	2	-1282.94495573	0.05500000
16	72	2	-1283.41037221	0.05500000
16	73	2	-1278.80489692	0.05500000
16	74	2	-1278.03370695	0.05500000
16	75	2	-1279.48262465	0.05500000
16	76	2	-1280.11096453	0.05500000
16	77	2	-1277.17033580	0.05500000
16	78	2	-1276.57727671	0.05500000
16	79	2	-1275.33554809	0.05500000
16	80	2	-1276.69354890	0.05500000
16	81	2	-1273.22475653	0.05500000
16	82	2	-1273.25926736	0.05500000
16	83	2	-1272.73813464	0.05500000
16	84	2	-1274.34392614	0.05500000
16	85	2	-1270.13471649	0.05500000
16	86	2	-1270.40108375	0.05500000
16	87	2	-1271.57881633	0.05500000
16	88	2	-1269.05911995	0.05500000
16	89	2	-1266.06098819	0.05500000
16	90	2	-1269.71691331	0.05500000
16	91	2	0.00000000	0.05500000
16	92	2	0.00000000	0.05500000
16	93	2	0.00000000	0.05500000
16	94	2	0.00000000	0.05500000
16	95	2	0.00000000	0.05500000
16	96	2	0.00000000	0.05500000
16	97	2	0.00000000	0.05500000
16	98	2	0.00000000	0.05500000
16	99	2	0.00000000	0.05500000
16	100	2	-1264.49466188	0.05500000
16	101	2	-1262.97477581	0.05500000
16	102	2	-1264.09627246	0.05500000
16	103	2	-1262.83342053	0.05500000
16	104	2	-1264.03933818	0.05500000
16	105	2	-1260.99813332	0.05500000
16	106	2	-1269.07736466	0.05500000
16	107	2	-1265.03892961	0.05500000
16	108	2	-1266.54503941	0.05500000
16	109	2	-1265.55895622	0.05500000
16	110	2	-1275.72927639	0.05500000
16	111	2	-1274.25750669	0.05500000
16	112	2	-1275.18894102	0.05500000
16	113	2	-1274.31466080	0.05500000
16	114	2	-1274.08586550	0.05500000
16	115	2	-1273.92040919	0.05500000
16	116	2	-1275.92241373	0.05500000
16	117	2	-1274.25547950	0.05500000
16	118	2	-1275.08112603	0.05500000
16	119	2	-1271.08839457	0.05500000
16	120	2	0.00000000	0.05500000
16	121	2	0.00000000	0.05500000
16	122	2	0.00000000	0.05500000
16	123	2	0.00000000	0.05500000
16	124	2	0.00000000	0.05500000
16	125	2	0.00000000	0.05500000
16	126	2	0.00000000	0.05500000
16	127	2	0.00000000	0.05500000
16	128	2	0.00000000	0.05500000
16	129	2	-1271.61874325	0.05500000
16	130	2	-1272.27218765	0.05500000
16	131	2	-1272.06166798	0.05500000
16	132	2	-1273.21693492	0.05500000
16	133	2	-1271.28451900	0.05500000
16	134	2	-1272.91329117	0.05500000
16	135	2	-1271.21896606	0.05500000
16	136	2	-1271.34043415	0.05500000
16	137	2	-1273.47202009	0.05500000
16	138	2	-1272.34989684	0.05500000
16	139	2	-1271.91268313	0.05500000
16	140	2	-1269.62795319	0.05500000
16	141	2	-1268.30985094	0.05500000
16	142	2	-1268.41430625	0.05500000
16	143	2	-1270.15631182	0.05500000
16	144	2	-1270.30257290	0.05500000
16	145	2	-1270.66763414	0.05500000
16	146	2	-1271.65325003	0.05500000
16	147	2	-1271.10106684	0.05500000
16	148	2	-1271.49362058	0.05500000
16	149	2	-1272.97988847	0.05500000
16	150	2	-1273.36521786	0.05500000
16	151	2	-1274.18072852	0.05500000
16	152	2	-1275.34215477	0.05500000
16	153	2	-1275.70232506	0.05500000
16	154	2	-1276.01682242	0.05500000
16	155	2	-1277.00986168	0.05500000
16	156	2	-1275.16504285	0.05500000
16	157	2	-1278.78085605	0.05500000
16	158	2	-1274.94489483	0.05500000
16	159	2	-1279.15484787	0.05500000
16	160	2	-1278.02393877	0.05500000
16	161	2	-1278.85788288	0.05500000
16	162	2	-1275.83836003	0.05500000
16	163	2	-1265.51844458	0.05500000
16	164	2	-1275.20176496	0.05500000
16	165	2	-1277.19585545	0.05500000
16	166	2	-1277.02597946	0.05500000
16	167	2	-1278.23119001	0.05500000
16	168	2	-1279.18141069	0.05500000
16	169	2	-1279.78177572	0.05500000
16	170	2	-1278.96755132	0.05500000
16	171	2	-1265.51844458	0.05500000
16	172	2	-1279.80094846	0.05500000
16	173	2	-1282.12228765	0.05500000
16	174	2	-1278.67157689	0.05500000
16	175	2	-1279.34548186	0.05500000
16	176	2	-1280.08481251	0.05500000
16	177	2	-1282.93218068	0.05500000
16	178	2	-1281.55691634	0.05500000
16	179	2	-1280.15061855	0.05500000
16	180	2	-1279.70639380	0.05500000
16	181	2	-1279.32174515	0.05500000
16	182	2	-1277.60257373	0.05500000
16	183	2	-1280.52894869	0.05500000
16	184	2	-1279.86936514	0.05500000
16	185	2	-1282.19446245	0.05500000
16	186	2	-1281.59140138	0.05500000
16	187	2	-1283.34177092	0.05500000
16	188	2	-1281.82947677	0.05500000
16	189	2	-1283.51087190	0.05500000
16	190	2	-1280.96240927	0.05500000
16	191	2	-1283.08660210	0.05500000
16	192	2	-1282.12533991	0.05500000
16	193	2	-1280.76660197	0.05500000
16	194	2	-1281.19730871	0.05500000
16	195	2	-1281.47939059	0.05500000
16	196	2	-1281.32492517	0.05500000
16	197	2	-1278.87299291	0.05500000
16	198	2	-1281.22354324	0.05500000
16	199	2	-1277.44479145	0.05500000
16	200	2	-1275.11735932	0.05500000
16	201	2	-1275.10597206	0.05500000
16	202	2	-1274.81640588	0.05500000
16	203	2	-1274.62018579	0.05500000
16	204	2	-1271.51654892	0.05500000
16	205	2	-1266.45660385	0.05500000
16	206	2	-1269.17756410	0.05500000
16	207	2	-1259.92623624	0.05500000
16	208	2	-1256.68986247	0.05500000
16	209	2	-1252.00126580	0.05500000
16	210	2	-1238.05355099	0.05500000
16	211	2	-1232.25272522	0.05500000
16	212	2	-1225.34318427	0.05500000
16	213	2	-1199.23605185	0.05500000
16	214	2	-1170.75963579	0.05500000
16	215	2	-1123.14717277	0.05500000
16	216	2	-1175.04772767	0.05500000
16	217	2	-1046.19956400	0.05500000
16	218	2	-1092.51387988	0.05500000
16	219	2	-1265.51844458	0.05500000
17	0	2	-1141.23623086	0.05500000
17	1	2	-1150.18359669	0.05500000
17	2	2	-1185.00374527	0.05500000
17	3	2	-1202.93595278	0.05500000
17	4	2	-1220.16837694	0.05500000
17	5	2	-1232.51627719	0.05500000
17	6	2	-1238.35449586	0.05500000
17	7	2	-1247.30296635	0.05500000
17	8	2	-1254.53873815	0.05500000
17	9	2	-1264.13180056	0.05500000
17	10	2	-1254.41259217	0.05500000
17	11	2	-1267.57889276	0.05500000
17	12	2	-1266.50461957	0.05500000
17	13	2	-1266.82762816	0.05500000
17	14	2	-1268.87776981	0.05500000
17	15	2	-1269.19112303	0.05500000
17	16	2	-1269.79537615	0.05500000
17	17	2	-1270.44061055	0.05500000
17	18	2	-1269.39220587	0.05500000
17	19	2	-1271.22433803	0.05500000
17	20	2	-1273.72246061	0.05500000
17	21	2	-1275.82482291	0.05500000
17	22	2	-1267.99503142	0.05500000
17	23	2	-1272.51582029	0.05500000
17	24	2	-1269.82608671	0.05500000
17	25	2	-1275.25850459	0.05500000
17	26	2	-1270.12580563	0.05500000
17	27	2	-1273.10950331	0.05500000
17	28	2	-1271.96603980	0.05500000
17	29	2	-1275.87376106	0.05500000
17	30	2	-1270.84550110	0.05500000
17	31	2	-1274.66473298	0.05500000
17	32	2	-1270.28034337	0.05500000
17	33	2	-1269.54272911	0.05500000
17	34	2	-1273.25406638	0.05500000
17	35	2	-1272.76855283	0.05500000
17	36	2	-1272.40845407	0.05500000
17	37	2	-1276.64013746	0.05500000
17	38	2	-1275.75399717	0.05500000
17	39	2	-1275.97841549	0.05500000
17	40	2	-1275.58697234	0.05500000
17	41	2	-1273.75944853	0.05500000
17	42	2	-1271.72347270	0.05500000
17	43	2	-1278.39675001	0.05500000
17	44	2	-1274.49806929	0.05500000
17	45	2	-1277.80327401	0.05500000
17	46	2	-1280.11162884	0.05500000
17	47	2	-1280.05987651	0.05500000
17	48	2	-1278.17243691	0.05500000
17	49	2	-1283.44254187	0.05500000
17	50	2	-1284.16714121	0.05500000
17	51	2	-1280.81468888	0.05500000
17	52	2	-1286.49074621	0.05500000
17	53	2	-1285.01843762	0.05500000
17	54	2	-1286.11816662	0.05500000
17	55	2	-1290.82540340	0.05500000
17	56	2	-1283.96180490	0.05500000
17	57	2	-1271.17123887	0.05500000
17	58	2	-1285.49282674	0.05500000
17	59	2	-1283.53751838	0.05500000
17	60	2	-1285.27232070	0.05500000
17	61	2	-1287.68136807	0.05500000
17	62	2	-1291.48979926	0.05500000
17	63	2	-1287.38430253	0.05500000
17	64	2	-1289.61017512	0.05500000
17	65	2	-1285.90573002	0.05500000
17	66	2	-1291.13728761	0.05500000
17	67	2	-1290.24681114	0.05500000
17	68	2	-1286.92409876	0.05500000
17	69	2	-1292.91386960	0.05500000
17	70	2	-1284.45877214	0.05500000
17	71	2	-1291.30257373	0.05500000
17	72	2	-1280.62298205	0.05500000
17	73	2	-1285.80831357	0.05500000
17	74	2	-1287.38741099	0.05500000
17	75	2	-1287.12965986	0.05500000
17	76	2	-1283.39922866	0.05500000
17	77	2	-1283.92703444	0.05500000
17	78	2	-1282.56425276	0.05500000
17	79	2	-1283.74182996	0.05500000
17	80	2	-1278.25848440	0.05500000
17	81	2	-1279.84178634	0.05500000
17	82	2	-1284.75182444	0.05500000
17	83	2	-1281.36469817	0.05500000
17	84	2	-1275.56099695	0.05500000
17	85	2	-1279.87780791	0.05500000
17	86	2	-1279.58097533	0.05500000
17	87	2	-1274.43118574	0.05500000
17	88	2	-1273.89343854	0.05500000
17	89	2	0.00000000	0.05500000
17	90	2	0.00000000	0.05500000
17	91	2	0.00000000	0.05500000
17	92	2	0.00000000	0.05500000
17	93	2	0.00000000	0.05500000
17	94	2	0.00000000	0.05500000
17	95	2	0.00000000	0.05500000
17	96	2	0.00000000	0.05500000
17	97	2	0.00000000	0.05500000
17	98	2	-1267.79606557	0.05500000
17	99	2	-1270.72799037	0.05500000
17	100	2	-1271.83051715	0.05500000
17	101	2	-1270.49719638	0.05500000
17	102	2	-1271.55618505	0.05500000
17	103	2	-1271.00126260	0.05500000
17	104	2	-1271.54294872	0.05500000
17	105	2	-1268.65635304	0.05500000
17	106	2	-1272.39023807	0.05500000
17	107	2	-1272.57714693	0.05500000
17	108	2	-1273.55621504	0.05500000
17	109	2	-1271.93640151	0.05500000
17	110	2	-1275.76432940	0.05500000
17	111	2	-1274.21118765	0.05500000
17	112	2	-1269.78298198	0.05500000
17	113	2	-1268.49729991	0.05500000
17	114	2	-1270.60470052	0.05500000
17	115	2	-1270.41308202	0.05500000
17	116	2	-1270.48795641	0.05500000
17	117	2	-1268.98987391	0.05500000
17	118	2	-1269.31598031	0.05500000
17	119	2	-1270.19686728	0.05500000
17	120	2	-1267.64560502	0.05500000
17	121	2	-1265.80564950	0.05500000
17	122	2	-1268.58619155	0.05500000
17	123	2	-1270.57555244	0.05500000
17	124	2	-1267.48410780	0.05500000
17	125	2	-1265.43865101	0.05500000
17	126	2	0.00000000	0.05500000
17	127	2	0.00000000	0.05500000
17	128	2	0.00000000	0.05500000
17	129	2	0.00000000	0.05500000
17	130	2	0.00000000	0.05500000
17	131	2	0.00000000	0.05500000
17	132	2	0.00000000	0.05500000
17	133	2	0.00000000	0.05500000
17	134	2	0.00000000	0.05500000
17	135	2	-1288.89139569	0.05500000
17	136	2	-1270.92578915	0.05500000
17	137	2	-1268.76227867	0.05500000
17	138	2	-1270.44639785	0.05500000
17	139	2	-1271.96030755	0.05500000
17	140	2	-1272.12012396	0.05500000
17	141	2	-1268.47690997	0.05500000
17	142	2	-1269.32457914	0.05500000
17	143	2	-1267.61137159	0.05500000
17	144	2	-1266.88657240	0.05500000
17	145	2	-1265.26277580	0.05500000
17	146	2	-1265.83140387	0.05500000
17	147	2	-1265.88238664	0.05500000
17	148	2	-1269.54229932	0.05500000
17	149	2	-1270.22654852	0.05500000
17	150	2	-1274.25767394	0.05500000
17	151	2	-1274.40474332	0.05500000
17	152	2	-1274.22399783	0.05500000
17	153	2	-1277.54422089	0.05500000
17	154	2	-1277.92201849	0.05500000
17	155	2	-1275.02856523	0.05500000
17	156	2	-1279.16779539	0.05500000
17	157	2	-1277.95044085	0.05500000
17	158	2	-1277.72235317	0.05500000
17	159	2	-1277.29825877	0.05500000
17	160	2	-1278.44482510	0.05500000
17	161	2	-1278.20749953	0.05500000
17	162	2	-1279.82042780	0.05500000
17	163	2	-1278.85107387	0.05500000
17	164	2	-1281.87978900	0.05500000
17	165	2	-1279.90538633	0.05500000
17	166	2	-1280.76778519	0.05500000
17	167	2	-1279.05054809	0.05500000
17	168	2	-1279.53928637	0.05500000
17	169	2	-1278.21547484	0.05500000
17	170	2	-1279.53186962	0.05500000
17	171	2	-1281.92230866	0.05500000
17	172	2	-1281.37829423	0.05500000
17	173	2	-1282.00380479	0.05500000
17	174	2	-1283.86859160	0.05500000
17	175	2	-1283.10998255	0.05500000
17	176	2	-1282.08378559	0.05500000
17	177	2	-1282.22391354	0.05500000
17	178	2	-1282.09636131	0.05500000
17	179	2	-1282.40988998	0.05500000
17	180	2	-1279.89825212	0.05500000
17	181	2	-1285.03045857	0.05500000
17	182	2	-1282.42733307	0.05500000
17	183	2	-1285.70715074	0.05500000
17	184	2	-1282.37514799	0.05500000
17	185	2	-1287.91522097	0.05500000
17	186	2	-1281.76897492	0.05500000
17	187	2	-1280.38254485	0.05500000
17	188	2	-1281.53506833	0.05500000
17	189	2	-1282.68260465	0.05500000
17	190	2	-1279.01181846	0.05500000
17	191	2	-1282.35904815	0.05500000
17	192	2	-1282.25354011	0.05500000
17	193	2	-1283.71674215	0.05500000
17	194	2	-1284.21055387	0.05500000
17	195	2	-1283.75518569	0.05500000
17	196	2	-1285.95894853	0.05500000
17	197	2	-1284.18457958	0.05500000
17	198	2	-1283.06436573	0.05500000
17	199	2	-1283.28440130	0.05500000
17	200	2	-1288.01399351	0.05500000
17	201	2	-1287.44644215	0.05500000
17	202	2	-1287.52311565	0.05500000
17	203	2	-1285.53218611	0.05500000
17	204	2	-1286.06418245	0.05500000
17	205	2	-1288.07657192	0.05500000
17	206	2	-1284.26060032	0.05500000
17	207	2	-1280.04172737	0.05500000
17	208	2	-1282.93551207	0.05500000
17	209	2	-1279.75996512	0.05500000
17	210	2	-1278.50772283	0.05500000
17	211	2	-1280.18854465	0.05500000
17	212	2	-1270.68210020	0.05500000
17	213	2	-1275.85752446	0.05500000
17	214	2	-1265.65218320	0.05500000
17	215	2	-1256.87672970	0.05500000
17	216	2	-1247.88429226	0.05500000
17	217	2	-1237.91001209	0.05500000
17	218	2	-1222.56976515	0.05500000
17	219	2	-1201.24265117	0.05500000
17	220	2	-1238.59185878	0.05500000
17	221	2	-1137.66424915	0.05500000
17	222	2	-1122.88932110	0.05500000
17	223	2	-1073.47828927	0.05500000
18	0	2	-1203.73010246	0.05500000
18	1	2	-1181.68389083	0.05500000
18	2	2	-1145.01931875	0.05500000
18	3	2	-1177.58808126	0.05500000
18	4	2	-1186.66503778	0.05500000
18	5	2	-1196.76243717	0.05500000
18	6	2	-1210.54348125	0.05500000
18	7	2	-1222.32965624	0.05500000
18	8	2	-1219.94050595	0.05500000
18	9	2	-1221.76500409	0.05500000
18	10	2	-1227.76334088	0.05500000
18	11	2	-1225.98304404	0.05500000
18	12	2	-1229.70792821	0.05500000
18	13	2	-1232.29020930	0.05500000
18	14	2	-1227.73980465	0.05500000
18	15	2	-1229.50524359	0.05500000
18	16	2	-1231.04944430	0.05500000
18	17	2	-1224.88500184	0.05500000
18	18	2	-1234.67265800	0.05500000
18	19	2	-1226.11048988	0.05500000
18	20	2	-1230.87519406	0.05500000
18	21	2	-1233.82953525	0.05500000
18	22	2	-1233.25469871	0.05500000
18	23	2	-1236.16649072	0.05500000
18	24	2	-1232.57174065	0.05500000
18	25	2	-1232.24666685	0.05500000
18	26	2	-1235.39488807	0.05500000
18	27	2	-1228.60524363	0.05500000
18	28	2	-1229.51477359	0.05500000
18	29	2	-1233.24131708	0.05500000
18	30	2	-1233.24292192	0.05500000
18	31	2	-1236.98038788	0.05500000
18	32	2	-1238.75035122	0.05500000
18	33	2	-1237.62403281	0.05500000
18	34	2	-1238.55283266	0.05500000
18	35	2	-1240.54406752	0.05500000
18	36	2	-1234.25589291	0.05500000
18	37	2	-1237.14619297	0.05500000
18	38	2	-1237.77195104	0.05500000
18	39	2	-1239.19970570	0.05500000
18	40	2	-1240.75537052	0.05500000
18	41	2	-1236.59474398	0.05500000
18	42	2	-1238.79213757	0.05500000
18	43	2	-1244.95133660	0.05500000
18	44	2	-1237.44068362	0.05500000
18	45	2	-1243.30781480	0.05500000
18	46	2	-1244.90924480	0.05500000
18	47	2	-1243.14612138	0.05500000
18	48	2	-1246.41692975	0.05500000
18	49	2	-1242.41752926	0.05500000
18	50	2	-1245.30173901	0.05500000
18	51	2	-1245.49940033	0.05500000
18	52	2	-1246.35294522	0.05500000
18	53	2	-1244.21824456	0.05500000
18	54	2	-1246.65115990	0.05500000
18	55	2	-1246.74208579	0.05500000
18	56	2	-1247.13427376	0.05500000
18	57	2	-1250.07556028	0.05500000
18	58	2	-1257.99506976	0.05500000
18	59	2	-1224.43121899	0.05500000
18	60	2	-1251.11743945	0.05500000
18	61	2	-1249.41902868	0.05500000
18	62	2	-1254.48018326	0.05500000
18	63	2	-1247.51258838	0.05500000
18	64	2	-1252.14076842	0.05500000
18	65	2	-1250.88727016	0.05500000
18	66	2	-1256.00768175	0.05500000
18	67	2	-1254.65362964	0.05500000
18	68	2	-1248.91524481	0.05500000
18	69	2	-1252.97024924	0.05500000
18	70	2	-1250.66217469	0.05500000
18	71	2	-1252.53645282	0.05500000
18	72	2	-1251.17784972	0.05500000
18	73	2	-1247.04749746	0.05500000
18	74	2	-1254.02465881	0.05500000
18	75	2	-1250.56485204	0.05500000
18	76	2	-1242.77232996	0.05500000
18	77	2	-1247.65461445	0.05500000
18	78	2	-1242.76716765	0.05500000
18	79	2	-1241.49482681	0.05500000
18	80	2	-1235.31405356	0.05500000
18	81	2	-1236.66930249	0.05500000
18	82	2	-1238.01072008	0.05500000
18	83	2	-1240.42770815	0.05500000
18	84	2	-1231.82642534	0.05500000
18	85	2	-1234.90200855	0.05500000
18	86	2	-1235.34233927	0.05500000
18	87	2	-1234.09858751	0.05500000
18	88	2	-1231.37374816	0.05500000
18	89	2	0.00000000	0.05500000
18	90	2	0.00000000	0.05500000
18	91	2	0.00000000	0.05500000
18	92	2	0.00000000	0.05500000
18	93	2	0.00000000	0.05500000
18	94	2	0.00000000	0.05500000
18	95	2	0.00000000	0.05500000
18	96	2	0.00000000	0.05500000
18	97	2	0.00000000	0.05500000
18	98	2	-1224.28043880	0.05500000
18	99	2	-1233.37692937	0.05500000
18	100	2	-1226.21296297	0.05500000
18	101	2	-1232.50220208	0.05500000
18	102	2	-1228.31413880	0.05500000
18	103	2	-1231.54611149	0.05500000
18	104	2	-1222.75063487	0.05500000
18	105	2	-1227.26540942	0.05500000
18	106	2	-1224.96949972	0.05500000
18	107	2	-1231.88548652	0.05500000
18	108	2	-1225.16519784	0.05500000
18	109	2	-1232.44698719	0.05500000
18	110	2	-1228.57625616	0.05500000
18	111	2	-1238.75958638	0.05500000
18	112	2	-1228.52775143	0.05500000
18	113	2	-1237.43823961	0.05500000
18	114	2	-1230.95726504	0.05500000
18	115	2	-1239.50787460	0.05500000
18	116	2	-1217.19612475	0.05500000
18	117	2	-1238.58688654	0.05500000
18	118	2	-1217.95149145	0.05500000
18	119	2	-1239.10521451	0.05500000
18	120	2	-1218.44765291	0.05500000
18	121	2	-1235.50104204	0.05500000
18	122	2	-1218.82319624	0.05500000
18	123	2	-1236.84665217	0.05500000
18	124	2	-1217.20643563	0.05500000
18	125	2	-1234.35371579	0.05500000
18	126	2	-1217.64674461	0.05500000
18	127	2	-1234.19234055	0.05500000
18	128	2	-1217.46385287	0.05500000
18	129	2	-1234.06147500	0.05500000
18	130	2	-1217.92855069	0.05500000
18	131	2	-1234.28048193	0.05500000
18	132	2	-1217.42367190	0.05500000
18	133	2	-1236.05501532	0.05500000
18	134	2	0.00000000	0.05500000
18	135	2	0.00000000	0.05500000
18	136	2	0.00000000	0.05500000
18	137	2	0.00000000	0.05500000
18	138	2	0.00000000	0.05500000
18	139	2	0.00000000	0.05500000
18	140	2	0.00000000	0.05500000
18	141	2	0.00000000	0.05500000
18	142	2	0.00000000	0.05500000
18	143	2	-1239.36279880	0.05500000
18	144	2	-1220.12903565	0.05500000
18	145	2	-1237.06866444	0.05500000
18	146	2	-1219.64908708	0.05500000
18	147	2	-1234.36207804	0.05500000
18	148	2	-1219.08661641	0.05500000
18	149	2	-1233.64314271	0.05500000
18	150	2	-1220.49885375	0.05500000
18	151	2	-1232.72544012	0.05500000
18	152	2	-1218.42021566	0.05500000
18	153	2	-1233.27773418	0.05500000
18	154	2	-1217.75743864	0.05500000
18	155	2	-1235.54792573	0.05500000
18	156	2	-1216.57139888	0.05500000
18	157	2	-1235.57479271	0.05500000
18	158	2	-1219.88086446	0.05500000
18	159	2	-1238.82656017	0.05500000
18	160	2	-1220.97706935	0.05500000
18	161	2	-1234.93629567	0.05500000
18	162	2	-1219.13844400	0.05500000
18	163	2	-1234.57978083	0.05500000
18	164	2	-1217.84305521	0.05500000
18	165	2	-1235.85423275	0.05500000
18	166	2	-1218.84949625	0.05500000
18	167	2	-1237.51487362	0.05500000
18	168	2	-1221.86917766	0.05500000
18	169	2	-1239.47170668	0.05500000
18	170	2	-1220.80254887	0.05500000
18	171	2	-1239.35514204	0.05500000
18	172	2	-1221.28697084	0.05500000
18	173	2	-1237.41141932	0.05500000
18	174	2	-1221.62200077	0.05500000
18	175	2	-1234.74163853	0.05500000
18	176	2	-1220.34891109	0.05500000
18	177	2	-1232.21570021	0.05500000
18	178	2	-1219.10720795	0.05500000
18	179	2	-1233.24347429	0.05500000
18	180	2	-1216.99860450	0.05500000
18	181	2	-1228.34836382	0.05500000
18	182	2	-1221.04192697	0.05500000
18	183	2	-1230.90235590	0.05500000
18	184	2	-1219.01207229	0.05500000
18	185	2	-1228.41007773	0.05500000
18	186	2	-1219.75727877	0.05500000
18	187	2	-1232.78294119	0.05500000
18	188	2	-1217.34290931	0.05500000
18	189	2	-1230.94240457	0.05500000
18	190	2	-1216.84373695	0.05500000
18	191	2	-1228.79150157	0.05500000
18	192	2	-1216.50001956	0.05500000
18	193	2	-1227.10585578	0.05500000
18	194	2	-1218.47906509	0.05500000
18	195	2	-1226.29810237	0.05500000
18	196	2	-1218.41586525	0.05500000
18	197	2	-1224.86010611	0.05500000
18	198	2	-1216.80619543	0.05500000
18	199	2	-1228.29888015	0.05500000
18	200	2	-1217.26958283	0.05500000
18	201	2	-1223.26559536	0.05500000
18	202	2	-1215.16100744	0.05500000
18	203	2	-1226.72618137	0.05500000
18	204	2	-1219.15585263	0.05500000
18	205	2	-1228.47518593	0.05500000
18	206	2	-1222.75188335	0.05500000
18	207	2	-1236.36841104	0.05500000
18	208	2	-1228.32617510	0.05500000
18	209	2	-1237.55601665	0.05500000
18	210	2	-1226.45879174	0.05500000
18	211	2	-1233.92207578	0.05500000
18	212	2	-1229.58468771	0.05500000
18	213	2	-1234.53686405	0.05500000
18	214	2	-1224.12374068	0.05500000
18	215	2	-1231.01213703	0.05500000
18	216	2	-1223.93365247	0.05500000
18	217	2	-1226.67445556	0.05500000
18	218	2	-1223.28652922	0.05500000
18	219	2	-1226.55239033	0.05500000
18	220	2	-1221.08909404	0.05500000
18	221	2	-1225.39775800	0.05500000
18	222	2	-1216.32334231	0.05500000
18	223	2	-1216.38550106	0.05500000
18	224	2	-1206.00970614	0.05500000
18	225	2	-1202.16257754	0.05500000
18	226	2	-1177.79679040	0.05500000
18	227	2	-1194.83233434	0.05500000
18	228	2	-1144.91806434	0.05500000
18	229	2	-1118.74961911	0.05500000
18	230	2	-1087.60363604	0.05500000
18	231	2	-1063.62586591	0.05500000
19	0	2	-1172.13735057	0.05500000
19	1	2	-1158.72489361	0.05500000
19	2	2	-1203.20432457	0.05500000
19	3	2	-1218.00064844	0.05500000
19	4	2	-1218.72736753	0.05500000
19	5	2	-1228.18622683	0.05500000
19	6	2	-1221.07271388	0.05500000
19	7	2	-1228.32210156	0.05500000
19	8	2	-1233.47447440	0.05500000
19	9	2	-1233.90935769	0.05500000
19	10	2	-1224.44105995	0.05500000
19	11	2	-1234.77168167	0.05500000
19	12	2	-1233.86383524	0.05500000
19	13	2	-1233.05428962	0.05500000
19	14	2	-1230.38795467	0.05500000
19	15	2	-1231.27176570	0.05500000
19	16	2	-1230.82512468	0.05500000
19	17	2	-1231.31852780	0.05500000
19	18	2	-1236.45581051	0.05500000
19	19	2	-1227.77770023	0.05500000
19	20	2	-1231.18762862	0.05500000
19	21	2	-1233.05469001	0.05500000
19	22	2	-1235.41509598	0.05500000
19	23	2	-1232.02865304	0.05500000
19	24	2	-1232.91745012	0.05500000
19	25	2	-1237.40993639	0.05500000
19	26	2	-1233.99663941	0.05500000
19	27	2	-1227.58464345	0.05500000
19	28	2	-1236.01774310	0.05500000
19	29	2	-1239.60761315	0.05500000
19	30	2	-1239.33264263	0.05500000
19	31	2	-1244.10296150	0.05500000
19	32	2	-1239.72327401	0.05500000
19	33	2	-1240.22510816	0.05500000
19	34	2	-1242.68884534	0.05500000
19	35	2	-1232.73541142	0.05500000
19	36	2	-1242.36911352	0.05500000
19	37	2	-1242.19410910	0.05500000
19	38	2	-1241.57021604	0.05500000
19	39	2	-1243.71082610	0.05500000
19	40	2	-1241.32336340	0.05500000
19	41	2	-1242.90155482	0.05500000
19	42	2	-1246.56558752	0.05500000
19	43	2	-1242.39175689	0.05500000
19	44	2	-1246.43922962	0.05500000
19	45	2	-1246.26691547	0.05500000
19	46	2	-1247.41016125	0.05500000
19	47	2	-1246.24372877	0.05500000
19	48	2	-1245.20673341	0.05500000
19	49	2	-1249.63743388	0.05500000
19	50	2	-1248.57763585	0.05500000
19	51	2	-1248.98952450	0.05500000
19	52	2	-1247.15631955	0.05500000
19	53	2	-1248.80785535	0.05500000
19	54	2	-1245.92351153	0.05500000
19	55	2	-1251.20264330	0.05500000
19	56	2	-1251.26160237	0.05500000
19	57	2	-1252.33571623	0.05500000
19	58	2	-1224.27659656	0.05500000
19	59	2	-1259.78141527	0.05500000
19	60	2	-1255.57220390	0.05500000
19	61	2	-1259.30408078	0.05500000
19	62	2	-1259.35248938	0.05500000
19	63	2	-1256.34646451	0.05500000
19	64	2	-1255.87758868	0.05500000
19	65	2	-1259.99810663	0.05500000
19	66	2	-1255.40388835	0.05500000
19	67	2	-1255.79033809	0.05500000
19	68	2	-1255.60425559	0.05500000
19	69	2	-1254.16160749	0.05500000
19	70	2	-1255.11113934	0.05500000
19	71	2	-1254.14646083	0.05500000
19	72	2	-1254.09882541	0.05500000
19	73	2	-1260.86360158	0.05500000
19	74	2	-1256.64624792	0.05500000
19	75	2	-1251.21931074	0.05500000
19	76	2	-1251.14210515	0.05500000
19	77	2	-1249.29387264	0.05500000
19	78	2	-1248.80586858	0.05500000
19	79	2	-1249.88018359	0.05500000
19	80	2	-1245.76869800	0.05500000
19	81	2	-1243.02201416	0.05500000
19	82	2	-1246.31696421	0.05500000
19	83	2	-1243.47402738	0.05500000
19	84	2	-1240.11669411	0.05500000
19	85	2	-1241.86963873	0.05500000
19	86	2	-1238.26740534	0.05500000
19	87	2	-1241.98548526	0.05500000
19	88	2	0.00000000	0.05500000
19	89	2	0.00000000	0.05500000
19	90	2	0.00000000	0.05500000
19	91	2	0.00000000	0.05500000
19	92	2	0.00000000	0.05500000
19	93	2	0.00000000	0.05500000
19	94	2	0.00000000	0.05500000
19	95	2	0.00000000	0.05500000
19	96	2	0.00000000	0.05500000
19	97	2	-1236.11183167	0.05500000
19	98	2	-1233.93274448	0.05500000
19	99	2	-1236.08710449	0.05500000
19	100	2	-1233.01513035	0.05500000
19	101	2	-1233.25992443	0.05500000
19	102	2	-1233.02471788	0.05500000
19	103	2	-1234.95122036	0.05500000
19	104	2	-1231.46927711	0.05500000
19	105	2	-1234.41274116	0.05500000
19	106	2	-1232.99823237	0.05500000
19	107	2	-1235.21460334	0.05500000
19	108	2	-1231.41928240	0.05500000
19	109	2	-1236.84839699	0.05500000
19	110	2	-1237.36864394	0.05500000
19	111	2	-1242.31239777	0.05500000
19	112	2	-1235.57004100	0.05500000
19	113	2	-1240.55001872	0.05500000
19	114	2	-1236.71654745	0.05500000
19	115	2	-1245.82646171	0.05500000
19	116	2	-1237.62941281	0.05500000
19	117	2	-1242.82120556	0.05500000
19	118	2	-1239.97545756	0.05500000
19	119	2	-1238.87708779	0.05500000
19	120	2	-1231.76481953	0.05500000
19	121	2	-1237.74168243	0.05500000
19	122	2	-1233.52856398	0.05500000
19	123	2	-1238.31310225	0.05500000
19	124	2	-1233.25513169	0.05500000
19	125	2	-1239.46664270	0.05500000
19	126	2	-1235.67945124	0.05500000
19	127	2	-1237.84474942	0.05500000
19	128	2	-1233.00609255	0.05500000
19	129	2	-1238.31475151	0.05500000
19	130	2	-1235.08155000	0.05500000
19	131	2	-1239.10297351	0.05500000
19	132	2	-1233.94560633	0.05500000
19	133	2	-1239.03238120	0.05500000
19	134	2	-1230.68589640	0.05500000
19	135	2	-1236.92816926	0.05500000
19	136	2	-1231.17072510	0.05500000
19	137	2	-1237.47004478	0.05500000
19	138	2	-1230.94520827	0.05500000
19	139	2	-1235.14111010	0.05500000
19	140	2	-1230.30396617	0.05500000
19	141	2	0.00000000	0.05500000
19	142	2	0.00000000	0.05500000
19	143	2	0.00000000	0.05500000
19	144	2	0.00000000	0.05500000
19	145	2	0.00000000	0.05500000
19	146	2	0.00000000	0.05500000
19	147	2	0.00000000	0.05500000
19	148	2	0.00000000	0.05500000
19	149	2	0.00000000	0.05500000
19	150	2	-1233.51557380	0.05500000
19	151	2	-1239.11814036	0.05500000
19	152	2	-1234.07524375	0.05500000
19	153	2	-1240.36301372	0.05500000
19	154	2	-1234.90638282	0.05500000
19	155	2	-1239.93833635	0.05500000
19	156	2	-1238.63982704	0.05500000
19	157	2	-1245.06439689	0.05500000
19	158	2	-1239.15393625	0.05500000
19	159	2	-1246.67271676	0.05500000
19	160	2	-1238.02552771	0.05500000
19	161	2	-1245.86331783	0.05500000
19	162	2	-1240.35733761	0.05500000
19	163	2	-1246.28246095	0.05500000
19	164	2	-1239.68118059	0.05500000
19	165	2	-1248.08850805	0.05500000
19	166	2	-1241.90669290	0.05500000
19	167	2	-1245.85965830	0.05500000
19	168	2	-1241.85021591	0.05500000
19	169	2	-1245.71296402	0.05500000
19	170	2	-1243.02656792	0.05500000
19	171	2	-1248.79323084	0.05500000
19	172	2	-1244.80921821	0.05500000
19	173	2	-1248.41607545	0.05500000
19	174	2	-1243.91012738	0.05500000
19	175	2	-1249.32061618	0.05500000
19	176	2	-1242.70990127	0.05500000
19	177	2	-1248.86065802	0.05500000
19	178	2	-1244.17713797	0.05500000
19	179	2	-1246.77595412	0.05500000
19	180	2	-1244.84433236	0.05500000
19	181	2	-1250.96518048	0.05500000
19	182	2	-1245.40337629	0.05500000
19	183	2	-1247.14989905	0.05500000
19	184	2	-1245.01179923	0.05500000
19	185	2	-1245.64160081	0.05500000
19	186	2	-1245.47890912	0.05500000
19	187	2	-1246.22520997	0.05500000
19	188	2	-1245.09932419	0.05500000
19	189	2	-1247.48749388	0.05500000
19	190	2	-1244.03193335	0.05500000
19	191	2	-1245.28954675	0.05500000
19	192	2	-1244.45746143	0.05500000
19	193	2	-1245.06516230	0.05500000
19	194	2	-1244.21800473	0.05500000
19	195	2	-1243.05752969	0.05500000
19	196	2	-1242.73270040	0.05500000
19	197	2	-1241.09860759	0.05500000
19	198	2	-1240.91883073	0.05500000
19	199	2	-1239.73553124	0.05500000
19	200	2	-1238.66386862	0.05500000
19	201	2	-1238.68255546	0.05500000
19	202	2	-1236.22836072	0.05500000
19	203	2	-1237.55498812	0.05500000
19	204	2	-1234.70580541	0.05500000
19	205	2	-1236.41683395	0.05500000
19	206	2	-1233.25133695	0.05500000
19	207	2	-1235.27995274	0.05500000
19	208	2	-1232.50650531	0.05500000
19	209	2	-1229.28354822	0.05500000
19	210	2	-1227.58188034	0.05500000
19	211	2	-1230.23111972	0.05500000
19	212	2	-1233.78123547	0.05500000
19	213	2	-1233.65267433	0.05500000
19	214	2	-1243.27866443	0.05500000
19	215	2	-1240.51531351	0.05500000
19	216	2	-1241.01377921	0.05500000
19	217	2	-1241.70453264	0.05500000
19	218	2	-1242.23811291	0.05500000
19	219	2	-1237.18523490	0.05500000
19	220	2	-1239.59480937	0.05500000
19	221	2	-1239.50352289	0.05500000
19	222	2	-1237.83229672	0.05500000
19	223	2	-1232.76277035	0.05500000
19	224	2	-1228.76802469	0.05500000
19	225	2	-1233.16909093	0.05500000
19	226	2	-1234.46811945	0.05500000
19	227	2	-1228.73289606	0.05500000
19	228	2	-1232.91869685	0.05500000
19	229	2	-1236.25203623	0.05500000
19	230	2	-1229.54700896	0.05500000
19	231	2	-1225.92400197	0.05500000
19	232	2	-1223.79431674	0.05500000
19	233	2	-1208.79095576	0.05500000
19	234	2	-1208.13136280	0.05500000
19	235	2	-1195.87981587	0.05500000
19	236	2	-1160.91082739	0.05500000
19	237	2	-1139.41293883	0.05500000
20	0	2	-1231.72407022	0.05500000
20	1	2	-1225.86492878	0.05500000
20	2	2	-1243.81172552	0.05500000
20	3	2	-1239.44428293	0.05500000
20	4	2	-1246.48042202	0.05500000
20	5	2	-1247.96327462	0.05500000
20	6	2	-1252.23601406	0.05500000
20	7	2	-1243.71383216	0.05500000
20	8	2	-1251.33385905	0.05500000
20	9	2	-1242.49083698	0.05500000
20	10	2	-1249.50824902	0.05500000
20	11	2	-1251.50559155	0.05500000
20	12	2	-1254.14760792	0.05500000
20	13	2	-1248.57336014	0.05500000
20	14	2	-1252.81782428	0.05500000
20	15	2	-1247.75411060	0.05500000
20	16	2	-1251.64040633	0.05500000
20	17	2	-1254.10792345	0.05500000
20	18	2	-1252.27282225	0.05500000
20	19	2	-1246.69812326	0.05500000
20	20	2	-1254.04221055	0.05500000
20	21	2	-1251.50525658	0.05500000
20	22	2	-1251.14633066	0.05500000
20	23	2	-1249.52248081	0.05500000
20	24	2	-1255.48382292	0.05500000
20	25	2	-1252.63408403	0.05500000
20	26	2	-1251.21006768	0.05500000
20	27	2	-1252.71366832	0.05500000
20	28	2	-1257.47150827	0.05500000
20	29	2	-1255.13753887	0.05500000
20	30	2	-1258.77556421	0.05500000
20	31	2	-1254.53298584	0.05500000
20	32	2	-1258.67686309	0.05500000
20	33	2	-1256.22123083	0.05500000
20	34	2	-1262.52941306	0.05500000
20	35	2	-1251.88334448	0.05500000
20	36	2	-1261.91510934	0.05500000
20	37	2	-1258.52256442	0.05500000
20	38	2	-1262.72631425	0.05500000
20	39	2	-1256.12534993	0.05500000
20	40	2	-1262.70000992	0.05500000
20	41	2	-1258.74204229	0.05500000
20	42	2	-1261.30193786	0.05500000
20	43	2	-1252.87354173	0.05500000
20	44	2	-1257.05112242	0.05500000
20	45	2	-1256.65738677	0.05500000
20	46	2	-1262.00726437	0.05500000
20	47	2	-1258.05239028	0.05500000
20	48	2	-1271.02652171	0.05500000
20	49	2	-1263.60894678	0.05500000
20	50	2	-1272.13908438	0.05500000
20	51	2	-1264.51494302	0.05500000
20	52	2	-1271.27439111	0.05500000
20	53	2	-1264.39428061	0.05500000
20	54	2	-1271.62881106	0.05500000
20	55	2	-1267.29118095	0.05500000
20	56	2	-1278.31838745	0.05500000
20	57	2	-1285.04638538	0.05500000
20	58	2	-1276.75543022	0.05500000
20	59	2	-1270.79497459	0.05500000
20	60	2	-1276.39141763	0.05500000
20	61	2	-1274.21051397	0.05500000
20	62	2	-1281.36833685	0.05500000
20	63	2	-1269.77921246	0.05500000
20	64	2	-1275.47511411	0.05500000
20	65	2	-1274.58513944	0.05500000
20	66	2	-1279.85476442	0.05500000
20	67	2	-1268.92165450	0.05500000
20	68	2	-1278.52425950	0.05500000
20	69	2	-1269.90255001	0.05500000
20	70	2	-1279.88424277	0.05500000
20	71	2	-1261.43598183	0.05500000
20	72	2	-1276.12487733	0.05500000
20	73	2	-1269.53826339	0.05500000
20	74	2	-1281.99852365	0.05500000
20	75	2	-1266.54087476	0.05500000
20	76	2	-1271.27531861	0.05500000
20	77	2	-1265.44428709	0.05500000
20	78	2	-1272.82927409	0.05500000
20	79	2	-1259.03981850	0.05500000
20	80	2	-1265.64129028	0.05500000
20	81	2	-1263.72970519	0.05500000
20	82	2	-1269.02346995	0.05500000
20	83	2	-1253.41413022	0.05500000
20	84	2	-1261.34105567	0.05500000
20	85	2	-1247.01019888	0.05500000
20	86	2	-1267.82445592	0.05500000
20	87	2	0.00000000	0.05500000
20	88	2	0.00000000	0.05500000
20	89	2	0.00000000	0.05500000
20	90	2	0.00000000	0.05500000
20	91	2	0.00000000	0.05500000
20	92	2	0.00000000	0.05500000
20	93	2	0.00000000	0.05500000
20	94	2	0.00000000	0.05500000
20	95	2	0.00000000	0.05500000
20	96	2	-1258.32173387	0.05500000
20	97	2	-1239.81931344	0.05500000
20	98	2	-1251.85492586	0.05500000
20	99	2	-1242.48002523	0.05500000
20	100	2	-1250.32428627	0.05500000
20	101	2	-1241.73293433	0.05500000
20	102	2	-1250.65322399	0.05500000
20	103	2	-1240.05840688	0.05500000
20	104	2	-1249.23745848	0.05500000
20	105	2	-1236.39311255	0.05500000
20	106	2	-1251.63656454	0.05500000
20	107	2	-1237.65277629	0.05500000
20	108	2	-1250.63725850	0.05500000
20	109	2	-1231.52166547	0.05500000
20	110	2	-1251.64443298	0.05500000
20	111	2	-1235.56309022	0.05500000
20	112	2	-1251.46980786	0.05500000
20	113	2	-1235.52927783	0.05500000
20	114	2	-1254.00725394	0.05500000
20	115	2	-1236.60556175	0.05500000
20	116	2	-1255.16250885	0.05500000
20	117	2	-1235.52616654	0.05500000
20	118	2	-1263.22981648	0.05500000
20	119	2	-1239.65083835	0.05500000
20	120	2	-1261.23003949	0.05500000
20	121	2	-1235.93239821	0.05500000
20	122	2	-1272.64387556	0.05500000
20	123	2	-1264.36731567	0.05500000
20	124	2	-1271.00011527	0.05500000
20	125	2	-1264.06137070	0.05500000
20	126	2	-1270.41792544	0.05500000
20	127	2	-1262.31759443	0.05500000
20	128	2	-1270.27240831	0.05500000
20	129	2	-1265.63522774	0.05500000
20	130	2	-1271.55517626	0.05500000
20	131	2	-1265.26327369	0.05500000
20	132	2	-1274.86194176	0.05500000
20	133	2	-1263.23359908	0.05500000
20	134	2	-1272.76179903	0.05500000
20	135	2	-1267.39202626	0.05500000
20	136	2	-1271.10898533	0.05500000
20	137	2	-1266.42491120	0.05500000
20	138	2	-1270.30870322	0.05500000
20	139	2	-1268.79539804	0.05500000
20	140	2	-1270.60125101	0.05500000
20	141	2	-1267.48893310	0.05500000
20	142	2	-1268.36678888	0.05500000
20	143	2	-1266.46201171	0.05500000
20	144	2	-1267.03190352	0.05500000
20	145	2	-1265.56488905	0.05500000
20	146	2	-1267.12639255	0.05500000
20	147	2	-1264.32549348	0.05500000
20	148	2	0.00000000	0.05500000
20	149	2	0.00000000	0.05500000
20	150	2	0.00000000	0.05500000
20	151	2	0.00000000	0.05500000
20	152	2	0.00000000	0.05500000
20	153	2	0.00000000	0.05500000
20	154	2	0.00000000	0.05500000
20	155	2	0.00000000	0.05500000
20	156	2	0.00000000	0.05500000
20	157	2	-1269.57041006	0.05500000
20	158	2	-1271.63083124	0.05500000
20	159	2	-1272.85213385	0.05500000
20	160	2	-1272.76507090	0.05500000
20	161	2	-1273.72414855	0.05500000
20	162	2	-1274.19745132	0.05500000
20	163	2	-1271.85450724	0.05500000
20	164	2	-1272.20868698	0.05500000
20	165	2	-1268.85585516	0.05500000
20	166	2	-1270.31423018	0.05500000
20	167	2	-1270.14517512	0.05500000
20	168	2	-1273.01170925	0.05500000
20	169	2	-1271.98493359	0.05500000
20	170	2	-1275.73916255	0.05500000
20	171	2	-1267.17161853	0.05500000
20	172	2	-1272.08011248	0.05500000
20	173	2	-1268.48406845	0.05500000
20	174	2	-1269.10634379	0.05500000
20	175	2	-1270.20718424	0.05500000
20	176	2	-1272.34892631	0.05500000
20	177	2	-1272.52482449	0.05500000
20	178	2	-1271.90425947	0.05500000
20	179	2	-1273.62000320	0.05500000
20	180	2	-1272.71928504	0.05500000
20	181	2	-1275.23931750	0.05500000
20	182	2	-1278.76024579	0.05500000
20	183	2	-1276.38597660	0.05500000
20	184	2	-1274.41753790	0.05500000
20	185	2	-1275.08964120	0.05500000
20	186	2	-1271.22351879	0.05500000
20	187	2	-1273.00675629	0.05500000
20	188	2	-1271.42911249	0.05500000
20	189	2	-1269.88822870	0.05500000
20	190	2	-1270.18463555	0.05500000
20	191	2	-1269.94249409	0.05500000
20	192	2	-1272.63573628	0.05500000
20	193	2	-1269.01170474	0.05500000
20	194	2	-1266.56932709	0.05500000
20	195	2	-1270.90143474	0.05500000
20	196	2	-1267.80679878	0.05500000
20	197	2	-1266.33263414	0.05500000
20	198	2	-1261.40329470	0.05500000
20	199	2	-1260.98172981	0.05500000
20	200	2	-1263.84043761	0.05500000
20	201	2	-1260.31321542	0.05500000
20	202	2	-1261.69470570	0.05500000
20	203	2	-1260.24669559	0.05500000
20	204	2	-1259.87469192	0.05500000
20	205	2	-1257.71465550	0.05500000
20	206	2	-1258.73633371	0.05500000
20	207	2	-1254.90172594	0.05500000
20	208	2	-1252.29517018	0.05500000
20	209	2	-1255.70049016	0.05500000
20	210	2	-1250.41642666	0.05500000
20	211	2	-1252.04404638	0.05500000
20	212	2	-1251.19108264	0.05500000
20	213	2	-1250.22008524	0.05500000
20	214	2	-1251.05867148	0.05500000
20	215	2	-1246.44081527	0.05500000
20	216	2	-1247.30502446	0.05500000
20	217	2	-1245.57761691	0.05500000
20	218	2	-1242.64137019	0.05500000
20	219	2	-1242.51302208	0.05500000
20	220	2	-1236.86158182	0.05500000
20	221	2	-1236.84219693	0.05500000
20	222	2	-1236.98648238	0.05500000
20	223	2	-1239.40102273	0.05500000
20	224	2	-1237.49232480	0.05500000
20	225	2	-1235.01170169	0.05500000
20	226	2	-1228.80996460	0.05500000
20	227	2	-1231.60409078	0.05500000
20	228	2	-1227.94547441	0.05500000
20	229	2	-1230.15765218	0.05500000
20	230	2	-1228.83633000	0.05500000
20	231	2	-1236.92655743	0.05500000
20	232	2	-1236.29995853	0.05500000
20	233	2	-1222.83007849	0.05500000
20	234	2	-1219.70005011	0.05500000
20	235	2	-1219.20500672	0.05500000
20	236	2	-1221.55637924	0.05500000
20	237	2	-1224.68613300	0.05500000
20	238	2	-1210.22346840	0.05500000
20	239	2	-1199.78053742	0.05500000
20	240	2	-1204.16419156	0.05500000
20	241	2	-1151.21542489	0.05500000
20	242	2	-1217.21387200	0.05500000
20	243	2	-1257.39372438	0.05500000
21	0	2	-1249.53098414	0.05500000
21	1	2	-1264.02004183	0.05500000
21	2	2	-1257.83917192	0.05500000
21	3	2	-1262.72325436	0.05500000
21	4	2	-1259.26343316	0.05500000
21	5	2	-1260.17763325	0.05500000
21	6	2	-1256.53545767	0.05500000
21	7	2	-1263.23863401	0.05500000
21	8	2	-1261.52486662	0.05500000
21	9	2	-1262.19299026	0.05500000
21	10	2	-1260.90475123	0.05500000
21	11	2	-1261.82576365	0.05500000
21	12	2	-1260.79790516	0.05500000
21	13	2	-1260.84872614	0.05500000
21	14	2	-1259.74601401	0.05500000
21	15	2	-1267.65947593	0.05500000
21	16	2	-1258.53498305	0.05500000
21	17	2	-1261.11664687	0.05500000
21	18	2	-1267.20440980	0.05500000
21	19	2	-1266.17044469	0.05500000
21	20	2	-1267.70934627	0.05500000
21	21	2	-1268.81847625	0.05500000
21	22	2	-1268.01565675	0.05500000
21	23	2	-1271.82154861	0.05500000
21	24	2	-1269.70466239	0.05500000
21	25	2	-1267.65243941	0.05500000
21	26	2	-1272.39598186	0.05500000
21	27	2	-1270.37047944	0.05500000
21	28	2	-1273.27460423	0.05500000
21	29	2	-1273.68825214	0.05500000
21	30	2	-1271.54211263	0.05500000
21	31	2	-1272.31446439	0.05500000
21	32	2	-1266.72979915	0.05500000
21	33	2	-1272.56911975	0.05500000
21	34	2	-1271.84989303	0.05500000
21	35	2	-1273.44316817	0.05500000
21	36	2	-1274.49173183	0.05500000
21	37	2	-1269.95030807	0.05500000
21	38	2	-1270.76939227	0.05500000
21	39	2	-1270.49069200	0.05500000
21	40	2	-1272.82132462	0.05500000
21	41	2	-1272.51259265	0.05500000
21	42	2	-1271.31701655	0.05500000
21	43	2	-1273.85842197	0.05500000
21	44	2	-1273.66720913	0.05500000
21	45	2	-1274.49631496	0.05500000
21	46	2	-1282.71310545	0.05500000
21	47	2	-1280.66195144	0.05500000
21	48	2	-1259.95649892	0.05500000
21	49	2	-1289.16519392	0.05500000
21	50	2	-1280.01646903	0.05500000
21	51	2	-1285.80202379	0.05500000
21	52	2	-1286.96740307	0.05500000
21	53	2	-1286.05136660	0.05500000
21	54	2	-1284.59822603	0.05500000
21	55	2	-1287.45802238	0.05500000
21	56	2	-1286.67673005	0.05500000
21	57	2	-1283.71015124	0.05500000
21	58	2	-1287.32799842	0.05500000
21	59	2	-1284.65699192	0.05500000
21	60	2	-1283.86392107	0.05500000
21	61	2	-1284.05978866	0.05500000
21	62	2	-1283.07882637	0.05500000
21	63	2	-1290.86581559	0.05500000
21	64	2	-1285.72182368	0.05500000
21	65	2	-1286.78676485	0.05500000
21	66	2	-1284.00847109	0.05500000
21	67	2	-1284.26312268	0.05500000
21	68	2	-1280.43862304	0.05500000
21	69	2	-1282.99249456	0.05500000
21	70	2	-1275.81989941	0.05500000
21	71	2	-1283.16911223	0.05500000
21	72	2	-1280.40488797	0.05500000
21	73	2	-1277.28369847	0.05500000
21	74	2	-1275.57556612	0.05500000
21	75	2	-1273.92843307	0.05500000
21	76	2	-1266.80016965	0.05500000
21	77	2	-1271.53396122	0.05500000
21	78	2	0.00000000	0.05500000
21	79	2	0.00000000	0.05500000
21	80	2	0.00000000	0.05500000
21	81	2	0.00000000	0.05500000
21	82	2	0.00000000	0.05500000
21	83	2	0.00000000	0.05500000
21	84	2	0.00000000	0.05500000
21	85	2	0.00000000	0.05500000
21	86	2	-1259.91911997	0.05500000
21	87	2	-1262.63248421	0.05500000
21	88	2	-1262.35931494	0.05500000
21	89	2	-1264.32569148	0.05500000
21	90	2	-1262.23651869	0.05500000
21	91	2	-1264.77225401	0.05500000
21	92	2	-1263.27700218	0.05500000
21	93	2	-1260.28335086	0.05500000
21	94	2	-1259.28966165	0.05500000
21	95	2	-1260.86069507	0.05500000
21	96	2	-1257.32075927	0.05500000
21	97	2	-1260.83119457	0.05500000
21	98	2	-1256.14483631	0.05500000
21	99	2	-1259.35886122	0.05500000
21	100	2	-1257.09872049	0.05500000
21	101	2	-1257.31863329	0.05500000
21	102	2	-1257.12463499	0.05500000
21	103	2	-1258.48744313	0.05500000
21	104	2	-1256.38677987	0.05500000
21	105	2	-1257.72577710	0.05500000
21	106	2	-1261.93210507	0.05500000
21	107	2	-1261.05864841	0.05500000
21	108	2	-1266.48731594	0.05500000
21	109	2	-1259.38726673	0.05500000
21	110	2	-1260.75802890	0.05500000
21	111	2	-1264.24428149	0.05500000
21	112	2	-1265.47683439	0.05500000
21	113	2	-1264.67512337	0.05500000
21	114	2	-1264.90134416	0.05500000
21	115	2	-1265.45385843	0.05500000
21	116	2	-1264.83271843	0.05500000
21	117	2	-1256.03890677	0.05500000
21	118	2	-1265.41799267	0.05500000
21	119	2	-1255.54727261	0.05500000
21	120	2	-1264.07952461	0.05500000
21	121	2	-1254.23918288	0.05500000
21	122	2	-1263.84913722	0.05500000
21	123	2	-1258.51724993	0.05500000
21	124	2	-1262.21395522	0.05500000
21	125	2	-1255.45854578	0.05500000
21	126	2	-1263.92220134	0.05500000
21	127	2	-1260.88020197	0.05500000
21	128	2	-1266.74617496	0.05500000
21	129	2	-1261.67564778	0.05500000
21	130	2	-1267.45707878	0.05500000
21	131	2	-1260.97484524	0.05500000
21	132	2	-1272.14728051	0.05500000
21	133	2	-1265.30653557	0.05500000
21	134	2	-1271.99153903	0.05500000
21	135	2	-1264.80238272	0.05500000
21	136	2	-1270.57450893	0.05500000
21	137	2	-1264.87266158	0.05500000
21	138	2	-1270.21599973	0.05500000
21	139	2	-1260.26491707	0.05500000
21	140	2	-1268.15337110	0.05500000
21	141	2	-1262.44548529	0.05500000
21	142	2	-1268.71278535	0.05500000
21	143	2	-1263.03185086	0.05500000
21	144	2	-1269.91146832	0.05500000
21	145	2	-1264.54648933	0.05500000
21	146	2	0.00000000	0.05500000
21	147	2	0.00000000	0.05500000
21	148	2	0.00000000	0.05500000
21	149	2	0.00000000	0.05500000
21	150	2	0.00000000	0.05500000
21	151	2	0.00000000	0.05500000
21	152	2	0.00000000	0.05500000
21	153	2	0.00000000	0.05500000
21	154	2	-1275.55988128	0.05500000
21	155	2	-1269.31156840	0.05500000
21	156	2	-1276.86556667	0.05500000
21	157	2	-1273.44472814	0.05500000
21	158	2	-1279.52756469	0.05500000
21	159	2	-1272.49777529	0.05500000
21	160	2	-1278.19323124	0.05500000
21	161	2	-1273.61819869	0.05500000
21	162	2	-1279.24821019	0.05500000
21	163	2	-1273.18477207	0.05500000
21	164	2	-1279.75071966	0.05500000
21	165	2	-1277.40142124	0.05500000
21	166	2	-1284.14523506	0.05500000
21	167	2	-1275.71408816	0.05500000
21	168	2	-1282.20780853	0.05500000
21	169	2	-1276.00151763	0.05500000
21	170	2	-1280.01647465	0.05500000
21	171	2	-1275.55767781	0.05500000
21	172	2	-1280.65776708	0.05500000
21	173	2	-1277.71955633	0.05500000
21	174	2	-1281.80184320	0.05500000
21	175	2	-1277.71583496	0.05500000
21	176	2	-1281.94389630	0.05500000
21	177	2	-1279.76817889	0.05500000
21	178	2	-1284.39179055	0.05500000
21	179	2	-1283.83958980	0.05500000
21	180	2	-1281.74836171	0.05500000
21	181	2	-1277.37292474	0.05500000
21	182	2	-1279.69469411	0.05500000
21	183	2	-1274.97666891	0.05500000
21	184	2	-1277.25563755	0.05500000
21	185	2	-1276.54891395	0.05500000
21	186	2	-1276.07296002	0.05500000
21	187	2	-1275.04911993	0.05500000
21	188	2	-1276.92265343	0.05500000
21	189	2	-1275.91119055	0.05500000
21	190	2	-1276.03819232	0.05500000
21	191	2	-1274.39350285	0.05500000
21	192	2	-1276.26196536	0.05500000
21	193	2	-1268.38298957	0.05500000
21	194	2	-1275.92946255	0.05500000
21	195	2	-1271.18812491	0.05500000
21	196	2	-1272.57044087	0.05500000
21	197	2	-1268.97382747	0.05500000
21	198	2	-1268.28512500	0.05500000
21	199	2	-1264.44456822	0.05500000
21	200	2	-1261.70467640	0.05500000
21	201	2	-1258.67087932	0.05500000
21	202	2	-1259.64878840	0.05500000
21	203	2	-1253.66884529	0.05500000
21	204	2	-1253.11600539	0.05500000
21	205	2	-1251.93713568	0.05500000
21	206	2	-1248.86189942	0.05500000
21	207	2	-1244.03145843	0.05500000
21	208	2	-1244.30937073	0.05500000
21	209	2	-1231.66424955	0.05500000
21	210	2	-1232.19260202	0.05500000
21	211	2	-1227.63397388	0.05500000
21	212	2	-1221.07536487	0.05500000
21	213	2	-1217.82638992	0.05500000
21	214	2	-1208.83931685	0.05500000
21	215	2	-1198.00430200	0.05500000
21	216	2	-1189.24383903	0.05500000
21	217	2	-1179.11195582	0.05500000
21	218	2	-1166.70137418	0.05500000
21	219	2	-1159.75623709	0.05500000
21	220	2	-1146.67419983	0.05500000
21	221	2	-1138.58914286	0.05500000
21	222	2	-1135.67778983	0.05500000
21	223	2	-1191.55812655	0.05500000
21	224	2	-1253.13582154	0.05500000
21	225	2	-1079.98317625	0.05500000
21	226	2	-1197.27558695	0.05500000
21	227	2	-1253.13582154	0.05500000
21	228	2	-1253.13582154	0.05500000
21	229	2	-1205.51122933	0.05500000
21	230	2	-1253.13582154	0.05500000
21	231	2	-1085.92339232	0.05500000
22	0	2	-1217.11594857	0.05500000
22	1	2	-1225.04272686	0.05500000
22	2	2	-1223.29323666	0.05500000
22	3	2	-1215.56740296	0.05500000
22	4	2	-1221.92439341	0.05500000
22	5	2	-1209.32621893	0.05500000
22	6	2	-1213.77203420	0.05500000
22	7	2	-1220.97989357	0.05500000
22	8	2	-1220.97295707	0.05500000
22	9	2	-1223.33499674	0.05500000
22	10	2	-1224.72794250	0.05500000
22	11	2	-1227.64333946	0.05500000
22	12	2	-1227.91976997	0.05500000
22	13	2	-1226.96240126	0.05500000
22	14	2	-1229.45262062	0.05500000
22	15	2	-1231.17902674	0.05500000
22	16	2	-1230.88832607	0.05500000
22	17	2	-1231.92641146	0.05500000
22	18	2	-1229.21305673	0.05500000
22	19	2	-1228.86178880	0.05500000
22	20	2	-1232.78451605	0.05500000
22	21	2	-1234.57237013	0.05500000
22	22	2	-1232.30347753	0.05500000
22	23	2	-1231.37486163	0.05500000
22	24	2	-1234.16469016	0.05500000
22	25	2	-1236.84842011	0.05500000
22	26	2	-1233.62049210	0.05500000
22	27	2	-1236.47925006	0.05500000
22	28	2	-1236.35125217	0.05500000
22	29	2	-1233.34274422	0.05500000
22	30	2	-1236.35305163	0.05500000
22	31	2	-1235.47834249	0.05500000
22	32	2	-1236.45123334	0.05500000
22	33	2	-1236.70198959	0.05500000
22	34	2	-1235.20171916	0.05500000
22	35	2	-1239.33838448	0.05500000
22	36	2	-1237.23205031	0.05500000
22	37	2	-1207.49660299	0.05500000
22	38	2	-1237.18882153	0.05500000
22	39	2	-1239.64003018	0.05500000
22	40	2	-1244.76283375	0.05500000
22	41	2	-1242.89811208	0.05500000
22	42	2	-1244.76663685	0.05500000
22	43	2	-1242.05088900	0.05500000
22	44	2	-1250.16865809	0.05500000
22	45	2	-1244.37585524	0.05500000
22	46	2	-1244.59789775	0.05500000
22	47	2	-1244.02170812	0.05500000
22	48	2	-1244.50617931	0.05500000
22	49	2	-1244.98244620	0.05500000
22	50	2	-1239.87937391	0.05500000
22	51	2	-1241.21881961	0.05500000
22	52	2	-1252.55081890	0.05500000
22	53	2	-1244.72801216	0.05500000
22	54	2	-1240.80290246	0.05500000
22	55	2	-1243.21718074	0.05500000
22	56	2	-1242.02945078	0.05500000
22	57	2	-1244.09612102	0.05500000
22	58	2	-1240.25050292	0.05500000
22	59	2	-1242.61722131	0.05500000
22	60	2	-1241.99869617	0.05500000
22	61	2	-1242.24988430	0.05500000
22	62	2	-1235.31464937	0.05500000
22	63	2	-1236.31762279	0.05500000
22	64	2	-1229.47563431	0.05500000
22	65	2	-1231.61381523	0.05500000
22	66	2	-1227.28587592	0.05500000
22	67	2	0.00000000	0.05500000
22	68	2	0.00000000	0.05500000
22	69	2	0.00000000	0.05500000
22	70	2	0.00000000	0.05500000
22	71	2	0.00000000	0.05500000
22	72	2	0.00000000	0.05500000
22	73	2	0.00000000	0.05500000
22	74	2	0.00000000	0.05500000
22	75	2	-1234.64790289	0.05500000
22	76	2	-1224.60649391	0.05500000
22	77	2	-1223.14044014	0.05500000
22	78	2	-1224.49887873	0.05500000
22	79	2	-1222.25899776	0.05500000
22	80	2	-1220.74279357	0.05500000
22	81	2	-1220.04950369	0.05500000
22	82	2	-1216.74251051	0.05500000
22	83	2	-1219.92737715	0.05500000
22	84	2	-1214.12626751	0.05500000
22	85	2	-1214.79769379	0.05500000
22	86	2	-1215.07036334	0.05500000
22	87	2	-1215.14945649	0.05500000
22	88	2	-1213.29254012	0.05500000
22	89	2	-1214.07173442	0.05500000
22	90	2	-1211.07231289	0.05500000
22	91	2	-1215.00685245	0.05500000
22	92	2	-1211.60206022	0.05500000
22	93	2	-1209.95056527	0.05500000
22	94	2	-1206.89047728	0.05500000
22	95	2	-1210.11936063	0.05500000
22	96	2	-1208.15935274	0.05500000
22	97	2	-1210.20880752	0.05500000
22	98	2	-1211.25318196	0.05500000
22	99	2	-1215.25823225	0.05500000
22	100	2	-1211.95170571	0.05500000
22	101	2	-1215.97004575	0.05500000
22	102	2	-1212.78012822	0.05500000
22	103	2	-1216.50788700	0.05500000
22	104	2	-1210.24650952	0.05500000
22	105	2	-1215.88449309	0.05500000
22	106	2	-1212.69437449	0.05500000
22	107	2	-1219.26591083	0.05500000
22	108	2	-1214.46101637	0.05500000
22	109	2	-1237.31599831	0.05500000
22	110	2	-1220.28434580	0.05500000
22	111	2	-1235.70640239	0.05500000
22	112	2	-1221.12718405	0.05500000
22	113	2	-1231.90396563	0.05500000
22	114	2	-1217.74607517	0.05500000
22	115	2	-1236.53188583	0.05500000
22	116	2	-1220.80185741	0.05500000
22	117	2	-1233.50339221	0.05500000
22	118	2	-1218.27272455	0.05500000
22	119	2	-1233.26952200	0.05500000
22	120	2	-1223.56223771	0.05500000
22	121	2	-1235.65608812	0.05500000
22	122	2	-1224.58653325	0.05500000
22	123	2	-1235.15409795	0.05500000
22	124	2	-1224.26335628	0.05500000
22	125	2	-1235.87933815	0.05500000
22	126	2	-1228.06786863	0.05500000
22	127	2	-1238.30549789	0.05500000
22	128	2	-1230.21528976	0.05500000
22	129	2	-1238.49196786	0.05500000
22	130	2	-1232.38808371	0.05500000
22	131	2	-1237.31688139	0.05500000
22	132	2	-1231.99538546	0.05500000
22	133	2	-1238.88501869	0.05500000
22	134	2	-1234.52098985	0.05500000
22	135	2	-1238.91763192	0.05500000
22	136	2	-1231.39982733	0.05500000
22	137	2	-1236.67917173	0.05500000
22	138	2	-1230.32047064	0.05500000
22	139	2	-1236.34585664	0.05500000
22	140	2	-1230.08140295	0.05500000
22	141	2	-1230.21673669	0.05500000
22	142	2	-1227.66218783	0.05500000
22	143	2	0.00000000	0.05500000
22	144	2	0.00000000	0.05500000
22	145	2	0.00000000	0.05500000
22	146	2	0.00000000	0.05500000
22	147	2	0.00000000	0.05500000
22	148	2	0.00000000	0.05500000
22	149	2	0.00000000	0.05500000
22	150	2	0.00000000	0.05500000
22	151	2	-1232.47309279	0.05500000
22	152	2	-1229.48365059	0.05500000
22	153	2	-1231.97873673	0.05500000
22	154	2	-1229.06672295	0.05500000
22	155	2	-1233.73914046	0.05500000
22	156	2	-1231.56369206	0.05500000
22	157	2	-1235.36932615	0.05500000
22	158	2	-1233.05195464	0.05500000
22	159	2	-1238.09567175	0.05500000
22	160	2	-1234.38641312	0.05500000
22	161	2	-1236.59099811	0.05500000
22	162	2	-1232.10144487	0.05500000
22	163	2	-1237.88582952	0.05500000
22	164	2	-1234.53104268	0.05500000
22	165	2	-1236.57368249	0.05500000
22	166	2	-1233.46714617	0.05500000
22	167	2	-1236.72210648	0.05500000
22	168	2	-1236.70611932	0.05500000
22	169	2	-1239.74939743	0.05500000
22	170	2	-1237.32104168	0.05500000
22	171	2	-1240.13973465	0.05500000
22	172	2	-1238.51600345	0.05500000
22	173	2	-1240.96185175	0.05500000
22	174	2	-1238.84954168	0.05500000
22	175	2	-1241.73308735	0.05500000
22	176	2	-1238.41830642	0.05500000
22	177	2	-1238.74760880	0.05500000
22	178	2	-1234.21036953	0.05500000
22	179	2	-1239.32600767	0.05500000
22	180	2	-1235.43315488	0.05500000
22	181	2	-1236.93888067	0.05500000
22	182	2	-1232.31272476	0.05500000
22	183	2	-1235.96028136	0.05500000
22	184	2	-1232.72980981	0.05500000
22	185	2	-1234.91537699	0.05500000
22	186	2	-1229.76322867	0.05500000
22	187	2	-1232.18382527	0.05500000
22	188	2	-1227.51823494	0.05500000
22	189	2	-1229.68113852	0.05500000
22	190	2	-1224.16447143	0.05500000
22	191	2	-1229.00935324	0.05500000
22	192	2	-1223.80365664	0.05500000
22	193	2	-1225.96817874	0.05500000
22	194	2	-1217.52427715	0.05500000
22	195	2	-1222.32156653	0.05500000
22	196	2	-1215.32165437	0.05500000
22	197	2	-1216.85192579	0.05500000
22	198	2	-1206.85659031	0.05500000
22	199	2	-1209.80632901	0.05500000
22	200	2	-1203.16378886	0.05500000
22	201	2	-1201.35046556	0.05500000
22	202	2	-1194.61967134	0.05500000
22	203	2	-1187.79126368	0.05500000
22	204	2	-1177.71925127	0.05500000
22	205	2	-1173.40655008	0.05500000
22	206	2	-1161.02588569	0.05500000
22	207	2	-1158.84216494	0.05500000
22	208	2	-1141.58897701	0.05500000
22	209	2	-1136.70453856	0.05500000
22	210	2	-1119.54720327	0.05500000
22	211	2	-1085.75310504	0.05500000
22	212	2	-1050.98622939	0.05500000
22	213	2	-1144.98840954	0.05500000
22	214	2	-1018.37144537	0.05500000
22	215	2	-1216.51243126	0.05500000
22	216	2	-1090.05526554	0.05500000
22	217	2	-1187.12925690	0.05500000
23	0	2	-1190.45959851	0.05500000
23	1	2	-1210.59622140	0.05500000
23	2	2	-1206.20586733	0.05500000
23	3	2	-1210.60929681	0.05500000
23	4	2	-1204.37032933	0.05500000
23	5	2	-1213.98910747	0.05500000
23	6	2	-1205.96384332	0.05500000
23	7	2	-1217.44946749	0.05500000
23	8	2	-1216.02003556	0.05500000
23	9	2	-1222.12672741	0.05500000
23	10	2	-1217.67043167	0.05500000
23	11	2	-1221.37419302	0.05500000
23	12	2	-1222.45631322	0.05500000
23	13	2	-1229.08643279	0.05500000
23	14	2	-1221.49269781	0.05500000
23	15	2	-1229.29168080	0.05500000
23	16	2	-1224.72470943	0.05500000
23	17	2	-1229.87599510	0.05500000
23	18	2	-1224.88803306	0.05500000
23	19	2	-1231.28521341	0.05500000
23	20	2	-1222.16185142	0.05500000
23	21	2	-1230.41450984	0.05500000
23	22	2	-1219.38318253	0.05500000
23	23	2	-1225.56769681	0.05500000
23	24	2	-1224.53887665	0.05500000
23	25	2	-1225.76750094	0.05500000
23	26	2	-1225.47918888	0.05500000
23	27	2	-1227.92280714	0.05500000
23	28	2	-1222.16503753	0.05500000
23	29	2	-1225.68390865	0.05500000
23	30	2	-1226.09768874	0.05500000
23	31	2	-1232.35213793	0.05500000
23	32	2	-1224.86271304	0.05500000
23	33	2	-1233.40565248	0.05500000
23	34	2	-1232.19579512	0.05500000
23	35	2	-1231.48845516	0.05500000
23	36	2	-1235.99964016	0.05500000
23	37	2	-1236.60016151	0.05500000
23	38	2	-1232.66527699	0.05500000
23	39	2	-1233.38966427	0.05500000
23	40	2	-1230.15701295	0.05500000
23	41	2	-1237.56457740	0.05500000
23	42	2	-1231.74767505	0.05500000
23	43	2	-1233.47387463	0.05500000
23	44	2	-1240.00987767	0.05500000
23	45	2	-1239.88012446	0.05500000
23	46	2	-1230.32865801	0.05500000
23	47	2	-1235.55100111	0.05500000
23	48	2	-1233.74890140	0.05500000
23	49	2	-1235.63919459	0.05500000
23	50	2	-1228.74548918	0.05500000
23	51	2	-1239.05036587	0.05500000
23	52	2	-1235.99423521	0.05500000
23	53	2	-1244.71003124	0.05500000
23	54	2	-1228.64626861	0.05500000
23	55	2	-1233.16361726	0.05500000
23	56	2	-1228.86285748	0.05500000
23	57	2	-1229.06821527	0.05500000
23	58	2	-1218.88263138	0.05500000
23	59	2	0.00000000	0.05500000
23	60	2	0.00000000	0.05500000
23	61	2	0.00000000	0.05500000
23	62	2	0.00000000	0.05500000
23	63	2	0.00000000	0.05500000
23	64	2	0.00000000	0.05500000
23	65	2	0.00000000	0.05500000
23	66	2	0.00000000	0.05500000
23	67	2	0.00000000	0.05500000
23	68	2	-1208.70118812	0.05500000
23	69	2	-1223.03337465	0.05500000
23	70	2	-1220.81621198	0.05500000
23	71	2	-1228.03667866	0.05500000
23	72	2	-1220.01954408	0.05500000
23	73	2	-1225.55168099	0.05500000
23	74	2	-1218.28881855	0.05500000
23	75	2	-1224.92409944	0.05500000
23	76	2	-1214.64325427	0.05500000
23	77	2	-1221.76943003	0.05500000
23	78	2	-1215.52119468	0.05500000
23	79	2	-1226.48447467	0.05500000
23	80	2	-1215.80202570	0.05500000
23	81	2	-1222.53078663	0.05500000
23	82	2	-1211.77714752	0.05500000
23	83	2	-1221.72936868	0.05500000
23	84	2	-1209.40223638	0.05500000
23	85	2	-1219.11596962	0.05500000
23	86	2	-1210.75393579	0.05500000
23	87	2	-1219.72560911	0.05500000
23	88	2	-1207.93452035	0.05500000
23	89	2	-1218.93522293	0.05500000
23	90	2	-1206.62791310	0.05500000
23	91	2	-1222.07874972	0.05500000
23	92	2	-1209.02224776	0.05500000
23	93	2	-1222.65436545	0.05500000
23	94	2	-1209.18210023	0.05500000
23	95	2	-1222.51674318	0.05500000
23	96	2	-1209.44693216	0.05500000
23	97	2	-1224.48086207	0.05500000
23	98	2	-1211.00285093	0.05500000
23	99	2	-1225.52799105	0.05500000
23	100	2	-1208.97356194	0.05500000
23	101	2	-1226.99320764	0.05500000
23	102	2	-1209.93778823	0.05500000
23	103	2	-1226.26215969	0.05500000
23	104	2	-1206.31601591	0.05500000
23	105	2	-1213.71825519	0.05500000
23	106	2	-1220.33023025	0.05500000
23	107	2	-1213.11077704	0.05500000
23	108	2	-1220.15224100	0.05500000
23	109	2	-1213.68168505	0.05500000
23	110	2	-1218.61636437	0.05500000
23	111	2	-1212.27317046	0.05500000
23	112	2	-1195.43789222	0.05500000
23	113	2	-1210.33018948	0.05500000
23	114	2	-1215.62525947	0.05500000
23	115	2	-1212.26511469	0.05500000
23	116	2	-1199.32127869	0.05500000
23	117	2	-1211.82690178	0.05500000
23	118	2	-1221.38572010	0.05500000
23	119	2	-1215.55529363	0.05500000
23	120	2	-1220.18053236	0.05500000
23	121	2	-1216.08185017	0.05500000
23	122	2	-1220.77057533	0.05500000
23	123	2	-1219.94913858	0.05500000
23	124	2	-1224.51994347	0.05500000
23	125	2	-1220.85421911	0.05500000
23	126	2	-1222.75227004	0.05500000
23	127	2	-1221.79529184	0.05500000
23	128	2	-1228.22646687	0.05500000
23	129	2	-1224.72425790	0.05500000
23	130	2	-1230.57566064	0.05500000
23	131	2	-1229.02887653	0.05500000
23	132	2	-1233.54906414	0.05500000
23	133	2	-1229.15190248	0.05500000
23	134	2	-1233.68034654	0.05500000
23	135	2	-1230.46280405	0.05500000
23	136	2	-1229.99053479	0.05500000
23	137	2	-1225.05687931	0.05500000
23	138	2	-1229.04436964	0.05500000
23	139	2	-1223.32187812	0.05500000
23	140	2	-1224.86312917	0.05500000
23	141	2	-1222.64863607	0.05500000
23	142	2	0.00000000	0.05500000
23	143	2	0.00000000	0.05500000
23	144	2	0.00000000	0.05500000
23	145	2	0.00000000	0.05500000
23	146	2	0.00000000	0.05500000
23	147	2	0.00000000	0.05500000
23	148	2	0.00000000	0.05500000
23	149	2	0.00000000	0.05500000
23	150	2	0.00000000	0.05500000
23	151	2	-1227.99277088	0.05500000
23	152	2	-1231.07033453	0.05500000
23	153	2	-1230.75400126	0.05500000
23	154	2	-1230.69917813	0.05500000
23	155	2	-1232.21755126	0.05500000
23	156	2	-1235.10163592	0.05500000
23	157	2	-1231.97590953	0.05500000
23	158	2	-1233.66521799	0.05500000
23	159	2	-1231.89486102	0.05500000
23	160	2	-1234.50352573	0.05500000
23	161	2	-1231.68798735	0.05500000
23	162	2	-1237.41586591	0.05500000
23	163	2	-1231.67345308	0.05500000
23	164	2	-1237.78062232	0.05500000
23	165	2	-1234.40228365	0.05500000
23	166	2	-1236.03327315	0.05500000
23	167	2	-1238.71381243	0.05500000
23	168	2	-1241.30774406	0.05500000
23	169	2	-1236.16940746	0.05500000
23	170	2	-1238.09287276	0.05500000
23	171	2	-1233.71470181	0.05500000
23	172	2	-1239.00012461	0.05500000
23	173	2	-1232.39098426	0.05500000
23	174	2	-1240.57819364	0.05500000
23	175	2	-1231.04996108	0.05500000
23	176	2	-1234.89700837	0.05500000
23	177	2	-1231.77279358	0.05500000
23	178	2	-1236.74705252	0.05500000
23	179	2	-1231.80580869	0.05500000
23	180	2	-1234.26964217	0.05500000
23	181	2	-1228.15742229	0.05500000
23	182	2	-1232.12027675	0.05500000
23	183	2	-1225.64941875	0.05500000
23	184	2	-1230.64073598	0.05500000
23	185	2	-1225.01163665	0.05500000
23	186	2	-1225.37400440	0.05500000
23	187	2	-1221.20519508	0.05500000
23	188	2	-1225.59654163	0.05500000
23	189	2	-1215.43576548	0.05500000
23	190	2	-1222.28645106	0.05500000
23	191	2	-1216.22543286	0.05500000
23	192	2	-1218.84811439	0.05500000
23	193	2	-1209.66149421	0.05500000
23	194	2	-1215.11828619	0.05500000
23	195	2	-1207.79921878	0.05500000
23	196	2	-1214.75663310	0.05500000
23	197	2	-1204.34956642	0.05500000
23	198	2	-1205.76957138	0.05500000
23	199	2	-1194.22778837	0.05500000
23	200	2	-1194.78821276	0.05500000
23	201	2	-1184.33442790	0.05500000
23	202	2	-1179.36913383	0.05500000
23	203	2	-1169.05764116	0.05500000
23	204	2	-1152.80934154	0.05500000
23	205	2	-1139.98898881	0.05500000
23	206	2	-1133.84566561	0.05500000
23	207	2	-1109.15078140	0.05500000
23	208	2	-1079.53160994	0.05500000
23	209	2	-1051.05547342	0.05500000
24	0	2	-1253.64994375	0.05500000
24	1	2	-1236.06824193	0.05500000
24	2	2	-1246.11465271	0.05500000
24	3	2	-1250.26724358	0.05500000
24	4	2	-1248.93029755	0.05500000
24	5	2	-1251.64950113	0.05500000
24	6	2	-1250.98662877	0.05500000
24	7	2	-1254.61461694	0.05500000
24	8	2	-1254.51425520	0.05500000
24	9	2	-1256.38334756	0.05500000
24	10	2	-1261.34479923	0.05500000
24	11	2	-1261.61983388	0.05500000
24	12	2	-1259.34161155	0.05500000
24	13	2	-1261.93986078	0.05500000
24	14	2	-1260.38184847	0.05500000
24	15	2	-1262.48586133	0.05500000
24	16	2	-1253.51452422	0.05500000
24	17	2	-1264.48813995	0.05500000
24	18	2	-1261.14784065	0.05500000
24	19	2	-1261.40739748	0.05500000
24	20	2	-1260.50115727	0.05500000
24	21	2	-1261.76945879	0.05500000
24	22	2	-1252.82897243	0.05500000
24	23	2	-1261.67211478	0.05500000
24	24	2	-1257.10089573	0.05500000
24	25	2	-1264.65569593	0.05500000
24	26	2	-1260.36883166	0.05500000
24	27	2	-1262.47302360	0.05500000
24	28	2	-1261.30153084	0.05500000
24	29	2	-1266.26422911	0.05500000
24	30	2	-1258.25906706	0.05500000
24	31	2	-1273.80717618	0.05500000
24	32	2	-1260.45923197	0.05500000
24	33	2	-1267.59918188	0.05500000
24	34	2	-1264.82427832	0.05500000
24	35	2	-1267.92518604	0.05500000
24	36	2	-1264.94869450	0.05500000
24	37	2	-1265.24409048	0.05500000
24	38	2	-1272.66423426	0.05500000
24	39	2	-1271.00607774	0.05500000
24	40	2	-1264.30031978	0.05500000
24	41	2	-1264.89051758	0.05500000
24	42	2	-1262.68685746	0.05500000
24	43	2	-1267.26901399	0.05500000
24	44	2	-1260.23297365	0.05500000
24	45	2	-1263.36010314	0.05500000
24	46	2	-1262.32058110	0.05500000
24	47	2	-1270.22099293	0.05500000
24	48	2	-1260.85605301	0.05500000
24	49	2	-1262.05832370	0.05500000
24	50	2	-1254.60410573	0.05500000
24	51	2	-1254.33677856	0.05500000
24	52	2	-1244.45680442	0.05500000
24	53	2	0.00000000	0.05500000
24	54	2	0.00000000	0.05500000
24	55	2	0.00000000	0.05500000
24	56	2	0.00000000	0.05500000
24	57	2	0.00000000	0.05500000
24	58	2	0.00000000	0.05500000
24	59	2	0.00000000	0.05500000
24	60	2	0.00000000	0.05500000
24	61	2	0.00000000	0.05500000
24	62	2	-1250.67407621	0.05500000
24	63	2	-1248.40368218	0.05500000
24	64	2	-1246.67225042	0.05500000
24	65	2	-1247.18234314	0.05500000
24	66	2	-1246.52898352	0.05500000
24	67	2	-1253.77565127	0.05500000
24	68	2	-1246.64520418	0.05500000
24	69	2	-1248.35199981	0.05500000
24	70	2	-1246.12590448	0.05500000
24	71	2	-1247.40872426	0.05500000
24	72	2	-1243.39541249	0.05500000
24	73	2	-1247.16897564	0.05500000
24	74	2	-1243.68775754	0.05500000
24	75	2	-1245.54180156	0.05500000
24	76	2	-1244.47385686	0.05500000
24	77	2	-1249.63152121	0.05500000
24	78	2	-1246.59174288	0.05500000
24	79	2	-1246.74406587	0.05500000
24	80	2	-1244.65396878	0.05500000
24	81	2	-1247.47339099	0.05500000
24	82	2	-1243.25120115	0.05500000
24	83	2	-1249.01779575	0.05500000
24	84	2	-1244.64161080	0.05500000
24	85	2	-1244.19876291	0.05500000
24	86	2	-1240.41129118	0.05500000
24	87	2	-1247.44620515	0.05500000
24	88	2	-1240.44850706	0.05500000
24	89	2	-1246.17918970	0.05500000
24	90	2	-1241.71384086	0.05500000
24	91	2	-1246.40142890	0.05500000
24	92	2	-1241.09497291	0.05500000
24	93	2	-1244.86203484	0.05500000
24	94	2	-1241.29534505	0.05500000
24	95	2	-1247.61937152	0.05500000
24	96	2	-1242.72834404	0.05500000
24	97	2	-1243.68303736	0.05500000
24	98	2	-1242.46857226	0.05500000
24	99	2	-1248.02618268	0.05500000
24	100	2	-1241.18878933	0.05500000
24	101	2	-1246.43440405	0.05500000
24	102	2	-1240.73551122	0.05500000
24	103	2	-1262.74933321	0.05500000
24	104	2	-1257.29117469	0.05500000
24	105	2	-1261.62011193	0.05500000
24	106	2	-1255.32673482	0.05500000
24	107	2	-1259.78370622	0.05500000
24	108	2	-1255.22471006	0.05500000
24	109	2	-1261.36538198	0.05500000
24	110	2	-1259.61182873	0.05500000
24	111	2	-1259.03351890	0.05500000
24	112	2	-1257.96806046	0.05500000
24	113	2	-1256.67802772	0.05500000
24	114	2	-1259.08682852	0.05500000
24	115	2	-1260.61052991	0.05500000
24	116	2	-1259.03775017	0.05500000
24	117	2	-1261.92250426	0.05500000
24	118	2	-1261.72012483	0.05500000
24	119	2	-1262.05827529	0.05500000
24	120	2	-1258.62514769	0.05500000
24	121	2	-1261.53200672	0.05500000
24	122	2	-1261.65716339	0.05500000
24	123	2	-1262.18842855	0.05500000
24	124	2	-1263.16422209	0.05500000
24	125	2	-1262.44919496	0.05500000
24	126	2	-1263.21633180	0.05500000
24	127	2	-1267.91230620	0.05500000
24	128	2	-1269.55743207	0.05500000
24	129	2	-1267.30172040	0.05500000
24	130	2	-1269.87679547	0.05500000
24	131	2	-1268.15209242	0.05500000
24	132	2	-1271.75217833	0.05500000
24	133	2	-1271.24487331	0.05500000
24	134	2	-1273.06553811	0.05500000
24	135	2	-1271.63278990	0.05500000
24	136	2	-1274.30432314	0.05500000
24	137	2	-1272.81876985	0.05500000
24	138	2	-1272.18547464	0.05500000
24	139	2	-1267.68810934	0.05500000
24	140	2	-1257.65319070	0.05500000
24	141	2	-1253.83537218	0.05500000
24	142	2	-1256.61444976	0.05500000
24	143	2	-1256.17466904	0.05500000
24	144	2	0.00000000	0.05500000
24	145	2	0.00000000	0.05500000
24	146	2	0.00000000	0.05500000
24	147	2	0.00000000	0.05500000
24	148	2	0.00000000	0.05500000
24	149	2	0.00000000	0.05500000
24	150	2	0.00000000	0.05500000
24	151	2	0.00000000	0.05500000
24	152	2	0.00000000	0.05500000
24	153	2	-1252.14651885	0.05500000
24	154	2	-1256.35753059	0.05500000
24	155	2	-1254.38495061	0.05500000
24	156	2	-1256.44923989	0.05500000
24	157	2	-1258.03368536	0.05500000
24	158	2	-1260.27630999	0.05500000
24	159	2	-1265.03793977	0.05500000
24	160	2	-1261.97301927	0.05500000
24	161	2	-1265.04726628	0.05500000
24	162	2	-1267.88589072	0.05500000
24	163	2	-1265.32139000	0.05500000
24	164	2	-1267.96820847	0.05500000
24	165	2	-1271.39713762	0.05500000
24	166	2	-1272.06697809	0.05500000
24	167	2	-1266.98737262	0.05500000
24	168	2	-1268.86612544	0.05500000
24	169	2	-1268.40985965	0.05500000
24	170	2	-1268.93468836	0.05500000
24	171	2	-1267.24961477	0.05500000
24	172	2	-1269.15135193	0.05500000
24	173	2	-1265.27245976	0.05500000
24	174	2	-1267.55304231	0.05500000
24	175	2	-1265.54624928	0.05500000
24	176	2	-1263.82386141	0.05500000
24	177	2	-1262.81998033	0.05500000
24	178	2	-1262.45819513	0.05500000
24	179	2	-1261.00263625	0.05500000
24	180	2	-1260.27459273	0.05500000
24	181	2	-1257.05113051	0.05500000
24	182	2	-1257.82220732	0.05500000
24	183	2	-1253.30393716	0.05500000
24	184	2	-1256.62603843	0.05500000
24	185	2	-1253.21070139	0.05500000
24	186	2	-1254.34314169	0.05500000
24	187	2	-1249.84284317	0.05500000
24	188	2	-1253.34974586	0.05500000
24	189	2	-1252.26893109	0.05500000
24	190	2	-1252.91469169	0.05500000
24	191	2	-1250.76290400	0.05500000
24	192	2	-1254.68973730	0.05500000
24	193	2	-1252.33150466	0.05500000
24	194	2	-1250.12385714	0.05500000
24	195	2	-1252.93245165	0.05500000
24	196	2	-1252.55826192	0.05500000
24	197	2	-1245.05828962	0.05500000
24	198	2	-1249.16069915	0.05500000
24	199	2	-1250.84038413	0.05500000
24	200	2	-1240.09509434	0.05500000
24	201	2	-1236.35892581	0.05500000
24	202	2	-1236.19573595	0.05500000
24	203	2	-1220.06708385	0.05500000
24	204	2	-1201.94959741	0.05500000
24	205	2	-1188.29218057	0.05500000
25	0	2	-1234.18218234	0.05500000
25	1	2	-1203.31494786	0.05500000
25	2	2	-1209.82293403	0.05500000
25	3	2	-1213.67932129	0.05500000
25	4	2	-1222.02848563	0.05500000
25	5	2	-1221.39468254	0.05500000
25	6	2	-1223.05993562	0.05500000
25	7	2	-1223.07168264	0.05500000
25	8	2	-1228.53485492	0.05500000
25	9	2	-1229.08613834	0.05500000
25	10	2	-1225.45945364	0.05500000
25	11	2	-1221.67948430	0.05500000
25	12	2	-1234.06440530	0.05500000
25	13	2	-1230.91805365	0.05500000
25	14	2	-1231.16574437	0.05500000
25	15	2	-1229.98297352	0.05500000
25	16	2	-1227.30010115	0.05500000
25	17	2	-1237.17026986	0.05500000
25	18	2	-1231.93760683	0.05500000
25	19	2	-1219.41725661	0.05500000
25	20	2	-1233.13995115	0.05500000
25	21	2	-1227.42072961	0.05500000
25	22	2	-1230.11349958	0.05500000
25	23	2	-1227.73352911	0.05500000
25	24	2	-1229.86196431	0.05500000
25	25	2	-1240.94346244	0.05500000
25	26	2	-1232.99896426	0.05500000
25	27	2	-1231.81799432	0.05500000
25	28	2	-1233.30783661	0.05500000
25	29	2	-1226.27907784	0.05500000
25	30	2	-1237.60108771	0.05500000
25	31	2	-1220.23800549	0.05500000
25	32	2	-1233.89195913	0.05500000
25	33	2	-1237.67135339	0.05500000
25	34	2	-1234.13414173	0.05500000
25	35	2	-1236.38576960	0.05500000
25	36	2	-1241.59364716	0.05500000
25	37	2	-1239.71014561	0.05500000
25	38	2	-1244.70299222	0.05500000
25	39	2	-1233.42887800	0.05500000
25	40	2	-1242.04842009	0.05500000
25	41	2	-1246.82669669	0.05500000
25	42	2	-1245.46935601	0.05500000
25	43	2	-1238.44535587	0.05500000
25	44	2	-1241.66025896	0.05500000
25	45	2	-1233.40228182	0.05500000
25	46	2	-1236.44889958	0.05500000
25	47	2	-1221.14739457	0.05500000
25	48	2	0.00000000	0.05500000
25	49	2	0.00000000	0.05500000
25	50	2	0.00000000	0.05500000
25	51	2	0.00000000	0.05500000
25	52	2	0.00000000	0.05500000
25	53	2	0.00000000	0.05500000
25	54	2	0.00000000	0.05500000
25	55	2	0.00000000	0.05500000
25	56	2	-1235.19230067	0.05500000
25	57	2	-1227.08687910	0.05500000
25	58	2	-1237.59654737	0.05500000
25	59	2	-1226.58030088	0.05500000
25	60	2	-1229.46728800	0.05500000
25	61	2	-1223.08907157	0.05500000
25	62	2	-1239.38647053	0.05500000
25	63	2	-1236.89404214	0.05500000
25	64	2	-1239.77824759	0.05500000
25	65	2	-1236.43642670	0.05500000
25	66	2	-1240.04193020	0.05500000
25	67	2	-1236.62678977	0.05500000
25	68	2	-1242.80364771	0.05500000
25	69	2	-1237.24854651	0.05500000
25	70	2	-1241.55623159	0.05500000
25	71	2	-1239.51524827	0.05500000
25	72	2	-1239.65049942	0.05500000
25	73	2	-1237.90390326	0.05500000
25	74	2	-1244.65853398	0.05500000
25	75	2	-1239.59266666	0.05500000
25	76	2	-1245.51922076	0.05500000
25	77	2	-1238.32481480	0.05500000
25	78	2	-1243.71247624	0.05500000
25	79	2	-1236.81596210	0.05500000
25	80	2	-1242.85978323	0.05500000
25	81	2	-1239.03387207	0.05500000
25	82	2	-1242.72826644	0.05500000
25	83	2	-1235.93566248	0.05500000
25	84	2	-1242.34096215	0.05500000
25	85	2	-1235.53099969	0.05500000
25	86	2	-1242.36008387	0.05500000
25	87	2	-1237.74186973	0.05500000
25	88	2	-1238.21857686	0.05500000
25	89	2	-1234.91807517	0.05500000
25	90	2	-1238.76344077	0.05500000
25	91	2	-1233.81247192	0.05500000
25	92	2	-1236.72086194	0.05500000
25	93	2	-1235.78514911	0.05500000
25	94	2	-1242.07259992	0.05500000
25	95	2	-1234.60153515	0.05500000
25	96	2	-1240.16805704	0.05500000
25	97	2	-1236.54595854	0.05500000
25	98	2	-1243.05695946	0.05500000
25	99	2	-1236.74024825	0.05500000
25	100	2	-1237.83531116	0.05500000
25	101	2	-1247.13851269	0.05500000
25	102	2	-1247.75806934	0.05500000
25	103	2	-1250.07657506	0.05500000
25	104	2	-1246.95802583	0.05500000
25	105	2	-1248.13497750	0.05500000
25	106	2	-1244.06361188	0.05500000
25	107	2	-1249.00283652	0.05500000
25	108	2	-1246.74907175	0.05500000
25	109	2	-1244.99553489	0.05500000
25	110	2	-1242.65827345	0.05500000
25	111	2	-1251.08271674	0.05500000
25	112	2	-1244.80432509	0.05500000
25	113	2	-1247.55860065	0.05500000
25	114	2	-1246.38555461	0.05500000
25	115	2	-1247.65256704	0.05500000
25	116	2	-1248.15626993	0.05500000
25	117	2	-1247.92427143	0.05500000
25	118	2	-1244.92195947	0.05500000
25	119	2	-1250.58396670	0.05500000
25	120	2	-1248.65968509	0.05500000
25	121	2	-1250.26764301	0.05500000
25	122	2	-1246.14095354	0.05500000
25	123	2	-1251.12774210	0.05500000
25	124	2	-1249.43085680	0.05500000
25	125	2	-1254.26625002	0.05500000
25	126	2	-1254.33566165	0.05500000
25	127	2	-1252.80009909	0.05500000
25	128	2	-1252.79456523	0.05500000
25	129	2	-1255.99531359	0.05500000
25	130	2	-1251.93430698	0.05500000
25	131	2	-1255.90611355	0.05500000
25	132	2	-1256.45095620	0.05500000
25	133	2	-1258.72616466	0.05500000
25	134	2	-1257.47495004	0.05500000
25	135	2	-1259.11586985	0.05500000
25	136	2	-1258.40505817	0.05500000
25	137	2	-1258.30436599	0.05500000
25	138	2	-1261.29354095	0.05500000
25	139	2	-1257.36291811	0.05500000
25	140	2	-1255.12788722	0.05500000
25	141	2	-1255.51221190	0.05500000
25	142	2	-1257.08573177	0.05500000
25	143	2	-1255.66168609	0.05500000
25	144	2	-1257.16315159	0.05500000
25	145	2	-1251.67890278	0.05500000
25	146	2	0.00000000	0.05500000
25	147	2	0.00000000	0.05500000
25	148	2	0.00000000	0.05500000
25	149	2	0.00000000	0.05500000
25	150	2	0.00000000	0.05500000
25	151	2	0.00000000	0.05500000
25	152	2	0.00000000	0.05500000
25	153	2	0.00000000	0.05500000
25	154	2	-1250.91020959	0.05500000
25	155	2	-1256.28539897	0.05500000
25	156	2	-1254.14091169	0.05500000
25	157	2	-1257.11606259	0.05500000
25	158	2	-1256.71682729	0.05500000
25	159	2	-1257.47174481	0.05500000
25	160	2	-1260.74539905	0.05500000
25	161	2	-1260.45908818	0.05500000
25	162	2	-1259.35190652	0.05500000
25	163	2	-1262.88686456	0.05500000
25	164	2	-1263.14845041	0.05500000
25	165	2	-1261.58340609	0.05500000
25	166	2	-1265.79451607	0.05500000
25	167	2	-1261.72644007	0.05500000
25	168	2	-1260.86320637	0.05500000
25	169	2	-1256.24992639	0.05500000
25	170	2	-1259.17739764	0.05500000
25	171	2	-1259.73481831	0.05500000
25	172	2	-1259.66217199	0.05500000
25	173	2	-1257.97661274	0.05500000
25	174	2	-1260.11008692	0.05500000
25	175	2	-1256.14298523	0.05500000
25	176	2	-1259.71640467	0.05500000
25	177	2	-1256.75459713	0.05500000
25	178	2	-1260.67657165	0.05500000
25	179	2	-1256.05748858	0.05500000
25	180	2	-1257.78954778	0.05500000
25	181	2	-1254.70310847	0.05500000
25	182	2	-1260.33263941	0.05500000
25	183	2	-1259.15847550	0.05500000
25	184	2	-1257.92842310	0.05500000
25	185	2	-1265.73575656	0.05500000
25	186	2	-1259.03695034	0.05500000
25	187	2	-1261.11002661	0.05500000
25	188	2	-1261.01522515	0.05500000
25	189	2	-1263.89684724	0.05500000
25	190	2	-1267.34616988	0.05500000
25	191	2	-1266.91854123	0.05500000
25	192	2	-1267.60363965	0.05500000
25	193	2	-1271.82885400	0.05500000
25	194	2	-1274.15246109	0.05500000
25	195	2	-1269.39198065	0.05500000
25	196	2	-1272.24677963	0.05500000
25	197	2	-1273.16288541	0.05500000
25	198	2	-1272.71224210	0.05500000
25	199	2	-1267.40883042	0.05500000
25	200	2	-1262.47745537	0.05500000
25	201	2	-1259.44666619	0.05500000
26	0	2	-1144.08327377	0.05500000
26	1	2	-1166.77952127	0.05500000
26	2	2	-1165.44771228	0.05500000
26	3	2	-1161.94737522	0.05500000
26	4	2	-1160.87493216	0.05500000
26	5	2	-1165.12892367	0.05500000
26	6	2	-1148.94141393	0.05500000
26	7	2	-1167.11450896	0.05500000
26	8	2	-1168.64767266	0.05500000
26	9	2	-1168.30308302	0.05500000
26	10	2	-1169.33624599	0.05500000
26	11	2	-1169.57130736	0.05500000
26	12	2	-1160.29407701	0.05500000
26	13	2	-1185.29439435	0.05500000
26	14	2	-1154.58129297	0.05500000
26	15	2	-1172.65657834	0.05500000
26	16	2	-1170.73677924	0.05500000
26	17	2	-1173.07763502	0.05500000
26	18	2	-1173.63180600	0.05500000
26	19	2	-1169.29978354	0.05500000
26	20	2	-1170.90043304	0.05500000
26	21	2	-1167.65036196	0.05500000
26	22	2	-1171.19119453	0.05500000
26	23	2	-1179.15793221	0.05500000
26	24	2	-1167.82068103	0.05500000
26	25	2	-1183.81291118	0.05500000
26	26	2	-1169.32628653	0.05500000
26	27	2	-1167.94907496	0.05500000
26	28	2	-1163.15254174	0.05500000
26	29	2	-1177.92176279	0.05500000
26	30	2	-1188.81220744	0.05500000
26	31	2	-1188.74955042	0.05500000
26	32	2	-1184.46790148	0.05500000
26	33	2	-1192.81832623	0.05500000
26	34	2	-1194.80633130	0.05500000
26	35	2	-1184.68511897	0.05500000
26	36	2	-1203.06007358	0.05500000
26	37	2	-1193.43093691	0.05500000
26	38	2	-1199.19114817	0.05500000
26	39	2	-1202.55064772	0.05500000
26	40	2	-1196.42830942	0.05500000
26	41	2	-1195.57181987	0.05500000
26	42	2	-1179.42684981	0.05500000
26	43	2	0.00000000	0.05500000
26	44	2	0.00000000	0.05500000
26	45	2	0.00000000	0.05500000
26	46	2	0.00000000	0.05500000
26	47	2	0.00000000	0.05500000
26	48	2	0.00000000	0.05500000
26	49	2	0.00000000	0.05500000
26	50	2	0.00000000	0.05500000
26	51	2	-1203.97076048	0.05500000
26	52	2	-1210.14027620	0.05500000
26	53	2	-1214.04703580	0.05500000
26	54	2	-1213.35467424	0.05500000
26	55	2	-1215.25616175	0.05500000
26	56	2	-1210.86090693	0.05500000
26	57	2	-1215.71354216	0.05500000
26	58	2	-1215.37956048	0.05500000
26	59	2	-1214.29848484	0.05500000
26	60	2	-1213.95767298	0.05500000
26	61	2	-1217.09035148	0.05500000
26	62	2	-1212.01246633	0.05500000
26	63	2	-1219.08425924	0.05500000
26	64	2	-1211.86291826	0.05500000
26	65	2	-1216.78321792	0.05500000
26	66	2	-1210.88647826	0.05500000
26	67	2	-1214.34223318	0.05500000
26	68	2	-1210.69768786	0.05500000
26	69	2	-1212.78962961	0.05500000
26	70	2	-1211.37088657	0.05500000
26	71	2	-1212.55677914	0.05500000
26	72	2	-1210.87800102	0.05500000
26	73	2	-1214.86347730	0.05500000
26	74	2	-1217.23119314	0.05500000
26	75	2	-1219.92857061	0.05500000
26	76	2	-1213.99292562	0.05500000
26	77	2	-1216.63015556	0.05500000
26	78	2	-1217.06714022	0.05500000
26	79	2	-1201.93868006	0.05500000
26	80	2	-1210.71863328	0.05500000
26	81	2	-1215.16113594	0.05500000
26	82	2	-1214.14004477	0.05500000
26	83	2	-1210.58132007	0.05500000
26	84	2	-1211.80437372	0.05500000
26	85	2	-1210.96624988	0.05500000
26	86	2	-1212.61193309	0.05500000
26	87	2	-1214.17368612	0.05500000
26	88	2	-1213.45232891	0.05500000
26	89	2	-1212.21496985	0.05500000
26	90	2	-1215.94470883	0.05500000
26	91	2	-1214.92050117	0.05500000
26	92	2	-1218.18037023	0.05500000
26	93	2	-1211.59584851	0.05500000
26	94	2	-1215.66551166	0.05500000
26	95	2	-1214.31149181	0.05500000
26	96	2	-1217.57240461	0.05500000
26	97	2	-1211.59556739	0.05500000
26	98	2	-1217.33301559	0.05500000
26	99	2	-1212.13944016	0.05500000
26	100	2	-1227.95462045	0.05500000
26	101	2	-1224.55143639	0.05500000
26	102	2	-1224.92914716	0.05500000
26	103	2	-1222.87072323	0.05500000
26	104	2	-1220.58201233	0.05500000
26	105	2	-1219.94588964	0.05500000
26	106	2	-1222.04392557	0.05500000
26	107	2	-1219.32510065	0.05500000
26	108	2	-1222.50959638	0.05500000
26	109	2	-1216.99626470	0.05500000
26	110	2	-1221.49912234	0.05500000
26	111	2	-1222.78325720	0.05500000
26	112	2	-1222.81093482	0.05500000
26	113	2	-1220.47916409	0.05500000
26	114	2	-1222.07477456	0.05500000
26	115	2	-1219.45203143	0.05500000
26	116	2	-1218.29648140	0.05500000
26	117	2	-1216.71939405	0.05500000
26	118	2	-1217.00031349	0.05500000
26	119	2	-1216.59441486	0.05500000
26	120	2	-1218.51687514	0.05500000
26	121	2	-1215.00756474	0.05500000
26	122	2	-1214.61983347	0.05500000
26	123	2	-1214.17495383	0.05500000
26	124	2	-1217.72449590	0.05500000
26	125	2	-1215.66511756	0.05500000
26	126	2	-1214.04390371	0.05500000
26	127	2	-1209.02909911	0.05500000
26	128	2	-1209.22595062	0.05500000
26	129	2	-1209.71846015	0.05500000
26	130	2	-1211.95941404	0.05500000
26	131	2	-1213.75520448	0.05500000
26	132	2	-1215.75707535	0.05500000
26	133	2	-1212.63542353	0.05500000
26	134	2	-1216.66348125	0.05500000
26	135	2	-1220.14883660	0.05500000
26	136	2	-1218.54991578	0.05500000
26	137	2	-1221.10213778	0.05500000
26	138	2	-1219.61822910	0.05500000
26	139	2	-1221.03767802	0.05500000
26	140	2	-1223.52033065	0.05500000
26	141	2	-1225.74935037	0.05500000
26	142	2	-1221.73465660	0.05500000
26	143	2	-1223.64064336	0.05500000
26	144	2	-1221.91029236	0.05500000
26	145	2	-1221.06679934	0.05500000
26	146	2	-1216.27070348	0.05500000
26	147	2	-1214.53841988	0.05500000
26	148	2	-1208.46543824	0.05500000
26	149	2	0.00000000	0.05500000
26	150	2	0.00000000	0.05500000
26	151	2	0.00000000	0.05500000
26	152	2	0.00000000	0.05500000
26	153	2	0.00000000	0.05500000
26	154	2	0.00000000	0.05500000
26	155	2	0.00000000	0.05500000
26	156	2	0.00000000	0.05500000
26	157	2	-1198.16639817	0.05500000
26	158	2	-1202.23939364	0.05500000
26	159	2	-1202.52903548	0.05500000
26	160	2	-1200.33549970	0.05500000
26	161	2	-1203.78523264	0.05500000
26	162	2	-1206.02298274	0.05500000
26	163	2	-1204.05809691	0.05500000
26	164	2	-1202.29085983	0.05500000
26	165	2	-1202.06602304	0.05500000
26	166	2	-1205.62560366	0.05500000
26	167	2	-1202.20650218	0.05500000
26	168	2	-1203.10739732	0.05500000
26	169	2	-1201.36623564	0.05500000
26	170	2	-1201.89750161	0.05500000
26	171	2	-1202.18205775	0.05500000
26	172	2	-1195.42139048	0.05500000
26	173	2	-1200.04814120	0.05500000
26	174	2	-1196.46737674	0.05500000
26	175	2	-1198.65225567	0.05500000
26	176	2	-1196.51447914	0.05500000
26	177	2	-1199.44271904	0.05500000
26	178	2	-1201.65956803	0.05500000
26	179	2	-1205.70170115	0.05500000
26	180	2	-1203.51353490	0.05500000
26	181	2	-1202.80458763	0.05500000
26	182	2	-1203.16643556	0.05500000
26	183	2	-1209.77115207	0.05500000
26	184	2	-1211.01120755	0.05500000
26	185	2	-1211.74809751	0.05500000
26	186	2	-1213.66377243	0.05500000
26	187	2	-1216.64757759	0.05500000
26	188	2	-1220.24741591	0.05500000
26	189	2	-1223.51635250	0.05500000
26	190	2	-1224.07064141	0.05500000
26	191	2	-1232.37704417	0.05500000
26	192	2	-1232.91828503	0.05500000
26	193	2	-1236.15612157	0.05500000
26	194	2	-1235.51618413	0.05500000
26	195	2	-1239.69178629	0.05500000
26	196	2	-1239.93079352	0.05500000
26	197	2	-1238.27170444	0.05500000
26	198	2	-1236.20790589	0.05500000
26	199	2	-1226.79932573	0.05500000
27	0	2	-1039.99608414	0.05500000
27	1	2	-1087.88561924	0.05500000
27	2	2	-1054.06619718	0.05500000
27	3	2	-1063.25360258	0.05500000
27	4	2	-1068.87510807	0.05500000
27	5	2	-1089.23384321	0.05500000
27	6	2	-1054.31046485	0.05500000
27	7	2	-1174.68001960	0.05500000
27	8	2	-1044.92393289	0.05500000
27	9	2	-1082.56913131	0.05500000
27	10	2	-1081.64581262	0.05500000
27	11	2	-1081.05185844	0.05500000
27	12	2	-1095.84822948	0.05500000
27	13	2	-1083.50500096	0.05500000
27	14	2	-1074.02497432	0.05500000
27	15	2	-1107.86176185	0.05500000
27	16	2	-1080.18784019	0.05500000
27	17	2	-1092.54371790	0.05500000
27	18	2	-1101.37705159	0.05500000
27	19	2	-1108.41051611	0.05500000
27	20	2	-1090.69705417	0.05500000
27	21	2	-1098.41334262	0.05500000
27	22	2	-1123.61508053	0.05500000
27	23	2	-1089.99163670	0.05500000
27	24	2	-1096.16136539	0.05500000
27	25	2	-1114.18856664	0.05500000
27	26	2	-1134.39674703	0.05500000
27	27	2	-1111.31938281	0.05500000
27	28	2	-1127.30247402	0.05500000
27	29	2	-1115.28508275	0.05500000
27	30	2	-1165.44265679	0.05500000
27	31	2	-1117.69873106	0.05500000
27	32	2	-1139.53944443	0.05500000
27	33	2	-1151.34371699	0.05500000
27	34	2	-1141.24150194	0.05500000
27	35	2	-1147.83898214	0.05500000
27	36	2	-1120.17828992	0.05500000
27	37	2	0.00000000	0.05500000
27	38	2	0.00000000	0.05500000
27	39	2	0.00000000	0.05500000
27	40	2	0.00000000	0.05500000
27	41	2	0.00000000	0.05500000
27	42	2	0.00000000	0.05500000
27	43	2	0.00000000	0.05500000
27	44	2	0.00000000	0.05500000
27	45	2	0.00000000	0.05500000
27	46	2	-1175.84877481	0.05500000
27	47	2	-1186.61896155	0.05500000
27	48	2	-1190.58527065	0.05500000
27	49	2	-1192.64194480	0.05500000
27	50	2	-1187.40028024	0.05500000
27	51	2	-1193.23698730	0.05500000
27	52	2	-1194.68478411	0.05500000
27	53	2	-1196.20628776	0.05500000
27	54	2	-1199.99992865	0.05500000
27	55	2	-1201.77745589	0.05500000
27	56	2	-1201.34691540	0.05500000
27	57	2	-1203.14428601	0.05500000
27	58	2	-1202.75247494	0.05500000
27	59	2	-1204.68781969	0.05500000
27	60	2	-1204.05578368	0.05500000
27	61	2	-1208.14482851	0.05500000
27	62	2	-1209.07470272	0.05500000
27	63	2	-1208.15918032	0.05500000
27	64	2	-1206.02881241	0.05500000
27	65	2	-1205.16283480	0.05500000
27	66	2	-1206.31018763	0.05500000
27	67	2	-1208.72950498	0.05500000
27	68	2	-1208.16204862	0.05500000
27	69	2	-1207.82872823	0.05500000
27	70	2	-1204.53441938	0.05500000
27	71	2	-1208.17365961	0.05500000
27	72	2	-1205.72879010	0.05500000
27	73	2	-1207.45777198	0.05500000
27	74	2	-1201.59349069	0.05500000
27	75	2	-1207.71006281	0.05500000
27	76	2	-1203.42210777	0.05500000
27	77	2	-1203.20083587	0.05500000
27	78	2	-1199.78015926	0.05500000
27	79	2	-1204.90372208	0.05500000
27	80	2	-1199.36580027	0.05500000
27	81	2	-1204.23675688	0.05500000
27	82	2	-1199.97538884	0.05500000
27	83	2	-1204.69235368	0.05500000
27	84	2	-1196.45383744	0.05500000
27	85	2	-1201.64035546	0.05500000
27	86	2	-1199.69140987	0.05500000
27	87	2	-1204.15828236	0.05500000
27	88	2	-1203.53201001	0.05500000
27	89	2	-1203.83876368	0.05500000
27	90	2	-1203.00598503	0.05500000
27	91	2	-1209.27517811	0.05500000
27	92	2	-1203.35788942	0.05500000
27	93	2	-1209.29601683	0.05500000
27	94	2	-1204.99777230	0.05500000
27	95	2	-1211.00866275	0.05500000
27	96	2	-1202.68023713	0.05500000
27	97	2	-1208.67609336	0.05500000
27	98	2	-1221.02064372	0.05500000
27	99	2	-1208.37099724	0.05500000
27	100	2	-1218.62077447	0.05500000
27	101	2	-1207.98044047	0.05500000
27	102	2	-1216.62556326	0.05500000
27	103	2	-1206.12361525	0.05500000
27	104	2	-1218.98141566	0.05500000
27	105	2	-1207.34489664	0.05500000
27	106	2	-1214.96313276	0.05500000
27	107	2	-1204.84245308	0.05500000
27	108	2	-1215.43297533	0.05500000
27	109	2	-1208.21078018	0.05500000
27	110	2	-1217.38155981	0.05500000
27	111	2	-1210.76383226	0.05500000
27	112	2	-1216.09960432	0.05500000
27	113	2	-1208.85497575	0.05500000
27	114	2	-1215.09903283	0.05500000
27	115	2	-1207.72191453	0.05500000
27	116	2	-1213.49773015	0.05500000
27	117	2	-1214.09278222	0.05500000
27	118	2	-1210.63521105	0.05500000
27	119	2	-1210.57597184	0.05500000
27	120	2	-1214.62725896	0.05500000
27	121	2	-1209.67253001	0.05500000
27	122	2	-1214.86474987	0.05500000
27	123	2	-1211.49690094	0.05500000
27	124	2	-1213.81175825	0.05500000
27	125	2	-1211.96431479	0.05500000
27	126	2	-1211.03134514	0.05500000
27	127	2	-1206.55978246	0.05500000
27	128	2	-1207.31324691	0.05500000
27	129	2	-1203.90076597	0.05500000
27	130	2	-1205.63570093	0.05500000
27	131	2	-1203.00145746	0.05500000
27	132	2	-1206.44651544	0.05500000
27	133	2	-1204.29820915	0.05500000
27	134	2	-1209.80497864	0.05500000
27	135	2	-1200.86798775	0.05500000
27	136	2	-1207.63181878	0.05500000
27	137	2	-1206.30166177	0.05500000
27	138	2	-1209.75840918	0.05500000
27	139	2	-1205.38425643	0.05500000
27	140	2	-1209.01637913	0.05500000
27	141	2	-1206.55313688	0.05500000
27	142	2	-1208.73577035	0.05500000
27	143	2	-1202.70621442	0.05500000
27	144	2	-1205.23369038	0.05500000
27	145	2	-1200.74281267	0.05500000
27	146	2	-1202.28945519	0.05500000
27	147	2	-1197.20720424	0.05500000
27	148	2	-1196.09267501	0.05500000
27	149	2	-1184.06412412	0.05500000
27	150	2	0.00000000	0.05500000
27	151	2	0.00000000	0.05500000
27	152	2	0.00000000	0.05500000
27	153	2	0.00000000	0.05500000
27	154	2	0.00000000	0.05500000
27	155	2	0.00000000	0.05500000
27	156	2	0.00000000	0.05500000
27	157	2	0.00000000	0.05500000
27	158	2	0.00000000	0.05500000
27	159	2	-1150.26632487	0.05500000
27	160	2	-1172.03219359	0.05500000
27	161	2	-1154.14105571	0.05500000
27	162	2	-1160.78044237	0.05500000
27	163	2	-1158.89656029	0.05500000
27	164	2	-1158.52578999	0.05500000
27	165	2	-1151.01095623	0.05500000
27	166	2	-1155.82860984	0.05500000
27	167	2	-1148.62938648	0.05500000
27	168	2	-1153.86004417	0.05500000
27	169	2	-1149.79169730	0.05500000
27	170	2	-1148.66010585	0.05500000
27	171	2	-1140.03280935	0.05500000
27	172	2	-1146.05993386	0.05500000
27	173	2	-1145.22438295	0.05500000
27	174	2	-1149.67751944	0.05500000
27	175	2	-1150.43734435	0.05500000
27	176	2	-1154.99766839	0.05500000
27	177	2	-1161.60404408	0.05500000
27	178	2	-1164.88981303	0.05500000
27	179	2	-1171.11518787	0.05500000
27	180	2	-1175.93948246	0.05500000
27	181	2	-1178.03302420	0.05500000
27	182	2	-1183.19321137	0.05500000
27	183	2	-1191.18378571	0.05500000
27	184	2	-1198.64636635	0.05500000
27	185	2	-1200.16751045	0.05500000
27	186	2	-1204.57317700	0.05500000
27	187	2	-1210.87052466	0.05500000
27	188	2	-1219.51407591	0.05500000
27	189	2	-1217.46060664	0.05500000
27	190	2	-1224.18216131	0.05500000
27	191	2	-1231.84535499	0.05500000
27	192	2	-1234.83697692	0.05500000
27	193	2	-1236.86033776	0.05500000
27	194	2	-1234.87290165	0.05500000
27	195	2	-1228.65206256	0.05500000
28	0	2	-1219.88762102	0.05500000
28	1	2	-1219.88762102	0.05500000
28	2	2	-1219.88762102	0.05500000
28	3	2	-1219.88762102	0.05500000
28	4	2	-1219.88762102	0.05500000
28	5	2	-1219.88762102	0.05500000
28	6	2	-1219.88762102	0.05500000
28	7	2	-1219.88762102	0.05500000
28	8	2	-1219.88762102	0.05500000
28	9	2	-1219.88762102	0.05500000
28	10	2	-1219.88762102	0.05500000
28	11	2	-1219.88762102	0.05500000
28	12	2	-1219.88762102	0.05500000
28	13	2	-1219.88762102	0.05500000
28	14	2	-1219.88762102	0.05500000
28	15	2	-1053.19753517	0.05500000
28	16	2	-1219.88762102	0.05500000
28	17	2	-1219.88762102	0.05500000
28	18	2	-1219.88762102	0.05500000
28	19	2	-1118.14812530	0.05500000
28	20	2	-1219.88762102	0.05500000
28	21	2	-1219.88762102	0.05500000
28	22	2	-1156.25078379	0.05500000
28	23	2	-1139.86526789	0.05500000
28	24	2	0.00000000	0.05500000
28	25	2	0.00000000	0.05500000
28	26	2	0.00000000	0.05500000
28	27	2	0.00000000	0.05500000
28	28	2	0.00000000	0.05500000
28	29	2	0.00000000	0.05500000
28	30	2	0.00000000	0.05500000
28	31	2	0.00000000	0.05500000
28	32	2	0.00000000	0.05500000
28	33	2	-1149.65690186	0.05500000
28	34	2	-1178.77197625	0.05500000
28	35	2	-1169.71454861	0.05500000
28	36	2	-1185.10755680	0.05500000
28	37	2	-1191.62583466	0.05500000
28	38	2	-1194.90725630	0.05500000
28	39	2	-1200.69182668	0.05500000
28	40	2	-1202.65680735	0.05500000
28	41	2	-1210.73965486	0.05500000
28	42	2	-1216.55862819	0.05500000
28	43	2	-1219.36003581	0.05500000
28	44	2	-1225.32126972	0.05500000
28	45	2	-1226.48924708	0.05500000
28	46	2	-1230.08594660	0.05500000
28	47	2	-1233.68358380	0.05500000
28	48	2	-1236.64625325	0.05500000
28	49	2	-1238.78143680	0.05500000
28	50	2	-1238.27238650	0.05500000
28	51	2	-1241.17280774	0.05500000
28	52	2	-1240.22240198	0.05500000
28	53	2	-1242.25072579	0.05500000
28	54	2	-1236.86666336	0.05500000
28	55	2	-1240.31076897	0.05500000
28	56	2	-1239.32807379	0.05500000
28	57	2	-1242.44457128	0.05500000
28	58	2	-1242.71195761	0.05500000
28	59	2	-1240.91366552	0.05500000
28	60	2	-1239.09660548	0.05500000
28	61	2	-1240.36312401	0.05500000
28	62	2	-1236.91948767	0.05500000
28	63	2	-1236.21504369	0.05500000
28	64	2	-1235.65933668	0.05500000
28	65	2	-1239.97010930	0.05500000
28	66	2	-1236.54696218	0.05500000
28	67	2	-1236.22594491	0.05500000
28	68	2	-1233.37983528	0.05500000
28	69	2	-1235.52026152	0.05500000
28	70	2	-1233.36794012	0.05500000
28	71	2	-1233.72357349	0.05500000
28	72	2	-1230.59832135	0.05500000
28	73	2	-1236.71388389	0.05500000
28	74	2	-1229.82032343	0.05500000
28	75	2	-1238.95030577	0.05500000
28	76	2	-1230.20769283	0.05500000
28	77	2	-1238.32902590	0.05500000
28	78	2	-1228.60479265	0.05500000
28	79	2	-1240.73763463	0.05500000
28	80	2	-1230.52947462	0.05500000
28	81	2	-1239.09669813	0.05500000
28	82	2	-1228.23507530	0.05500000
28	83	2	-1238.99925767	0.05500000
28	84	2	-1224.76625413	0.05500000
28	85	2	-1241.67358588	0.05500000
28	86	2	-1227.98321115	0.05500000
28	87	2	-1242.90290038	0.05500000
28	88	2	-1225.36609985	0.05500000
28	89	2	-1240.97548416	0.05500000
28	90	2	-1251.34245191	0.05500000
28	91	2	-1238.70676130	0.05500000
28	92	2	-1249.15289712	0.05500000
28	93	2	-1239.92603471	0.05500000
28	94	2	-1247.03194241	0.05500000
28	95	2	-1238.00775222	0.05500000
28	96	2	-1249.45909369	0.05500000
28	97	2	-1236.89551319	0.05500000
28	98	2	-1245.69619325	0.05500000
28	99	2	-1236.49435307	0.05500000
28	100	2	-1250.36103934	0.05500000
28	101	2	-1239.96554873	0.05500000
28	102	2	-1249.68070382	0.05500000
28	103	2	-1243.91968990	0.05500000
28	104	2	-1251.00689285	0.05500000
28	105	2	-1241.81026656	0.05500000
28	106	2	-1249.33306940	0.05500000
28	107	2	-1240.62770237	0.05500000
28	108	2	-1248.78881849	0.05500000
28	109	2	-1239.28593407	0.05500000
28	110	2	-1248.94766041	0.05500000
28	111	2	-1240.91010970	0.05500000
28	112	2	-1252.04161423	0.05500000
28	113	2	-1240.57675100	0.05500000
28	114	2	-1252.15314373	0.05500000
28	115	2	-1243.60514905	0.05500000
28	116	2	-1251.63154816	0.05500000
28	117	2	-1244.98426334	0.05500000
28	118	2	-1250.80695944	0.05500000
28	119	2	-1241.90494223	0.05500000
28	120	2	-1249.84582577	0.05500000
28	121	2	-1241.01972035	0.05500000
28	122	2	-1243.04509883	0.05500000
28	123	2	-1237.52480514	0.05500000
28	124	2	-1241.17198844	0.05500000
28	125	2	-1235.08388792	0.05500000
28	126	2	-1240.98166865	0.05500000
28	127	2	-1231.87351158	0.05500000
28	128	2	-1239.75959903	0.05500000
28	129	2	-1227.74878202	0.05500000
28	130	2	-1230.92267858	0.05500000
28	131	2	-1224.86210371	0.05500000
28	132	2	-1231.17714148	0.05500000
28	133	2	-1220.19533006	0.05500000
28	134	2	-1224.49876185	0.05500000
28	135	2	-1218.26157405	0.05500000
28	136	2	-1217.97460562	0.05500000
28	137	2	-1209.90217396	0.05500000
28	138	2	-1213.63020247	0.05500000
28	139	2	-1198.19247961	0.05500000
28	140	2	-1205.18536485	0.05500000
28	141	2	-1185.08950856	0.05500000
28	142	2	-1195.22842918	0.05500000
28	143	2	-1188.64505249	0.05500000
28	144	2	-1184.25648317	0.05500000
28	145	2	0.00000000	0.05500000
28	146	2	0.00000000	0.05500000
28	147	2	0.00000000	0.05500000
28	148	2	0.00000000	0.05500000
28	149	2	0.00000000	0.05500000
28	150	2	0.00000000	0.05500000
28	151	2	0.00000000	0.05500000
28	152	2	0.00000000	0.05500000
28	153	2	0.00000000	0.05500000
28	154	2	-1098.36158744	0.05500000
28	155	2	-1103.77158318	0.05500000
28	156	2	-1085.54296300	0.05500000
28	157	2	-1115.98422586	0.05500000
28	158	2	-1100.61309666	0.05500000
28	159	2	-1201.75190676	0.05500000
28	160	2	-1128.71081756	0.05500000
28	161	2	-1047.03933052	0.05500000
28	162	2	-1156.99506705	0.05500000
28	163	2	-1066.54837719	0.05500000
28	164	2	-1069.24274188	0.05500000
28	165	2	-1157.37222167	0.05500000
28	166	2	-1152.68163614	0.05500000
28	167	2	-1078.85948605	0.05500000
28	168	2	-1108.05923841	0.05500000
28	169	2	-1115.85332854	0.05500000
28	170	2	-1128.32976493	0.05500000
28	171	2	-1123.48410093	0.05500000
28	172	2	-1149.29193514	0.05500000
28	173	2	-1139.41223657	0.05500000
28	174	2	-1162.50322054	0.05500000
28	175	2	-1159.87795576	0.05500000
28	176	2	-1184.91252901	0.05500000
28	177	2	-1172.84612889	0.05500000
29	0	2	0.00000000	0.05500000
29	1	2	0.00000000	0.05500000
29	2	2	0.00000000	0.05500000
29	3	2	0.00000000	0.05500000
29	4	2	0.00000000	0.05500000
29	5	2	-1221.08507328	0.05500000
29	6	2	-1221.08507328	0.05500000
29	7	2	-1128.54799454	0.05500000
29	8	2	-1221.08507328	0.05500000
29	9	2	-1090.71352592	0.05500000
29	10	2	-1070.68048663	0.05500000
29	11	2	-1109.83889006	0.05500000
29	12	2	-1146.18106047	0.05500000
29	13	2	-1136.52281850	0.05500000
29	14	2	-1159.07771610	0.05500000
29	15	2	-1174.59248750	0.05500000
29	16	2	-1188.31375586	0.05500000
29	17	2	-1184.68529699	0.05500000
29	18	2	-1202.12423862	0.05500000
29	19	2	-1209.64667249	0.05500000
29	20	2	-1213.92852994	0.05500000
29	21	2	-1218.02239750	0.05500000
29	22	2	-1222.94533802	0.05500000
29	23	2	-1228.47803327	0.05500000
29	24	2	-1228.46569240	0.05500000
29	25	2	-1234.35485781	0.05500000
29	26	2	-1238.61574750	0.05500000
29	27	2	-1236.53609958	0.05500000
29	28	2	-1240.10077392	0.05500000
29	29	2	-1239.24501123	0.05500000
29	30	2	-1239.34201674	0.05500000
29	31	2	-1242.94991496	0.05500000
29	32	2	-1239.54134557	0.05500000
29	33	2	-1243.23110087	0.05500000
29	34	2	-1244.31280701	0.05500000
29	35	2	-1243.27824741	0.05500000
29	36	2	-1240.77104236	0.05500000
29	37	2	-1242.07521644	0.05500000
29	38	2	-1240.92601658	0.05500000
29	39	2	-1243.19741494	0.05500000
29	40	2	-1241.72955022	0.05500000
29	41	2	-1243.95350518	0.05500000
29	42	2	-1241.66864046	0.05500000
29	43	2	-1243.36540296	0.05500000
29	44	2	-1240.85322945	0.05500000
29	45	2	-1242.66969377	0.05500000
29	46	2	-1240.39752214	0.05500000
29	47	2	-1246.56923624	0.05500000
29	48	2	-1241.38114012	0.05500000
29	49	2	-1242.33867608	0.05500000
29	50	2	-1246.28260057	0.05500000
29	51	2	-1245.81813358	0.05500000
29	52	2	-1242.02488380	0.05500000
29	53	2	-1245.11874075	0.05500000
29	54	2	-1242.89421469	0.05500000
29	55	2	-1244.53286533	0.05500000
29	56	2	-1241.57146787	0.05500000
29	57	2	-1246.82607435	0.05500000
29	58	2	-1245.38045531	0.05500000
29	59	2	-1244.15188801	0.05500000
29	60	2	-1242.30593597	0.05500000
29	61	2	-1244.54296969	0.05500000
29	62	2	-1240.45597710	0.05500000
29	63	2	-1244.08704047	0.05500000
29	64	2	-1239.68678493	0.05500000
29	65	2	-1248.74415582	0.05500000
29	66	2	-1236.77667993	0.05500000
29	67	2	-1246.86097595	0.05500000
29	68	2	-1236.05389674	0.05500000
29	69	2	-1243.90496049	0.05500000
29	70	2	-1232.72497784	0.05500000
29	71	2	-1245.88778983	0.05500000
29	72	2	-1234.92755723	0.05500000
29	73	2	-1242.47940052	0.05500000
29	74	2	-1231.54577358	0.05500000
29	75	2	-1240.55363814	0.05500000
29	76	2	-1234.69940862	0.05500000
29	77	2	-1243.84406230	0.05500000
29	78	2	-1236.07269281	0.05500000
29	79	2	-1244.36894732	0.05500000
29	80	2	-1238.15705615	0.05500000
29	81	2	-1240.51591751	0.05500000
29	82	2	-1237.95868858	0.05500000
29	83	2	-1240.19127571	0.05500000
29	84	2	-1238.56861610	0.05500000
29	85	2	-1241.70661990	0.05500000
29	86	2	-1242.82186928	0.05500000
29	87	2	-1241.13344005	0.05500000
29	88	2	-1241.50405678	0.05500000
29	89	2	-1243.13460976	0.05500000
29	90	2	-1238.84221030	0.05500000
29	91	2	-1241.13542947	0.05500000
29	92	2	-1246.01626174	0.05500000
29	93	2	-1238.21548163	0.05500000
29	94	2	-1243.30308013	0.05500000
29	95	2	-1243.84351621	0.05500000
29	96	2	-1240.77762017	0.05500000
29	97	2	-1243.02524495	0.05500000
29	98	2	-1238.29871878	0.05500000
29	99	2	-1239.61866582	0.05500000
29	100	2	-1237.51681984	0.05500000
29	101	2	-1236.10070480	0.05500000
29	102	2	-1234.52008014	0.05500000
29	103	2	-1234.76614202	0.05500000
29	104	2	-1229.93392389	0.05500000
29	105	2	-1232.11896449	0.05500000
29	106	2	-1223.70934598	0.05500000
29	107	2	-1223.32724165	0.05500000
29	108	2	-1214.41694978	0.05500000
29	109	2	-1216.75618780	0.05500000
29	110	2	-1209.67718917	0.05500000
29	111	2	-1200.81864360	0.05500000
29	112	2	-1193.19352423	0.05500000
29	113	2	-1190.30184270	0.05500000
29	114	2	-1181.01531617	0.05500000
29	115	2	-1180.31879747	0.05500000
29	116	2	-1158.50678474	0.05500000
29	117	2	-1141.79676585	0.05500000
29	118	2	-1157.59527331	0.05500000
29	119	2	-1123.62803149	0.05500000
29	120	2	-1100.23412388	0.05500000
29	121	2	-1102.02084080	0.05500000
29	122	2	-1076.53799618	0.05500000
29	123	2	-1056.21731760	0.05500000
29	124	2	-1160.07527113	0.05500000
29	125	2	0.00000000	0.05500000
29	126	2	0.00000000	0.05500000
29	127	2	0.00000000	0.05500000
29	128	2	0.00000000	0.05500000
29	129	2	0.00000000	0.05500000
30	0	2	-1169.61920943	0.05500000
30	1	2	-1170.71197646	0.05500000
30	2	2	-1169.61920943	0.05500000
30	3	2	-1051.84172915	0.05500000
30	4	2	-1059.28121513	0.05500000
30	5	2	-1103.01007742	0.05500000
30	6	2	-1100.23769632	0.05500000
30	7	2	-1111.81026464	0.05500000
30	8	2	-1129.91663760	0.05500000
30	9	2	-1133.83024086	0.05500000
30	10	2	-1156.53028320	0.05500000
30	11	2	-1156.64410187	0.05500000
30	12	2	-1165.60654223	0.05500000
30	13	2	-1170.95425660	0.05500000
30	14	2	-1174.42227304	0.05500000
30	15	2	-1180.16156082	0.05500000
30	16	2	-1182.39374053	0.05500000
30	17	2	-1184.32071068	0.05500000
30	18	2	-1190.12192770	0.05500000
30	19	2	-1190.58891790	0.05500000
30	20	2	-1198.95595083	0.05500000
30	21	2	-1190.93993284	0.05500000
30	22	2	-1199.65128627	0.05500000
30	23	2	-1199.16042094	0.05500000
30	24	2	-1199.69726968	0.05500000
30	25	2	-1200.01509064	0.05500000
30	26	2	-1200.66225380	0.05500000
30	27	2	-1201.36849205	0.05500000
30	28	2	-1207.08776856	0.05500000
30	29	2	-1202.97403575	0.05500000
30	30	2	-1204.82479263	0.05500000
30	31	2	-1203.65617762	0.05500000
30	32	2	-1205.72750713	0.05500000
30	33	2	-1198.22791400	0.05500000
30	34	2	-1205.50867602	0.05500000
30	35	2	-1201.68848289	0.05500000
30	36	2	-1203.91054474	0.05500000
30	37	2	-1201.16388000	0.05500000
30	38	2	-1201.42263266	0.05500000
30	39	2	-1198.08611672	0.05500000
30	40	2	-1205.21364588	0.05500000
30	41	2	-1200.47496005	0.05500000
30	42	2	-1204.62684710	0.05500000
30	43	2	-1196.97186407	0.05500000
30	44	2	-1199.91462039	0.05500000
30	45	2	-1194.83770799	0.05500000
30	46	2	-1202.13056587	0.05500000
30	47	2	-1195.22001586	0.05500000
30	48	2	-1199.77681535	0.05500000
30	49	2	-1192.62126158	0.05500000
30	50	2	-1199.22094470	0.05500000
30	51	2	-1191.16107052	0.05500000
30	52	2	-1198.39705467	0.05500000
30	53	2	-1187.78467026	0.05500000
30	54	2	-1197.34049536	0.05500000
30	55	2	-1187.29299984	0.05500000
30	56	2	-1193.85391930	0.05500000
30	57	2	-1186.56306668	0.05500000
30	58	2	-1193.22043544	0.05500000
30	59	2	-1182.79237672	0.05500000
30	60	2	-1190.42931429	0.05500000
30	61	2	-1184.79941350	0.05500000
30	62	2	-1189.09577203	0.05500000
30	63	2	-1179.60730523	0.05500000
30	64	2	-1185.90128111	0.05500000
30	65	2	-1182.12930067	0.05500000
30	66	2	-1189.90502156	0.05500000
30	67	2	-1185.44578078	0.05500000
30	68	2	-1191.04102293	0.05500000
30	69	2	-1178.71961344	0.05500000
30	70	2	-1185.69490837	0.05500000
30	71	2	-1179.29236309	0.05500000
30	72	2	-1185.99432308	0.05500000
30	73	2	-1180.30425181	0.05500000
30	74	2	-1187.04622930	0.05500000
30	75	2	-1179.65301592	0.05500000
30	76	2	-1186.38428715	0.05500000
30	77	2	-1180.50429090	0.05500000
30	78	2	-1185.03081920	0.05500000
30	79	2	-1177.38436940	0.05500000
30	80	2	-1181.57817064	0.05500000
30	81	2	-1176.57811528	0.05500000
30	82	2	-1180.70614720	0.05500000
30	83	2	-1172.25339571	0.05500000
30	84	2	-1175.20087570	0.05500000
30	85	2	-1173.10826753	0.05500000
30	86	2	-1173.29714764	0.05500000
30	87	2	-1163.81540204	0.05500000
30	88	2	-1172.98600220	0.05500000
30	89	2	-1165.37202360	0.05500000
30	90	2	-1168.40793591	0.05500000
30	91	2	-1161.16427623	0.05500000
30	92	2	-1164.09019750	0.05500000
30	93	2	-1151.20383468	0.05500000
30	94	2	-1156.17342240	0.05500000
30	95	2	-1147.57868838	0.05500000
30	96	2	-1149.15512860	0.05500000
30	97	2	-1137.73200538	0.05500000
30	98	2	-1135.26321569	0.05500000
30	99	2	-1116.43672795	0.05500000
30	100	2	-1122.78839420	0.05500000
30	101	2	-1087.05038151	0.05500000
30	102	2	-1091.69470305	0.05500000
30	103	2	-1072.21531223	0.05500000
30	104	2	-1052.97580264	0.05500000
30	105	2	-1039.74484061	0.05500000
30	106	2	-1040.83082871	0.05500000
30	107	2	-1019.34355679	0.05500000
31	0	2	-1078.77100446	0.05500000
31	1	2	-1117.53299768	0.05500000
31	2	2	-1120.61360718	0.05500000
31	3	2	-1129.60082062	0.05500000
31	4	2	-1142.60148394	0.05500000
31	5	2	-1144.87990496	0.05500000
31	6	2	-1154.71036816	0.05500000
31	7	2	-1161.16747444	0.05500000
31	8	2	-1169.64514030	0.05500000
31	9	2	-1173.46233673	0.05500000
31	10	2	-1180.29442956	0.05500000
31	11	2	-1182.60144539	0.05500000
31	12	2	-1189.38995015	0.05500000
31	13	2	-1187.60102205	0.05500000
31	14	2	-1191.48396711	0.05500000
31	15	2	-1191.87147281	0.05500000
31	16	2	-1194.10629450	0.05500000
31	17	2	-1195.07859712	0.05500000
31	18	2	-1196.27691509	0.05500000
31	19	2	-1194.55167130	0.05500000
31	20	2	-1197.53902571	0.05500000
31	21	2	-1198.29930249	0.05500000
31	22	2	-1199.86224194	0.05500000
31	23	2	-1199.53609102	0.05500000
31	24	2	-1196.99905046	0.05500000
31	25	2	-1199.61306788	0.05500000
31	26	2	-1196.52088955	0.05500000
31	27	2	-1195.80713997	0.05500000
31	28	2	-1190.19872315	0.05500000
31	29	2	-1193.25828149	0.05500000
31	30	2	-1197.83706639	0.05500000
31	31	2	-1192.57467427	0.05500000
31	32	2	-1190.41135772	0.05500000
31	33	2	-1189.81742737	0.05500000
31	34	2	-1187.65195979	0.05500000
31	35	2	-1185.29198001	0.05500000
31	36	2	-1186.22452509	0.05500000
31	37	2	-1185.11803943	0.05500000
31	38	2	-1179.72773100	0.05500000
31	39	2	-1168.07720162	0.05500000
31	40	2	-1175.72124944	0.05500000
31	41	2	-1168.75262738	0.05500000
31	42	2	-1170.11601948	0.05500000
31	43	2	-1162.44420560	0.05500000
31	44	2	-1163.52281529	0.05500000
31	45	2	-1164.80703811	0.05500000
31	46	2	-1164.72183844	0.05500000
31	47	2	-1161.79051443	0.05500000
31	48	2	-1161.27051617	0.05500000
31	49	2	-1153.58414732	0.05500000
31	50	2	-1156.19516779	0.05500000
31	51	2	-1157.18057219	0.05500000
31	52	2	-1169.30143044	0.05500000
31	53	2	-1160.98951777	0.05500000
31	54	2	-1159.61859291	0.05500000
31	55	2	-1157.09462300	0.05500000
31	56	2	-1163.50874137	0.05500000
31	57	2	-1163.21127469	0.05500000
31	58	2	-1167.18909551	0.05500000
31	59	2	-1162.90644944	0.05500000
31	60	2	-1165.39543259	0.05500000
31	61	2	-1166.17202573	0.05500000
31	62	2	-1169.98956097	0.05500000
31	63	2	-1168.67787022	0.05500000
31	64	2	-1164.07223487	0.05500000
31	65	2	-1171.09817862	0.05500000
31	66	2	-1165.74546527	0.05500000
31	67	2	-1166.88000008	0.05500000
31	68	2	-1162.39193595	0.05500000
31	69	2	-1164.09819109	0.05500000
31	70	2	-1159.03818462	0.05500000
31	71	2	-1162.43581192	0.05500000
31	72	2	-1158.01267437	0.05500000
31	73	2	-1157.97853362	0.05500000
31	74	2	-1153.42291700	0.05500000
31	75	2	-1153.76240289	0.05500000
31	76	2	-1147.57767265	0.05500000
31	77	2	-1145.35554388	0.05500000
31	78	2	-1136.63630412	0.05500000
31	79	2	-1133.14621176	0.05500000
31	80	2	-1122.21910291	0.05500000
31	81	2	-1130.49190129	0.05500000
31	82	2	-1117.38135842	0.05500000
31	83	2	-1118.26689098	0.05500000
31	84	2	-1110.47455274	0.05500000
31	85	2	-1106.00961333	0.05500000
31	86	2	-1092.81931609	0.05500000
31	87	2	-1087.66310254	0.05500000
31	88	2	-1084.13059450	0.05500000
31	89	2	-1081.47191811	0.05500000
########################################
# Coboparameter                        #
# no parameter corresponds to be 50.   #
########################################
#Cobo 	dummy	ATY	p0	p1     p2
0	0	3	-78.67229802	21.12510496	0.00500000
1	0	3	-79.51590902	19.42274298	0.00500000
2	0	3	-79.87774208	19.37361831	0.00500000
3	0	3	-79.52649226	29.87604348	0.00500000
4	0	3	-80.07245326	8.87481393	0.00500000
5	0	3	-79.32085845	18.37994596	0.00500000
6	0	3	-79.25945770	17.99868427	0.00500000
7	0	3	-79.59028578	18.37952734	0.00500000
#####################################################################
# TPC Resolution Parameter (L : p0)			            #
# res_xz^2 = p0^2 + p2^2/(exp(-p1*y)/p3*y + p4^2/12*tan(alpha)^2/p5 #
# res_y^2 = p6^2 + p7^2/(exp(-p1*y)/p8*y                            #
#####################################################################
#B    INorOUt  ATY	p0	p1	p2	p3	p4	p5	p6	p7	p8
#
0	0	4	0.75030000	0.00000000	0.35560000	100.00000000	9.00000000	1.69080000	1.00000000	0.00000000	1.00000000
0	1	4	0.38710000	0.00000000	0.35560000	100.00000000	12.50000000	3.65020000	1.00000000	0.00000000	1.00000000
1	0	4	0.75030000	0.00000000	0.09530000	100.00000000	9.00000000	1.69080000	1.00000000	0.00000000	1.00000000
1	1	4	0.38710000	0.00000000	0.09530000	100.00000000	12.50000000	3.65020000	1.00000000	0.00000000	1.00000000
