#
#  TPCParam_e72_20260523
#  Gain Calib : HS On HTOF calib, Noise(Tohoku 2024Jan) off
#  Cobo Phaseshift : run02594
#  
#______________________________________________________________________________
#
# Layer	Row	ATY	p0	p1
#
########################################
# TPC ADC : cde = (de-p0)*p1           #
########################################
   0    0    0     0.00000000     1.34875298
   0    1    0     0.00000000     1.34875298
   0    2    0     0.00000000     1.34875298
   0    3    0     0.00000000     1.34875298
   0    4    0     0.00000000     1.34875298
   0    5    0     0.00000000     1.34875298
   0    6    0     0.00000000     1.34875298
   0    7    0     0.00000000     1.34875298
   0    8    0     0.00000000     1.34875298
   0    9    0     0.00000000     1.34875298
   0   10    0     0.00000000     1.34875298
   0   11    0     0.00000000     1.34875298
   0   12    0     0.00000000     1.34875298
   0   13    0     0.00000000     1.34875298
   0   14    0     0.00000000     1.34875298
   0   15    0     0.00000000     1.34875298
   0   16    0     0.00000000     1.34875298
   0   17    0     0.00000000     1.34875298
   0   18    0     0.00000000     1.34875298
   0   19    0     0.00000000     1.34875298
   0   20    0     0.00000000     1.34875298
   0   21    0     0.00000000     1.34875298
   0   22    0     0.00000000     1.34875298
   0   23    0     0.00000000     1.34875298
   0   24    0     0.00000000     1.34875298
   0   25    0     0.00000000     1.34875298
   0   26    0     0.00000000     1.34875298
   0   27    0     0.00000000     1.34875298
   0   28    0     0.00000000     1.34875298
   0   29    0     0.00000000     1.34875298
   0   30    0     0.00000000     1.34875298
   0   31    0     0.00000000     1.34875298
   0   32    0     0.00000000     1.34875298
   0   33    0     0.00000000     1.34875298
   0   34    0     0.00000000     1.34875298
   0   35    0     0.00000000     1.34875298
   0   36    0     0.00000000     1.34875298
   0   37    0     0.00000000     1.34875298
   0   38    0     0.00000000     1.34875298
   0   39    0     0.00000000     1.34875298
   0   40    0     0.00000000     1.34875298
   0   41    0     0.00000000     1.34875298
   0   42    0     0.00000000     1.34875298
   0   43    0     0.00000000     1.34875298
   0   44    0     0.00000000     1.34875298
   0   45    0     0.00000000     1.34875298
   0   46    0     0.00000000     1.34875298
   0   47    0     0.00000000     1.34875298
   1    0    0     0.00000000     1.34875298
   1    1    0     0.00000000     1.34875298
   1    2    0     0.00000000     1.34875298
   1    3    0     0.00000000     1.34875298
   1    4    0     0.00000000     1.34875298
   1    5    0     0.00000000     1.34875298
   1    6    0     0.00000000     1.34875298
   1    7    0     0.00000000     1.34875298
   1    8    0     0.00000000     1.34875298
   1    9    0     0.00000000     1.34875298
   1   10    0     0.00000000     1.34875298
   1   11    0     0.00000000     1.34875298
   1   12    0     0.00000000     1.34875298
   1   13    0     0.00000000     1.34875298
   1   14    0     0.00000000     1.34875298
   1   15    0     0.00000000     1.34875298
   1   16    0     0.00000000     1.34875298
   1   17    0     0.00000000     1.34875298
   1   18    0     0.00000000     1.34875298
   1   19    0     0.00000000     1.34875298
   1   20    0     0.00000000     1.34875298
   1   21    0     0.00000000     1.34875298
   1   22    0     0.00000000     1.34875298
   1   23    0     0.00000000     1.34875298
   1   24    0     0.00000000     1.34875298
   1   25    0     0.00000000     1.34875298
   1   26    0     0.00000000     1.34875298
   1   27    0     0.00000000     1.34875298
   1   28    0     0.00000000     1.34875298
   1   29    0     0.00000000     1.34875298
   1   30    0     0.00000000     1.34875298
   1   31    0     0.00000000     1.34875298
   1   32    0     0.00000000     1.34875298
   1   33    0     0.00000000     1.34875298
   1   34    0     0.00000000     1.34875298
   1   35    0     0.00000000     1.34875298
   1   36    0     0.00000000     1.34875298
   1   37    0     0.00000000     1.34875298
   1   38    0     0.00000000     1.34875298
   1   39    0     0.00000000     1.34875298
   1   40    0     0.00000000     1.34875298
   1   41    0     0.00000000     1.34875298
   1   42    0     0.00000000     1.34875298
   1   43    0     0.00000000     1.34875298
   1   44    0     0.00000000     1.34875298
   1   45    0     0.00000000     1.34875298
   1   46    0     0.00000000     1.34875298
   1   47    0     0.00000000     1.34875298
   2    0    0     0.00000000     1.34875298
   2    1    0     0.00000000     1.34875298
   2    2    0     0.00000000     1.34875298
   2    3    0     0.00000000     1.34875298
   2    4    0     0.00000000     1.34875298
   2    5    0     0.00000000     1.34875298
   2    6    0     0.00000000     1.34875298
   2    7    0     0.00000000     1.34875298
   2    8    0     0.00000000     1.34875298
   2    9    0     0.00000000     1.34875298
   2   10    0     0.00000000     1.34875298
   2   11    0     0.00000000     1.34875298
   2   12    0     0.00000000     1.34875298
   2   13    0     0.00000000     1.34875298
   2   14    0     0.00000000     1.34875298
   2   15    0     0.00000000     1.34875298
   2   16    0     0.00000000     1.34875298
   2   17    0     0.00000000     1.34875298
   2   18    0     0.00000000     1.34875298
   2   19    0     0.00000000     1.34875298
   2   20    0     0.00000000     1.34875298
   2   21    0     0.00000000     1.34875298
   2   22    0     0.00000000     1.34875298
   2   23    0     0.00000000     1.34875298
   2   24    0     0.00000000     1.34875298
   2   25    0     0.00000000     1.34875298
   2   26    0     0.00000000     1.34875298
   2   27    0     0.00000000     1.34875298
   2   28    0     0.00000000     1.34875298
   2   29    0     0.00000000     1.34875298
   2   30    0     0.00000000     1.34875298
   2   31    0     0.00000000     1.34875298
   2   32    0     0.00000000     1.34875298
   2   33    0     0.00000000     1.34875298
   2   34    0     0.00000000     1.34875298
   2   35    0     0.00000000     1.34875298
   2   36    0     0.00000000     1.34875298
   2   37    0     0.00000000     1.34875298
   2   38    0     0.00000000     1.34875298
   2   39    0     0.00000000     1.34875298
   2   40    0     0.00000000     1.34875298
   2   41    0     0.00000000     1.34875298
   2   42    0     0.00000000     1.34875298
   2   43    0     0.00000000     1.34875298
   2   44    0     0.00000000     1.34875298
   2   45    0     0.00000000     1.34875298
   2   46    0     0.00000000     1.34875298
   2   47    0     0.00000000     1.34875298
   2   48    0     0.00000000     1.34875298
   2   49    0     0.00000000     1.34875298
   2   50    0     0.00000000     1.34875298
   2   51    0     0.00000000     1.34875298
   2   52    0     0.00000000     1.34875298
   2   53    0     0.00000000     1.34875298
   2   54    0     0.00000000     1.34875298
   2   55    0     0.00000000     1.34875298
   2   56    0     0.00000000     1.34875298
   2   57    0     0.00000000     1.34875298
   2   58    0     0.00000000     1.34875298
   2   59    0     0.00000000     1.34875298
   2   60    0     0.00000000     1.34875298
   2   61    0     0.00000000     1.34875298
   2   62    0     0.00000000     1.34875298
   2   63    0     0.00000000     1.34875298
   2   64    0     0.00000000     1.34875298
   2   65    0     0.00000000     1.34875298
   2   66    0     0.00000000     1.34875298
   2   67    0     0.00000000     1.34875298
   2   68    0     0.00000000     1.34875298
   2   69    0     0.00000000     1.34875298
   2   70    0     0.00000000     1.34875298
   2   71    0     0.00000000     1.34875298
   3    0    0     0.00000000     1.34875298
   3    1    0     0.00000000     1.34875298
   3    2    0     0.00000000     1.34875298
   3    3    0     0.00000000     1.34875298
   3    4    0     0.00000000     1.34875298
   3    5    0     0.00000000     1.34875298
   3    6    0     0.00000000     1.34875298
   3    7    0     0.00000000     1.34875298
   3    8    0     0.00000000     1.34875298
   3    9    0     0.00000000     1.34875298
   3   10    0     0.00000000     1.34875298
   3   11    0     0.00000000     1.34875298
   3   12    0     0.00000000     1.34875298
   3   13    0     0.00000000     1.34875298
   3   14    0     0.00000000     1.34875298
   3   15    0     0.00000000     1.34875298
   3   16    0     0.00000000     1.34875298
   3   17    0     0.00000000     1.34875298
   3   18    0     0.00000000     1.34875298
   3   19    0     0.00000000     1.34875298
   3   20    0     0.00000000     1.34875298
   3   21    0     0.00000000     1.34875298
   3   22    0     0.00000000     1.34875298
   3   23    0     0.00000000     1.34875298
   3   24    0     0.00000000     1.34875298
   3   25    0     0.00000000     1.34875298
   3   26    0     0.00000000     1.34875298
   3   27    0     0.00000000     1.34875298
   3   28    0     0.00000000     1.34875298
   3   29    0     0.00000000     1.34875298
   3   30    0     0.00000000     1.34875298
   3   31    0     0.00000000     1.34875298
   3   32    0     0.00000000     1.34875298
   3   33    0     0.00000000     1.34875298
   3   34    0     0.00000000     1.34875298
   3   35    0     0.00000000     1.34875298
   3   36    0     0.00000000     1.34875298
   3   37    0     0.00000000     1.34875298
   3   38    0     0.00000000     1.34875298
   3   39    0     0.00000000     1.34875298
   3   40    0     0.00000000     1.34875298
   3   41    0     0.00000000     1.34875298
   3   42    0     0.00000000     1.34875298
   3   43    0     0.00000000     1.34875298
   3   44    0     0.00000000     1.34875298
   3   45    0     0.00000000     1.34875298
   3   46    0     0.00000000     1.34875298
   3   47    0     0.00000000     1.34875298
   3   48    0     0.00000000     1.34875298
   3   49    0     0.00000000     1.34875298
   3   50    0     0.00000000     1.34875298
   3   51    0     0.00000000     1.34875298
   3   52    0     0.00000000     1.34875298
   3   53    0     0.00000000     1.34875298
   3   54    0     0.00000000     1.34875298
   3   55    0     0.00000000     1.34875298
   3   56    0     0.00000000     1.34875298
   3   57    0     0.00000000     1.34875298
   3   58    0     0.00000000     1.34875298
   3   59    0     0.00000000     1.34875298
   3   60    0     0.00000000     1.34875298
   3   61    0     0.00000000     1.34875298
   3   62    0     0.00000000     1.34875298
   3   63    0     0.00000000     1.34875298
   3   64    0     0.00000000     1.34875298
   3   65    0     0.00000000     1.34875298
   3   66    0     0.00000000     1.34875298
   3   67    0     0.00000000     1.34875298
   3   68    0     0.00000000     1.34875298
   3   69    0     0.00000000     1.34875298
   3   70    0     0.00000000     1.34875298
   3   71    0     0.00000000     1.34875298
   3   72    0     0.00000000     1.34875298
   3   73    0     0.00000000     1.34875298
   3   74    0     0.00000000     1.34875298
   3   75    0     0.00000000     1.34875298
   3   76    0     0.00000000     1.34875298
   3   77    0     0.00000000     1.34875298
   3   78    0     0.00000000     1.34875298
   3   79    0     0.00000000     1.34875298
   3   80    0     0.00000000     1.34875298
   3   81    0     0.00000000     1.34875298
   3   82    0     0.00000000     1.34875298
   3   83    0     0.00000000     1.34875298
   3   84    0     0.00000000     1.34875298
   3   85    0     0.00000000     1.34875298
   3   86    0     0.00000000     1.34875298
   3   87    0     0.00000000     1.34875298
   3   88    0     0.00000000     1.34875298
   3   89    0     0.00000000     1.34875298
   3   90    0     0.00000000     1.34875298
   3   91    0     0.00000000     1.34875298
   3   92    0     0.00000000     1.34875298
   3   93    0     0.00000000     1.34875298
   3   94    0     0.00000000     1.34875298
   3   95    0     0.00000000     1.34875298
   4    0    0     0.00000000     1.34875298
   4    1    0     0.00000000     1.34875298
   4    2    0     0.00000000     1.34875298
   4    3    0     0.00000000     1.34875298
   4    4    0     0.00000000     1.34875298
   4    5    0     0.00000000     1.34875298
   4    6    0     0.00000000     1.34875298
   4    7    0     0.00000000     1.34875298
   4    8    0     0.00000000     1.34875298
   4    9    0     0.00000000     1.34875298
   4   10    0     0.00000000     1.34875298
   4   11    0     0.00000000     1.34875298
   4   12    0     0.00000000     1.34875298
   4   13    0     0.00000000     1.34875298
   4   14    0     0.00000000     1.34875298
   4   15    0     0.00000000     1.34875298
   4   16    0     0.00000000     1.34875298
   4   17    0     0.00000000     1.34875298
   4   18    0     0.00000000     1.34875298
   4   19    0     0.00000000     1.34875298
   4   20    0     0.00000000     1.34875298
   4   21    0     0.00000000     1.34875298
   4   22    0     0.00000000     1.34875298
   4   23    0     0.00000000     1.34875298
   4   24    0     0.00000000     1.34875298
   4   25    0     0.00000000     1.34875298
   4   26    0     0.00000000     1.34875298
   4   27    0     0.00000000     1.34875298
   4   28    0     0.00000000     1.34875298
   4   29    0     0.00000000     1.34875298
   4   30    0     0.00000000     1.34875298
   4   31    0     0.00000000     1.34875298
   4   32    0     0.00000000     1.34875298
   4   33    0     0.00000000     1.34875298
   4   34    0     0.00000000     1.34875298
   4   35    0     0.00000000     1.34875298
   4   36    0     0.00000000     1.34875298
   4   37    0     0.00000000     1.34875298
   4   38    0     0.00000000     1.34875298
   4   39    0     0.00000000     1.34875298
   4   40    0     0.00000000     1.34875298
   4   41    0     0.00000000     1.34875298
   4   42    0     0.00000000     1.34875298
   4   43    0     0.00000000     1.34875298
   4   44    0     0.00000000     1.34875298
   4   45    0     0.00000000     1.34875298
   4   46    0     0.00000000     1.34875298
   4   47    0     0.00000000     1.34875298
   4   48    0     0.00000000     1.34875298
   4   49    0     0.00000000     1.34875298
   4   50    0     0.00000000     1.34875298
   4   51    0     0.00000000     1.33720135
   4   52    0     0.00000000     1.27856269
   4   53    0     0.00000000     1.36111542
   4   54    0     0.00000000     1.35459806
   4   55    0     0.00000000     1.29284362
   4   56    0     0.00000000     1.32390133
   4   57    0     0.00000000     1.41654761
   4   58    0     0.00000000     1.35914512
   4   59    0     0.00000000     1.51452134
   4   60    0     0.00000000     1.34200638
   4   61    0     0.00000000     1.38586199
   4   62    0     0.00000000     1.34434334
   4   63    0     0.00000000     1.47873325
   4   64    0     0.00000000     1.47324730
   4   65    0     0.00000000     1.45400685
   4   66    0     0.00000000     1.34229451
   4   67    0     0.00000000     1.40677525
   4   68    0     0.00000000     1.28843295
   4   69    0     0.00000000     1.38607406
   4   70    0     0.00000000     1.37898651
   4   71    0     0.00000000     1.34875298
   4   72    0     0.00000000     1.25823992
   4   73    0     0.00000000     1.34875298
   4   74    0     0.00000000     1.27415555
   4   75    0     0.00000000     1.24803067
   4   76    0     0.00000000     1.18430795
   4   77    0     0.00000000     1.26275394
   4   78    0     0.00000000     1.34875298
   4   79    0     0.00000000     1.34875298
   4   80    0     0.00000000     1.34875298
   4   81    0     0.00000000     1.44038289
   4   82    0     0.00000000     1.34875298
   4   83    0     0.00000000     1.34875298
   4   84    0     0.00000000     1.34875298
   4   85    0     0.00000000     1.34875298
   4   86    0     0.00000000     1.34875298
   4   87    0     0.00000000     1.34875298
   4   88    0     0.00000000     1.34875298
   4   89    0     0.00000000     1.34875298
   4   90    0     0.00000000     1.34875298
   4   91    0     0.00000000     1.34875298
   4   92    0     0.00000000     1.34875298
   4   93    0     0.00000000     1.34875298
   4   94    0     0.00000000     1.34875298
   4   95    0     0.00000000     1.34875298
   4   96    0     0.00000000     1.34875298
   4   97    0     0.00000000     1.34875298
   4   98    0     0.00000000     1.34875298
   4   99    0     0.00000000     1.34875298
   4  100    0     0.00000000     1.34875298
   4  101    0     0.00000000     1.34875298
   4  102    0     0.00000000     1.34875298
   4  103    0     0.00000000     1.34875298
   4  104    0     0.00000000     1.34875298
   4  105    0     0.00000000     1.34875298
   4  106    0     0.00000000     1.34875298
   4  107    0     0.00000000     1.34875298
   4  108    0     0.00000000     1.34875298
   4  109    0     0.00000000     1.34875298
   4  110    0     0.00000000     1.34875298
   4  111    0     0.00000000     1.34875298
   4  112    0     0.00000000     1.34875298
   4  113    0     0.00000000     1.34875298
   4  114    0     0.00000000     1.34875298
   4  115    0     0.00000000     1.34875298
   4  116    0     0.00000000     1.34875298
   4  117    0     0.00000000     1.34875298
   4  118    0     0.00000000     1.34875298
   4  119    0     0.00000000     1.34875298
   5    0    0     0.00000000     1.33576691
   5    1    0     0.00000000     1.33176977
   5    2    0     0.00000000     1.33907153
   5    3    0     0.00000000     1.33801757
   5    4    0     0.00000000     1.35691320
   5    5    0     0.00000000     1.36654632
   5    6    0     0.00000000     1.41035404
   5    7    0     0.00000000     1.44707089
   5    8    0     0.00000000     1.36088089
   5    9    0     0.00000000     1.33022014
   5   10    0     0.00000000     1.31117015
   5   11    0     0.00000000     1.28494066
   5   12    0     0.00000000     1.30213170
   5   13    0     0.00000000     1.31978897
   5   14    0     0.00000000     1.31852011
   5   15    0     0.00000000     1.36959043
   5   16    0     0.00000000     1.31227157
   5   17    0     0.00000000     1.33929066
   5   18    0     0.00000000     1.26606208
   5   19    0     0.00000000     1.30381247
   5   20    0     0.00000000     1.34388327
   5   21    0     0.00000000     1.27904189
   5   22    0     0.00000000     1.22016960
   5   23    0     0.00000000     1.29782024
   5   24    0     0.00000000     1.29782024
   5   25    0     0.00000000     1.38602584
   5   26    0     0.00000000     1.31510279
   5   27    0     0.00000000     1.29947701
   5   28    0     0.00000000     1.36344433
   5   29    0     0.00000000     1.29382702
   5   30    0     0.00000000     1.23097364
   5   31    0     0.00000000     1.40192245
   5   32    0     0.00000000     1.26557483
   5   33    0     0.00000000     1.20245958
   5   34    0     0.00000000     1.26910072
   5   35    0     0.00000000     1.34356184
   5   36    0     0.00000000     1.26131102
   5   37    0     0.00000000     1.35766160
   5   38    0     0.00000000     1.35588271
   5   39    0     0.00000000     1.27386220
   5   40    0     0.00000000     1.28796824
   5   41    0     0.00000000     1.30239018
   5   42    0     0.00000000     1.32797427
   5   43    0     0.00000000     1.22761753
   5   44    0     0.00000000     1.20361016
   5   45    0     0.00000000     1.17279456
   5   46    0     0.00000000     1.14942614
   5   47    0     0.00000000     1.30216767
   5   48    0     0.00000000     1.24327752
   5   49    0     0.00000000     1.25486313
   5   50    0     0.00000000     1.24054602
   5   51    0     0.00000000     1.28856584
   5   52    0     0.00000000     1.22776637
   5   53    0     0.00000000     1.28234281
   5   54    0     0.00000000     1.34736441
   5   55    0     0.00000000     1.27232323
   5   56    0     0.00000000     1.34416781
   5   57    0     0.00000000     1.31838295
   5   58    0     0.00000000     1.28813572
   5   59    0     0.00000000     1.24334417
   5   60    0     0.00000000     1.30116974
   5   61    0     0.00000000     1.34639938
   5   62    0     0.00000000     1.29887734
   5   63    0     0.00000000     1.28109554
   5   64    0     0.00000000     1.24949479
   5   65    0     0.00000000     1.22704808
   5   66    0     0.00000000     1.24635768
   5   67    0     0.00000000     1.24794916
   5   68    0     0.00000000     1.20868663
   5   69    0     0.00000000     1.03700231
   5   70    0     0.00000000     1.15639336
   5   71    0     0.00000000     1.24156883
   5   72    0     0.00000000     1.21360165
   5   73    0     0.00000000     1.20784505
   5   74    0     0.00000000     1.23254406
   5   75    0     0.00000000     1.20232378
   5   76    0     0.00000000     1.23639900
   5   77    0     0.00000000     1.13657107
   5   78    0     0.00000000     1.23833492
   5   79    0     0.00000000     1.14871020
   5   80    0     0.00000000     1.16429449
   5   81    0     0.00000000     1.30900931
   5   82    0     0.00000000     1.13477704
   5   83    0     0.00000000     1.21428047
   5   84    0     0.00000000     1.15937061
   5   85    0     0.00000000     1.22573833
   5   86    0     0.00000000     1.22480469
   5   87    0     0.00000000     1.22387247
   5   88    0     0.00000000     1.37903857
   5   89    0     0.00000000     1.08442741
   5   90    0     0.00000000     1.19685168
   5   91    0     0.00000000     1.16841838
   5   92    0     0.00000000     1.13352609
   5   93    0     0.00000000     1.34740109
   5   94    0     0.00000000     1.10141550
   5   95    0     0.00000000     1.18527456
   5   96    0     0.00000000     1.15418675
   5   97    0     0.00000000     1.11101217
   5   98    0     0.00000000     1.26290046
   5   99    0     0.00000000     1.17529753
   5  100    0     0.00000000     1.35937625
   5  101    0     0.00000000     1.18105109
   5  102    0     0.00000000     1.17138471
   5  103    0     0.00000000     1.24564386
   5  104    0     0.00000000     1.22464509
   5  105    0     0.00000000     1.33756217
   5  106    0     0.00000000     1.28501427
   5  107    0     0.00000000     1.22209526
   5  108    0     0.00000000     1.31336828
   5  109    0     0.00000000     1.38969514
   5  110    0     0.00000000     1.30646882
   5  111    0     0.00000000     1.32734842
   5  112    0     0.00000000     1.31630450
   5  113    0     0.00000000     1.27929492
   5  114    0     0.00000000     1.32736679
   5  115    0     0.00000000     1.17150703
   5  116    0     0.00000000     1.22444900
   5  117    0     0.00000000     1.35606108
   5  118    0     0.00000000     1.33577130
   5  119    0     0.00000000     1.26833774
   5  120    0     0.00000000     1.19523915
   5  121    0     0.00000000     1.30826761
   5  122    0     0.00000000     1.32835370
   5  123    0     0.00000000     1.25233669
   5  124    0     0.00000000     1.26557682
   5  125    0     0.00000000     1.20726045
   5  126    0     0.00000000     1.20357751
   5  127    0     0.00000000     1.16520518
   5  128    0     0.00000000     1.22141892
   5  129    0     0.00000000     1.25224514
   5  130    0     0.00000000     1.23917609
   5  131    0     0.00000000     1.23951874
   5  132    0     0.00000000     1.24064076
   5  133    0     0.00000000     1.26454814
   5  134    0     0.00000000     1.30974878
   5  135    0     0.00000000     1.26329699
   5  136    0     0.00000000     1.30144704
   5  137    0     0.00000000     1.29682037
   5  138    0     0.00000000     1.35769098
   5  139    0     0.00000000     1.25910134
   5  140    0     0.00000000     1.26644159
   5  141    0     0.00000000     1.30683644
   5  142    0     0.00000000     1.30603543
   5  143    0     0.00000000     1.32698983
   6    0    0     0.00000000     1.19460291
   6    1    0     0.00000000     1.20788639
   6    2    0     0.00000000     1.24375967
   6    3    0     0.00000000     1.22751139
   6    4    0     0.00000000     1.22320120
   6    5    0     0.00000000     1.16821995
   6    6    0     0.00000000     1.24571452
   6    7    0     0.00000000     1.27992857
   6    8    0     0.00000000     1.17379522
   6    9    0     0.00000000     1.25827629
   6   10    0     0.00000000     1.26218142
   6   11    0     0.00000000     1.24851820
   6   12    0     0.00000000     1.29296892
   6   13    0     0.00000000     1.25393545
   6   14    0     0.00000000     1.16793973
   6   15    0     0.00000000     1.29514881
   6   16    0     0.00000000     1.16017244
   6   17    0     0.00000000     1.31016829
   6   18    0     0.00000000     1.14898808
   6   19    0     0.00000000     1.16209054
   6   20    0     0.00000000     1.13461719
   6   21    0     0.00000000     1.13367378
   6   22    0     0.00000000     1.12773218
   6   23    0     0.00000000     1.12773218
   6   24    0     0.00000000     1.12773218
   6   25    0     0.00000000     1.12773218
   6   26    0     0.00000000     1.12185254
   6   27    0     0.00000000     1.18138363
   6   28    0     0.00000000     1.31514938
   6   29    0     0.00000000     1.49048299
   6   30    0     0.00000000     1.28838856
   6   31    0     0.00000000     1.27040139
   6   32    0     0.00000000     1.38425120
   6   33    0     0.00000000     1.33454339
   6   34    0     0.00000000     1.07961376
   6   35    0     0.00000000     1.35955171
   6   36    0     0.00000000     1.21079935
   6   37    0     0.00000000     1.22493486
   6   38    0     0.00000000     1.35633363
   6   39    0     0.00000000     1.21130184
   6   40    0     0.00000000     1.33867311
   6   41    0     0.00000000     1.33315496
   6   42    0     0.00000000     1.34886091
   6   43    0     0.00000000     1.28893186
   6   44    0     0.00000000     1.38196989
   6   45    0     0.00000000     1.34173968
   6   46    0     0.00000000     1.43519083
   6   47    0     0.00000000     1.20543328
   6   48    0     0.00000000     1.36357495
   6   49    0     0.00000000     1.34300656
   6   50    0     0.00000000     1.42953363
   6   51    0     0.00000000     1.30641058
   6   52    0     0.00000000     1.07015606
   6   53    0     0.00000000     1.14156662
   6   54    0     0.00000000     1.31523994
   6   55    0     0.00000000     1.18446902
   6   56    0     0.00000000     1.28870613
   6   57    0     0.00000000     1.20029540
   6   58    0     0.00000000     1.49451081
   6   59    0     0.00000000     1.31621467
   6   60    0     0.00000000     1.27977964
   6   61    0     0.00000000     1.40867855
   6   62    0     0.00000000     1.36423171
   6   63    0     0.00000000     1.34083125
   6   64    0     0.00000000     1.37180822
   6   65    0     0.00000000     1.26985076
   6   66    0     0.00000000     1.23746224
   6   67    0     0.00000000     1.41807518
   6   68    0     0.00000000     1.42470783
   6   69    0     0.00000000     1.31332362
   6   70    0     0.00000000     1.33164052
   6   71    0     0.00000000     1.26441692
   6   72    0     0.00000000     1.28536579
   6   73    0     0.00000000     1.32692159
   6   74    0     0.00000000     1.29550117
   6   75    0     0.00000000     1.26858025
   6   76    0     0.00000000     1.27264341
   6   77    0     0.00000000     1.27062713
   6   78    0     0.00000000     1.29442114
   6   79    0     0.00000000     1.26690608
   6   80    0     0.00000000     1.22999935
   6   81    0     0.00000000     1.17662370
   6   82    0     0.00000000     1.18364654
   6   83    0     0.00000000     1.32307012
   6   84    0     0.00000000     1.29982450
   6   85    0     0.00000000     1.33524233
   6   86    0     0.00000000     1.26989381
   6   87    0     0.00000000     1.35839796
   6   88    0     0.00000000     1.30235384
   6   89    0     0.00000000     1.27586519
   6   90    0     0.00000000     1.27409698
   6   91    0     0.00000000     1.30506539
   6   92    0     0.00000000     1.18296854
   6   93    0     0.00000000     1.31208338
   6   94    0     0.00000000     1.22132693
   6   95    0     0.00000000     1.22334034
   6   96    0     0.00000000     1.29145493
   6   97    0     0.00000000     1.22373421
   6   98    0     0.00000000     1.29497955
   6   99    0     0.00000000     1.21245507
   6  100    0     0.00000000     1.22997146
   6  101    0     0.00000000     1.20781252
   6  102    0     0.00000000     1.18643788
   6  103    0     0.00000000     1.32794370
   6  104    0     0.00000000     1.16199284
   6  105    0     0.00000000     1.19128517
   6  106    0     0.00000000     1.18772379
   6  107    0     0.00000000     1.11679087
   6  108    0     0.00000000     1.39611637
   6  109    0     0.00000000     1.15344961
   6  110    0     0.00000000     1.23858180
   6  111    0     0.00000000     1.21243251
   6  112    0     0.00000000     1.14409527
   6  113    0     0.00000000     1.34839540
   6  114    0     0.00000000     1.20139784
   6  115    0     0.00000000     1.34745504
   6  116    0     0.00000000     1.36915274
   6  117    0     0.00000000     1.20020977
   6  118    0     0.00000000     1.27156521
   6  119    0     0.00000000     1.26463109
   6  120    0     0.00000000     1.14896538
   6  121    0     0.00000000     1.28516260
   6  122    0     0.00000000     1.38962973
   6  123    0     0.00000000     1.40413607
   6  124    0     0.00000000     1.23744549
   6  125    0     0.00000000     1.25638875
   6  126    0     0.00000000     1.28209263
   6  127    0     0.00000000     1.40225152
   6  128    0     0.00000000     1.35194247
   6  129    0     0.00000000     1.30832095
   6  130    0     0.00000000     1.32310427
   6  131    0     0.00000000     1.31147964
   6  132    0     0.00000000     1.31022900
   6  133    0     0.00000000     1.23373252
   6  134    0     0.00000000     1.38077122
   6  135    0     0.00000000     1.27014371
   6  136    0     0.00000000     1.17296408
   6  137    0     0.00000000     1.33325408
   6  138    0     0.00000000     1.30187364
   6  139    0     0.00000000     1.30732887
   6  140    0     0.00000000     1.24952956
   6  141    0     0.00000000     1.27777492
   6  142    0     0.00000000     1.30458182
   6  143    0     0.00000000     1.23244858
   6  144    0     0.00000000     1.31662703
   6  145    0     0.00000000     1.12332479
   6  146    0     0.00000000     1.13656026
   6  147    0     0.00000000     1.15074102
   6  148    0     0.00000000     1.20281022
   6  149    0     0.00000000     1.23247531
   6  150    0     0.00000000     1.21996836
   6  151    0     0.00000000     1.10831199
   6  152    0     0.00000000     1.21806828
   6  153    0     0.00000000     1.14258149
   6  154    0     0.00000000     1.16214737
   6  155    0     0.00000000     1.20285780
   6  156    0     0.00000000     1.15881123
   6  157    0     0.00000000     1.19972503
   6  158    0     0.00000000     1.24565705
   6  159    0     0.00000000     1.30480020
   6  160    0     0.00000000     1.35645104
   6  161    0     0.00000000     1.27519938
   6  162    0     0.00000000     1.27228286
   6  163    0     0.00000000     1.24638709
   6  164    0     0.00000000     1.22713302
   6  165    0     0.00000000     1.15966609
   6  166    0     0.00000000     1.20157068
   6  167    0     0.00000000     1.19539570
   7    0    0     0.00000000     1.24934916
   7    1    0     0.00000000     1.30295899
   7    2    0     0.00000000     1.27075400
   7    3    0     0.00000000     1.30451095
   7    4    0     0.00000000     1.28305787
   7    5    0     0.00000000     1.23550686
   7    6    0     0.00000000     1.24456369
   7    7    0     0.00000000     1.26372478
   7    8    0     0.00000000     1.18540187
   7    9    0     0.00000000     1.32132795
   7   10    0     0.00000000     1.27122522
   7   11    0     0.00000000     1.30595013
   7   12    0     0.00000000     1.29220161
   7   13    0     0.00000000     1.35501587
   7   14    0     0.00000000     1.21100857
   7   15    0     0.00000000     1.33533906
   7   16    0     0.00000000     1.25493669
   7   17    0     0.00000000     1.22038226
   7   18    0     0.00000000     1.21805585
   7   19    0     0.00000000     1.25134842
   7   20    0     0.00000000     1.22059198
   7   21    0     0.00000000     1.19131118
   7   22    0     0.00000000     1.13875993
   7   23    0     0.00000000     1.08863540
   7   24    0     0.00000000     1.09822935
   7   25    0     0.00000000     1.09644701
   7   26    0     0.00000000     1.09467044
   7   27    0     0.00000000     1.01956428
   7   28    0     0.00000000     0.95410259
   7   29    0     0.00000000     1.10949414
   7   30    0     0.00000000     1.07420424
   7   31    0     0.00000000     1.25149273
   7   32    0     0.00000000     1.38654365
   7   33    0     0.00000000     1.33971985
   7   34    0     0.00000000     1.13951624
   7   35    0     0.00000000     1.38360594
   7   36    0     0.00000000     1.37398105
   7   37    0     0.00000000     1.40847776
   7   38    0     0.00000000     1.44475130
   7   39    0     0.00000000     1.32755754
   7   40    0     0.00000000     1.32621322
   7   41    0     0.00000000     1.44927640
   7   42    0     0.00000000     1.32829775
   7   43    0     0.00000000     1.30150057
   7   44    0     0.00000000     1.27576322
   7   45    0     0.00000000     1.12956780
   7   46    0     0.00000000     1.14636489
   7   47    0     0.00000000     1.26150437
   7   48    0     0.00000000     1.12245441
   7   49    0     0.00000000     1.19092428
   7   50    0     0.00000000     1.21143984
   7   51    0     0.00000000     1.30504828
   7   52    0     0.00000000     1.45675514
   7   53    0     0.00000000     1.33978788
   7   54    0     0.00000000     1.30938453
   7   55    0     0.00000000     1.28640036
   7   56    0     0.00000000     1.23610662
   7   57    0     0.00000000     1.30375553
   7   58    0     0.00000000     1.32089496
   7   59    0     0.00000000     1.31308300
   7   60    0     0.00000000     1.26669030
   7   61    0     0.00000000     1.40826708
   7   62    0     0.00000000     1.23303232
   7   63    0     0.00000000     1.24974740
   7   64    0     0.00000000     1.40038484
   7   65    0     0.00000000     1.39150420
   7   66    0     0.00000000     1.30865640
   7   67    0     0.00000000     1.32205978
   7   68    0     0.00000000     1.29646138
   7   69    0     0.00000000     1.38537163
   7   70    0     0.00000000     1.27720707
   7   71    0     0.00000000     1.41957472
   7   72    0     0.00000000     1.29711079
   7   73    0     0.00000000     1.35673603
   7   74    0     0.00000000     1.29961743
   7   75    0     0.00000000     1.30426148
   7   76    0     0.00000000     1.32221229
   7   77    0     0.00000000     1.30014855
   7   78    0     0.00000000     1.33975387
   7   79    0     0.00000000     1.34273877
   7   80    0     0.00000000     1.40213484
   7   81    0     0.00000000     1.35725420
   7   82    0     0.00000000     1.39699347
   7   83    0     0.00000000     1.36087311
   7   84    0     0.00000000     1.31674922
   7   85    0     0.00000000     1.37854737
   7   86    0     0.00000000     1.41074295
   7   87    0     0.00000000     1.30481659
   7   88    0     0.00000000     1.23342359
   7   89    0     0.00000000     1.26141812
   7   90    0     0.00000000     1.21302812
   7   91    0     0.00000000     1.27249187
   7   92    0     0.00000000     1.25003514
   7   93    0     0.00000000     1.18677987
   7   94    0     0.00000000     1.19960194
   7   95    0     0.00000000     1.28698507
   7   96    0     0.00000000     1.33959436
   7   97    0     0.00000000     1.34068199
   7   98    0     0.00000000     1.45197018
   7   99    0     0.00000000     1.38159031
   7  100    0     0.00000000     1.37078019
   7  101    0     0.00000000     1.37298914
   7  102    0     0.00000000     1.35620114
   7  103    0     0.00000000     1.46240170
   7  104    0     0.00000000     1.30970571
   7  105    0     0.00000000     1.38151601
   7  106    0     0.00000000     1.37673796
   7  107    0     0.00000000     1.29859328
   7  108    0     0.00000000     1.43688223
   7  109    0     0.00000000     1.26394857
   7  110    0     0.00000000     1.24680414
   7  111    0     0.00000000     1.52430800
   7  112    0     0.00000000     1.18710292
   7  113    0     0.00000000     1.48784583
   7  114    0     0.00000000     1.31861504
   7  115    0     0.00000000     1.35410294
   7  116    0     0.00000000     1.33368241
   7  117    0     0.00000000     1.31386863
   7  118    0     0.00000000     1.48993754
   7  119    0     0.00000000     1.28844051
   7  120    0     0.00000000     1.42418289
   7  121    0     0.00000000     1.30264403
   7  122    0     0.00000000     1.26019057
   7  123    0     0.00000000     1.52980692
   7  124    0     0.00000000     1.27222990
   7  125    0     0.00000000     1.31833147
   7  126    0     0.00000000     1.35269704
   7  127    0     0.00000000     1.21766966
   7  128    0     0.00000000     1.33200375
   7  129    0     0.00000000     1.23481263
   7  130    0     0.00000000     1.33888752
   7  131    0     0.00000000     1.48931395
   7  132    0     0.00000000     1.24203033
   7  133    0     0.00000000     1.37121032
   7  134    0     0.00000000     1.34343109
   7  135    0     0.00000000     1.26646028
   7  136    0     0.00000000     1.30333292
   7  137    0     0.00000000     1.39071152
   7  138    0     0.00000000     1.41508990
   7  139    0     0.00000000     1.35945024
   7  140    0     0.00000000     1.33194668
   7  141    0     0.00000000     1.35519128
   7  142    0     0.00000000     1.36781292
   7  143    0     0.00000000     1.33810556
   7  144    0     0.00000000     1.18149971
   7  145    0     0.00000000     1.46715021
   7  146    0     0.00000000     1.34119704
   7  147    0     0.00000000     1.47414685
   7  148    0     0.00000000     1.34490185
   7  149    0     0.00000000     1.58722352
   7  150    0     0.00000000     1.31233600
   7  151    0     0.00000000     1.41068325
   7  152    0     0.00000000     1.39479975
   7  153    0     0.00000000     1.54538326
   7  154    0     0.00000000     1.53173797
   7  155    0     0.00000000     1.41020037
   7  156    0     0.00000000     1.31778473
   7  157    0     0.00000000     1.46317658
   7  158    0     0.00000000     1.30135671
   7  159    0     0.00000000     1.30135671
   7  160    0     0.00000000     1.30135671
   7  161    0     0.00000000     1.30135671
   7  162    0     0.00000000     1.30135671
   7  163    0     0.00000000     1.30135671
   7  164    0     0.00000000     1.30135671
   7  165    0     0.00000000     1.30135671
   7  166    0     0.00000000     1.30135671
   7  167    0     0.00000000     1.30135671
   7  168    0     0.00000000     1.30135671
   7  169    0     0.00000000     1.17176544
   7  170    0     0.00000000     1.22158097
   7  171    0     0.00000000     1.20347180
   7  172    0     0.00000000     1.24996429
   7  173    0     0.00000000     1.14754223
   7  174    0     0.00000000     1.28453876
   7  175    0     0.00000000     1.22784787
   7  176    0     0.00000000     1.32191172
   7  177    0     0.00000000     1.27156731
   7  178    0     0.00000000     1.23070149
   7  179    0     0.00000000     1.25718668
   7  180    0     0.00000000     1.34816495
   7  181    0     0.00000000     1.17387549
   7  182    0     0.00000000     1.34556715
   7  183    0     0.00000000     1.15891647
   7  184    0     0.00000000     1.28136917
   7  185    0     0.00000000     1.23266998
   7  186    0     0.00000000     1.22712998
   7  187    0     0.00000000     1.17190931
   7  188    0     0.00000000     1.21298809
   7  189    0     0.00000000     1.22390401
   7  190    0     0.00000000     1.21949642
   7  191    0     0.00000000     1.27324928
   8    0    0     0.00000000     1.49017697
   8    1    0     0.00000000     1.38033448
   8    2    0     0.00000000     1.52756293
   8    3    0     0.00000000     1.39820465
   8    4    0     0.00000000     1.52273019
   8    5    0     0.00000000     1.45526294
   8    6    0     0.00000000     1.38061401
   8    7    0     0.00000000     1.36037839
   8    8    0     0.00000000     1.38778032
   8    9    0     0.00000000     1.33648686
   8   10    0     0.00000000     1.36784540
   8   11    0     0.00000000     1.29715255
   8   12    0     0.00000000     1.46777454
   8   13    0     0.00000000     1.33940963
   8   14    0     0.00000000     1.38396333
   8   15    0     0.00000000     1.35433758
   8   16    0     0.00000000     1.44017456
   8   17    0     0.00000000     1.38569995
   8   18    0     0.00000000     1.32929681
   8   19    0     0.00000000     1.27730572
   8   20    0     0.00000000     1.35810701
   8   21    0     0.00000000     1.33334206
   8   22    0     0.00000000     1.29702946
   8   23    0     0.00000000     1.35433534
   8   24    0     0.00000000     1.41693913
   8   25    0     0.00000000     1.36295121
   8   26    0     0.00000000     1.48586311
   8   27    0     0.00000000     1.37254492
   8   28    0     0.00000000     1.25648406
   8   29    0     0.00000000     1.25648406
   8   30    0     0.00000000     1.25648406
   8   31    0     0.00000000     1.25648406
   8   32    0     0.00000000     1.15852083
   8   33    0     0.00000000     1.43374145
   8   34    0     0.00000000     1.27413789
   8   35    0     0.00000000     1.46511974
   8   36    0     0.00000000     1.38540450
   8   37    0     0.00000000     1.34549123
   8   38    0     0.00000000     1.50039816
   8   39    0     0.00000000     1.31937031
   8   40    0     0.00000000     1.40075790
   8   41    0     0.00000000     1.44961391
   8   42    0     0.00000000     1.34668043
   8   43    0     0.00000000     1.36602055
   8   44    0     0.00000000     1.42605014
   8   45    0     0.00000000     1.22698561
   8   46    0     0.00000000     1.23296048
   8   47    0     0.00000000     1.23899382
   8   48    0     0.00000000     1.25301760
   8   49    0     0.00000000     1.26736248
   8   50    0     0.00000000     1.32256986
   8   51    0     0.00000000     1.28198242
   8   52    0     0.00000000     1.24381193
   8   53    0     0.00000000     1.61250564
   8   54    0     0.00000000     1.39754320
   8   55    0     0.00000000     1.23315220
   8   56    0     0.00000000     1.42281949
   8   57    0     0.00000000     1.38051041
   8   58    0     0.00000000     1.61235837
   8   59    0     0.00000000     1.24766457
   8   60    0     0.00000000     1.37103061
   8   61    0     0.00000000     1.27844495
   8   62    0     0.00000000     1.23815585
   8   63    0     0.00000000     1.35703445
   8   64    0     0.00000000     1.37768158
   8   65    0     0.00000000     1.19569676
   8   66    0     0.00000000     1.37495679
   8   67    0     0.00000000     1.37619057
   8   68    0     0.00000000     1.34476752
   8   69    0     0.00000000     1.31474743
   8   70    0     0.00000000     1.35032607
   8   71    0     0.00000000     1.42565658
   8   72    0     0.00000000     1.32039276
   8   73    0     0.00000000     1.32276785
   8   74    0     0.00000000     1.40086038
   8   75    0     0.00000000     1.38319740
   8   76    0     0.00000000     1.00000000
   8   77    0     0.00000000     1.00000000
   8   78    0     0.00000000     1.00000000
   8   79    0     0.00000000     1.00000000
   8   80    0     0.00000000     1.00000000
   8   81    0     0.00000000     1.00000000
   8   82    0     0.00000000     1.00000000
   8   83    0     0.00000000     1.00000000
   8   84    0     0.00000000     1.00000000
   8   85    0     0.00000000     1.00000000
   8   86    0     0.00000000     1.39537620
   8   87    0     0.00000000     1.40439563
   8   88    0     0.00000000     1.43112845
   8   89    0     0.00000000     1.33728054
   8   90    0     0.00000000     1.36701440
   8   91    0     0.00000000     1.39999865
   8   92    0     0.00000000     1.37954015
   8   93    0     0.00000000     1.41485539
   8   94    0     0.00000000     1.38289391
   8   95    0     0.00000000     1.38037978
   8   96    0     0.00000000     1.30739328
   8   97    0     0.00000000     1.33006071
   8   98    0     0.00000000     1.39039351
   8   99    0     0.00000000     1.31324666
   8  100    0     0.00000000     1.31410463
   8  101    0     0.00000000     1.25250845
   8  102    0     0.00000000     1.38616515
   8  103    0     0.00000000     1.31819595
   8  104    0     0.00000000     1.21691024
   8  105    0     0.00000000     1.18051983
   8  106    0     0.00000000     1.26304373
   8  107    0     0.00000000     1.31353441
   8  108    0     0.00000000     1.31713829
   8  109    0     0.00000000     1.30419529
   8  110    0     0.00000000     1.24584391
   8  111    0     0.00000000     1.27472504
   8  112    0     0.00000000     1.23144400
   8  113    0     0.00000000     1.34682366
   8  114    0     0.00000000     1.29485080
   8  115    0     0.00000000     1.34426252
   8  116    0     0.00000000     1.19762311
   8  117    0     0.00000000     1.27695422
   8  118    0     0.00000000     1.31080191
   8  119    0     0.00000000     1.19309257
   8  120    0     0.00000000     1.30980588
   8  121    0     0.00000000     1.29370617
   8  122    0     0.00000000     1.19892363
   8  123    0     0.00000000     1.37100814
   8  124    0     0.00000000     1.22870236
   8  125    0     0.00000000     1.31339147
   8  126    0     0.00000000     1.25456408
   8  127    0     0.00000000     1.20078058
   8  128    0     0.00000000     1.28592433
   8  129    0     0.00000000     1.22599480
   8  130    0     0.00000000     1.00000000
   8  131    0     0.00000000     1.00000000
   8  132    0     0.00000000     1.00000000
   8  133    0     0.00000000     1.00000000
   8  134    0     0.00000000     1.00000000
   8  135    0     0.00000000     1.00000000
   8  136    0     0.00000000     1.00000000
   8  137    0     0.00000000     1.00000000
   8  138    0     0.00000000     1.00000000
   8  139    0     0.00000000     1.00000000
   8  140    0     0.00000000     1.22139044
   8  141    0     0.00000000     1.28289087
   8  142    0     0.00000000     1.19281386
   8  143    0     0.00000000     1.33123786
   8  144    0     0.00000000     1.15700580
   8  145    0     0.00000000     1.11894172
   8  146    0     0.00000000     1.29600431
   8  147    0     0.00000000     1.17458030
   8  148    0     0.00000000     1.21125018
   8  149    0     0.00000000     1.32642572
   8  150    0     0.00000000     1.22245124
   8  151    0     0.00000000     1.35389246
   8  152    0     0.00000000     1.21687691
   8  153    0     0.00000000     1.28849695
   8  154    0     0.00000000     1.22473882
   8  155    0     0.00000000     1.16699301
   8  156    0     0.00000000     1.28111050
   8  157    0     0.00000000     1.42949005
   8  158    0     0.00000000     1.29121546
   8  159    0     0.00000000     1.17733211
   8  160    0     0.00000000     1.19657085
   8  161    0     0.00000000     1.25934975
   8  162    0     0.00000000     1.18534609
   8  163    0     0.00000000     1.23613796
   8  164    0     0.00000000     1.12926134
   8  165    0     0.00000000     1.19698715
   8  166    0     0.00000000     1.32208197
   8  167    0     0.00000000     1.24741940
   8  168    0     0.00000000     1.24648121
   8  169    0     0.00000000     1.22916022
   8  170    0     0.00000000     1.23570327
   8  171    0     0.00000000     1.23570327
   8  172    0     0.00000000     1.23570327
   8  173    0     0.00000000     1.23570327
   8  174    0     0.00000000     1.23570327
   8  175    0     0.00000000     1.23570327
   8  176    0     0.00000000     1.24231635
   8  177    0     0.00000000     1.22688646
   8  178    0     0.00000000     1.25861611
   8  179    0     0.00000000     1.20114584
   8  180    0     0.00000000     1.18951538
   8  181    0     0.00000000     1.23307651
   8  182    0     0.00000000     1.26311246
   8  183    0     0.00000000     1.31559182
   8  184    0     0.00000000     1.23489334
   8  185    0     0.00000000     1.33638174
   8  186    0     0.00000000     1.20651632
   8  187    0     0.00000000     1.30334421
   8  188    0     0.00000000     1.24544607
   8  189    0     0.00000000     1.33812985
   8  190    0     0.00000000     1.24716982
   8  191    0     0.00000000     1.23913663
   8  192    0     0.00000000     1.24505327
   8  193    0     0.00000000     1.33915259
   8  194    0     0.00000000     1.18063427
   8  195    0     0.00000000     1.35219325
   8  196    0     0.00000000     1.17038228
   8  197    0     0.00000000     1.21497305
   8  198    0     0.00000000     1.24444992
   8  199    0     0.00000000     1.21233742
   8  200    0     0.00000000     1.27414070
   8  201    0     0.00000000     1.28349930
   8  202    0     0.00000000     1.39747502
   8  203    0     0.00000000     1.41543329
   8  204    0     0.00000000     1.39772490
   8  205    0     0.00000000     1.33026372
   8  206    0     0.00000000     1.33879053
   8  207    0     0.00000000     1.34742735
   8  208    0     0.00000000     1.36179069
   8  209    0     0.00000000     1.35527475
   8  210    0     0.00000000     1.36384023
   8  211    0     0.00000000     1.36941100
   8  212    0     0.00000000     1.32483626
   8  213    0     0.00000000     1.34088420
   8  214    0     0.00000000     1.43023842
   8  215    0     0.00000000     1.41190234
   9    0    0     0.00000000     1.45708028
   9    1    0     0.00000000     1.56745682
   9    2    0     0.00000000     1.47914407
   9    3    0     0.00000000     1.46474282
   9    4    0     0.00000000     1.37645657
   9    5    0     0.00000000     1.46314357
   9    6    0     0.00000000     1.37428615
   9    7    0     0.00000000     1.40818174
   9    8    0     0.00000000     1.42732263
   9    9    0     0.00000000     1.32412178
   9   10    0     0.00000000     1.43197344
   9   11    0     0.00000000     1.26878382
   9   12    0     0.00000000     1.36549847
   9   13    0     0.00000000     1.34497140
   9   14    0     0.00000000     1.32492464
   9   15    0     0.00000000     1.32161578
   9   16    0     0.00000000     1.32161578
   9   17    0     0.00000000     1.31832340
   9   18    0     0.00000000     1.45459396
   9   19    0     0.00000000     1.62228386
   9   20    0     0.00000000     1.49162227
   9   21    0     0.00000000     1.49162227
   9   22    0     0.00000000     1.49162227
   9   23    0     0.00000000     1.38043927
   9   24    0     0.00000000     1.33450870
   9   25    0     0.00000000     1.54243679
   9   26    0     0.00000000     1.49886377
   9   27    0     0.00000000     1.45768495
   9   28    0     0.00000000     1.37549028
   9   29    0     0.00000000     1.30207027
   9   30    0     0.00000000     1.33528062
   9   31    0     0.00000000     1.33398763
   9   32    0     0.00000000     1.33269714
   9   33    0     0.00000000     1.26284754
   9   34    0     0.00000000     1.26284754
   9   35    0     0.00000000     1.26284754
   9   36    0     0.00000000     1.26284754
   9   37    0     0.00000000     1.19995523
   9   38    0     0.00000000     1.36592434
   9   39    0     0.00000000     1.58517412
   9   40    0     0.00000000     1.25754478
   9   41    0     0.00000000     1.28012048
   9   42    0     0.00000000     1.30352157
   9   43    0     0.00000000     1.28074788
   9   44    0     0.00000000     1.43199859
   9   45    0     0.00000000     1.30835402
   9   46    0     0.00000000     1.54880808
   9   47    0     0.00000000     1.36313881
   9   48    0     0.00000000     1.29191327
   9   49    0     0.00000000     1.49202722
   9   50    0     0.00000000     1.24891851
   9   51    0     0.00000000     1.35628426
   9   52    0     0.00000000     1.66127765
   9   53    0     0.00000000     1.30577005
   9   54    0     0.00000000     1.32472382
   9   55    0     0.00000000     1.29445422
   9   56    0     0.00000000     1.40371943
   9   57    0     0.00000000     1.40371943
   9   58    0     0.00000000     1.53313145
   9   59    0     0.00000000     1.40393417
   9   60    0     0.00000000     1.38303035
   9   61    0     0.00000000     1.24801093
   9   62    0     0.00000000     1.26858302
   9   63    0     0.00000000     1.28836126
   9   64    0     0.00000000     1.38442572
   9   65    0     0.00000000     1.33521390
   9   66    0     0.00000000     1.38166732
   9   67    0     0.00000000     1.39990877
   9   68    0     0.00000000     1.40991618
   9   69    0     0.00000000     1.35484515
   9   70    0     0.00000000     1.39205194
   9   71    0     0.00000000     1.45969636
   9   72    0     0.00000000     1.00000000
   9   73    0     0.00000000     1.00000000
   9   74    0     0.00000000     1.00000000
   9   75    0     0.00000000     1.00000000
   9   76    0     0.00000000     1.00000000
   9   77    0     0.00000000     1.00000000
   9   78    0     0.00000000     1.00000000
   9   79    0     0.00000000     1.00000000
   9   80    0     0.00000000     1.00000000
   9   81    0     0.00000000     1.00000000
   9   82    0     0.00000000     1.00000000
   9   83    0     0.00000000     1.00000000
   9   84    0     0.00000000     1.00000000
   9   85    0     0.00000000     1.00000000
   9   86    0     0.00000000     1.00000000
   9   87    0     0.00000000     1.00000000
   9   88    0     0.00000000     1.00000000
   9   89    0     0.00000000     1.00000000
   9   90    0     0.00000000     1.00000000
   9   91    0     0.00000000     1.00000000
   9   92    0     0.00000000     1.00000000
   9   93    0     0.00000000     1.00000000
   9   94    0     0.00000000     1.00000000
   9   95    0     0.00000000     1.00000000
   9   96    0     0.00000000     1.00000000
   9   97    0     0.00000000     1.00000000
   9   98    0     0.00000000     1.00000000
   9   99    0     0.00000000     1.00000000
   9  100    0     0.00000000     1.00000000
   9  101    0     0.00000000     1.00000000
   9  102    0     0.00000000     1.00000000
   9  103    0     0.00000000     1.00000000
   9  104    0     0.00000000     1.00000000
   9  105    0     0.00000000     1.00000000
   9  106    0     0.00000000     1.00000000
   9  107    0     0.00000000     1.00000000
   9  108    0     0.00000000     1.29449254
   9  109    0     0.00000000     1.33206177
   9  110    0     0.00000000     1.31047034
   9  111    0     0.00000000     1.36004397
   9  112    0     0.00000000     1.30465046
   9  113    0     0.00000000     1.24799088
   9  114    0     0.00000000     1.25788817
   9  115    0     0.00000000     1.29584524
   9  116    0     0.00000000     1.22906202
   9  117    0     0.00000000     1.21437462
   9  118    0     0.00000000     1.19760862
   9  119    0     0.00000000     1.33332915
   9  120    0     0.00000000     1.31072157
   9  121    0     0.00000000     1.41115343
   9  122    0     0.00000000     1.32617825
   9  123    0     0.00000000     1.40013520
   9  124    0     0.00000000     1.38006900
   9  125    0     0.00000000     1.46109086
   9  126    0     0.00000000     1.38201872
   9  127    0     0.00000000     1.39518771
   9  128    0     0.00000000     1.39579395
   9  129    0     0.00000000     1.41459599
   9  130    0     0.00000000     1.46312430
   9  131    0     0.00000000     1.44797046
   9  132    0     0.00000000     1.00000000
   9  133    0     0.00000000     1.00000000
   9  134    0     0.00000000     1.00000000
   9  135    0     0.00000000     1.00000000
   9  136    0     0.00000000     1.00000000
   9  137    0     0.00000000     1.00000000
   9  138    0     0.00000000     1.00000000
   9  139    0     0.00000000     1.00000000
   9  140    0     0.00000000     1.00000000
   9  141    0     0.00000000     1.00000000
   9  142    0     0.00000000     1.00000000
   9  143    0     0.00000000     1.00000000
   9  144    0     0.00000000     1.00000000
   9  145    0     0.00000000     1.00000000
   9  146    0     0.00000000     1.00000000
   9  147    0     0.00000000     1.00000000
   9  148    0     0.00000000     1.00000000
   9  149    0     0.00000000     1.00000000
   9  150    0     0.00000000     1.00000000
   9  151    0     0.00000000     1.00000000
   9  152    0     0.00000000     1.00000000
   9  153    0     0.00000000     1.00000000
   9  154    0     0.00000000     1.00000000
   9  155    0     0.00000000     1.00000000
   9  156    0     0.00000000     1.00000000
   9  157    0     0.00000000     1.00000000
   9  158    0     0.00000000     1.00000000
   9  159    0     0.00000000     1.00000000
   9  160    0     0.00000000     1.00000000
   9  161    0     0.00000000     1.00000000
   9  162    0     0.00000000     1.00000000
   9  163    0     0.00000000     1.00000000
   9  164    0     0.00000000     1.00000000
   9  165    0     0.00000000     1.00000000
   9  166    0     0.00000000     1.00000000
   9  167    0     0.00000000     1.00000000
   9  168    0     0.00000000     1.29559253
   9  169    0     0.00000000     1.54210772
   9  170    0     0.00000000     1.21255376
   9  171    0     0.00000000     1.37817950
   9  172    0     0.00000000     1.43220888
   9  173    0     0.00000000     1.29122814
   9  174    0     0.00000000     1.27689112
   9  175    0     0.00000000     1.46899320
   9  176    0     0.00000000     1.26989347
   9  177    0     0.00000000     1.48471010
   9  178    0     0.00000000     1.38672846
   9  179    0     0.00000000     1.26458763
   9  180    0     0.00000000     1.36654729
   9  181    0     0.00000000     1.37346022
   9  182    0     0.00000000     1.28997807
   9  183    0     0.00000000     1.30639272
   9  184    0     0.00000000     1.30639272
   9  185    0     0.00000000     1.30639272
   9  186    0     0.00000000     1.30639272
   9  187    0     0.00000000     1.30639272
   9  188    0     0.00000000     1.32323050
   9  189    0     0.00000000     1.38251754
   9  190    0     0.00000000     1.27247587
   9  191    0     0.00000000     1.28739995
   9  192    0     0.00000000     1.43821457
   9  193    0     0.00000000     1.46410308
   9  194    0     0.00000000     1.35969740
   9  195    0     0.00000000     1.85024971
   9  196    0     0.00000000     1.30757040
   9  197    0     0.00000000     1.49317799
   9  198    0     0.00000000     1.23277499
   9  199    0     0.00000000     1.30132983
   9  200    0     0.00000000     1.26841628
   9  201    0     0.00000000     1.49434318
   9  202    0     0.00000000     1.27923871
   9  203    0     0.00000000     1.48436427
   9  204    0     0.00000000     1.27720475
   9  205    0     0.00000000     1.44325954
   9  206    0     0.00000000     1.29263071
   9  207    0     0.00000000     1.40851226
   9  208    0     0.00000000     1.22416004
   9  209    0     0.00000000     1.32798389
   9  210    0     0.00000000     1.45105089
   9  211    0     0.00000000     1.46674502
   9  212    0     0.00000000     1.24437375
   9  213    0     0.00000000     1.51052187
   9  214    0     0.00000000     1.35047363
   9  215    0     0.00000000     1.46998453
   9  216    0     0.00000000     1.49883350
   9  217    0     0.00000000     1.46767040
   9  218    0     0.00000000     1.37561114
   9  219    0     0.00000000     1.46394524
   9  220    0     0.00000000     1.32462811
   9  221    0     0.00000000     1.46912155
   9  222    0     0.00000000     1.36450659
   9  223    0     0.00000000     1.36851706
   9  224    0     0.00000000     1.35366795
   9  225    0     0.00000000     1.32702042
   9  226    0     0.00000000     1.40860256
   9  227    0     0.00000000     1.50087275
   9  228    0     0.00000000     1.55187574
   9  229    0     0.00000000     1.55340756
   9  230    0     0.00000000     1.39034335
   9  231    0     0.00000000     1.48190765
   9  232    0     0.00000000     1.53903509
   9  233    0     0.00000000     1.49052680
   9  234    0     0.00000000     1.44498290
   9  235    0     0.00000000     1.61700439
   9  236    0     0.00000000     1.50632037
   9  237    0     0.00000000     1.56040414
   9  238    0     0.00000000     1.48028629
   9  239    0     0.00000000     1.55551634
  10    0    0     0.00000000     1.23743371
  10    1    0     0.00000000     1.40685473
  10    2    0     0.00000000     1.07655686
  10    3    0     0.00000000     0.82409577
  10    4    0     0.00000000     0.89421944
  10    5    0     0.00000000     0.89421944
  10    6    0     0.00000000     0.97738691
  10    7    0     0.00000000     1.31160132
  10    8    0     0.00000000     1.20257376
  10    9    0     0.00000000     1.03019234
  10   10    0     0.00000000     1.04623374
  10   11    0     0.00000000     1.06278261
  10   12    0     0.00000000     1.67886408
  10   13    0     0.00000000     1.05430894
  10   14    0     0.00000000     1.00046532
  10   15    0     0.00000000     0.91740380
  10   16    0     0.00000000     0.87067482
  10   17    0     0.00000000     0.92778533
  10   18    0     0.00000000     0.99291391
  10   19    0     0.00000000     1.02038051
  10   20    0     0.00000000     1.04940994
  10   21    0     0.00000000     1.27225513
  10   22    0     0.00000000     1.15620868
  10   23    0     0.00000000     1.14857375
  10   24    0     0.00000000     1.22346028
  10   25    0     0.00000000     1.19714226
  10   26    0     0.00000000     1.22679139
  10   27    0     0.00000000     1.16894237
  10   28    0     0.00000000     1.14299163
  10   29    0     0.00000000     1.23485293
  10   30    0     0.00000000     1.42876561
  10   31    0     0.00000000     1.17252718
  10   32    0     0.00000000     1.19184275
  10   33    0     0.00000000     1.08873397
  10   34    0     0.00000000     1.15323007
  10   35    0     0.00000000     1.12813358
  10   36    0     0.00000000     1.07898359
  10   37    0     0.00000000     0.89344128
  10   38    0     0.00000000     0.95631430
  10   39    0     0.00000000     1.10173122
  10   40    0     0.00000000     1.11056776
  10   41    0     0.00000000     1.11954720
  10   42    0     0.00000000     1.11974848
  10   43    0     0.00000000     1.11974848
  10   44    0     0.00000000     1.11974848
  10   45    0     0.00000000     1.11994984
  10   46    0     0.00000000     1.16649012
  10   47    0     0.00000000     1.21706613
  10   48    0     0.00000000     1.05851994
  10   49    0     0.00000000     1.00000000
  10   50    0     0.00000000     1.00000000
  10   51    0     0.00000000     1.00000000
  10   52    0     0.00000000     1.00000000
  10   53    0     0.00000000     1.00000000
  10   54    0     0.00000000     1.00000000
  10   55    0     0.00000000     1.00000000
  10   56    0     0.00000000     1.00000000
  10   57    0     0.00000000     1.00000000
  10   58    0     0.00000000     1.00000000
  10   59    0     0.00000000     1.00000000
  10   60    0     0.00000000     1.00000000
  10   61    0     0.00000000     1.00000000
  10   62    0     0.00000000     1.00000000
  10   63    0     0.00000000     1.00000000
  10   64    0     0.00000000     1.00000000
  10   65    0     0.00000000     1.00000000
  10   66    0     0.00000000     1.00000000
  10   67    0     0.00000000     1.00000000
  10   68    0     0.00000000     1.00000000
  10   69    0     0.00000000     1.00000000
  10   70    0     0.00000000     1.00000000
  10   71    0     0.00000000     1.00000000
  10   72    0     0.00000000     1.00000000
  10   73    0     0.00000000     1.00000000
  10   74    0     0.00000000     1.00000000
  10   75    0     0.00000000     1.00000000
  10   76    0     0.00000000     1.00000000
  10   77    0     0.00000000     1.00000000
  10   78    0     0.00000000     1.00000000
  10   79    0     0.00000000     1.00000000
  10   80    0     0.00000000     1.00000000
  10   81    0     0.00000000     1.00000000
  10   82    0     0.00000000     1.00000000
  10   83    0     0.00000000     1.00000000
  10   84    0     0.00000000     1.00000000
  10   85    0     0.00000000     1.00000000
  10   86    0     0.00000000     1.00000000
  10   87    0     0.00000000     1.00000000
  10   88    0     0.00000000     1.00000000
  10   89    0     0.00000000     1.00000000
  10   90    0     0.00000000     1.00000000
  10   91    0     0.00000000     1.00000000
  10   92    0     0.00000000     1.00000000
  10   93    0     0.00000000     1.00000000
  10   94    0     0.00000000     1.00000000
  10   95    0     0.00000000     1.00000000
  10   96    0     0.00000000     1.00000000
  10   97    0     0.00000000     1.00000000
  10   98    0     0.00000000     1.13900489
  10   99    0     0.00000000     1.13667903
  10  100    0     0.00000000     1.20416062
  10  101    0     0.00000000     1.14437675
  10  102    0     0.00000000     1.14979410
  10  103    0     0.00000000     1.14685815
  10  104    0     0.00000000     1.19210712
  10  105    0     0.00000000     1.13242467
  10  106    0     0.00000000     1.07928656
  10  107    0     0.00000000     1.18774989
  10  108    0     0.00000000     1.06116933
  10  109    0     0.00000000     1.16357242
  10  110    0     0.00000000     1.00000000
  10  111    0     0.00000000     1.00000000
  10  112    0     0.00000000     1.00000000
  10  113    0     0.00000000     1.00000000
  10  114    0     0.00000000     1.00000000
  10  115    0     0.00000000     1.00000000
  10  116    0     0.00000000     1.00000000
  10  117    0     0.00000000     1.00000000
  10  118    0     0.00000000     1.00000000
  10  119    0     0.00000000     1.00000000
  10  120    0     0.00000000     1.00000000
  10  121    0     0.00000000     1.00000000
  10  122    0     0.00000000     1.00000000
  10  123    0     0.00000000     1.00000000
  10  124    0     0.00000000     1.00000000
  10  125    0     0.00000000     1.00000000
  10  126    0     0.00000000     1.00000000
  10  127    0     0.00000000     1.00000000
  10  128    0     0.00000000     1.00000000
  10  129    0     0.00000000     1.00000000
  10  130    0     0.00000000     1.00000000
  10  131    0     0.00000000     1.00000000
  10  132    0     0.00000000     1.00000000
  10  133    0     0.00000000     1.00000000
  10  134    0     0.00000000     1.00000000
  10  135    0     0.00000000     1.00000000
  10  136    0     0.00000000     1.00000000
  10  137    0     0.00000000     1.00000000
  10  138    0     0.00000000     1.00000000
  10  139    0     0.00000000     1.00000000
  10  140    0     0.00000000     1.00000000
  10  141    0     0.00000000     1.00000000
  10  142    0     0.00000000     1.00000000
  10  143    0     0.00000000     1.00000000
  10  144    0     0.00000000     1.00000000
  10  145    0     0.00000000     1.00000000
  10  146    0     0.00000000     1.00000000
  10  147    0     0.00000000     1.00000000
  10  148    0     0.00000000     1.00000000
  10  149    0     0.00000000     1.00000000
  10  150    0     0.00000000     1.00000000
  10  151    0     0.00000000     1.00000000
  10  152    0     0.00000000     1.00000000
  10  153    0     0.00000000     1.00000000
  10  154    0     0.00000000     1.00000000
  10  155    0     0.00000000     1.00000000
  10  156    0     0.00000000     1.00000000
  10  157    0     0.00000000     1.00000000
  10  158    0     0.00000000     1.00000000
  10  159    0     0.00000000     0.94140324
  10  160    0     0.00000000     0.99254884
  10  161    0     0.00000000     1.03776696
  10  162    0     0.00000000     1.00399931
  10  163    0     0.00000000     1.25188768
  10  164    0     0.00000000     1.25041663
  10  165    0     0.00000000     1.13643885
  10  166    0     0.00000000     1.13643885
  10  167    0     0.00000000     1.13643885
  10  168    0     0.00000000     1.13643885
  10  169    0     0.00000000     1.13643885
  10  170    0     0.00000000     1.04150385
  10  171    0     0.00000000     1.02455568
  10  172    0     0.00000000     1.04290261
  10  173    0     0.00000000     1.11712928
  10  174    0     0.00000000     1.01220225
  10  175    0     0.00000000     1.09707184
  10  176    0     0.00000000     1.02841425
  10  177    0     0.00000000     1.09858969
  10  178    0     0.00000000     1.07436245
  10  179    0     0.00000000     1.15249790
  10  180    0     0.00000000     1.13765196
  10  181    0     0.00000000     1.16924921
  10  182    0     0.00000000     0.95469541
  10  183    0     0.00000000     1.02541827
  10  184    0     0.00000000     1.02543863
  10  185    0     0.00000000     1.07773412
  10  186    0     0.00000000     1.00361736
  10  187    0     0.00000000     1.08790628
  10  188    0     0.00000000     1.02076245
  10  189    0     0.00000000     1.14432640
  10  190    0     0.00000000     1.10517951
  10  191    0     0.00000000     1.10438990
  10  192    0     0.00000000     1.14346763
  10  193    0     0.00000000     1.12629813
  10  194    0     0.00000000     1.11374933
  10  195    0     0.00000000     1.19083196
  10  196    0     0.00000000     1.07682031
  10  197    0     0.00000000     1.08004382
  10  198    0     0.00000000     1.01348022
  10  199    0     0.00000000     1.12210357
  10  200    0     0.00000000     1.10634380
  10  201    0     0.00000000     1.17563217
  10  202    0     0.00000000     1.14819430
  10  203    0     0.00000000     1.10789525
  10  204    0     0.00000000     1.04477919
  10  205    0     0.00000000     0.99616190
  10  206    0     0.00000000     0.99652613
  10  207    0     0.00000000     1.03701743
  11    0    0     0.00000000     0.99692853
  11    1    0     0.00000000     0.87518327
  11    2    0     0.00000000     0.90374299
  11    3    0     0.00000000     0.77096693
  11    4    0     0.00000000     1.09680112
  11    5    0     0.00000000     0.99682375
  11    6    0     0.00000000     1.00260097
  11    7    0     0.00000000     1.00844555
  11    8    0     0.00000000     1.10422205
  11    9    0     0.00000000     1.22010034
  11   10    0     0.00000000     1.07208126
  11   11    0     0.00000000     1.07208126
  11   12    0     0.00000000     0.95609104
  11   13    0     0.00000000     0.77414742
  11   14    0     0.00000000     1.30430236
  11   15    0     0.00000000     1.15274693
  11   16    0     0.00000000     1.01715471
  11   17    0     0.00000000     1.12413239
  11   18    0     0.00000000     0.97394135
  11   19    0     0.00000000     0.98661196
  11   20    0     0.00000000     1.06717048
  11   21    0     0.00000000     1.19162096
  11   22    0     0.00000000     1.12627191
  11   23    0     0.00000000     0.94844256
  11   24    0     0.00000000     1.25985998
  11   25    0     0.00000000     1.01601447
  11   26    0     0.00000000     0.96305806
  11   27    0     0.00000000     1.16538174
  11   28    0     0.00000000     1.16166944
  11   29    0     0.00000000     1.08890031
  11   30    0     0.00000000     1.10662454
  11   31    0     0.00000000     1.01087568
  11   32    0     0.00000000     1.12269881
  11   33    0     0.00000000     0.99482649
  11   34    0     0.00000000     1.10050282
  11   35    0     0.00000000     1.10050282
  11   36    0     0.00000000     1.10050282
  11   37    0     0.00000000     1.10050282
  11   38    0     0.00000000     1.10050282
  11   39    0     0.00000000     1.23129863
  11   40    0     0.00000000     1.14675068
  11   41    0     0.00000000     1.07306775
  11   42    0     0.00000000     1.00000000
  11   43    0     0.00000000     1.00000000
  11   44    0     0.00000000     1.00000000
  11   45    0     0.00000000     1.00000000
  11   46    0     0.00000000     1.00000000
  11   47    0     0.00000000     1.00000000
  11   48    0     0.00000000     1.00000000
  11   49    0     0.00000000     1.00000000
  11   50    0     0.00000000     1.00000000
  11   51    0     0.00000000     1.00000000
  11   52    0     0.00000000     1.00000000
  11   53    0     0.00000000     1.00000000
  11   54    0     0.00000000     1.00000000
  11   55    0     0.00000000     1.00000000
  11   56    0     0.00000000     1.00000000
  11   57    0     0.00000000     1.30925503
  11   58    0     0.00000000     1.30186087
  11   59    0     0.00000000     1.40991469
  11   60    0     0.00000000     1.29513921
  11   61    0     0.00000000     1.22028240
  11   62    0     0.00000000     1.33327225
  11   63    0     0.00000000     1.19704369
  11   64    0     0.00000000     1.33169562
  11   65    0     0.00000000     1.24244040
  11   66    0     0.00000000     1.26844390
  11   67    0     0.00000000     1.26940852
  11   68    0     0.00000000     1.24450035
  11   69    0     0.00000000     1.30358128
  11   70    0     0.00000000     1.34501766
  11   71    0     0.00000000     1.30679053
  11   72    0     0.00000000     1.23507690
  11   73    0     0.00000000     1.24539226
  11   74    0     0.00000000     1.23984280
  11   75    0     0.00000000     1.22514249
  11   76    0     0.00000000     1.35748587
  11   77    0     0.00000000     1.29047865
  11   78    0     0.00000000     1.28882842
  11   79    0     0.00000000     1.28718241
  11   80    0     0.00000000     1.33041894
  11   81    0     0.00000000     1.30315652
  11   82    0     0.00000000     1.24714746
  11   83    0     0.00000000     1.26855727
  11   84    0     0.00000000     1.24570445
  11   85    0     0.00000000     1.37016711
  11   86    0     0.00000000     1.23786206
  11   87    0     0.00000000     1.23835829
  11   88    0     0.00000000     1.16948541
  11   89    0     0.00000000     1.16002990
  11   90    0     0.00000000     1.20419925
  11   91    0     0.00000000     1.20125098
  11   92    0     0.00000000     1.37763174
  11   93    0     0.00000000     1.31989531
  11   94    0     0.00000000     1.00000000
  11   95    0     0.00000000     1.00000000
  11   96    0     0.00000000     1.00000000
  11   97    0     0.00000000     1.00000000
  11   98    0     0.00000000     1.00000000
  11   99    0     0.00000000     1.00000000
  11  100    0     0.00000000     1.00000000
  11  101    0     0.00000000     1.00000000
  11  102    0     0.00000000     1.00000000
  11  103    0     0.00000000     1.00000000
  11  104    0     0.00000000     1.00000000
  11  105    0     0.00000000     1.00000000
  11  106    0     0.00000000     1.00000000
  11  107    0     0.00000000     1.00000000
  11  108    0     0.00000000     1.11739900
  11  109    0     0.00000000     1.42434818
  11  110    0     0.00000000     1.00000000
  11  111    0     0.00000000     1.00000000
  11  112    0     0.00000000     1.00000000
  11  113    0     0.00000000     1.00000000
  11  114    0     0.00000000     1.00000000
  11  115    0     0.00000000     1.00000000
  11  116    0     0.00000000     1.00000000
  11  117    0     0.00000000     1.00000000
  11  118    0     0.00000000     1.00000000
  11  119    0     0.00000000     1.00000000
  11  120    0     0.00000000     1.00000000
  11  121    0     0.00000000     1.00000000
  11  122    0     0.00000000     1.00000000
  11  123    0     0.00000000     1.00000000
  11  124    0     0.00000000     0.83674315
  11  125    0     0.00000000     0.77167832
  11  126    0     0.00000000     0.78602368
  11  127    0     0.00000000     0.81404045
  11  128    0     0.00000000     0.84487218
  11  129    0     0.00000000     0.83336842
  11  130    0     0.00000000     0.83988653
  11  131    0     0.00000000     0.81987559
  11  132    0     0.00000000     0.83561941
  11  133    0     0.00000000     0.82979300
  11  134    0     0.00000000     0.87736814
  11  135    0     0.00000000     0.87870627
  11  136    0     0.00000000     0.89892530
  11  137    0     0.00000000     0.93854548
  11  138    0     0.00000000     0.93002276
  11  139    0     0.00000000     0.93687237
  11  140    0     0.00000000     0.95968774
  11  141    0     0.00000000     0.92792637
  11  142    0     0.00000000     0.92326379
  11  143    0     0.00000000     0.91945909
  11  144    0     0.00000000     0.92351324
  11  145    0     0.00000000     0.93125659
  11  146    0     0.00000000     0.87588581
  11  147    0     0.00000000     0.88887561
  11  148    0     0.00000000     0.85474288
  11  149    0     0.00000000     0.81958571
  11  150    0     0.00000000     0.81793124
  11  151    0     0.00000000     0.80407823
  11  152    0     0.00000000     0.78284802
  11  153    0     0.00000000     0.84570398
  11  154    0     0.00000000     0.85100523
  11  155    0     0.00000000     0.85637336
  11  156    0     0.00000000     0.83944572
  11  157    0     0.00000000     0.85951166
  11  158    0     0.00000000     0.84598440
  11  159    0     0.00000000     0.81213360
  11  160    0     0.00000000     0.83018870
  11  161    0     0.00000000     0.92969550
  11  162    0     0.00000000     1.00000000
  11  163    0     0.00000000     1.00000000
  11  164    0     0.00000000     1.00000000
  11  165    0     0.00000000     1.00000000
  11  166    0     0.00000000     1.00000000
  11  167    0     0.00000000     1.00000000
  11  168    0     0.00000000     1.00000000
  11  169    0     0.00000000     1.00000000
  11  170    0     0.00000000     1.00000000
  11  171    0     0.00000000     1.00000000
  11  172    0     0.00000000     1.00000000
  11  173    0     0.00000000     1.00000000
  11  174    0     0.00000000     1.00000000
  11  175    0     0.00000000     1.00000000
  11  176    0     0.00000000     0.99508974
  11  177    0     0.00000000     1.01635223
  11  178    0     0.00000000     1.03854319
  11  179    0     0.00000000     0.97914238
  11  180    0     0.00000000     0.89494296
  11  181    0     0.00000000     0.90636082
  11  182    0     0.00000000     0.94785174
  11  183    0     0.00000000     0.94812363
  11  184    0     0.00000000     1.09522962
  11  185    0     0.00000000     1.10930031
  11  186    0     0.00000000     1.06535587
  11  187    0     0.00000000     1.07197490
  11  188    0     0.00000000     1.05907640
  11  189    0     0.00000000     1.07620158
  11  190    0     0.00000000     1.04882725
  11  191    0     0.00000000     1.05755810
  11  192    0     0.00000000     1.03737205
  11  193    0     0.00000000     1.11670581
  11  194    0     0.00000000     1.10206955
  11  195    0     0.00000000     1.07737286
  11  196    0     0.00000000     1.05642293
  11  197    0     0.00000000     1.07652715
  11  198    0     0.00000000     1.05227855
  11  199    0     0.00000000     1.06609704
  11  200    0     0.00000000     1.09768298
  11  201    0     0.00000000     1.04762499
  11  202    0     0.00000000     1.10603585
  11  203    0     0.00000000     1.15712076
  11  204    0     0.00000000     1.12979366
  11  205    0     0.00000000     1.14594469
  11  206    0     0.00000000     1.11736401
  11  207    0     0.00000000     1.23282321
  11  208    0     0.00000000     1.10244040
  11  209    0     0.00000000     1.07172688
  11  210    0     0.00000000     1.08078871
  11  211    0     0.00000000     1.10876084
  11  212    0     0.00000000     1.07080360
  11  213    0     0.00000000     1.06850103
  11  214    0     0.00000000     1.12182192
  11  215    0     0.00000000     1.08384364
  11  216    0     0.00000000     1.13258431
  11  217    0     0.00000000     1.06818491
  12    0    0     0.00000000     1.01241647
  12    1    0     0.00000000     0.99385820
  12    2    0     0.00000000     0.97596806
  12    3    0     0.00000000     0.98379087
  12    4    0     0.00000000     0.98379087
  12    5    0     0.00000000     0.99174011
  12    6    0     0.00000000     0.91622420
  12    7    0     0.00000000     0.91622420
  12    8    0     0.00000000     0.91622420
  12    9    0     0.00000000     0.85139485
  12   10    0     0.00000000     0.92654458
  12   11    0     0.00000000     0.92654458
  12   12    0     0.00000000     1.01624506
  12   13    0     0.00000000     0.88969056
  12   14    0     0.00000000     0.79116554
  12   15    0     0.00000000     0.82878460
  12   16    0     0.00000000     0.87015976
  12   17    0     0.00000000     1.30893699
  12   18    0     0.00000000     1.14611855
  12   19    0     0.00000000     1.10068162
  12   20    0     0.00000000     1.15632790
  12   21    0     0.00000000     1.21790032
  12   22    0     0.00000000     1.12430018
  12   23    0     0.00000000     0.83708148
  12   24    0     0.00000000     1.16076294
  12   25    0     0.00000000     1.18097888
  12   26    0     0.00000000     1.12152390
  12   27    0     0.00000000     1.09745191
  12   28    0     0.00000000     0.92399129
  12   29    0     0.00000000     0.99023059
  12   30    0     0.00000000     1.06670046
  12   31    0     0.00000000     1.13176569
  12   32    0     0.00000000     0.98830384
  12   33    0     0.00000000     0.97815182
  12   34    0     0.00000000     0.96820624
  12   35    0     0.00000000     0.92648307
  12   36    0     0.00000000     1.00000000
  12   37    0     0.00000000     1.00000000
  12   38    0     0.00000000     1.00000000
  12   39    0     0.00000000     1.00000000
  12   40    0     0.00000000     1.00000000
  12   41    0     0.00000000     1.00000000
  12   42    0     0.00000000     1.00000000
  12   43    0     0.00000000     1.00000000
  12   44    0     0.00000000     1.00000000
  12   45    0     0.00000000     1.00000000
  12   46    0     0.00000000     1.00000000
  12   47    0     0.00000000     1.00000000
  12   48    0     0.00000000     1.00000000
  12   49    0     0.00000000     1.21989539
  12   50    0     0.00000000     1.40260228
  12   51    0     0.00000000     1.27703388
  12   52    0     0.00000000     1.25847018
  12   53    0     0.00000000     1.26153850
  12   54    0     0.00000000     1.42021242
  12   55    0     0.00000000     1.33592718
  12   56    0     0.00000000     1.35964195
  12   57    0     0.00000000     1.32029857
  12   58    0     0.00000000     1.28316808
  12   59    0     0.00000000     1.41395286
  12   60    0     0.00000000     1.31705875
  12   61    0     0.00000000     1.27301120
  12   62    0     0.00000000     1.32737442
  12   63    0     0.00000000     1.38367942
  12   64    0     0.00000000     1.34089286
  12   65    0     0.00000000     1.34552933
  12   66    0     0.00000000     1.24709830
  12   67    0     0.00000000     1.33833497
  12   68    0     0.00000000     1.11031129
  12   69    0     0.00000000     1.31299873
  12   70    0     0.00000000     1.21903371
  12   71    0     0.00000000     1.24247358
  12   72    0     0.00000000     1.41602816
  12   73    0     0.00000000     1.22584502
  12   74    0     0.00000000     1.31686409
  12   75    0     0.00000000     1.24860297
  12   76    0     0.00000000     1.39247537
  12   77    0     0.00000000     1.24351583
  12   78    0     0.00000000     1.29432649
  12   79    0     0.00000000     1.25646906
  12   80    0     0.00000000     1.39491614
  12   81    0     0.00000000     1.56765163
  12   82    0     0.00000000     1.34449823
  12   83    0     0.00000000     1.28041998
  12   84    0     0.00000000     1.22670263
  12   85    0     0.00000000     1.31311517
  12   86    0     0.00000000     1.19827118
  12   87    0     0.00000000     1.30129629
  12   88    0     0.00000000     1.28505562
  12   89    0     0.00000000     1.24576936
  12   90    0     0.00000000     1.29552807
  12   91    0     0.00000000     1.19983051
  12   92    0     0.00000000     1.21637677
  12   93    0     0.00000000     1.18989002
  12   94    0     0.00000000     1.27351879
  12   95    0     0.00000000     1.37114513
  12   96    0     0.00000000     1.39183432
  12   97    0     0.00000000     1.27602271
  12   98    0     0.00000000     1.24378258
  12   99    0     0.00000000     1.27958787
  12  100    0     0.00000000     1.29770975
  12  101    0     0.00000000     1.33641238
  12  102    0     0.00000000     1.29628591
  12  103    0     0.00000000     1.35360611
  12  104    0     0.00000000     1.34208053
  12  105    0     0.00000000     1.35652344
  12  106    0     0.00000000     1.00000000
  12  107    0     0.00000000     1.00000000
  12  108    0     0.00000000     1.00000000
  12  109    0     0.00000000     1.00000000
  12  110    0     0.00000000     1.00000000
  12  111    0     0.00000000     1.00000000
  12  112    0     0.00000000     1.00000000
  12  113    0     0.00000000     1.00000000
  12  114    0     0.00000000     1.00000000
  12  115    0     0.00000000     1.00000000
  12  116    0     0.00000000     1.00000000
  12  117    0     0.00000000     1.00000000
  12  118    0     0.00000000     1.00000000
  12  119    0     0.00000000     1.00000000
  12  120    0     0.00000000     1.00000000
  12  121    0     0.00000000     1.00000000
  12  122    0     0.00000000     1.00000000
  12  123    0     0.00000000     1.00000000
  12  124    0     0.00000000     0.73221573
  12  125    0     0.00000000     0.80613707
  12  126    0     0.00000000     0.82802457
  12  127    0     0.00000000     0.82955389
  12  128    0     0.00000000     0.80838676
  12  129    0     0.00000000     0.80889197
  12  130    0     0.00000000     0.79008051
  12  131    0     0.00000000     0.86593878
  12  132    0     0.00000000     0.89154627
  12  133    0     0.00000000     0.87484330
  12  134    0     0.00000000     0.89351660
  12  135    0     0.00000000     0.89964614
  12  136    0     0.00000000     0.91871514
  12  137    0     0.00000000     0.92813729
  12  138    0     0.00000000     0.94019983
  12  139    0     0.00000000     0.96491989
  12  140    0     0.00000000     0.91512298
  12  141    0     0.00000000     0.91121031
  12  142    0     0.00000000     0.90220057
  12  143    0     0.00000000     0.93428330
  12  144    0     0.00000000     0.91871590
  12  145    0     0.00000000     0.90376226
  12  146    0     0.00000000     0.82522012
  12  147    0     0.00000000     0.85173982
  12  148    0     0.00000000     0.82482445
  12  149    0     0.00000000     0.84064319
  12  150    0     0.00000000     0.82677888
  12  151    0     0.00000000     0.82049034
  12  152    0     0.00000000     0.79864516
  12  153    0     0.00000000     0.78380856
  12  154    0     0.00000000     0.75271710
  12  155    0     0.00000000     0.77441607
  12  156    0     0.00000000     0.81844743
  12  157    0     0.00000000     0.77844418
  12  158    0     0.00000000     0.80625776
  12  159    0     0.00000000     0.83024560
  12  160    0     0.00000000     0.82473042
  12  161    0     0.00000000     0.86448925
  12  162    0     0.00000000     0.83792945
  12  163    0     0.00000000     0.85939235
  12  164    0     0.00000000     0.85769694
  12  165    0     0.00000000     0.90727223
  12  166    0     0.00000000     0.89117436
  12  167    0     0.00000000     0.92778299
  12  168    0     0.00000000     0.94471982
  12  169    0     0.00000000     0.92109784
  12  170    0     0.00000000     0.94505764
  12  171    0     0.00000000     0.89076928
  12  172    0     0.00000000     0.93385810
  12  173    0     0.00000000     0.92901355
  12  174    0     0.00000000     0.83758036
  12  175    0     0.00000000     0.86016731
  12  176    0     0.00000000     0.81064976
  12  177    0     0.00000000     0.86215727
  12  178    0     0.00000000     0.89890625
  12  179    0     0.00000000     0.91938027
  12  180    0     0.00000000     0.86579247
  12  181    0     0.00000000     0.98669009
  12  182    0     0.00000000     1.00000000
  12  183    0     0.00000000     1.00000000
  12  184    0     0.00000000     1.00000000
  12  185    0     0.00000000     1.00000000
  12  186    0     0.00000000     1.00000000
  12  187    0     0.00000000     1.00000000
  12  188    0     0.00000000     1.00000000
  12  189    0     0.00000000     1.00000000
  12  190    0     0.00000000     1.00000000
  12  191    0     0.00000000     1.00000000
  12  192    0     0.00000000     1.00000000
  12  193    0     0.00000000     1.00000000
  12  194    0     0.00000000     0.89901917
  12  195    0     0.00000000     1.00517211
  12  196    0     0.00000000     0.93598376
  12  197    0     0.00000000     1.00052223
  12  198    0     0.00000000     0.87757221
  12  199    0     0.00000000     0.97694160
  12  200    0     0.00000000     1.06577571
  12  201    0     0.00000000     1.10167730
  12  202    0     0.00000000     0.99042101
  12  203    0     0.00000000     1.05176425
  12  204    0     0.00000000     1.09355004
  12  205    0     0.00000000     1.11353198
  12  206    0     0.00000000     1.02318326
  12  207    0     0.00000000     1.01287381
  12  208    0     0.00000000     0.92739255
  12  209    0     0.00000000     1.04095069
  12  210    0     0.00000000     1.06931352
  12  211    0     0.00000000     1.10413739
  12  212    0     0.00000000     1.07025649
  12  213    0     0.00000000     1.11362761
  12  214    0     0.00000000     1.03226600
  12  215    0     0.00000000     1.09259053
  12  216    0     0.00000000     1.04527712
  12  217    0     0.00000000     1.09172284
  12  218    0     0.00000000     1.06126459
  12  219    0     0.00000000     1.08165659
  12  220    0     0.00000000     1.08766518
  12  221    0     0.00000000     1.13179014
  12  222    0     0.00000000     1.17498084
  12  223    0     0.00000000     1.13624682
  12  224    0     0.00000000     1.08674976
  12  225    0     0.00000000     1.13395810
  12  226    0     0.00000000     1.06978127
  12  227    0     0.00000000     1.07222815
  12  228    0     0.00000000     1.02895351
  12  229    0     0.00000000     1.14301242
  13    0    0     0.00000000     1.34736002
  13    1    0     0.00000000     1.16110035
  13    2    0     0.00000000     1.17044162
  13    3    0     0.00000000     1.09885792
  13    4    0     0.00000000     1.05589337
  13    5    0     0.00000000     1.18288525
  13    6    0     0.00000000     1.17558718
  13    7    0     0.00000000     1.16837860
  13    8    0     0.00000000     1.08768043
  13    9    0     0.00000000     1.41115911
  13   10    0     0.00000000     1.07789176
  13   11    0     0.00000000     1.85446117
  13   12    0     0.00000000     1.05564749
  13   13    0     0.00000000     1.03320833
  13   14    0     0.00000000     1.12131905
  13   15    0     0.00000000     0.98331154
  13   16    0     0.00000000     1.29513729
  13   17    0     0.00000000     1.00000000
  13   18    0     0.00000000     1.00000000
  13   19    0     0.00000000     1.00000000
  13   20    0     0.00000000     1.00000000
  13   21    0     0.00000000     1.00000000
  13   22    0     0.00000000     1.00000000
  13   23    0     0.00000000     1.00000000
  13   24    0     0.00000000     1.00000000
  13   25    0     0.00000000     1.00000000
  13   26    0     0.00000000     1.00000000
  13   27    0     0.00000000     1.00000000
  13   28    0     0.00000000     1.29513729
  13   29    0     0.00000000     1.31354330
  13   30    0     0.00000000     1.15766612
  13   31    0     0.00000000     1.20636632
  13   32    0     0.00000000     1.25964833
  13   33    0     0.00000000     1.26182092
  13   34    0     0.00000000     1.27160020
  13   35    0     0.00000000     1.27160020
  13   36    0     0.00000000     1.27160020
  13   37    0     0.00000000     1.27160020
  13   38    0     0.00000000     1.28153224
  13   39    0     0.00000000     1.23299701
  13   40    0     0.00000000     1.28074026
  13   41    0     0.00000000     1.32606310
  13   42    0     0.00000000     1.28448457
  13   43    0     0.00000000     1.32179122
  13   44    0     0.00000000     1.33711948
  13   45    0     0.00000000     1.47867772
  13   46    0     0.00000000     1.39729796
  13   47    0     0.00000000     1.35822459
  13   48    0     0.00000000     1.35739716
  13   49    0     0.00000000     1.28283510
  13   50    0     0.00000000     1.28741400
  13   51    0     0.00000000     1.33981509
  13   52    0     0.00000000     1.36241485
  13   53    0     0.00000000     1.37765008
  13   54    0     0.00000000     1.33325589
  13   55    0     0.00000000     1.31954840
  13   56    0     0.00000000     1.18069070
  13   57    0     0.00000000     1.14793514
  13   58    0     0.00000000     1.19045675
  13   59    0     0.00000000     1.18107054
  13   60    0     0.00000000     1.36296375
  13   61    0     0.00000000     1.22702601
  13   62    0     0.00000000     1.33188240
  13   63    0     0.00000000     1.21841923
  13   64    0     0.00000000     1.26871762
  13   65    0     0.00000000     1.27400365
  13   66    0     0.00000000     1.29656003
  13   67    0     0.00000000     1.21183047
  13   68    0     0.00000000     1.48898024
  13   69    0     0.00000000     1.34484375
  13   70    0     0.00000000     1.22614982
  13   71    0     0.00000000     1.41098521
  13   72    0     0.00000000     1.24427483
  13   73    0     0.00000000     1.28928916
  13   74    0     0.00000000     1.25176058
  13   75    0     0.00000000     1.30103401
  13   76    0     0.00000000     1.35691308
  13   77    0     0.00000000     1.17547780
  13   78    0     0.00000000     1.34635559
  13   79    0     0.00000000     1.20385629
  13   80    0     0.00000000     1.28665436
  13   81    0     0.00000000     1.21758763
  13   82    0     0.00000000     1.29364966
  13   83    0     0.00000000     1.49488015
  13   84    0     0.00000000     1.35792370
  13   85    0     0.00000000     1.38897952
  13   86    0     0.00000000     1.28753014
  13   87    0     0.00000000     1.34102783
  13   88    0     0.00000000     1.26608543
  13   89    0     0.00000000     1.36173964
  13   90    0     0.00000000     1.29579095
  13   91    0     0.00000000     1.45238241
  13   92    0     0.00000000     1.41885318
  13   93    0     0.00000000     1.34600591
  13   94    0     0.00000000     1.29775147
  13   95    0     0.00000000     1.32382608
  13   96    0     0.00000000     1.30890695
  13   97    0     0.00000000     1.36378441
  13   98    0     0.00000000     1.29440985
  13   99    0     0.00000000     1.00000000
  13  100    0     0.00000000     1.00000000
  13  101    0     0.00000000     1.00000000
  13  102    0     0.00000000     1.00000000
  13  103    0     0.00000000     1.00000000
  13  104    0     0.00000000     1.00000000
  13  105    0     0.00000000     1.00000000
  13  106    0     0.00000000     1.00000000
  13  107    0     0.00000000     1.00000000
  13  108    0     0.00000000     1.00000000
  13  109    0     0.00000000     1.00000000
  13  110    0     0.00000000     1.00000000
  13  111    0     0.00000000     1.00000000
  13  112    0     0.00000000     1.00000000
  13  113    0     0.00000000     1.00000000
  13  114    0     0.00000000     1.00000000
  13  115    0     0.00000000     0.80573737
  13  116    0     0.00000000     0.81779225
  13  117    0     0.00000000     0.92787480
  13  118    0     0.00000000     0.92241870
  13  119    0     0.00000000     0.97273632
  13  120    0     0.00000000     0.99160673
  13  121    0     0.00000000     0.96406151
  13  122    0     0.00000000     0.97879937
  13  123    0     0.00000000     0.91368967
  13  124    0     0.00000000     0.89696717
  13  125    0     0.00000000     0.83500370
  13  126    0     0.00000000     0.82973706
  13  127    0     0.00000000     0.83229665
  13  128    0     0.00000000     0.83286250
  13  129    0     0.00000000     0.84925181
  13  130    0     0.00000000     0.89128463
  13  131    0     0.00000000     0.87536138
  13  132    0     0.00000000     0.89924128
  13  133    0     0.00000000     0.92565163
  13  134    0     0.00000000     0.99721715
  13  135    0     0.00000000     0.99007184
  13  136    0     0.00000000     1.00864668
  13  137    0     0.00000000     1.00117304
  13  138    0     0.00000000     1.03361415
  13  139    0     0.00000000     1.01610152
  13  140    0     0.00000000     1.05411333
  13  141    0     0.00000000     1.03800346
  13  142    0     0.00000000     1.02796790
  13  143    0     0.00000000     1.05014823
  13  144    0     0.00000000     1.05195430
  13  145    0     0.00000000     1.04141738
  13  146    0     0.00000000     1.04334093
  13  147    0     0.00000000     1.01761873
  13  148    0     0.00000000     1.02596260
  13  149    0     0.00000000     1.00400312
  13  150    0     0.00000000     1.00529324
  13  151    0     0.00000000     0.97628980
  13  152    0     0.00000000     1.00856903
  13  153    0     0.00000000     0.95947850
  13  154    0     0.00000000     0.95743255
  13  155    0     0.00000000     0.93831205
  13  156    0     0.00000000     0.97869917
  13  157    0     0.00000000     0.94901245
  13  158    0     0.00000000     0.91638823
  13  159    0     0.00000000     0.91268332
  13  160    0     0.00000000     0.90846576
  13  161    0     0.00000000     0.84713538
  13  162    0     0.00000000     0.81794280
  13  163    0     0.00000000     0.73773243
  13  164    0     0.00000000     0.74102975
  13  165    0     0.00000000     0.75102324
  13  166    0     0.00000000     0.77115574
  13  167    0     0.00000000     0.71881351
  13  168    0     0.00000000     0.71966304
  13  169    0     0.00000000     0.70751729
  13  170    0     0.00000000     0.73809076
  13  171    0     0.00000000     0.76761687
  13  172    0     0.00000000     0.84879116
  13  173    0     0.00000000     0.83586949
  13  174    0     0.00000000     0.92682340
  13  175    0     0.00000000     0.92371451
  13  176    0     0.00000000     1.00399927
  13  177    0     0.00000000     0.94872352
  13  178    0     0.00000000     1.00687947
  13  179    0     0.00000000     0.95519509
  13  180    0     0.00000000     0.89916913
  13  181    0     0.00000000     0.85382216
  13  182    0     0.00000000     0.87146354
  13  183    0     0.00000000     0.93918988
  13  184    0     0.00000000     0.93386626
  13  185    0     0.00000000     1.00208698
  13  186    0     0.00000000     1.00000000
  13  187    0     0.00000000     1.00000000
  13  188    0     0.00000000     1.00000000
  13  189    0     0.00000000     1.00000000
  13  190    0     0.00000000     1.00000000
  13  191    0     0.00000000     1.00000000
  13  192    0     0.00000000     1.00000000
  13  193    0     0.00000000     1.00000000
  13  194    0     0.00000000     1.00000000
  13  195    0     0.00000000     1.00000000
  13  196    0     0.00000000     1.00000000
  13  197    0     0.00000000     1.13061518
  13  198    0     0.00000000     1.06124947
  13  199    0     0.00000000     1.03450388
  13  200    0     0.00000000     0.93533490
  13  201    0     0.00000000     1.01360377
  13  202    0     0.00000000     0.97366937
  13  203    0     0.00000000     0.96407123
  13  204    0     0.00000000     1.04925147
  13  205    0     0.00000000     1.07877977
  13  206    0     0.00000000     1.08110002
  13  207    0     0.00000000     1.11768792
  13  208    0     0.00000000     1.20504991
  13  209    0     0.00000000     1.22031386
  13  210    0     0.00000000     1.20490757
  13  211    0     0.00000000     1.18829792
  13  212    0     0.00000000     1.29696235
  13  213    0     0.00000000     1.28627893
  14    0    0     0.00000000     1.41344179
  14    1    0     0.00000000     1.31507528
  14    2    0     0.00000000     1.24112992
  14    3    0     0.00000000     1.00000000
  14    4    0     0.00000000     1.00000000
  14    5    0     0.00000000     1.00000000
  14    6    0     0.00000000     1.00000000
  14    7    0     0.00000000     1.00000000
  14    8    0     0.00000000     1.00000000
  14    9    0     0.00000000     1.00000000
  14   10    0     0.00000000     1.00000000
  14   11    0     0.00000000     1.00000000
  14   12    0     0.00000000     1.00000000
  14   13    0     0.00000000     1.00000000
  14   14    0     0.00000000     1.00000000
  14   15    0     0.00000000     1.11638627
  14   16    0     0.00000000     1.05600882
  14   17    0     0.00000000     1.00182708
  14   18    0     0.00000000     1.22250411
  14   19    0     0.00000000     1.08689236
  14   20    0     0.00000000     1.22033638
  14   21    0     0.00000000     1.22033638
  14   22    0     0.00000000     1.39113388
  14   23    0     0.00000000     1.24509296
  14   24    0     0.00000000     1.35745291
  14   25    0     0.00000000     1.32703437
  14   26    0     0.00000000     1.34143444
  14   27    0     0.00000000     1.26841561
  14   28    0     0.00000000     1.30068347
  14   29    0     0.00000000     1.30068347
  14   30    0     0.00000000     1.30068347
  14   31    0     0.00000000     1.30068347
  14   32    0     0.00000000     1.30068347
  14   33    0     0.00000000     1.33463594
  14   34    0     0.00000000     1.41963335
  14   35    0     0.00000000     1.39979321
  14   36    0     0.00000000     1.38752152
  14   37    0     0.00000000     1.31985333
  14   38    0     0.00000000     1.47579782
  14   39    0     0.00000000     1.34300115
  14   40    0     0.00000000     1.47113049
  14   41    0     0.00000000     1.20284975
  14   42    0     0.00000000     1.29493633
  14   43    0     0.00000000     1.37445800
  14   44    0     0.00000000     1.54136813
  14   45    0     0.00000000     1.25651209
  14   46    0     0.00000000     1.35330211
  14   47    0     0.00000000     1.32241079
  14   48    0     0.00000000     1.35440571
  14   49    0     0.00000000     1.38798722
  14   50    0     0.00000000     1.44694730
  14   51    0     0.00000000     1.33654127
  14   52    0     0.00000000     1.23225853
  14   53    0     0.00000000     1.40195884
  14   54    0     0.00000000     1.28661515
  14   55    0     0.00000000     1.35037448
  14   56    0     0.00000000     1.37877603
  14   57    0     0.00000000     1.40839796
  14   58    0     0.00000000     1.26847359
  14   59    0     0.00000000     1.27409982
  14   60    0     0.00000000     1.25772459
  14   61    0     0.00000000     1.29828203
  14   62    0     0.00000000     1.29058026
  14   63    0     0.00000000     1.47797790
  14   64    0     0.00000000     1.35200578
  14   65    0     0.00000000     1.24582102
  14   66    0     0.00000000     1.33123682
  14   67    0     0.00000000     1.35493344
  14   68    0     0.00000000     1.32580454
  14   69    0     0.00000000     1.26904433
  14   70    0     0.00000000     1.27343513
  14   71    0     0.00000000     1.45897581
  14   72    0     0.00000000     1.26946393
  14   73    0     0.00000000     1.37797846
  14   74    0     0.00000000     1.24560870
  14   75    0     0.00000000     1.22650491
  14   76    0     0.00000000     1.25820846
  14   77    0     0.00000000     1.28257523
  14   78    0     0.00000000     1.44620214
  14   79    0     0.00000000     1.43213401
  14   80    0     0.00000000     1.43919003
  14   81    0     0.00000000     1.34526375
  14   82    0     0.00000000     1.29313131
  14   83    0     0.00000000     1.42269319
  14   84    0     0.00000000     1.42205812
  14   85    0     0.00000000     1.34978229
  14   86    0     0.00000000     1.39796149
  14   87    0     0.00000000     1.52091844
  14   88    0     0.00000000     1.28493606
  14   89    0     0.00000000     1.32356885
  14   90    0     0.00000000     1.31730263
  14   91    0     0.00000000     1.38443600
  14   92    0     0.00000000     1.34590687
  14   93    0     0.00000000     1.28382070
  14   94    0     0.00000000     1.00000000
  14   95    0     0.00000000     1.00000000
  14   96    0     0.00000000     1.00000000
  14   97    0     0.00000000     1.00000000
  14   98    0     0.00000000     1.00000000
  14   99    0     0.00000000     1.00000000
  14  100    0     0.00000000     1.00000000
  14  101    0     0.00000000     1.00000000
  14  102    0     0.00000000     1.00000000
  14  103    0     0.00000000     1.00000000
  14  104    0     0.00000000     1.08680670
  14  105    0     0.00000000     1.04007025
  14  106    0     0.00000000     0.93991595
  14  107    0     0.00000000     1.03270235
  14  108    0     0.00000000     1.00000000
  14  109    0     0.00000000     1.00000000
  14  110    0     0.00000000     1.00000000
  14  111    0     0.00000000     1.00000000
  14  112    0     0.00000000     1.00000000
  14  113    0     0.00000000     1.00000000
  14  114    0     0.00000000     1.00000000
  14  115    0     0.00000000     1.00000000
  14  116    0     0.00000000     1.00000000
  14  117    0     0.00000000     1.00000000
  14  118    0     0.00000000     0.90217473
  14  119    0     0.00000000     0.86855003
  14  120    0     0.00000000     0.85680964
  14  121    0     0.00000000     0.93120894
  14  122    0     0.00000000     0.92293420
  14  123    0     0.00000000     0.94028769
  14  124    0     0.00000000     0.91684587
  14  125    0     0.00000000     0.97792757
  14  126    0     0.00000000     0.96837276
  14  127    0     0.00000000     1.02703939
  14  128    0     0.00000000     1.02401769
  14  129    0     0.00000000     1.05248153
  14  130    0     0.00000000     1.02209787
  14  131    0     0.00000000     1.07840883
  14  132    0     0.00000000     1.05292144
  14  133    0     0.00000000     1.05478940
  14  134    0     0.00000000     1.04969659
  14  135    0     0.00000000     1.01759741
  14  136    0     0.00000000     0.97585306
  14  137    0     0.00000000     1.03736457
  14  138    0     0.00000000     0.95581596
  14  139    0     0.00000000     1.02334371
  14  140    0     0.00000000     0.97708527
  14  141    0     0.00000000     1.00795575
  14  142    0     0.00000000     1.02790187
  14  143    0     0.00000000     1.05449252
  14  144    0     0.00000000     1.04626865
  14  145    0     0.00000000     1.02396523
  14  146    0     0.00000000     1.04521918
  14  147    0     0.00000000     1.04603161
  14  148    0     0.00000000     1.03527793
  14  149    0     0.00000000     1.03898295
  14  150    0     0.00000000     1.01429742
  14  151    0     0.00000000     1.01859395
  14  152    0     0.00000000     0.97047059
  14  153    0     0.00000000     0.99200724
  14  154    0     0.00000000     0.93390497
  14  155    0     0.00000000     0.95080011
  14  156    0     0.00000000     0.94102499
  14  157    0     0.00000000     0.94256645
  14  158    0     0.00000000     0.91887853
  14  159    0     0.00000000     0.87931013
  14  160    0     0.00000000     0.86265795
  14  161    0     0.00000000     0.86576302
  14  162    0     0.00000000     0.90696837
  14  163    0     0.00000000     0.88811088
  14  164    0     0.00000000     0.85979755
  14  165    0     0.00000000     0.92859546
  14  166    0     0.00000000     0.92224173
  14  167    0     0.00000000     0.98075484
  14  168    0     0.00000000     0.95733580
  14  169    0     0.00000000     1.01027511
  14  170    0     0.00000000     0.97448590
  14  171    0     0.00000000     0.94657354
  14  172    0     0.00000000     0.97270005
  14  173    0     0.00000000     0.97351642
  14  174    0     0.00000000     0.94184922
  14  175    0     0.00000000     0.96335040
  14  176    0     0.00000000     0.92663957
  14  177    0     0.00000000     0.91418462
  14  178    0     0.00000000     0.88604999
  14  179    0     0.00000000     0.92589629
  14  180    0     0.00000000     0.85811367
  14  181    0     0.00000000     0.87790938
  14  182    0     0.00000000     0.80448108
  14  183    0     0.00000000     0.84512297
  14  184    0     0.00000000     0.88436061
  14  185    0     0.00000000     0.95720341
  14  186    0     0.00000000     1.00457380
  14  187    0     0.00000000     1.13527364
  14  188    0     0.00000000     1.10435539
  14  189    0     0.00000000     1.11018135
  14  190    0     0.00000000     1.12597538
  14  191    0     0.00000000     1.12588770
  14  192    0     0.00000000     1.02175148
  14  193    0     0.00000000     1.02026073
  14  194    0     0.00000000     1.04631408
  14  195    0     0.00000000     1.13467927
  14  196    0     0.00000000     1.10627284
  14  197    0     0.00000000     1.24077936
  14  198    0     0.00000000     1.00000000
  14  199    0     0.00000000     1.00000000
  14  200    0     0.00000000     1.00000000
  14  201    0     0.00000000     1.00000000
  14  202    0     0.00000000     1.00000000
  14  203    0     0.00000000     1.00000000
  14  204    0     0.00000000     1.00000000
  14  205    0     0.00000000     1.00000000
  14  206    0     0.00000000     1.00000000
  14  207    0     0.00000000     1.00000000
  14  208    0     0.00000000     1.23161165
  14  209    0     0.00000000     1.32720347
  14  210    0     0.00000000     1.32445648
  14  211    0     0.00000000     1.50344177
  15    0    0     0.00000000     1.00000000
  15    1    0     0.00000000     1.00000000
  15    2    0     0.00000000     1.00000000
  15    3    0     0.00000000     1.00000000
  15    4    0     0.00000000     0.99173564
  15    5    0     0.00000000     1.10101844
  15    6    0     0.00000000     1.10101844
  15    7    0     0.00000000     1.10101844
  15    8    0     0.00000000     1.10101844
  15    9    0     0.00000000     1.10101844
  15   10    0     0.00000000     1.10101844
  15   11    0     0.00000000     1.10101844
  15   12    0     0.00000000     1.23736836
  15   13    0     0.00000000     1.31842747
  15   14    0     0.00000000     1.31842747
  15   15    0     0.00000000     1.31842747
  15   16    0     0.00000000     1.41085133
  15   17    0     0.00000000     1.30528880
  15   18    0     0.00000000     1.21442337
  15   19    0     0.00000000     1.55802315
  15   20    0     0.00000000     1.38282845
  15   21    0     0.00000000     1.38448011
  15   22    0     0.00000000     1.26427675
  15   23    0     0.00000000     1.32024623
  15   24    0     0.00000000     1.25657710
  15   25    0     0.00000000     1.31888626
  15   26    0     0.00000000     1.30936252
  15   27    0     0.00000000     1.39810118
  15   28    0     0.00000000     1.39810118
  15   29    0     0.00000000     1.39810118
  15   30    0     0.00000000     1.49974234
  15   31    0     0.00000000     1.46694889
  15   32    0     0.00000000     1.35142877
  15   33    0     0.00000000     1.35142877
  15   34    0     0.00000000     1.25277457
  15   35    0     0.00000000     1.30100039
  15   36    0     0.00000000     1.40760094
  15   37    0     0.00000000     1.33958070
  15   38    0     0.00000000     1.50672677
  15   39    0     0.00000000     1.35588610
  15   40    0     0.00000000     1.20929219
  15   41    0     0.00000000     1.22838438
  15   42    0     0.00000000     1.24808910
  15   43    0     0.00000000     1.27242085
  15   44    0     0.00000000     1.27242085
  15   45    0     0.00000000     1.29772017
  15   46    0     0.00000000     1.33483843
  15   47    0     0.00000000     1.28531230
  15   48    0     0.00000000     1.23118318
  15   49    0     0.00000000     1.26960375
  15   50    0     0.00000000     1.39375920
  15   51    0     0.00000000     1.28282233
  15   52    0     0.00000000     1.35555787
  15   53    0     0.00000000     1.50413664
  15   54    0     0.00000000     1.41581008
  15   55    0     0.00000000     1.35523120
  15   56    0     0.00000000     1.27746510
  15   57    0     0.00000000     1.29847525
  15   58    0     0.00000000     1.32018805
  15   59    0     0.00000000     1.39502088
  15   60    0     0.00000000     1.23526564
  15   61    0     0.00000000     1.25466997
  15   62    0     0.00000000     1.27469366
  15   63    0     0.00000000     1.43630388
  15   64    0     0.00000000     1.24202719
  15   65    0     0.00000000     1.19594958
  15   66    0     0.00000000     1.51525609
  15   67    0     0.00000000     1.36384484
  15   68    0     0.00000000     1.46628327
  15   69    0     0.00000000     1.23261877
  15   70    0     0.00000000     1.21916887
  15   71    0     0.00000000     1.22281207
  15   72    0     0.00000000     1.17703941
  15   73    0     0.00000000     1.23108823
  15   74    0     0.00000000     1.19935144
  15   75    0     0.00000000     1.36254964
  15   76    0     0.00000000     1.32537334
  15   77    0     0.00000000     1.37123092
  15   78    0     0.00000000     1.32436104
  15   79    0     0.00000000     1.31994067
  15   80    0     0.00000000     1.36465303
  15   81    0     0.00000000     1.32644632
  15   82    0     0.00000000     1.35849104
  15   83    0     0.00000000     1.37090334
  15   84    0     0.00000000     1.46040378
  15   85    0     0.00000000     1.38286698
  15   86    0     0.00000000     1.25596553
  15   87    0     0.00000000     1.34635013
  15   88    0     0.00000000     1.33053516
  15   89    0     0.00000000     1.33074187
  15   90    0     0.00000000     1.34078588
  15   91    0     0.00000000     1.00000000
  15   92    0     0.00000000     1.00000000
  15   93    0     0.00000000     1.00000000
  15   94    0     0.00000000     1.00000000
  15   95    0     0.00000000     1.00000000
  15   96    0     0.00000000     1.00000000
  15   97    0     0.00000000     1.00000000
  15   98    0     0.00000000     1.00000000
  15   99    0     0.00000000     1.00000000
  15  100    0     0.00000000     1.00000000
  15  101    0     0.00000000     1.11481370
  15  102    0     0.00000000     1.14745108
  15  103    0     0.00000000     1.21730935
  15  104    0     0.00000000     1.20495918
  15  105    0     0.00000000     1.15811663
  15  106    0     0.00000000     1.10936975
  15  107    0     0.00000000     1.09994880
  15  108    0     0.00000000     1.03056095
  15  109    0     0.00000000     1.02040946
  15  110    0     0.00000000     1.08019604
  15  111    0     0.00000000     1.01456988
  15  112    0     0.00000000     1.04629788
  15  113    0     0.00000000     1.00000000
  15  114    0     0.00000000     1.00000000
  15  115    0     0.00000000     1.00000000
  15  116    0     0.00000000     1.00000000
  15  117    0     0.00000000     1.00000000
  15  118    0     0.00000000     1.00000000
  15  119    0     0.00000000     1.00000000
  15  120    0     0.00000000     1.00000000
  15  121    0     0.00000000     1.00000000
  15  122    0     0.00000000     1.00000000
  15  123    0     0.00000000     1.05387245
  15  124    0     0.00000000     1.03587279
  15  125    0     0.00000000     1.02126863
  15  126    0     0.00000000     0.96520865
  15  127    0     0.00000000     0.92279203
  15  128    0     0.00000000     0.88297256
  15  129    0     0.00000000     0.90473500
  15  130    0     0.00000000     0.91815526
  15  131    0     0.00000000     0.92517200
  15  132    0     0.00000000     0.94478419
  15  133    0     0.00000000     0.94750728
  15  134    0     0.00000000     0.92560506
  15  135    0     0.00000000     1.01779982
  15  136    0     0.00000000     1.02659511
  15  137    0     0.00000000     1.03349811
  15  138    0     0.00000000     1.02639119
  15  139    0     0.00000000     1.05072965
  15  140    0     0.00000000     1.04018352
  15  141    0     0.00000000     1.05675736
  15  142    0     0.00000000     1.05253795
  15  143    0     0.00000000     1.03994572
  15  144    0     0.00000000     1.05126164
  15  145    0     0.00000000     1.01206213
  15  146    0     0.00000000     1.04625735
  15  147    0     0.00000000     1.08235194
  15  148    0     0.00000000     1.08890637
  15  149    0     0.00000000     1.06698161
  15  150    0     0.00000000     1.03055792
  15  151    0     0.00000000     1.04948852
  15  152    0     0.00000000     1.07748423
  15  153    0     0.00000000     1.03210269
  15  154    0     0.00000000     1.05505238
  15  155    0     0.00000000     1.06819937
  15  156    0     0.00000000     1.05844528
  15  157    0     0.00000000     1.05122421
  15  158    0     0.00000000     1.00776241
  15  159    0     0.00000000     1.04818728
  15  160    0     0.00000000     1.01812224
  15  161    0     0.00000000     1.00814606
  15  162    0     0.00000000     0.96693660
  15  163    0     0.00000000     0.93506370
  15  164    0     0.00000000     0.96195553
  15  165    0     0.00000000     0.95829217
  15  166    0     0.00000000     0.95485484
  15  167    0     0.00000000     1.00419498
  15  168    0     0.00000000     0.93547721
  15  169    0     0.00000000     0.98699078
  15  170    0     0.00000000     0.97908380
  15  171    0     0.00000000     0.98278804
  15  172    0     0.00000000     0.96142541
  15  173    0     0.00000000     1.03123494
  15  174    0     0.00000000     0.94889399
  15  175    0     0.00000000     0.99019801
  15  176    0     0.00000000     0.91499249
  15  177    0     0.00000000     0.91558261
  15  178    0     0.00000000     0.86318643
  15  179    0     0.00000000     0.89336606
  15  180    0     0.00000000     0.84642763
  15  181    0     0.00000000     0.87820164
  15  182    0     0.00000000     0.88156802
  15  183    0     0.00000000     0.88098321
  15  184    0     0.00000000     0.91944238
  15  185    0     0.00000000     1.09630503
  15  186    0     0.00000000     1.01179908
  15  187    0     0.00000000     1.06548335
  15  188    0     0.00000000     0.99306506
  15  189    0     0.00000000     1.06936271
  15  190    0     0.00000000     1.03403398
  15  191    0     0.00000000     1.08398461
  15  192    0     0.00000000     1.02920652
  15  193    0     0.00000000     1.02325050
  15  194    0     0.00000000     0.95534884
  15  195    0     0.00000000     0.98255267
  15  196    0     0.00000000     0.85935346
  15  197    0     0.00000000     1.04593823
  15  198    0     0.00000000     0.98292751
  15  199    0     0.00000000     1.03268125
  15  200    0     0.00000000     1.09588708
  15  201    0     0.00000000     1.20981019
  15  202    0     0.00000000     1.15103566
  15  203    0     0.00000000     1.15491434
  15  204    0     0.00000000     1.05947565
  15  205    0     0.00000000     1.10844743
  15  206    0     0.00000000     1.02835466
  15  207    0     0.00000000     1.14619469
  15  208    0     0.00000000     1.14373497
  15  209    0     0.00000000     1.15045715
  15  210    0     0.00000000     1.00000000
  15  211    0     0.00000000     1.00000000
  15  212    0     0.00000000     1.00000000
  15  213    0     0.00000000     1.00000000
  16    0    0     0.00000000     1.47733177
  16    1    0     0.00000000     1.47733177
  16    2    0     0.00000000     1.22156699
  16    3    0     0.00000000     1.22156699
  16    4    0     0.00000000     1.22156699
  16    5    0     0.00000000     1.22156699
  16    6    0     0.00000000     1.22156699
  16    7    0     0.00000000     1.04129209
  16    8    0     0.00000000     1.09677870
  16    9    0     0.00000000     1.09677870
  16   10    0     0.00000000     1.09677870
  16   11    0     0.00000000     1.09677870
  16   12    0     0.00000000     1.09677870
  16   13    0     0.00000000     1.09677870
  16   14    0     0.00000000     1.09677870
  16   15    0     0.00000000     1.15851150
  16   16    0     0.00000000     1.46090215
  16   17    0     0.00000000     1.38932659
  16   18    0     0.00000000     1.28921249
  16   19    0     0.00000000     1.33554647
  16   20    0     0.00000000     1.38533508
  16   21    0     0.00000000     1.20952514
  16   22    0     0.00000000     1.33656547
  16   23    0     0.00000000     1.25311693
  16   24    0     0.00000000     1.23716868
  16   25    0     0.00000000     1.22162127
  16   26    0     0.00000000     1.25320620
  16   27    0     0.00000000     1.28793365
  16   28    0     0.00000000     1.28793365
  16   29    0     0.00000000     1.32464062
  16   30    0     0.00000000     1.24780387
  16   31    0     0.00000000     1.31770652
  16   32    0     0.00000000     1.26345820
  16   33    0     0.00000000     1.39274185
  16   34    0     0.00000000     1.36223331
  16   35    0     0.00000000     1.33303271
  16   36    0     0.00000000     1.29392139
  16   37    0     0.00000000     1.33158061
  16   38    0     0.00000000     1.37149765
  16   39    0     0.00000000     1.37837977
  16   40    0     0.00000000     1.38533131
  16   41    0     0.00000000     1.31203477
  16   42    0     0.00000000     1.33065595
  16   43    0     0.00000000     1.37078706
  16   44    0     0.00000000     1.26927627
  16   45    0     0.00000000     1.33716783
  16   46    0     0.00000000     1.14726334
  16   47    0     0.00000000     1.32994444
  16   48    0     0.00000000     1.20389788
  16   49    0     0.00000000     1.37817261
  16   50    0     0.00000000     1.10089603
  16   51    0     0.00000000     1.25518932
  16   52    0     0.00000000     1.48322545
  16   53    0     0.00000000     1.24347550
  16   54    0     0.00000000     1.18979892
  16   55    0     0.00000000     1.21317695
  16   56    0     0.00000000     1.25571566
  16   57    0     0.00000000     1.28770209
  16   58    0     0.00000000     1.30852864
  16   59    0     0.00000000     1.21794610
  16   60    0     0.00000000     1.16848573
  16   61    0     0.00000000     1.16848573
  16   62    0     0.00000000     1.12288573
  16   63    0     0.00000000     1.35287757
  16   64    0     0.00000000     1.27173629
  16   65    0     0.00000000     1.24899368
  16   66    0     0.00000000     1.15433453
  16   67    0     0.00000000     1.36670106
  16   68    0     0.00000000     1.15788633
  16   69    0     0.00000000     1.18129271
  16   70    0     0.00000000     1.15384581
  16   71    0     0.00000000     1.13787931
  16   72    0     0.00000000     1.19212254
  16   73    0     0.00000000     1.17854680
  16   74    0     0.00000000     1.20166920
  16   75    0     0.00000000     1.42792682
  16   76    0     0.00000000     1.17749013
  16   77    0     0.00000000     1.22196805
  16   78    0     0.00000000     1.17210454
  16   79    0     0.00000000     1.23131246
  16   80    0     0.00000000     1.23983870
  16   81    0     0.00000000     1.31431331
  16   82    0     0.00000000     1.24856454
  16   83    0     0.00000000     1.28344093
  16   84    0     0.00000000     1.32062746
  16   85    0     0.00000000     1.26944044
  16   86    0     0.00000000     1.21602189
  16   87    0     0.00000000     1.31931429
  16   88    0     0.00000000     1.22364194
  16   89    0     0.00000000     1.25205151
  16   90    0     0.00000000     1.22706231
  16   91    0     0.00000000     1.00000000
  16   92    0     0.00000000     1.00000000
  16   93    0     0.00000000     1.00000000
  16   94    0     0.00000000     1.00000000
  16   95    0     0.00000000     1.00000000
  16   96    0     0.00000000     1.00000000
  16   97    0     0.00000000     1.00000000
  16   98    0     0.00000000     1.00000000
  16   99    0     0.00000000     1.00000000
  16  100    0     0.00000000     1.09228318
  16  101    0     0.00000000     1.12455240
  16  102    0     0.00000000     1.08855687
  16  103    0     0.00000000     1.14126446
  16  104    0     0.00000000     1.10384924
  16  105    0     0.00000000     1.12002859
  16  106    0     0.00000000     1.05859769
  16  107    0     0.00000000     1.10548233
  16  108    0     0.00000000     1.10706276
  16  109    0     0.00000000     1.13955474
  16  110    0     0.00000000     1.09968128
  16  111    0     0.00000000     1.16119859
  16  112    0     0.00000000     1.08547690
  16  113    0     0.00000000     1.09617424
  16  114    0     0.00000000     1.02944089
  16  115    0     0.00000000     1.02963823
  16  116    0     0.00000000     1.03342813
  16  117    0     0.00000000     1.04682486
  16  118    0     0.00000000     1.03770234
  16  119    0     0.00000000     1.08293637
  16  120    0     0.00000000     1.00000000
  16  121    0     0.00000000     1.00000000
  16  122    0     0.00000000     1.00000000
  16  123    0     0.00000000     1.00000000
  16  124    0     0.00000000     1.00000000
  16  125    0     0.00000000     1.00000000
  16  126    0     0.00000000     1.00000000
  16  127    0     0.00000000     1.00000000
  16  128    0     0.00000000     1.00000000
  16  129    0     0.00000000     0.90728392
  16  130    0     0.00000000     0.93233359
  16  131    0     0.00000000     0.94594987
  16  132    0     0.00000000     0.92447394
  16  133    0     0.00000000     0.89505447
  16  134    0     0.00000000     0.87789094
  16  135    0     0.00000000     0.93488479
  16  136    0     0.00000000     0.92228553
  16  137    0     0.00000000     0.91839185
  16  138    0     0.00000000     0.91680796
  16  139    0     0.00000000     0.91411442
  16  140    0     0.00000000     0.88177037
  16  141    0     0.00000000     0.88099797
  16  142    0     0.00000000     0.84755502
  16  143    0     0.00000000     0.85754644
  16  144    0     0.00000000     0.86580433
  16  145    0     0.00000000     0.86598350
  16  146    0     0.00000000     0.87274189
  16  147    0     0.00000000     0.89412535
  16  148    0     0.00000000     0.91081071
  16  149    0     0.00000000     0.95316387
  16  150    0     0.00000000     0.98172183
  16  151    0     0.00000000     1.01204391
  16  152    0     0.00000000     1.02563895
  16  153    0     0.00000000     1.03960421
  16  154    0     0.00000000     0.95979803
  16  155    0     0.00000000     0.95979803
  16  156    0     0.00000000     0.95979803
  16  157    0     0.00000000     0.95979803
  16  158    0     0.00000000     0.95979803
  16  159    0     0.00000000     0.95979803
  16  160    0     0.00000000     0.95979803
  16  161    0     0.00000000     0.95979803
  16  162    0     0.00000000     0.95979803
  16  163    0     0.00000000     0.95979803
  16  164    0     0.00000000     0.95979803
  16  165    0     0.00000000     0.95979803
  16  166    0     0.00000000     0.95979803
  16  167    0     0.00000000     0.95979803
  16  168    0     0.00000000     0.95979803
  16  169    0     0.00000000     0.95979803
  16  170    0     0.00000000     0.95979803
  16  171    0     0.00000000     0.95979803
  16  172    0     0.00000000     0.95979803
  16  173    0     0.00000000     0.95979803
  16  174    0     0.00000000     0.95979803
  16  175    0     0.00000000     0.89137110
  16  176    0     0.00000000     0.81774342
  16  177    0     0.00000000     0.81795237
  16  178    0     0.00000000     0.78690285
  16  179    0     0.00000000     0.79275107
  16  180    0     0.00000000     0.84361275
  16  181    0     0.00000000     0.83359522
  16  182    0     0.00000000     0.83509133
  16  183    0     0.00000000     0.85874511
  16  184    0     0.00000000     0.90272506
  16  185    0     0.00000000     0.90370511
  16  186    0     0.00000000     0.88104726
  16  187    0     0.00000000     0.90415459
  16  188    0     0.00000000     0.92898959
  16  189    0     0.00000000     0.96959535
  16  190    0     0.00000000     1.00786915
  16  191    0     0.00000000     0.98464559
  16  192    0     0.00000000     0.99270683
  16  193    0     0.00000000     1.04293383
  16  194    0     0.00000000     1.01807391
  16  195    0     0.00000000     0.99363084
  16  196    0     0.00000000     0.95768441
  16  197    0     0.00000000     1.00191603
  16  198    0     0.00000000     1.01866087
  16  199    0     0.00000000     1.01185067
  16  200    0     0.00000000     1.01759279
  16  201    0     0.00000000     1.02109850
  16  202    0     0.00000000     1.11477290
  16  203    0     0.00000000     1.14763841
  16  204    0     0.00000000     1.07196568
  16  205    0     0.00000000     1.18079346
  16  206    0     0.00000000     1.17217056
  16  207    0     0.00000000     1.09279168
  16  208    0     0.00000000     0.99468218
  16  209    0     0.00000000     0.94256098
  16  210    0     0.00000000     0.87975798
  16  211    0     0.00000000     0.91575445
  16  212    0     0.00000000     0.94849538
  16  213    0     0.00000000     0.99065306
  16  214    0     0.00000000     0.96748143
  16  215    0     0.00000000     0.97921836
  16  216    0     0.00000000     1.29965592
  16  217    0     0.00000000     1.22761914
  16  218    0     0.00000000     1.23416119
  16  219    0     0.00000000     1.59231596
  17    0    0     0.00000000     1.59231596
  17    1    0     0.00000000     1.59231596
  17    2    0     0.00000000     1.59231596
  17    3    0     0.00000000     1.59231596
  17    4    0     0.00000000     1.59231596
  17    5    0     0.00000000     1.59231596
  17    6    0     0.00000000     1.43472388
  17    7    0     0.00000000     1.43472388
  17    8    0     0.00000000     1.30551645
  17    9    0     0.00000000     1.33543035
  17   10    0     0.00000000     1.32702729
  17   11    0     0.00000000     1.31872932
  17   12    0     0.00000000     1.37662966
  17   13    0     0.00000000     1.20132621
  17   14    0     0.00000000     1.06562666
  17   15    0     0.00000000     1.35733792
  17   16    0     0.00000000     1.13224629
  17   17    0     0.00000000     1.05422081
  17   18    0     0.00000000     1.12740582
  17   19    0     0.00000000     1.12740582
  17   20    0     0.00000000     1.21151000
  17   21    0     0.00000000     1.19329923
  17   22    0     0.00000000     1.17562783
  17   23    0     0.00000000     1.16161914
  17   24    0     0.00000000     1.14794038
  17   25    0     0.00000000     1.40336142
  17   26    0     0.00000000     1.40336142
  17   27    0     0.00000000     1.40336142
  17   28    0     0.00000000     1.40336142
  17   29    0     0.00000000     1.80497515
  17   30    0     0.00000000     1.31971308
  17   31    0     0.00000000     1.38397654
  17   32    0     0.00000000     1.28252858
  17   33    0     0.00000000     1.39491489
  17   34    0     0.00000000     1.40422692
  17   35    0     0.00000000     1.46250239
  17   36    0     0.00000000     1.52582414
  17   37    0     0.00000000     1.19585069
  17   38    0     0.00000000     1.39750140
  17   39    0     0.00000000     1.20728318
  17   40    0     0.00000000     1.91394237
  17   41    0     0.00000000     1.29235008
  17   42    0     0.00000000     1.34564929
  17   43    0     0.00000000     1.17742065
  17   44    0     0.00000000     1.22950059
  17   45    0     0.00000000     1.43311021
  17   46    0     0.00000000     1.20027492
  17   47    0     0.00000000     1.20548403
  17   48    0     0.00000000     1.17415295
  17   49    0     0.00000000     1.27855958
  17   50    0     0.00000000     1.30027506
  17   51    0     0.00000000     1.29549209
  17   52    0     0.00000000     1.31195813
  17   53    0     0.00000000     1.32925483
  17   54    0     0.00000000     1.28505223
  17   55    0     0.00000000     1.29049460
  17   56    0     0.00000000     1.24829179
  17   57    0     0.00000000     1.20288097
  17   58    0     0.00000000     1.16065813
  17   59    0     0.00000000     1.15911123
  17   60    0     0.00000000     1.15756845
  17   61    0     0.00000000     1.40197035
  17   62    0     0.00000000     1.22205086
  17   63    0     0.00000000     1.26854768
  17   64    0     0.00000000     1.14251115
  17   65    0     0.00000000     1.23462365
  17   66    0     0.00000000     1.32710398
  17   67    0     0.00000000     1.15927930
  17   68    0     0.00000000     1.17969599
  17   69    0     0.00000000     1.07158281
  17   70    0     0.00000000     1.13958284
  17   71    0     0.00000000     1.23641111
  17   72    0     0.00000000     1.24833832
  17   73    0     0.00000000     1.35887362
  17   74    0     0.00000000     1.23163758
  17   75    0     0.00000000     1.26625173
  17   76    0     0.00000000     1.19217299
  17   77    0     0.00000000     1.15862633
  17   78    0     0.00000000     1.17289662
  17   79    0     0.00000000     1.15873502
  17   80    0     0.00000000     1.23054766
  17   81    0     0.00000000     1.31141146
  17   82    0     0.00000000     1.31302711
  17   83    0     0.00000000     1.17382701
  17   84    0     0.00000000     1.18990107
  17   85    0     0.00000000     1.28357588
  17   86    0     0.00000000     1.22450707
  17   87    0     0.00000000     1.25970548
  17   88    0     0.00000000     1.19997448
  17   89    0     0.00000000     1.00000000
  17   90    0     0.00000000     1.00000000
  17   91    0     0.00000000     1.00000000
  17   92    0     0.00000000     1.00000000
  17   93    0     0.00000000     1.00000000
  17   94    0     0.00000000     1.00000000
  17   95    0     0.00000000     1.00000000
  17   96    0     0.00000000     1.00000000
  17   97    0     0.00000000     1.00000000
  17   98    0     0.00000000     1.03445583
  17   99    0     0.00000000     1.11079259
  17  100    0     0.00000000     1.07284471
  17  101    0     0.00000000     1.11503464
  17  102    0     0.00000000     1.04794324
  17  103    0     0.00000000     1.08255771
  17  104    0     0.00000000     1.13575319
  17  105    0     0.00000000     1.18390377
  17  106    0     0.00000000     1.17683614
  17  107    0     0.00000000     1.27560003
  17  108    0     0.00000000     1.26263688
  17  109    0     0.00000000     1.20334268
  17  110    0     0.00000000     1.11885772
  17  111    0     0.00000000     1.14134055
  17  112    0     0.00000000     1.11869846
  17  113    0     0.00000000     1.12728756
  17  114    0     0.00000000     1.06633295
  17  115    0     0.00000000     1.15898554
  17  116    0     0.00000000     1.14029906
  17  117    0     0.00000000     1.14461550
  17  118    0     0.00000000     1.17797098
  17  119    0     0.00000000     1.12567169
  17  120    0     0.00000000     1.10870668
  17  121    0     0.00000000     1.11235335
  17  122    0     0.00000000     1.05131850
  17  123    0     0.00000000     1.06834712
  17  124    0     0.00000000     1.02044391
  17  125    0     0.00000000     0.99627860
  17  126    0     0.00000000     1.00000000
  17  127    0     0.00000000     1.00000000
  17  128    0     0.00000000     1.00000000
  17  129    0     0.00000000     1.00000000
  17  130    0     0.00000000     1.00000000
  17  131    0     0.00000000     1.00000000
  17  132    0     0.00000000     1.00000000
  17  133    0     0.00000000     1.00000000
  17  134    0     0.00000000     1.00000000
  17  135    0     0.00000000     1.00000000
  17  136    0     0.00000000     0.83657172
  17  137    0     0.00000000     0.76080246
  17  138    0     0.00000000     0.77174553
  17  139    0     0.00000000     0.86562390
  17  140    0     0.00000000     0.86562390
  17  141    0     0.00000000     0.86562390
  17  142    0     0.00000000     0.86562390
  17  143    0     0.00000000     0.86562390
  17  144    0     0.00000000     0.86562390
  17  145    0     0.00000000     0.86562390
  17  146    0     0.00000000     0.86562390
  17  147    0     0.00000000     0.86562390
  17  148    0     0.00000000     0.86562390
  17  149    0     0.00000000     0.86562390
  17  150    0     0.00000000     0.86562390
  17  151    0     0.00000000     0.86562390
  17  152    0     0.00000000     0.86562390
  17  153    0     0.00000000     0.86562390
  17  154    0     0.00000000     0.98550485
  17  155    0     0.00000000     0.91413664
  17  156    0     0.00000000     0.91352263
  17  157    0     0.00000000     0.92877456
  17  158    0     0.00000000     0.88381788
  17  159    0     0.00000000     0.91250042
  17  160    0     0.00000000     0.85951327
  17  161    0     0.00000000     0.85756948
  17  162    0     0.00000000     0.81854536
  17  163    0     0.00000000     0.85107020
  17  164    0     0.00000000     0.83275462
  17  165    0     0.00000000     0.84246064
  17  166    0     0.00000000     0.81925037
  17  167    0     0.00000000     0.84256177
  17  168    0     0.00000000     0.82622958
  17  169    0     0.00000000     0.82009483
  17  170    0     0.00000000     0.78482901
  17  171    0     0.00000000     0.79954653
  17  172    0     0.00000000     0.77931951
  17  173    0     0.00000000     0.80303133
  17  174    0     0.00000000     0.75663860
  17  175    0     0.00000000     0.80508185
  17  176    0     0.00000000     0.80618273
  17  177    0     0.00000000     0.82533197
  17  178    0     0.00000000     0.84374600
  17  179    0     0.00000000     0.84010117
  17  180    0     0.00000000     0.84804716
  17  181    0     0.00000000     0.85973551
  17  182    0     0.00000000     0.86437756
  17  183    0     0.00000000     0.89714860
  17  184    0     0.00000000     0.94632090
  17  185    0     0.00000000     0.95133363
  17  186    0     0.00000000     0.95639975
  17  187    0     0.00000000     0.93350091
  17  188    0     0.00000000     0.91997853
  17  189    0     0.00000000     0.99149919
  17  190    0     0.00000000     0.89524699
  17  191    0     0.00000000     0.89524699
  17  192    0     0.00000000     0.89524699
  17  193    0     0.00000000     0.89524699
  17  194    0     0.00000000     0.89524699
  17  195    0     0.00000000     0.89524699
  17  196    0     0.00000000     0.89524699
  17  197    0     0.00000000     0.81602899
  17  198    0     0.00000000     0.78899986
  17  199    0     0.00000000     0.80578142
  17  200    0     0.00000000     0.85498068
  17  201    0     0.00000000     0.88437616
  17  202    0     0.00000000     0.92393597
  17  203    0     0.00000000     0.96669946
  17  204    0     0.00000000     1.05389224
  17  205    0     0.00000000     1.03543464
  17  206    0     0.00000000     1.08810020
  17  207    0     0.00000000     1.04642882
  17  208    0     0.00000000     1.09058962
  17  209    0     0.00000000     1.13113006
  17  210    0     0.00000000     1.06014456
  17  211    0     0.00000000     0.97059565
  17  212    0     0.00000000     1.05440412
  17  213    0     0.00000000     1.01632198
  17  214    0     0.00000000     1.04830899
  17  215    0     0.00000000     0.96081463
  17  216    0     0.00000000     0.98429633
  17  217    0     0.00000000     0.98282195
  17  218    0     0.00000000     1.02618180
  17  219    0     0.00000000     1.08720572
  17  220    0     0.00000000     1.15638643
  17  221    0     0.00000000     1.14477495
  17  222    0     0.00000000     1.06652683
  17  223    0     0.00000000     1.15657786
  18    0    0     0.00000000     1.23119969
  18    1    0     0.00000000     1.23119969
  18    2    0     0.00000000     1.23119969
  18    3    0     0.00000000     1.23119969
  18    4    0     0.00000000     1.23119969
  18    5    0     0.00000000     1.23119969
  18    6    0     0.00000000     1.06110819
  18    7    0     0.00000000     0.93230877
  18    8    0     0.00000000     1.13138151
  18    9    0     0.00000000     1.43855031
  18   10    0     0.00000000     1.30221748
  18   11    0     0.00000000     1.30221748
  18   12    0     0.00000000     1.18948849
  18   13    0     0.00000000     1.21889510
  18   14    0     0.00000000     0.96233961
  18   15    0     0.00000000     1.08176673
  18   16    0     0.00000000     1.23503565
  18   17    0     0.00000000     1.29829921
  18   18    0     0.00000000     1.36761546
  18   19    0     0.00000000     1.36761546
  18   20    0     0.00000000     1.36761546
  18   21    0     0.00000000     1.36761546
  18   22    0     0.00000000     1.44475077
  18   23    0     0.00000000     1.41673544
  18   24    0     0.00000000     1.55586452
  18   25    0     0.00000000     1.72529543
  18   26    0     0.00000000     1.46420062
  18   27    0     0.00000000     1.46420062
  18   28    0     0.00000000     1.27174339
  18   29    0     0.00000000     1.52145135
  18   30    0     0.00000000     1.43212553
  18   31    0     0.00000000     1.43212553
  18   32    0     0.00000000     1.43212553
  18   33    0     0.00000000     1.35270686
  18   34    0     0.00000000     1.34889816
  18   35    0     0.00000000     1.38235652
  18   36    0     0.00000000     1.36616444
  18   37    0     0.00000000     1.33624763
  18   38    0     0.00000000     1.33624763
  18   39    0     0.00000000     1.33624763
  18   40    0     0.00000000     1.30761300
  18   41    0     0.00000000     1.50160615
  18   42    0     0.00000000     1.22381403
  18   43    0     0.00000000     1.23350308
  18   44    0     0.00000000     1.24334677
  18   45    0     0.00000000     1.39416029
  18   46    0     0.00000000     1.17961320
  18   47    0     0.00000000     1.34097060
  18   48    0     0.00000000     1.36158792
  18   49    0     0.00000000     1.28957983
  18   50    0     0.00000000     1.47454888
  18   51    0     0.00000000     1.41062658
  18   52    0     0.00000000     1.19863225
  18   53    0     0.00000000     1.22218181
  18   54    0     0.00000000     1.20376408
  18   55    0     0.00000000     1.21669385
  18   56    0     0.00000000     1.25888840
  18   57    0     0.00000000     1.32743175
  18   58    0     0.00000000     1.34517976
  18   59    0     0.00000000     1.30752056
  18   60    0     0.00000000     1.27191253
  18   61    0     0.00000000     1.31123660
  18   62    0     0.00000000     1.20712709
  18   63    0     0.00000000     1.37832450
  18   64    0     0.00000000     1.24381357
  18   65    0     0.00000000     1.34219630
  18   66    0     0.00000000     1.39825536
  18   67    0     0.00000000     1.28632580
  18   68    0     0.00000000     1.22397236
  18   69    0     0.00000000     1.22660818
  18   70    0     0.00000000     1.14547529
  18   71    0     0.00000000     1.33945841
  18   72    0     0.00000000     1.14023628
  18   73    0     0.00000000     1.35532797
  18   74    0     0.00000000     1.41058389
  18   75    0     0.00000000     1.44117567
  18   76    0     0.00000000     1.21801252
  18   77    0     0.00000000     1.16873991
  18   78    0     0.00000000     1.20838045
  18   79    0     0.00000000     1.22355208
  18   80    0     0.00000000     1.32344453
  18   81    0     0.00000000     1.38447393
  18   82    0     0.00000000     1.36767066
  18   83    0     0.00000000     1.25749164
  18   84    0     0.00000000     1.24114597
  18   85    0     0.00000000     1.23243434
  18   86    0     0.00000000     1.16609924
  18   87    0     0.00000000     1.26707732
  18   88    0     0.00000000     1.26433412
  18   89    0     0.00000000     1.00000000
  18   90    0     0.00000000     1.00000000
  18   91    0     0.00000000     1.00000000
  18   92    0     0.00000000     1.00000000
  18   93    0     0.00000000     1.00000000
  18   94    0     0.00000000     1.00000000
  18   95    0     0.00000000     1.00000000
  18   96    0     0.00000000     1.00000000
  18   97    0     0.00000000     1.00000000
  18   98    0     0.00000000     1.14083142
  18   99    0     0.00000000     1.19489555
  18  100    0     0.00000000     1.14007145
  18  101    0     0.00000000     1.18152038
  18  102    0     0.00000000     1.24547324
  18  103    0     0.00000000     1.21530132
  18  104    0     0.00000000     1.17849427
  18  105    0     0.00000000     1.21629465
  18  106    0     0.00000000     1.20105686
  18  107    0     0.00000000     1.21948425
  18  108    0     0.00000000     1.21748931
  18  109    0     0.00000000     1.22462449
  18  110    0     0.00000000     1.19894320
  18  111    0     0.00000000     1.21487196
  18  112    0     0.00000000     1.18444664
  18  113    0     0.00000000     1.15891578
  18  114    0     0.00000000     1.18132730
  18  115    0     0.00000000     1.18802045
  18  116    0     0.00000000     1.13856570
  18  117    0     0.00000000     1.18808199
  18  118    0     0.00000000     1.13248401
  18  119    0     0.00000000     1.10258509
  18  120    0     0.00000000     1.16374404
  18  121    0     0.00000000     1.07838114
  18  122    0     0.00000000     1.06347933
  18  123    0     0.00000000     1.05566207
  18  124    0     0.00000000     1.02988061
  18  125    0     0.00000000     1.08735669
  18  126    0     0.00000000     1.11857676
  18  127    0     0.00000000     1.05272297
  18  128    0     0.00000000     0.92775028
  18  129    0     0.00000000     0.92548424
  18  130    0     0.00000000     0.91551156
  18  131    0     0.00000000     0.90688028
  18  132    0     0.00000000     0.90312765
  18  133    0     0.00000000     0.95493806
  18  134    0     0.00000000     1.00000000
  18  135    0     0.00000000     1.00000000
  18  136    0     0.00000000     1.00000000
  18  137    0     0.00000000     1.00000000
  18  138    0     0.00000000     1.00000000
  18  139    0     0.00000000     1.00000000
  18  140    0     0.00000000     1.00000000
  18  141    0     0.00000000     1.00000000
  18  142    0     0.00000000     1.00000000
  18  143    0     0.00000000     0.87498118
  18  144    0     0.00000000     0.87498118
  18  145    0     0.00000000     0.87498118
  18  146    0     0.00000000     0.84437798
  18  147    0     0.00000000     0.77381012
  18  148    0     0.00000000     0.77004961
  18  149    0     0.00000000     0.76335808
  18  150    0     0.00000000     0.79941291
  18  151    0     0.00000000     0.78378365
  18  152    0     0.00000000     0.81154031
  18  153    0     0.00000000     0.80813934
  18  154    0     0.00000000     0.78719480
  18  155    0     0.00000000     0.79653066
  18  156    0     0.00000000     0.80675079
  18  157    0     0.00000000     0.83685238
  18  158    0     0.00000000     0.90118936
  18  159    0     0.00000000     0.87586289
  18  160    0     0.00000000     0.90460954
  18  161    0     0.00000000     0.91561095
  18  162    0     0.00000000     0.94056116
  18  163    0     0.00000000     0.91386835
  18  164    0     0.00000000     0.92887314
  18  165    0     0.00000000     0.92252266
  18  166    0     0.00000000     0.96395883
  18  167    0     0.00000000     0.97466523
  18  168    0     0.00000000     1.02349928
  18  169    0     0.00000000     0.96033240
  18  170    0     0.00000000     0.96505317
  18  171    0     0.00000000     0.94947068
  18  172    0     0.00000000     0.97286345
  18  173    0     0.00000000     0.92435133
  18  174    0     0.00000000     0.97535897
  18  175    0     0.00000000     0.95266320
  18  176    0     0.00000000     0.98617476
  18  177    0     0.00000000     0.94173658
  18  178    0     0.00000000     0.91360224
  18  179    0     0.00000000     0.87327982
  18  180    0     0.00000000     0.88411416
  18  181    0     0.00000000     0.96819325
  18  182    0     0.00000000     0.91401977
  18  183    0     0.00000000     0.88528281
  18  184    0     0.00000000     0.87739384
  18  185    0     0.00000000     0.86803432
  18  186    0     0.00000000     0.84866420
  18  187    0     0.00000000     0.85806198
  18  188    0     0.00000000     0.87165324
  18  189    0     0.00000000     0.87686491
  18  190    0     0.00000000     0.85879455
  18  191    0     0.00000000     0.85413382
  18  192    0     0.00000000     0.86490079
  18  193    0     0.00000000     0.84104353
  18  194    0     0.00000000     0.78844884
  18  195    0     0.00000000     0.70898022
  18  196    0     0.00000000     0.71530340
  18  197    0     0.00000000     0.72400691
  18  198    0     0.00000000     0.74799094
  18  199    0     0.00000000     0.69227795
  18  200    0     0.00000000     0.73917752
  18  201    0     0.00000000     0.73966908
  18  202    0     0.00000000     0.77813746
  18  203    0     0.00000000     0.78172761
  18  204    0     0.00000000     0.81852459
  18  205    0     0.00000000     0.84190146
  18  206    0     0.00000000     0.91963537
  18  207    0     0.00000000     0.96197291
  18  208    0     0.00000000     0.96197291
  18  209    0     0.00000000     0.96197291
  18  210    0     0.00000000     0.96197291
  18  211    0     0.00000000     0.96197291
  18  212    0     0.00000000     0.96197291
  18  213    0     0.00000000     0.96197291
  18  214    0     0.00000000     0.96197291
  18  215    0     0.00000000     0.96197291
  18  216    0     0.00000000     1.00839678
  18  217    0     0.00000000     0.99220410
  18  218    0     0.00000000     1.02938516
  18  219    0     0.00000000     1.00281570
  18  220    0     0.00000000     1.02688187
  18  221    0     0.00000000     1.06781097
  18  222    0     0.00000000     1.17869638
  18  223    0     0.00000000     1.10544940
  18  224    0     0.00000000     1.05575043
  18  225    0     0.00000000     1.04433216
  18  226    0     0.00000000     1.07677680
  18  227    0     0.00000000     1.07101159
  18  228    0     0.00000000     1.01898035
  18  229    0     0.00000000     0.95507906
  18  230    0     0.00000000     1.01225793
  18  231    0     0.00000000     1.07218888
  19    0    0     0.00000000     1.21093341
  19    1    0     0.00000000     1.17012418
  19    2    0     0.00000000     1.17012418
  19    3    0     0.00000000     1.17012418
  19    4    0     0.00000000     1.17012418
  19    5    0     0.00000000     1.17012418
  19    6    0     0.00000000     1.13197588
  19    7    0     0.00000000     1.03061105
  19    8    0     0.00000000     1.03061105
  19    9    0     0.00000000     1.03061105
  19   10    0     0.00000000     1.03061105
  19   11    0     0.00000000     1.03061105
  19   12    0     0.00000000     1.03061105
  19   13    0     0.00000000     1.03061105
  19   14    0     0.00000000     0.94590801
  19   15    0     0.00000000     1.25602859
  19   16    0     0.00000000     1.86868668
  19   17    0     0.00000000     1.47360012
  19   18    0     0.00000000     1.47360012
  19   19    0     0.00000000     1.47360012
  19   20    0     0.00000000     1.47360012
  19   21    0     0.00000000     1.47360012
  19   22    0     0.00000000     1.21641906
  19   23    0     0.00000000     1.31373851
  19   24    0     0.00000000     1.24519336
  19   25    0     0.00000000     1.24519336
  19   26    0     0.00000000     1.24519336
  19   27    0     0.00000000     1.24519336
  19   28    0     0.00000000     1.24519336
  19   29    0     0.00000000     1.18344629
  19   30    0     0.00000000     1.66151810
  19   31    0     0.00000000     1.41304204
  19   32    0     0.00000000     1.34993022
  19   33    0     0.00000000     1.38942744
  19   34    0     0.00000000     1.43130559
  19   35    0     0.00000000     1.49369814
  19   36    0     0.00000000     1.56177816
  19   37    0     0.00000000     1.36296698
  19   38    0     0.00000000     1.43627414
  19   39    0     0.00000000     1.31627654
  19   40    0     0.00000000     1.37838319
  19   41    0     0.00000000     1.14526051
  19   42    0     0.00000000     1.18259438
  19   43    0     0.00000000     1.22244433
  19   44    0     0.00000000     1.26777168
  19   45    0     0.00000000     1.29264671
  19   46    0     0.00000000     1.28391587
  19   47    0     0.00000000     1.18798852
  19   48    0     0.00000000     1.18648376
  19   49    0     0.00000000     1.20815944
  19   50    0     0.00000000     1.20369646
  19   51    0     0.00000000     1.19926634
  19   52    0     0.00000000     1.30951317
  19   53    0     0.00000000     1.16021684
  19   54    0     0.00000000     1.46424582
  19   55    0     0.00000000     1.22181271
  19   56    0     0.00000000     1.27096453
  19   57    0     0.00000000     1.29440439
  19   58    0     0.00000000     1.30011663
  19   59    0     0.00000000     1.30011663
  19   60    0     0.00000000     1.30587950
  19   61    0     0.00000000     1.27385563
  19   62    0     0.00000000     1.29591876
  19   63    0     0.00000000     1.32605802
  19   64    0     0.00000000     1.19761806
  19   65    0     0.00000000     1.32805519
  19   66    0     0.00000000     1.23864272
  19   67    0     0.00000000     1.12440119
  19   68    0     0.00000000     1.17555712
  19   69    0     0.00000000     1.17342818
  19   70    0     0.00000000     1.23788688
  19   71    0     0.00000000     1.08655631
  19   72    0     0.00000000     1.25731539
  19   73    0     0.00000000     1.31933739
  19   74    0     0.00000000     1.29973000
  19   75    0     0.00000000     1.16761938
  19   76    0     0.00000000     1.13973832
  19   77    0     0.00000000     1.24955234
  19   78    0     0.00000000     1.09955668
  19   79    0     0.00000000     1.14878430
  19   80    0     0.00000000     1.24994621
  19   81    0     0.00000000     1.33230976
  19   82    0     0.00000000     1.25767563
  19   83    0     0.00000000     1.21771028
  19   84    0     0.00000000     1.28254920
  19   85    0     0.00000000     1.22038428
  19   86    0     0.00000000     1.20629343
  19   87    0     0.00000000     1.26226299
  19   88    0     0.00000000     1.00000000
  19   89    0     0.00000000     1.00000000
  19   90    0     0.00000000     1.00000000
  19   91    0     0.00000000     1.00000000
  19   92    0     0.00000000     1.00000000
  19   93    0     0.00000000     1.00000000
  19   94    0     0.00000000     1.00000000
  19   95    0     0.00000000     1.00000000
  19   96    0     0.00000000     1.00000000
  19   97    0     0.00000000     1.16983912
  19   98    0     0.00000000     1.15496591
  19   99    0     0.00000000     1.15496591
  19  100    0     0.00000000     1.15496591
  19  101    0     0.00000000     1.15496591
  19  102    0     0.00000000     1.15496591
  19  103    0     0.00000000     1.15496591
  19  104    0     0.00000000     1.15496591
  19  105    0     0.00000000     1.14046614
  19  106    0     0.00000000     1.15530691
  19  107    0     0.00000000     1.18052091
  19  108    0     0.00000000     1.17531181
  19  109    0     0.00000000     1.15501384
  19  110    0     0.00000000     1.20216782
  19  111    0     0.00000000     1.22282853
  19  112    0     0.00000000     1.16570929
  19  113    0     0.00000000     1.18254875
  19  114    0     0.00000000     1.20479241
  19  115    0     0.00000000     1.14197916
  19  116    0     0.00000000     1.18049906
  19  117    0     0.00000000     1.12305757
  19  118    0     0.00000000     1.16733351
  19  119    0     0.00000000     1.13445076
  19  120    0     0.00000000     1.09936552
  19  121    0     0.00000000     1.08345284
  19  122    0     0.00000000     1.11525701
  19  123    0     0.00000000     1.10612621
  19  124    0     0.00000000     1.10501527
  19  125    0     0.00000000     1.04605508
  19  126    0     0.00000000     0.98864541
  19  127    0     0.00000000     0.99023518
  19  128    0     0.00000000     0.94085851
  19  129    0     0.00000000     0.93593244
  19  130    0     0.00000000     0.98032748
  19  131    0     0.00000000     0.95766883
  19  132    0     0.00000000     1.06029144
  19  133    0     0.00000000     1.04277697
  19  134    0     0.00000000     1.02583173
  19  135    0     0.00000000     0.98009180
  19  136    0     0.00000000     0.98009180
  19  137    0     0.00000000     0.93825668
  19  138    0     0.00000000     0.93098407
  19  139    0     0.00000000     0.90455734
  19  140    0     0.00000000     0.91523467
  19  141    0     0.00000000     1.00000000
  19  142    0     0.00000000     1.00000000
  19  143    0     0.00000000     1.00000000
  19  144    0     0.00000000     1.00000000
  19  145    0     0.00000000     1.00000000
  19  146    0     0.00000000     1.00000000
  19  147    0     0.00000000     1.00000000
  19  148    0     0.00000000     1.00000000
  19  149    0     0.00000000     1.00000000
  19  150    0     0.00000000     0.92482644
  19  151    0     0.00000000     0.93544279
  19  152    0     0.00000000     0.94630570
  19  153    0     0.00000000     0.90125163
  19  154    0     0.00000000     0.91656635
  19  155    0     0.00000000     0.90995414
  19  156    0     0.00000000     0.96211873
  19  157    0     0.00000000     0.98169113
  19  158    0     0.00000000     1.00207638
  19  159    0     0.00000000     0.99984245
  19  160    0     0.00000000     0.99761845
  19  161    0     0.00000000     0.99242877
  19  162    0     0.00000000     0.94170735
  19  163    0     0.00000000     0.94170735
  19  164    0     0.00000000     0.94170735
  19  165    0     0.00000000     0.94170735
  19  166    0     0.00000000     0.94170735
  19  167    0     0.00000000     0.89591842
  19  168    0     0.00000000     0.90383574
  19  169    0     0.00000000     0.89968080
  19  170    0     0.00000000     0.86826555
  19  171    0     0.00000000     0.86648961
  19  172    0     0.00000000     0.86380223
  19  173    0     0.00000000     0.86726263
  19  174    0     0.00000000     0.87233199
  19  175    0     0.00000000     0.89362801
  19  176    0     0.00000000     0.89263346
  19  177    0     0.00000000     0.87061104
  19  178    0     0.00000000     0.84314487
  19  179    0     0.00000000     0.81338114
  19  180    0     0.00000000     0.81425716
  19  181    0     0.00000000     0.83433699
  19  182    0     0.00000000     0.84403282
  19  183    0     0.00000000     0.80863899
  19  184    0     0.00000000     0.83054912
  19  185    0     0.00000000     0.82548737
  19  186    0     0.00000000     0.80316295
  19  187    0     0.00000000     0.78420603
  19  188    0     0.00000000     0.75705446
  19  189    0     0.00000000     0.72562533
  19  190    0     0.00000000     0.75073664
  19  191    0     0.00000000     0.72188996
  19  192    0     0.00000000     0.71605205
  19  193    0     0.00000000     0.70642052
  19  194    0     0.00000000     0.72621213
  19  195    0     0.00000000     0.71200068
  19  196    0     0.00000000     0.71636997
  19  197    0     0.00000000     0.74408448
  19  198    0     0.00000000     0.71710538
  19  199    0     0.00000000     0.70286924
  19  200    0     0.00000000     0.77035220
  19  201    0     0.00000000     0.75402476
  19  202    0     0.00000000     0.76972517
  19  203    0     0.00000000     0.78974400
  19  204    0     0.00000000     0.81283501
  19  205    0     0.00000000     0.81319645
  19  206    0     0.00000000     0.82863273
  19  207    0     0.00000000     0.79806090
  19  208    0     0.00000000     0.88255135
  19  209    0     0.00000000     0.89657320
  19  210    0     0.00000000     0.89657320
  19  211    0     0.00000000     0.89657320
  19  212    0     0.00000000     0.89657320
  19  213    0     0.00000000     0.91104780
  19  214    0     0.00000000     0.92154846
  19  215    0     0.00000000     0.87918767
  19  216    0     0.00000000     0.79628433
  19  217    0     0.00000000     0.84616264
  19  218    0     0.00000000     0.85037268
  19  219    0     0.00000000     0.72971873
  19  220    0     0.00000000     0.73509663
  19  221    0     0.00000000     0.77349357
  19  222    0     0.00000000     0.81643854
  19  223    0     0.00000000     0.91190551
  19  224    0     0.00000000     0.95837109
  19  225    0     0.00000000     0.99850343
  19  226    0     0.00000000     0.99850343
  19  227    0     0.00000000     0.99850343
  19  228    0     0.00000000     0.99850343
  19  229    0     0.00000000     0.99850343
  19  230    0     0.00000000     0.99850343
  19  231    0     0.00000000     0.99850343
  19  232    0     0.00000000     1.04214380
  19  233    0     0.00000000     0.96438459
  19  234    0     0.00000000     0.98124307
  19  235    0     0.00000000     0.99777515
  19  236    0     0.00000000     0.94027498
  19  237    0     0.00000000     1.09440125
  20    0    0     0.00000000     1.25516253
  20    1    0     0.00000000     1.25516253
  20    2    0     0.00000000     1.25516253
  20    3    0     0.00000000     1.25516253
  20    4    0     0.00000000     1.25516253
  20    5    0     0.00000000     1.25516253
  20    6    0     0.00000000     1.25516253
  20    7    0     0.00000000     1.25516253
  20    8    0     0.00000000     1.25516253
  20    9    0     0.00000000     1.25516253
  20   10    0     0.00000000     1.25516253
  20   11    0     0.00000000     1.13031623
  20   12    0     0.00000000     1.13031623
  20   13    0     0.00000000     1.13031623
  20   14    0     0.00000000     1.13031623
  20   15    0     0.00000000     1.13031623
  20   16    0     0.00000000     1.13031623
  20   17    0     0.00000000     1.02805906
  20   18    0     0.00000000     1.07273412
  20   19    0     0.00000000     1.07273412
  20   20    0     0.00000000     1.07273412
  20   21    0     0.00000000     1.07273412
  20   22    0     0.00000000     1.12146834
  20   23    0     0.00000000     1.19713235
  20   24    0     0.00000000     1.19713235
  20   25    0     0.00000000     1.19713235
  20   26    0     0.00000000     1.19713235
  20   27    0     0.00000000     1.19713235
  20   28    0     0.00000000     1.28374495
  20   29    0     0.00000000     1.31438740
  20   30    0     0.00000000     1.31438740
  20   31    0     0.00000000     1.31438740
  20   32    0     0.00000000     1.31438740
  20   33    0     0.00000000     1.34652846
  20   34    0     0.00000000     1.21211611
  20   35    0     0.00000000     1.10210268
  20   36    0     0.00000000     1.10483719
  20   37    0     0.00000000     1.20363981
  20   38    0     0.00000000     1.32184923
  20   39    0     0.00000000     1.32515733
  20   40    0     0.00000000     1.32848203
  20   41    0     0.00000000     1.66231253
  20   42    0     0.00000000     1.37272844
  20   43    0     0.00000000     1.17057573
  20   44    0     0.00000000     1.35519964
  20   45    0     0.00000000     1.18229852
  20   46    0     0.00000000     1.22461300
  20   47    0     0.00000000     1.27006876
  20   48    0     0.00000000     1.19873705
  20   49    0     0.00000000     1.90464526
  20   50    0     0.00000000     1.20836238
  20   51    0     0.00000000     1.26354666
  20   52    0     0.00000000     1.23165688
  20   53    0     0.00000000     1.31250321
  20   54    0     0.00000000     1.12279291
  20   55    0     0.00000000     1.27176162
  20   56    0     0.00000000     1.17173126
  20   57    0     0.00000000     1.55453607
  20   58    0     0.00000000     1.34664876
  20   59    0     0.00000000     1.18780430
  20   60    0     0.00000000     1.28542446
  20   61    0     0.00000000     1.24597703
  20   62    0     0.00000000     1.29736329
  20   63    0     0.00000000     1.19207661
  20   64    0     0.00000000     1.32062806
  20   65    0     0.00000000     1.22988631
  20   66    0     0.00000000     1.18282862
  20   67    0     0.00000000     1.29035777
  20   68    0     0.00000000     1.09199887
  20   69    0     0.00000000     1.22237978
  20   70    0     0.00000000     1.03406474
  20   71    0     0.00000000     1.07195356
  20   72    0     0.00000000     1.26823541
  20   73    0     0.00000000     1.26809559
  20   74    0     0.00000000     1.22979955
  20   75    0     0.00000000     1.09212583
  20   76    0     0.00000000     1.14000533
  20   77    0     0.00000000     1.20074094
  20   78    0     0.00000000     1.18269736
  20   79    0     0.00000000     1.23061841
  20   80    0     0.00000000     1.28767168
  20   81    0     0.00000000     1.39332618
  20   82    0     0.00000000     1.20960070
  20   83    0     0.00000000     1.27314154
  20   84    0     0.00000000     1.22643895
  20   85    0     0.00000000     1.21958675
  20   86    0     0.00000000     1.29427635
  20   87    0     0.00000000     1.00000000
  20   88    0     0.00000000     1.00000000
  20   89    0     0.00000000     1.00000000
  20   90    0     0.00000000     1.00000000
  20   91    0     0.00000000     1.00000000
  20   92    0     0.00000000     1.00000000
  20   93    0     0.00000000     1.00000000
  20   94    0     0.00000000     1.00000000
  20   95    0     0.00000000     1.00000000
  20   96    0     0.00000000     1.13294898
  20   97    0     0.00000000     1.17204309
  20   98    0     0.00000000     1.20252626
  20   99    0     0.00000000     1.25418030
  20  100    0     0.00000000     1.10776647
  20  101    0     0.00000000     1.18402621
  20  102    0     0.00000000     1.13789259
  20  103    0     0.00000000     1.19888215
  20  104    0     0.00000000     1.19600815
  20  105    0     0.00000000     1.23072944
  20  106    0     0.00000000     1.21400667
  20  107    0     0.00000000     1.20986861
  20  108    0     0.00000000     1.20986861
  20  109    0     0.00000000     1.20986861
  20  110    0     0.00000000     1.20986861
  20  111    0     0.00000000     1.20986861
  20  112    0     0.00000000     1.20986861
  20  113    0     0.00000000     1.20986861
  20  114    0     0.00000000     1.20986861
  20  115    0     0.00000000     1.20575867
  20  116    0     0.00000000     1.16657125
  20  117    0     0.00000000     1.17903847
  20  118    0     0.00000000     1.18754761
  20  119    0     0.00000000     1.20975661
  20  120    0     0.00000000     1.13183140
  20  121    0     0.00000000     1.15154934
  20  122    0     0.00000000     1.13582875
  20  123    0     0.00000000     0.99489578
  20  124    0     0.00000000     0.99424513
  20  125    0     0.00000000     0.97591690
  20  126    0     0.00000000     0.99264621
  20  127    0     0.00000000     0.95138449
  20  128    0     0.00000000     1.01442777
  20  129    0     0.00000000     1.01923234
  20  130    0     0.00000000     1.06152662
  20  131    0     0.00000000     1.03823875
  20  132    0     0.00000000     1.03367247
  20  133    0     0.00000000     0.91101250
  20  134    0     0.00000000     0.94766853
  20  135    0     0.00000000     0.88229139
  20  136    0     0.00000000     0.87883501
  20  137    0     0.00000000     0.84398532
  20  138    0     0.00000000     0.86340926
  20  139    0     0.00000000     0.89125836
  20  140    0     0.00000000     0.95272488
  20  141    0     0.00000000     0.87573418
  20  142    0     0.00000000     0.79039526
  20  143    0     0.00000000     0.74523725
  20  144    0     0.00000000     0.77652960
  20  145    0     0.00000000     0.73925530
  20  146    0     0.00000000     0.76804309
  20  147    0     0.00000000     0.82091904
  20  148    0     0.00000000     1.00000000
  20  149    0     0.00000000     1.00000000
  20  150    0     0.00000000     1.00000000
  20  151    0     0.00000000     1.00000000
  20  152    0     0.00000000     1.00000000
  20  153    0     0.00000000     1.00000000
  20  154    0     0.00000000     1.00000000
  20  155    0     0.00000000     1.00000000
  20  156    0     0.00000000     1.00000000
  20  157    0     0.00000000     0.79239689
  20  158    0     0.00000000     0.77972254
  20  159    0     0.00000000     0.75110143
  20  160    0     0.00000000     0.80137941
  20  161    0     0.00000000     0.77541128
  20  162    0     0.00000000     0.83935781
  20  163    0     0.00000000     0.81149073
  20  164    0     0.00000000     0.91461897
  20  165    0     0.00000000     0.92759875
  20  166    0     0.00000000     1.02837840
  20  167    0     0.00000000     0.96658069
  20  168    0     0.00000000     1.05643457
  20  169    0     0.00000000     0.98526564
  20  170    0     0.00000000     1.03103015
  20  171    0     0.00000000     1.05678184
  20  172    0     0.00000000     1.08023136
  20  173    0     0.00000000     0.97862881
  20  174    0     0.00000000     1.07378725
  20  175    0     0.00000000     1.02160256
  20  176    0     0.00000000     1.06877886
  20  177    0     0.00000000     0.95570697
  20  178    0     0.00000000     1.02915207
  20  179    0     0.00000000     0.98943326
  20  180    0     0.00000000     1.01398217
  20  181    0     0.00000000     0.98362906
  20  182    0     0.00000000     1.02847495
  20  183    0     0.00000000     0.98412208
  20  184    0     0.00000000     1.02090052
  20  185    0     0.00000000     0.95547697
  20  186    0     0.00000000     0.98019290
  20  187    0     0.00000000     0.94011530
  20  188    0     0.00000000     1.01422111
  20  189    0     0.00000000     0.95773351
  20  190    0     0.00000000     0.93602055
  20  191    0     0.00000000     0.91136802
  20  192    0     0.00000000     0.93494176
  20  193    0     0.00000000     0.90008160
  20  194    0     0.00000000     0.89880634
  20  195    0     0.00000000     0.87534141
  20  196    0     0.00000000     0.91106917
  20  197    0     0.00000000     0.88419691
  20  198    0     0.00000000     0.88651995
  20  199    0     0.00000000     0.84780799
  20  200    0     0.00000000     0.89358686
  20  201    0     0.00000000     0.84419267
  20  202    0     0.00000000     0.86700478
  20  203    0     0.00000000     0.87968605
  20  204    0     0.00000000     0.86310271
  20  205    0     0.00000000     0.82851454
  20  206    0     0.00000000     0.84821006
  20  207    0     0.00000000     0.82694183
  20  208    0     0.00000000     0.81332709
  20  209    0     0.00000000     0.78193234
  20  210    0     0.00000000     0.79493104
  20  211    0     0.00000000     0.79618032
  20  212    0     0.00000000     0.80279855
  20  213    0     0.00000000     0.76603118
  20  214    0     0.00000000     0.78116669
  20  215    0     0.00000000     0.72231286
  20  216    0     0.00000000     0.74482159
  20  217    0     0.00000000     0.72787895
  20  218    0     0.00000000     0.76036919
  20  219    0     0.00000000     0.72604067
  20  220    0     0.00000000     0.79281783
  20  221    0     0.00000000     0.70435798
  20  222    0     0.00000000     0.73419428
  20  223    0     0.00000000     0.74265151
  20  224    0     0.00000000     0.87540724
  20  225    0     0.00000000     0.90878123
  20  226    0     0.00000000     0.95329905
  20  227    0     0.00000000     0.90001253
  20  228    0     0.00000000     0.93500939
  20  229    0     0.00000000     0.87791189
  20  230    0     0.00000000     0.93254492
  20  231    0     0.00000000     0.94519107
  20  232    0     0.00000000     0.92994697
  20  233    0     0.00000000     0.95353719
  20  234    0     0.00000000     0.92420887
  20  235    0     0.00000000     0.95249076
  20  236    0     0.00000000     0.92846507
  20  237    0     0.00000000     0.88347698
  20  238    0     0.00000000     0.93305098
  20  239    0     0.00000000     0.88243641
  20  240    0     0.00000000     1.00916644
  20  241    0     0.00000000     1.04813074
  20  242    0     0.00000000     1.04495591
  20  243    0     0.00000000     1.04495591
  21    0    0     0.00000000     1.04495591
  21    1    0     0.00000000     1.04495591
  21    2    0     0.00000000     1.04495591
  21    3    0     0.00000000     1.04495591
  21    4    0     0.00000000     1.04495591
  21    5    0     0.00000000     1.04495591
  21    6    0     0.00000000     1.04495591
  21    7    0     0.00000000     1.04495591
  21    8    0     0.00000000     1.04495591
  21    9    0     0.00000000     1.04495591
  21   10    0     0.00000000     1.04495591
  21   11    0     0.00000000     1.04495591
  21   12    0     0.00000000     1.04495591
  21   13    0     0.00000000     1.04495591
  21   14    0     0.00000000     1.04180025
  21   15    0     0.00000000     1.58560669
  21   16    0     0.00000000     1.47323413
  21   17    0     0.00000000     1.47323413
  21   18    0     0.00000000     1.47323413
  21   19    0     0.00000000     1.37573524
  21   20    0     0.00000000     1.62387110
  21   21    0     0.00000000     1.62387110
  21   22    0     0.00000000     1.62387110
  21   23    0     0.00000000     1.98121489
  21   24    0     0.00000000     1.53609521
  21   25    0     0.00000000     1.25429309
  21   26    0     0.00000000     0.99844175
  21   27    0     0.00000000     1.34714661
  21   28    0     0.00000000     1.13073295
  21   29    0     0.00000000     1.20240654
  21   30    0     0.00000000     1.28378138
  21   31    0     0.00000000     1.47035756
  21   32    0     0.00000000     1.32448849
  21   33    0     0.00000000     1.20494962
  21   34    0     0.00000000     1.25925362
  21   35    0     0.00000000     1.17696672
  21   36    0     0.00000000     1.18892058
  21   37    0     0.00000000     1.10049148
  21   38    0     0.00000000     1.08998512
  21   39    0     0.00000000     1.15411118
  21   40    0     0.00000000     1.22625423
  21   41    0     0.00000000     1.31437256
  21   42    0     0.00000000     1.24241414
  21   43    0     0.00000000     1.26849704
  21   44    0     0.00000000     1.20263489
  21   45    0     0.00000000     1.17881849
  21   46    0     0.00000000     1.16703640
  21   47    0     0.00000000     1.40497599
  21   48    0     0.00000000     1.28531360
  21   49    0     0.00000000     1.18443479
  21   50    0     0.00000000     1.26267096
  21   51    0     0.00000000     1.17901907
  21   52    0     0.00000000     1.18631223
  21   53    0     0.00000000     1.29606549
  21   54    0     0.00000000     1.13827261
  21   55    0     0.00000000     1.32904903
  21   56    0     0.00000000     1.10069248
  21   57    0     0.00000000     1.24161883
  21   58    0     0.00000000     1.17214549
  21   59    0     0.00000000     1.11551679
  21   60    0     0.00000000     1.08814128
  21   61    0     0.00000000     1.08972927
  21   62    0     0.00000000     1.27849764
  21   63    0     0.00000000     1.22593499
  21   64    0     0.00000000     1.09545484
  21   65    0     0.00000000     1.11947708
  21   66    0     0.00000000     1.05682968
  21   67    0     0.00000000     1.11062415
  21   68    0     0.00000000     1.13112814
  21   69    0     0.00000000     1.22676244
  21   70    0     0.00000000     1.21217116
  21   71    0     0.00000000     1.36459992
  21   72    0     0.00000000     1.22943569
  21   73    0     0.00000000     1.27365683
  21   74    0     0.00000000     1.19306565
  21   75    0     0.00000000     1.20062301
  21   76    0     0.00000000     1.18640173
  21   77    0     0.00000000     1.25032446
  21   78    0     0.00000000     1.00000000
  21   79    0     0.00000000     1.00000000
  21   80    0     0.00000000     1.00000000
  21   81    0     0.00000000     1.00000000
  21   82    0     0.00000000     1.00000000
  21   83    0     0.00000000     1.00000000
  21   84    0     0.00000000     1.00000000
  21   85    0     0.00000000     1.00000000
  21   86    0     0.00000000     1.08189465
  21   87    0     0.00000000     1.00565014
  21   88    0     0.00000000     1.06159177
  21   89    0     0.00000000     1.11397872
  21   90    0     0.00000000     1.06539427
  21   91    0     0.00000000     1.13237191
  21   92    0     0.00000000     1.18780646
  21   93    0     0.00000000     1.20025073
  21   94    0     0.00000000     1.16732268
  21   95    0     0.00000000     1.32792498
  21   96    0     0.00000000     1.18855573
  21   97    0     0.00000000     1.29538351
  21   98    0     0.00000000     1.13744700
  21   99    0     0.00000000     1.13547282
  21  100    0     0.00000000     1.11595400
  21  101    0     0.00000000     1.17894051
  21  102    0     0.00000000     1.13244122
  21  103    0     0.00000000     1.12557648
  21  104    0     0.00000000     1.10671881
  21  105    0     0.00000000     1.14472975
  21  106    0     0.00000000     1.09281581
  21  107    0     0.00000000     1.08733059
  21  108    0     0.00000000     1.08733059
  21  109    0     0.00000000     1.08733059
  21  110    0     0.00000000     1.08733059
  21  111    0     0.00000000     1.08733059
  21  112    0     0.00000000     1.08190015
  21  113    0     0.00000000     1.07216975
  21  114    0     0.00000000     1.05273122
  21  115    0     0.00000000     1.02379367
  21  116    0     0.00000000     0.99630923
  21  117    0     0.00000000     1.06617820
  21  118    0     0.00000000     1.06535134
  21  119    0     0.00000000     1.02601301
  21  120    0     0.00000000     1.06939116
  21  121    0     0.00000000     1.01347467
  21  122    0     0.00000000     0.94392049
  21  123    0     0.00000000     0.91216957
  21  124    0     0.00000000     0.93762735
  21  125    0     0.00000000     0.85702422
  21  126    0     0.00000000     0.85876227
  21  127    0     0.00000000     0.91677349
  21  128    0     0.00000000     0.96273975
  21  129    0     0.00000000     0.91857271
  21  130    0     0.00000000     0.94907208
  21  131    0     0.00000000     0.82411915
  21  132    0     0.00000000     0.85336904
  21  133    0     0.00000000     0.84184231
  21  134    0     0.00000000     0.84368007
  21  135    0     0.00000000     0.83450851
  21  136    0     0.00000000     0.82465051
  21  137    0     0.00000000     0.92195883
  21  138    0     0.00000000     0.93289768
  21  139    0     0.00000000     0.87889844
  21  140    0     0.00000000     0.79151159
  21  141    0     0.00000000     0.76056685
  21  142    0     0.00000000     0.80163851
  21  143    0     0.00000000     0.79350732
  21  144    0     0.00000000     0.82331084
  21  145    0     0.00000000     0.90593351
  21  146    0     0.00000000     1.00000000
  21  147    0     0.00000000     1.00000000
  21  148    0     0.00000000     1.00000000
  21  149    0     0.00000000     1.00000000
  21  150    0     0.00000000     1.00000000
  21  151    0     0.00000000     1.00000000
  21  152    0     0.00000000     1.00000000
  21  153    0     0.00000000     1.00000000
  21  154    0     0.00000000     0.86604820
  21  155    0     0.00000000     0.80540726
  21  156    0     0.00000000     0.80730613
  21  157    0     0.00000000     0.80932126
  21  158    0     0.00000000     0.85581063
  21  159    0     0.00000000     0.83236276
  21  160    0     0.00000000     0.80977717
  21  161    0     0.00000000     0.78843218
  21  162    0     0.00000000     0.79835838
  21  163    0     0.00000000     0.80556923
  21  164    0     0.00000000     0.82751091
  21  165    0     0.00000000     0.84159477
  21  166    0     0.00000000     0.86530342
  21  167    0     0.00000000     0.89546000
  21  168    0     0.00000000     0.87015592
  21  169    0     0.00000000     0.88589120
  21  170    0     0.00000000     0.89208612
  21  171    0     0.00000000     0.90781915
  21  172    0     0.00000000     0.95401016
  21  173    0     0.00000000     0.92292700
  21  174    0     0.00000000     0.91168256
  21  175    0     0.00000000     0.92286846
  21  176    0     0.00000000     0.92907406
  21  177    0     0.00000000     0.94679542
  21  178    0     0.00000000     1.02450183
  21  179    0     0.00000000     1.00178611
  21  180    0     0.00000000     0.99753788
  21  181    0     0.00000000     0.99737525
  21  182    0     0.00000000     0.97102139
  21  183    0     0.00000000     0.99253109
  21  184    0     0.00000000     0.98144594
  21  185    0     0.00000000     1.00442205
  21  186    0     0.00000000     1.01116303
  21  187    0     0.00000000     0.98087340
  21  188    0     0.00000000     1.00765961
  21  189    0     0.00000000     0.94470627
  21  190    0     0.00000000     0.97493056
  21  191    0     0.00000000     0.92891654
  21  192    0     0.00000000     0.92599480
  21  193    0     0.00000000     0.91104558
  21  194    0     0.00000000     0.92274670
  21  195    0     0.00000000     0.85787549
  21  196    0     0.00000000     0.85815708
  21  197    0     0.00000000     0.82899745
  21  198    0     0.00000000     0.82071652
  21  199    0     0.00000000     0.79657189
  21  200    0     0.00000000     0.76981874
  21  201    0     0.00000000     0.71955782
  21  202    0     0.00000000     0.71235379
  21  203    0     0.00000000     0.75018325
  21  204    0     0.00000000     0.68506583
  21  205    0     0.00000000     0.68568381
  21  206    0     0.00000000     0.65471044
  21  207    0     0.00000000     0.64210889
  21  208    0     0.00000000     0.67440791
  21  209    0     0.00000000     0.65071936
  21  210    0     0.00000000     0.64957963
  21  211    0     0.00000000     0.65001130
  21  212    0     0.00000000     0.63041740
  21  213    0     0.00000000     0.66404203
  21  214    0     0.00000000     0.68366505
  21  215    0     0.00000000     0.75799686
  21  216    0     0.00000000     0.79074209
  21  217    0     0.00000000     0.80045673
  21  218    0     0.00000000     0.80999635
  21  219    0     0.00000000     0.82157601
  21  220    0     0.00000000     0.80312833
  21  221    0     0.00000000     0.83641641
  21  222    0     0.00000000     0.91436670
  21  223    0     0.00000000     0.99286320
  21  224    0     0.00000000     1.02756978
  21  225    0     0.00000000     0.98199692
  21  226    0     0.00000000     1.00183110
  21  227    0     0.00000000     1.11157132
  21  228    0     0.00000000     1.17390668
  21  229    0     0.00000000     1.15795554
  21  230    0     0.00000000     1.19343129
  21  231    0     0.00000000     1.25425457
  22    0    0     0.00000000     1.02099896
  22    1    0     0.00000000     1.02099896
  22    2    0     0.00000000     1.02099896
  22    3    0     0.00000000     1.02099896
  22    4    0     0.00000000     1.03378767
  22    5    0     0.00000000     1.03378767
  22    6    0     0.00000000     1.04690082
  22    7    0     0.00000000     1.04056780
  22    8    0     0.00000000     1.03431095
  22    9    0     0.00000000     1.04475402
  22   10    0     0.00000000     1.05541013
  22   11    0     0.00000000     1.04640779
  22   12    0     0.00000000     1.03755772
  22   13    0     0.00000000     1.05272693
  22   14    0     0.00000000     1.06834626
  22   15    0     0.00000000     1.10346319
  22   16    0     0.00000000     1.10346319
  22   17    0     0.00000000     1.10346319
  22   18    0     0.00000000     1.10346319
  22   19    0     0.00000000     1.14096720
  22   20    0     0.00000000     1.17429530
  22   21    0     0.00000000     1.17429530
  22   22    0     0.00000000     1.20962904
  22   23    0     0.00000000     1.18152005
  22   24    0     0.00000000     1.13936961
  22   25    0     0.00000000     1.18115782
  22   26    0     0.00000000     1.13611090
  22   27    0     0.00000000     1.11805920
  22   28    0     0.00000000     1.31305646
  22   29    0     0.00000000     0.97029828
  22   30    0     0.00000000     1.07226692
  22   31    0     0.00000000     1.19818408
  22   32    0     0.00000000     1.30756889
  22   33    0     0.00000000     1.27969715
  22   34    0     0.00000000     1.17671219
  22   35    0     0.00000000     1.25178955
  22   36    0     0.00000000     1.09034773
  22   37    0     0.00000000     1.12808121
  22   38    0     0.00000000     1.16851999
  22   39    0     0.00000000     1.23118669
  22   40    0     0.00000000     1.17517104
  22   41    0     0.00000000     1.21270045
  22   42    0     0.00000000     1.29630165
  22   43    0     0.00000000     1.10797541
  22   44    0     0.00000000     1.14325876
  22   45    0     0.00000000     1.18086322
  22   46    0     0.00000000     1.21098210
  22   47    0     0.00000000     1.31113535
  22   48    0     0.00000000     1.03498142
  22   49    0     0.00000000     1.16799491
  22   50    0     0.00000000     1.09682567
  22   51    0     0.00000000     1.20497255
  22   52    0     0.00000000     1.25978291
  22   53    0     0.00000000     1.13725889
  22   54    0     0.00000000     1.16999519
  22   55    0     0.00000000     1.01994283
  22   56    0     0.00000000     1.12707506
  22   57    0     0.00000000     0.96853418
  22   58    0     0.00000000     1.20906062
  22   59    0     0.00000000     1.19996325
  22   60    0     0.00000000     1.27685998
  22   61    0     0.00000000     1.09426256
  22   62    0     0.00000000     1.13533867
  22   63    0     0.00000000     1.17469914
  22   64    0     0.00000000     1.16865567
  22   65    0     0.00000000     1.19050660
  22   66    0     0.00000000     1.27036289
  22   67    0     0.00000000     1.00000000
  22   68    0     0.00000000     1.00000000
  22   69    0     0.00000000     1.00000000
  22   70    0     0.00000000     1.00000000
  22   71    0     0.00000000     1.00000000
  22   72    0     0.00000000     1.00000000
  22   73    0     0.00000000     1.00000000
  22   74    0     0.00000000     1.00000000
  22   75    0     0.00000000     1.04136032
  22   76    0     0.00000000     1.04136032
  22   77    0     0.00000000     1.04136032
  22   78    0     0.00000000     1.12245478
  22   79    0     0.00000000     1.06746947
  22   80    0     0.00000000     1.10287870
  22   81    0     0.00000000     1.14414373
  22   82    0     0.00000000     1.11089593
  22   83    0     0.00000000     1.09420961
  22   84    0     0.00000000     1.10408320
  22   85    0     0.00000000     1.12274170
  22   86    0     0.00000000     1.12039576
  22   87    0     0.00000000     1.10541730
  22   88    0     0.00000000     1.14405584
  22   89    0     0.00000000     1.13303006
  22   90    0     0.00000000     1.13908693
  22   91    0     0.00000000     1.21268112
  22   92    0     0.00000000     1.15552327
  22   93    0     0.00000000     1.10447165
  22   94    0     0.00000000     1.21192762
  22   95    0     0.00000000     1.18893766
  22   96    0     0.00000000     1.16743922
  22   97    0     0.00000000     1.11068366
  22   98    0     0.00000000     1.09001470
  22   99    0     0.00000000     1.10008888
  22  100    0     0.00000000     1.06332949
  22  101    0     0.00000000     1.08825713
  22  102    0     0.00000000     1.06256353
  22  103    0     0.00000000     1.08666023
  22  104    0     0.00000000     1.16257385
  22  105    0     0.00000000     1.08044692
  22  106    0     0.00000000     1.08044692
  22  107    0     0.00000000     1.08044692
  22  108    0     0.00000000     1.08044692
  22  109    0     0.00000000     1.08044692
  22  110    0     0.00000000     1.00915768
  22  111    0     0.00000000     0.99605492
  22  112    0     0.00000000     0.97609755
  22  113    0     0.00000000     0.93602476
  22  114    0     0.00000000     0.95355185
  22  115    0     0.00000000     1.00677930
  22  116    0     0.00000000     0.95101157
  22  117    0     0.00000000     0.93500578
  22  118    0     0.00000000     0.97792602
  22  119    0     0.00000000     0.89352520
  22  120    0     0.00000000     0.87542551
  22  121    0     0.00000000     0.92421283
  22  122    0     0.00000000     0.86803526
  22  123    0     0.00000000     0.88197376
  22  124    0     0.00000000     0.93869766
  22  125    0     0.00000000     0.95800103
  22  126    0     0.00000000     0.92595608
  22  127    0     0.00000000     0.92527242
  22  128    0     0.00000000     0.80116659
  22  129    0     0.00000000     0.81308694
  22  130    0     0.00000000     0.83597284
  22  131    0     0.00000000     0.87269928
  22  132    0     0.00000000     0.83697914
  22  133    0     0.00000000     0.85627209
  22  134    0     0.00000000     0.94396084
  22  135    0     0.00000000     1.01134172
  22  136    0     0.00000000     0.94887068
  22  137    0     0.00000000     0.88569870
  22  138    0     0.00000000     0.87008783
  22  139    0     0.00000000     0.87799072
  22  140    0     0.00000000     0.86446140
  22  141    0     0.00000000     0.86140982
  22  142    0     0.00000000     0.86140982
  22  143    0     0.00000000     1.00000000
  22  144    0     0.00000000     1.00000000
  22  145    0     0.00000000     1.00000000
  22  146    0     0.00000000     1.00000000
  22  147    0     0.00000000     1.00000000
  22  148    0     0.00000000     1.00000000
  22  149    0     0.00000000     1.00000000
  22  150    0     0.00000000     1.00000000
  22  151    0     0.00000000     0.85837970
  22  152    0     0.00000000     0.82675708
  22  153    0     0.00000000     0.88272848
  22  154    0     0.00000000     0.89869052
  22  155    0     0.00000000     0.92723363
  22  156    0     0.00000000     0.87927765
  22  157    0     0.00000000     0.87313657
  22  158    0     0.00000000     0.88296496
  22  159    0     0.00000000     0.90928713
  22  160    0     0.00000000     0.92682599
  22  161    0     0.00000000     0.95161900
  22  162    0     0.00000000     0.95186070
  22  163    0     0.00000000     0.97447245
  22  164    0     0.00000000     0.93018807
  22  165    0     0.00000000     1.02119766
  22  166    0     0.00000000     1.02621970
  22  167    0     0.00000000     1.05198554
  22  168    0     0.00000000     0.99519798
  22  169    0     0.00000000     1.03627165
  22  170    0     0.00000000     1.00417392
  22  171    0     0.00000000     1.00576513
  22  172    0     0.00000000     0.93296130
  22  173    0     0.00000000     0.91503071
  22  174    0     0.00000000     0.90016187
  22  175    0     0.00000000     0.94255553
  22  176    0     0.00000000     0.92474887
  22  177    0     0.00000000     0.92538147
  22  178    0     0.00000000     0.94022533
  22  179    0     0.00000000     0.89814638
  22  180    0     0.00000000     0.87842987
  22  181    0     0.00000000     0.92199379
  22  182    0     0.00000000     0.92414938
  22  183    0     0.00000000     0.89372940
  22  184    0     0.00000000     0.91284965
  22  185    0     0.00000000     0.89233829
  22  186    0     0.00000000     0.84632881
  22  187    0     0.00000000     0.86793014
  22  188    0     0.00000000     0.82402850
  22  189    0     0.00000000     0.84528369
  22  190    0     0.00000000     0.78589826
  22  191    0     0.00000000     0.77275682
  22  192    0     0.00000000     0.75362959
  22  193    0     0.00000000     0.77167032
  22  194    0     0.00000000     0.73966038
  22  195    0     0.00000000     0.81094707
  22  196    0     0.00000000     0.78436626
  22  197    0     0.00000000     0.82844580
  22  198    0     0.00000000     0.77806494
  22  199    0     0.00000000     0.78162180
  22  200    0     0.00000000     0.78702609
  22  201    0     0.00000000     0.78934912
  22  202    0     0.00000000     0.76182147
  22  203    0     0.00000000     0.77977220
  22  204    0     0.00000000     0.71568126
  22  205    0     0.00000000     0.79337395
  22  206    0     0.00000000     0.71647107
  22  207    0     0.00000000     0.75239294
  22  208    0     0.00000000     0.74955398
  22  209    0     0.00000000     0.80868828
  22  210    0     0.00000000     0.77558949
  22  211    0     0.00000000     0.85952820
  22  212    0     0.00000000     0.92395394
  22  213    0     0.00000000     0.99338455
  22  214    0     0.00000000     1.02647124
  22  215    0     0.00000000     1.10578638
  22  216    0     0.00000000     1.21250590
  22  217    0     0.00000000     1.18402370
  23    0    0     0.00000000     1.03248732
  23    1    0     0.00000000     1.03248732
  23    2    0     0.00000000     1.03248732
  23    3    0     0.00000000     0.95888671
  23    4    0     0.00000000     1.00620771
  23    5    0     0.00000000     1.05844174
  23    6    0     0.00000000     1.00519803
  23    7    0     0.00000000     0.95705449
  23    8    0     0.00000000     1.03079441
  23    9    0     0.00000000     1.03079441
  23   10    0     0.00000000     1.11684608
  23   11    0     0.00000000     1.05854396
  23   12    0     0.00000000     1.00602688
  23   13    0     0.00000000     1.00236589
  23   14    0     0.00000000     0.99873145
  23   15    0     0.00000000     1.02716947
  23   16    0     0.00000000     1.01650353
  23   17    0     0.00000000     1.00816368
  23   18    0     0.00000000     1.21413135
  23   19    0     0.00000000     1.08089849
  23   20    0     0.00000000     1.60252359
  23   21    0     0.00000000     1.31624220
  23   22    0     0.00000000     1.11674270
  23   23    0     0.00000000     1.02734853
  23   24    0     0.00000000     1.28662696
  23   25    0     0.00000000     1.37531587
  23   26    0     0.00000000     1.36168976
  23   27    0     0.00000000     1.34833102
  23   28    0     0.00000000     1.10156444
  23   29    0     0.00000000     1.15068634
  23   30    0     0.00000000     1.15068634
  23   31    0     0.00000000     1.20439370
  23   32    0     0.00000000     1.22001580
  23   33    0     0.00000000     1.16170351
  23   34    0     0.00000000     1.22989078
  23   35    0     0.00000000     1.14652713
  23   36    0     0.00000000     1.38930876
  23   37    0     0.00000000     1.05001063
  23   38    0     0.00000000     1.18086359
  23   39    0     0.00000000     1.27681176
  23   40    0     0.00000000     1.12640380
  23   41    0     0.00000000     1.20355929
  23   42    0     0.00000000     1.01153203
  23   43    0     0.00000000     1.08322281
  23   44    0     0.00000000     1.09689836
  23   45    0     0.00000000     1.11092363
  23   46    0     0.00000000     1.12732530
  23   47    0     0.00000000     1.02182910
  23   48    0     0.00000000     1.18943146
  23   49    0     0.00000000     1.14351424
  23   50    0     0.00000000     1.08991109
  23   51    0     0.00000000     1.29288865
  23   52    0     0.00000000     1.66195499
  23   53    0     0.00000000     1.34843015
  23   54    0     0.00000000     1.19099270
  23   55    0     0.00000000     1.25100636
  23   56    0     0.00000000     1.20978773
  23   57    0     0.00000000     1.19981595
  23   58    0     0.00000000     1.18769433
  23   59    0     0.00000000     1.00000000
  23   60    0     0.00000000     1.00000000
  23   61    0     0.00000000     1.00000000
  23   62    0     0.00000000     1.00000000
  23   63    0     0.00000000     1.00000000
  23   64    0     0.00000000     1.00000000
  23   65    0     0.00000000     1.00000000
  23   66    0     0.00000000     1.00000000
  23   67    0     0.00000000     1.00000000
  23   68    0     0.00000000     1.12580961
  23   69    0     0.00000000     1.19619889
  23   70    0     0.00000000     1.13264877
  23   71    0     0.00000000     1.10779921
  23   72    0     0.00000000     1.05541511
  23   73    0     0.00000000     1.12257218
  23   74    0     0.00000000     1.12684493
  23   75    0     0.00000000     1.19573102
  23   76    0     0.00000000     1.13302529
  23   77    0     0.00000000     1.19320721
  23   78    0     0.00000000     1.17252763
  23   79    0     0.00000000     1.26075771
  23   80    0     0.00000000     1.23194251
  23   81    0     0.00000000     1.30545707
  23   82    0     0.00000000     1.19099094
  23   83    0     0.00000000     1.17497742
  23   84    0     0.00000000     1.14152324
  23   85    0     0.00000000     1.22832495
  23   86    0     0.00000000     1.06315282
  23   87    0     0.00000000     1.08497767
  23   88    0     0.00000000     1.14149397
  23   89    0     0.00000000     1.10732762
  23   90    0     0.00000000     1.05684954
  23   91    0     0.00000000     1.07219738
  23   92    0     0.00000000     1.13531585
  23   93    0     0.00000000     1.15651441
  23   94    0     0.00000000     1.13972897
  23   95    0     0.00000000     1.10974207
  23   96    0     0.00000000     1.10824369
  23   97    0     0.00000000     1.09470975
  23   98    0     0.00000000     1.06525082
  23   99    0     0.00000000     1.05939677
  23  100    0     0.00000000     1.05038970
  23  101    0     0.00000000     1.06693947
  23  102    0     0.00000000     1.04801134
  23  103    0     0.00000000     1.04540095
  23  104    0     0.00000000     1.04966335
  23  105    0     0.00000000     1.16454625
  23  106    0     0.00000000     1.13330999
  23  107    0     0.00000000     1.13330999
  23  108    0     0.00000000     1.13330999
  23  109    0     0.00000000     1.13330999
  23  110    0     0.00000000     1.10370563
  23  111    0     0.00000000     1.06334804
  23  112    0     0.00000000     1.06333905
  23  113    0     0.00000000     1.06333007
  23  114    0     0.00000000     0.97959172
  23  115    0     0.00000000     1.11030171
  23  116    0     0.00000000     1.16032662
  23  117    0     0.00000000     1.02476186
  23  118    0     0.00000000     1.02151469
  23  119    0     0.00000000     0.88057342
  23  120    0     0.00000000     0.88337316
  23  121    0     0.00000000     0.89838963
  23  122    0     0.00000000     0.86449127
  23  123    0     0.00000000     0.85992908
  23  124    0     0.00000000     0.92112999
  23  125    0     0.00000000     1.01052652
  23  126    0     0.00000000     0.96521674
  23  127    0     0.00000000     0.98356440
  23  128    0     0.00000000     0.88472393
  23  129    0     0.00000000     0.88562189
  23  130    0     0.00000000     0.89700264
  23  131    0     0.00000000     0.88673462
  23  132    0     0.00000000     0.88376261
  23  133    0     0.00000000     0.88301293
  23  134    0     0.00000000     0.94912756
  23  135    0     0.00000000     0.97610243
  23  136    0     0.00000000     0.92594071
  23  137    0     0.00000000     0.87528842
  23  138    0     0.00000000     0.87528842
  23  139    0     0.00000000     0.87528842
  23  140    0     0.00000000     0.82989044
  23  141    0     0.00000000     0.83637867
  23  142    0     0.00000000     1.00000000
  23  143    0     0.00000000     1.00000000
  23  144    0     0.00000000     1.00000000
  23  145    0     0.00000000     1.00000000
  23  146    0     0.00000000     1.00000000
  23  147    0     0.00000000     1.00000000
  23  148    0     0.00000000     1.00000000
  23  149    0     0.00000000     1.00000000
  23  150    0     0.00000000     1.00000000
  23  151    0     0.00000000     0.86616013
  23  152    0     0.00000000     0.78729848
  23  153    0     0.00000000     0.76129060
  23  154    0     0.00000000     0.80592071
  23  155    0     0.00000000     0.79993988
  23  156    0     0.00000000     0.79817687
  23  157    0     0.00000000     0.82225575
  23  158    0     0.00000000     0.83467819
  23  159    0     0.00000000     0.84847732
  23  160    0     0.00000000     0.87925887
  23  161    0     0.00000000     0.93904715
  23  162    0     0.00000000     1.00347798
  23  163    0     0.00000000     1.05239168
  23  164    0     0.00000000     1.03997494
  23  165    0     0.00000000     1.10779188
  23  166    0     0.00000000     1.11334735
  23  167    0     0.00000000     0.98585832
  23  168    0     0.00000000     0.98585832
  23  169    0     0.00000000     0.98585832
  23  170    0     0.00000000     0.98585832
  23  171    0     0.00000000     0.98585832
  23  172    0     0.00000000     0.98585832
  23  173    0     0.00000000     0.98585832
  23  174    0     0.00000000     0.98585832
  23  175    0     0.00000000     0.98585832
  23  176    0     0.00000000     0.98585832
  23  177    0     0.00000000     0.98585832
  23  178    0     0.00000000     0.98585832
  23  179    0     0.00000000     0.98585832
  23  180    0     0.00000000     0.98585832
  23  181    0     0.00000000     0.98585832
  23  182    0     0.00000000     0.98585832
  23  183    0     0.00000000     0.98585832
  23  184    0     0.00000000     0.98585832
  23  185    0     0.00000000     0.98585832
  23  186    0     0.00000000     0.98585832
  23  187    0     0.00000000     0.98585832
  23  188    0     0.00000000     0.98585832
  23  189    0     0.00000000     0.98585832
  23  190    0     0.00000000     0.98585832
  23  191    0     0.00000000     0.98585832
  23  192    0     0.00000000     0.98585832
  23  193    0     0.00000000     0.98585832
  23  194    0     0.00000000     0.98585832
  23  195    0     0.00000000     0.98585832
  23  196    0     0.00000000     0.98585832
  23  197    0     0.00000000     0.98585832
  23  198    0     0.00000000     0.98585832
  23  199    0     0.00000000     0.98585832
  23  200    0     0.00000000     0.88456687
  23  201    0     0.00000000     0.77875683
  23  202    0     0.00000000     0.71363924
  23  203    0     0.00000000     0.72730263
  23  204    0     0.00000000     0.70388894
  23  205    0     0.00000000     0.66552969
  23  206    0     0.00000000     0.61524400
  23  207    0     0.00000000     0.68293600
  23  208    0     0.00000000     0.74762459
  23  209    0     0.00000000     0.95695632
  24    0    0     0.00000000     1.14735900
  24    1    0     0.00000000     1.14735900
  24    2    0     0.00000000     1.14735900
  24    3    0     0.00000000     1.14735900
  24    4    0     0.00000000     1.14735900
  24    5    0     0.00000000     1.14735900
  24    6    0     0.00000000     1.14735900
  24    7    0     0.00000000     1.08161536
  24    8    0     0.00000000     1.02299762
  24    9    0     0.00000000     1.10431428
  24   10    0     0.00000000     1.19967475
  24   11    0     0.00000000     1.02279680
  24   12    0     0.00000000     0.97444582
  24   13    0     0.00000000     0.93045990
  24   14    0     0.00000000     0.97928975
  24   15    0     0.00000000     0.97928975
  24   16    0     0.00000000     1.03352857
  24   17    0     0.00000000     1.18561833
  24   18    0     0.00000000     0.95742805
  24   19    0     0.00000000     1.07659387
  24   20    0     0.00000000     1.15981475
  24   21    0     0.00000000     1.03598476
  24   22    0     0.00000000     1.12733024
  24   23    0     0.00000000     1.11992975
  24   24    0     0.00000000     1.11992975
  24   25    0     0.00000000     1.11262579
  24   26    0     0.00000000     1.27295283
  24   27    0     0.00000000     1.01565391
  24   28    0     0.00000000     1.19197736
  24   29    0     0.00000000     1.05911418
  24   30    0     0.00000000     1.11433690
  24   31    0     0.00000000     1.71406386
  24   32    0     0.00000000     1.12521305
  24   33    0     0.00000000     1.24454363
  24   34    0     0.00000000     1.12355874
  24   35    0     0.00000000     1.27356126
  24   36    0     0.00000000     1.11149241
  24   37    0     0.00000000     1.15843881
  24   38    0     0.00000000     1.18277789
  24   39    0     0.00000000     1.20816166
  24   40    0     0.00000000     1.20896612
  24   41    0     0.00000000     0.97199933
  24   42    0     0.00000000     1.12957193
  24   43    0     0.00000000     1.11937814
  24   44    0     0.00000000     1.16036684
  24   45    0     0.00000000     1.33091671
  24   46    0     0.00000000     1.27018753
  24   47    0     0.00000000     1.32789864
  24   48    0     0.00000000     1.28551879
  24   49    0     0.00000000     1.67220329
  24   50    0     0.00000000     1.32277731
  24   51    0     0.00000000     1.20797459
  24   52    0     0.00000000     1.36027284
  24   53    0     0.00000000     1.00000000
  24   54    0     0.00000000     1.00000000
  24   55    0     0.00000000     1.00000000
  24   56    0     0.00000000     1.00000000
  24   57    0     0.00000000     1.00000000
  24   58    0     0.00000000     1.00000000
  24   59    0     0.00000000     1.00000000
  24   60    0     0.00000000     1.00000000
  24   61    0     0.00000000     1.00000000
  24   62    0     0.00000000     1.13718334
  24   63    0     0.00000000     1.04260912
  24   64    0     0.00000000     1.14758406
  24   65    0     0.00000000     1.16218356
  24   66    0     0.00000000     1.16846009
  24   67    0     0.00000000     1.21121304
  24   68    0     0.00000000     1.26113389
  24   69    0     0.00000000     1.36946755
  24   70    0     0.00000000     1.24272388
  24   71    0     0.00000000     1.25290426
  24   72    0     0.00000000     1.32569228
  24   73    0     0.00000000     1.25196943
  24   74    0     0.00000000     1.27209881
  24   75    0     0.00000000     1.19849924
  24   76    0     0.00000000     1.21676097
  24   77    0     0.00000000     1.20058767
  24   78    0     0.00000000     1.25079393
  24   79    0     0.00000000     1.22004304
  24   80    0     0.00000000     1.23268993
  24   81    0     0.00000000     1.18069802
  24   82    0     0.00000000     1.17878697
  24   83    0     0.00000000     1.18929581
  24   84    0     0.00000000     1.25515626
  24   85    0     0.00000000     1.21058473
  24   86    0     0.00000000     1.19576419
  24   87    0     0.00000000     1.17318607
  24   88    0     0.00000000     1.19063626
  24   89    0     0.00000000     1.11272387
  24   90    0     0.00000000     1.14349388
  24   91    0     0.00000000     1.08746901
  24   92    0     0.00000000     1.16697563
  24   93    0     0.00000000     1.04137005
  24   94    0     0.00000000     1.12591119
  24   95    0     0.00000000     1.07857354
  24   96    0     0.00000000     1.17641802
  24   97    0     0.00000000     1.19117416
  24   98    0     0.00000000     1.23652311
  24   99    0     0.00000000     1.23166861
  24  100    0     0.00000000     1.22155173
  24  101    0     0.00000000     1.13329202
  24  102    0     0.00000000     1.19543600
  24  103    0     0.00000000     1.02029143
  24  104    0     0.00000000     1.05509565
  24  105    0     0.00000000     1.03685748
  24  106    0     0.00000000     1.04470808
  24  107    0     0.00000000     1.09297191
  24  108    0     0.00000000     1.15437481
  24  109    0     0.00000000     1.22103168
  24  110    0     0.00000000     1.36403353
  24  111    0     0.00000000     1.18769705
  24  112    0     0.00000000     1.23031674
  24  113    0     0.00000000     1.02993314
  24  114    0     0.00000000     1.05477313
  24  115    0     0.00000000     1.02960715
  24  116    0     0.00000000     0.96493432
  24  117    0     0.00000000     1.01247188
  24  118    0     0.00000000     1.02835949
  24  119    0     0.00000000     0.97892633
  24  120    0     0.00000000     0.96540009
  24  121    0     0.00000000     0.88118663
  24  122    0     0.00000000     0.87533554
  24  123    0     0.00000000     0.91662603
  24  124    0     0.00000000     0.86686504
  24  125    0     0.00000000     0.83817495
  24  126    0     0.00000000     0.89471962
  24  127    0     0.00000000     0.93976624
  24  128    0     0.00000000     0.94510070
  24  129    0     0.00000000     0.90200412
  24  130    0     0.00000000     0.80500804
  24  131    0     0.00000000     0.79566661
  24  132    0     0.00000000     0.78371360
  24  133    0     0.00000000     0.76801841
  24  134    0     0.00000000     0.72759188
  24  135    0     0.00000000     0.75403985
  24  136    0     0.00000000     0.89208792
  24  137    0     0.00000000     0.90095432
  24  138    0     0.00000000     0.78322981
  24  139    0     0.00000000     0.69458329
  24  140    0     0.00000000     0.77893600
  24  141    0     0.00000000     0.77160851
  24  142    0     0.00000000     0.73998753
  24  143    0     0.00000000     0.84913709
  24  144    0     0.00000000     1.00000000
  24  145    0     0.00000000     1.00000000
  24  146    0     0.00000000     1.00000000
  24  147    0     0.00000000     1.00000000
  24  148    0     0.00000000     1.00000000
  24  149    0     0.00000000     1.00000000
  24  150    0     0.00000000     1.00000000
  24  151    0     0.00000000     1.00000000
  24  152    0     0.00000000     1.00000000
  24  153    0     0.00000000     1.02866693
  24  154    0     0.00000000     1.02866693
  24  155    0     0.00000000     1.02866693
  24  156    0     0.00000000     1.02866693
  24  157    0     0.00000000     1.02866693
  24  158    0     0.00000000     1.02866693
  24  159    0     0.00000000     1.02866693
  24  160    0     0.00000000     1.02866693
  24  161    0     0.00000000     1.02866693
  24  162    0     0.00000000     1.02866693
  24  163    0     0.00000000     1.02866693
  24  164    0     0.00000000     1.02866693
  24  165    0     0.00000000     1.02866693
  24  166    0     0.00000000     1.02866693
  24  167    0     0.00000000     1.02866693
  24  168    0     0.00000000     1.03327453
  24  169    0     0.00000000     1.00541944
  24  170    0     0.00000000     1.01209472
  24  171    0     0.00000000     1.01944631
  24  172    0     0.00000000     1.02208212
  24  173    0     0.00000000     1.05107517
  24  174    0     0.00000000     1.03846461
  24  175    0     0.00000000     1.04482491
  24  176    0     0.00000000     1.01915131
  24  177    0     0.00000000     1.07461482
  24  178    0     0.00000000     1.10163349
  24  179    0     0.00000000     1.04381604
  24  180    0     0.00000000     1.06988123
  24  181    0     0.00000000     1.01989389
  24  182    0     0.00000000     1.01357226
  24  183    0     0.00000000     0.98539925
  24  184    0     0.00000000     1.02765341
  24  185    0     0.00000000     0.97280925
  24  186    0     0.00000000     0.97822281
  24  187    0     0.00000000     0.98481188
  24  188    0     0.00000000     0.91190325
  24  189    0     0.00000000     0.90878848
  24  190    0     0.00000000     0.90428242
  24  191    0     0.00000000     0.87553255
  24  192    0     0.00000000     0.84108048
  24  193    0     0.00000000     0.80258581
  24  194    0     0.00000000     0.74160552
  24  195    0     0.00000000     0.70353349
  24  196    0     0.00000000     0.75147117
  24  197    0     0.00000000     0.79282434
  24  198    0     0.00000000     0.77040801
  24  199    0     0.00000000     0.75385368
  24  200    0     0.00000000     0.73781217
  24  201    0     0.00000000     0.77899194
  24  202    0     0.00000000     0.74115067
  24  203    0     0.00000000     0.84566077
  24  204    0     0.00000000     1.03644679
  24  205    0     0.00000000     1.14946380
  25    0    0     0.00000000     1.02751833
  25    1    0     0.00000000     1.02751833
  25    2    0     0.00000000     1.05820651
  25    3    0     0.00000000     1.05820651
  25    4    0     0.00000000     1.05820651
  25    5    0     0.00000000     1.09078421
  25    6    0     0.00000000     1.22930925
  25    7    0     0.00000000     1.40813672
  25    8    0     0.00000000     1.16618082
  25    9    0     0.00000000     1.12914451
  25   10    0     0.00000000     1.12914451
  25   11    0     0.00000000     1.09438823
  25   12    0     0.00000000     1.17676084
  25   13    0     0.00000000     1.27254282
  25   14    0     0.00000000     1.10961996
  25   15    0     0.00000000     1.06654057
  25   16    0     0.00000000     1.11453827
  25   17    0     0.00000000     1.11453827
  25   18    0     0.00000000     1.11453827
  25   19    0     0.00000000     1.16705966
  25   20    0     0.00000000     1.18724323
  25   21    0     0.00000000     1.14657931
  25   22    0     0.00000000     1.13921871
  25   23    0     0.00000000     1.18910042
  25   24    0     0.00000000     1.20476971
  25   25    0     0.00000000     1.20705072
  25   26    0     0.00000000     1.20934038
  25   27    0     0.00000000     1.20099609
  25   28    0     0.00000000     1.08831636
  25   29    0     0.00000000     1.13285543
  25   30    0     0.00000000     1.14245289
  25   31    0     0.00000000     1.14042199
  25   32    0     0.00000000     1.30928504
  25   33    0     0.00000000     1.53684700
  25   34    0     0.00000000     1.21221730
  25   35    0     0.00000000     1.18975304
  25   36    0     0.00000000     1.16633759
  25   37    0     0.00000000     1.26162449
  25   38    0     0.00000000     1.30329481
  25   39    0     0.00000000     1.34781183
  25   40    0     0.00000000     1.41873203
  25   41    0     0.00000000     1.43976367
  25   42    0     0.00000000     1.26984601
  25   43    0     0.00000000     1.23518305
  25   44    0     0.00000000     1.27429858
  25   45    0     0.00000000     1.24101907
  25   46    0     0.00000000     1.41480057
  25   47    0     0.00000000     1.24145229
  25   48    0     0.00000000     1.00000000
  25   49    0     0.00000000     1.00000000
  25   50    0     0.00000000     1.00000000
  25   51    0     0.00000000     1.00000000
  25   52    0     0.00000000     1.00000000
  25   53    0     0.00000000     1.00000000
  25   54    0     0.00000000     1.00000000
  25   55    0     0.00000000     1.00000000
  25   56    0     0.00000000     1.22579302
  25   57    0     0.00000000     1.22579302
  25   58    0     0.00000000     1.22579302
  25   59    0     0.00000000     1.22579302
  25   60    0     0.00000000     1.22579302
  25   61    0     0.00000000     1.22579302
  25   62    0     0.00000000     1.22579302
  25   63    0     0.00000000     1.22579302
  25   64    0     0.00000000     1.14753752
  25   65    0     0.00000000     1.18860825
  25   66    0     0.00000000     1.17101901
  25   67    0     0.00000000     1.07507796
  25   68    0     0.00000000     1.15355899
  25   69    0     0.00000000     1.12458289
  25   70    0     0.00000000     1.16713123
  25   71    0     0.00000000     1.17162939
  25   72    0     0.00000000     1.17449614
  25   73    0     0.00000000     1.15118537
  25   74    0     0.00000000     1.21870350
  25   75    0     0.00000000     1.19530315
  25   76    0     0.00000000     1.20585399
  25   77    0     0.00000000     1.17103094
  25   78    0     0.00000000     1.15094680
  25   79    0     0.00000000     1.16964811
  25   80    0     0.00000000     1.09137315
  25   81    0     0.00000000     1.04116193
  25   82    0     0.00000000     1.03288321
  25   83    0     0.00000000     0.99674364
  25   84    0     0.00000000     1.09642271
  25   85    0     0.00000000     1.10063401
  25   86    0     0.00000000     1.15488126
  25   87    0     0.00000000     1.13277973
  25   88    0     0.00000000     1.18146181
  25   89    0     0.00000000     1.16976317
  25   90    0     0.00000000     1.19954049
  25   91    0     0.00000000     1.21590094
  25   92    0     0.00000000     1.10159658
  25   93    0     0.00000000     1.12027865
  25   94    0     0.00000000     1.14481821
  25   95    0     0.00000000     1.12749624
  25   96    0     0.00000000     1.09506333
  25   97    0     0.00000000     1.04509452
  25   98    0     0.00000000     1.13134274
  25   99    0     0.00000000     1.18866803
  25  100    0     0.00000000     1.23270749
  25  101    0     0.00000000     1.16154836
  25  102    0     0.00000000     1.18084316
  25  103    0     0.00000000     1.09870351
  25  104    0     0.00000000     1.08329301
  25  105    0     0.00000000     1.07565720
  25  106    0     0.00000000     1.05680345
  25  107    0     0.00000000     1.05154106
  25  108    0     0.00000000     1.13004251
  25  109    0     0.00000000     1.03316938
  25  110    0     0.00000000     1.15685933
  25  111    0     0.00000000     1.08489800
  25  112    0     0.00000000     1.08489800
  25  113    0     0.00000000     1.08489800
  25  114    0     0.00000000     1.08489800
  25  115    0     0.00000000     1.02136497
  25  116    0     0.00000000     1.03873446
  25  117    0     0.00000000     1.01331170
  25  118    0     0.00000000     1.02413987
  25  119    0     0.00000000     0.99841576
  25  120    0     0.00000000     1.09143638
  25  121    0     0.00000000     1.02417604
  25  122    0     0.00000000     0.99739230
  25  123    0     0.00000000     0.86667508
  25  124    0     0.00000000     0.86219697
  25  125    0     0.00000000     0.85962093
  25  126    0     0.00000000     0.84853964
  25  127    0     0.00000000     0.82866415
  25  128    0     0.00000000     0.83214588
  25  129    0     0.00000000     0.92712766
  25  130    0     0.00000000     0.99730069
  25  131    0     0.00000000     0.85588277
  25  132    0     0.00000000     0.82318521
  25  133    0     0.00000000     0.82660469
  25  134    0     0.00000000     0.85664858
  25  135    0     0.00000000     0.83479362
  25  136    0     0.00000000     0.83360685
  25  137    0     0.00000000     0.84132871
  25  138    0     0.00000000     0.98005880
  25  139    0     0.00000000     0.98842652
  25  140    0     0.00000000     0.84957204
  25  141    0     0.00000000     0.77688960
  25  142    0     0.00000000     0.85176392
  25  143    0     0.00000000     0.81676309
  25  144    0     0.00000000     0.85151935
  25  145    0     0.00000000     0.87747141
  25  146    0     0.00000000     1.00000000
  25  147    0     0.00000000     1.00000000
  25  148    0     0.00000000     1.00000000
  25  149    0     0.00000000     1.00000000
  25  150    0     0.00000000     1.00000000
  25  151    0     0.00000000     1.00000000
  25  152    0     0.00000000     1.00000000
  25  153    0     0.00000000     1.00000000
  25  154    0     0.00000000     0.87154740
  25  155    0     0.00000000     0.78518642
  25  156    0     0.00000000     0.85742331
  25  157    0     0.00000000     0.91624126
  25  158    0     0.00000000     0.97386217
  25  159    0     0.00000000     0.97900019
  25  160    0     0.00000000     1.00933753
  25  161    0     0.00000000     1.05691398
  25  162    0     0.00000000     1.04041970
  25  163    0     0.00000000     1.02549348
  25  164    0     0.00000000     1.05355133
  25  165    0     0.00000000     1.08522228
  25  166    0     0.00000000     1.07388505
  25  167    0     0.00000000     1.08438640
  25  168    0     0.00000000     1.13000053
  25  169    0     0.00000000     1.09904401
  25  170    0     0.00000000     1.09715763
  25  171    0     0.00000000     1.06322287
  25  172    0     0.00000000     1.09583241
  25  173    0     0.00000000     1.12570201
  25  174    0     0.00000000     1.12083731
  25  175    0     0.00000000     1.09847865
  25  176    0     0.00000000     1.10860644
  25  177    0     0.00000000     1.13075632
  25  178    0     0.00000000     1.12302513
  25  179    0     0.00000000     1.16697608
  25  180    0     0.00000000     1.17067868
  25  181    0     0.00000000     1.16105980
  25  182    0     0.00000000     1.17430285
  25  183    0     0.00000000     1.14213869
  25  184    0     0.00000000     1.11531459
  25  185    0     0.00000000     1.10788482
  25  186    0     0.00000000     1.12101530
  25  187    0     0.00000000     1.08971811
  25  188    0     0.00000000     1.08563190
  25  189    0     0.00000000     1.06506430
  25  190    0     0.00000000     1.03816468
  25  191    0     0.00000000     0.99776953
  25  192    0     0.00000000     0.98935201
  25  193    0     0.00000000     0.97248582
  25  194    0     0.00000000     0.94895306
  25  195    0     0.00000000     0.89009814
  25  196    0     0.00000000     0.83363427
  25  197    0     0.00000000     0.78899714
  25  198    0     0.00000000     0.82027311
  25  199    0     0.00000000     0.86577718
  25  200    0     0.00000000     1.01463203
  25  201    0     0.00000000     1.20685682
  26    0    0     0.00000000     1.14784658
  26    1    0     0.00000000     1.23257302
  26    2    0     0.00000000     1.04324722
  26    3    0     0.00000000     1.04324722
  26    4    0     0.00000000     1.04324722
  26    5    0     0.00000000     1.04324722
  26    6    0     0.00000000     1.04324722
  26    7    0     0.00000000     0.90433888
  26    8    0     0.00000000     1.17636712
  26    9    0     0.00000000     0.96598731
  26   10    0     0.00000000     1.04572888
  26   11    0     0.00000000     1.04572888
  26   12    0     0.00000000     1.04572888
  26   13    0     0.00000000     1.04572888
  26   14    0     0.00000000     1.04572888
  26   15    0     0.00000000     1.04572888
  26   16    0     0.00000000     1.13982023
  26   17    0     0.00000000     1.25076482
  26   18    0     0.00000000     1.25076482
  26   19    0     0.00000000     1.38563592
  26   20    0     0.00000000     1.29276814
  26   21    0     0.00000000     1.21156678
  26   22    0     0.00000000     1.48151318
  26   23    0     0.00000000     1.32249486
  26   24    0     0.00000000     1.12652902
  26   25    0     0.00000000     1.28907749
  26   26    0     0.00000000     1.28907749
  26   27    0     0.00000000     1.28907749
  26   28    0     0.00000000     1.28907749
  26   29    0     0.00000000     1.50644450
  26   30    0     0.00000000     1.26525924
  26   31    0     0.00000000     1.17051826
  26   32    0     0.00000000     1.41533684
  26   33    0     0.00000000     1.31165349
  26   34    0     0.00000000     1.21359570
  26   35    0     0.00000000     1.31125831
  26   36    0     0.00000000     1.31125831
  26   37    0     0.00000000     1.42601511
  26   38    0     0.00000000     1.16430778
  26   39    0     0.00000000     1.39365440
  26   40    0     0.00000000     1.24115958
  26   41    0     0.00000000     1.45606239
  26   42    0     0.00000000     1.31893113
  26   43    0     0.00000000     1.00000000
  26   44    0     0.00000000     1.00000000
  26   45    0     0.00000000     1.00000000
  26   46    0     0.00000000     1.00000000
  26   47    0     0.00000000     1.00000000
  26   48    0     0.00000000     1.00000000
  26   49    0     0.00000000     1.00000000
  26   50    0     0.00000000     1.00000000
  26   51    0     0.00000000     1.28116803
  26   52    0     0.00000000     1.13055765
  26   53    0     0.00000000     1.34545709
  26   54    0     0.00000000     1.12126593
  26   55    0     0.00000000     1.19624764
  26   56    0     0.00000000     1.13742576
  26   57    0     0.00000000     1.40712597
  26   58    0     0.00000000     1.17106532
  26   59    0     0.00000000     1.21836609
  26   60    0     0.00000000     1.18871881
  26   61    0     0.00000000     1.30279085
  26   62    0     0.00000000     1.30279085
  26   63    0     0.00000000     1.30279085
  26   64    0     0.00000000     1.30279085
  26   65    0     0.00000000     1.30279085
  26   66    0     0.00000000     1.30279085
  26   67    0     0.00000000     1.44108002
  26   68    0     0.00000000     1.29414193
  26   69    0     0.00000000     1.29414193
  26   70    0     0.00000000     1.17439597
  26   71    0     0.00000000     1.29263065
  26   72    0     0.00000000     1.13709631
  26   73    0     0.00000000     1.22301258
  26   74    0     0.00000000     1.03946859
  26   75    0     0.00000000     1.08219086
  26   76    0     0.00000000     1.12857542
  26   77    0     0.00000000     1.10924883
  26   78    0     0.00000000     1.21522950
  26   79    0     0.00000000     1.22130583
  26   80    0     0.00000000     1.22744323
  26   81    0     0.00000000     1.31066529
  26   82    0     0.00000000     1.18991996
  26   83    0     0.00000000     1.22508791
  26   84    0     0.00000000     1.19742562
  26   85    0     0.00000000     1.12681998
  26   86    0     0.00000000     1.17744988
  26   87    0     0.00000000     1.21426316
  26   88    0     0.00000000     1.12860194
  26   89    0     0.00000000     1.18057931
  26   90    0     0.00000000     1.07700874
  26   91    0     0.00000000     1.12591901
  26   92    0     0.00000000     1.12774139
  26   93    0     0.00000000     1.16440621
  26   94    0     0.00000000     1.11667727
  26   95    0     0.00000000     1.24319994
  26   96    0     0.00000000     1.11987938
  26   97    0     0.00000000     1.13315138
  26   98    0     0.00000000     1.11964329
  26   99    0     0.00000000     1.24482576
  26  100    0     0.00000000     1.10330586
  26  101    0     0.00000000     1.02777832
  26  102    0     0.00000000     1.07628793
  26  103    0     0.00000000     1.11819928
  26  104    0     0.00000000     1.15565789
  26  105    0     0.00000000     1.24352307
  26  106    0     0.00000000     1.13120720
  26  107    0     0.00000000     1.06861497
  26  108    0     0.00000000     1.06908684
  26  109    0     0.00000000     0.99291053
  26  110    0     0.00000000     1.05702007
  26  111    0     0.00000000     1.04637986
  26  112    0     0.00000000     1.02369487
  26  113    0     0.00000000     1.10788089
  26  114    0     0.00000000     1.24716344
  26  115    0     0.00000000     1.13665709
  26  116    0     0.00000000     1.13665709
  26  117    0     0.00000000     1.13665709
  26  118    0     0.00000000     1.04413988
  26  119    0     0.00000000     1.01729497
  26  120    0     0.00000000     1.02547568
  26  121    0     0.00000000     1.00756041
  26  122    0     0.00000000     1.05684780
  26  123    0     0.00000000     1.06372939
  26  124    0     0.00000000     1.03725133
  26  125    0     0.00000000     0.96412753
  26  126    0     0.00000000     0.91405257
  26  127    0     0.00000000     0.90376157
  26  128    0     0.00000000     0.95091066
  26  129    0     0.00000000     0.93167609
  26  130    0     0.00000000     0.92726725
  26  131    0     0.00000000     0.89826836
  26  132    0     0.00000000     1.05280518
  26  133    0     0.00000000     0.98973060
  26  134    0     0.00000000     0.93900054
  26  135    0     0.00000000     0.89388833
  26  136    0     0.00000000     0.90494753
  26  137    0     0.00000000     0.90498061
  26  138    0     0.00000000     0.92200701
  26  139    0     0.00000000     0.88206712
  26  140    0     0.00000000     0.96331792
  26  141    0     0.00000000     1.01250972
  26  142    0     0.00000000     1.05698565
  26  143    0     0.00000000     0.85515346
  26  144    0     0.00000000     0.77496011
  26  145    0     0.00000000     0.80886428
  26  146    0     0.00000000     0.78936273
  26  147    0     0.00000000     0.83106071
  26  148    0     0.00000000     0.92127691
  26  149    0     0.00000000     1.00000000
  26  150    0     0.00000000     1.00000000
  26  151    0     0.00000000     1.00000000
  26  152    0     0.00000000     1.00000000
  26  153    0     0.00000000     1.00000000
  26  154    0     0.00000000     1.00000000
  26  155    0     0.00000000     1.00000000
  26  156    0     0.00000000     1.00000000
  26  157    0     0.00000000     0.98705852
  26  158    0     0.00000000     0.94296324
  26  159    0     0.00000000     0.88135384
  26  160    0     0.00000000     0.90050128
  26  161    0     0.00000000     0.89838137
  26  162    0     0.00000000     0.90287496
  26  163    0     0.00000000     0.90970849
  26  164    0     0.00000000     0.96556506
  26  165    0     0.00000000     0.95994065
  26  166    0     0.00000000     1.01401257
  26  167    0     0.00000000     1.00585139
  26  168    0     0.00000000     1.03090073
  26  169    0     0.00000000     1.03685801
  26  170    0     0.00000000     1.04982429
  26  171    0     0.00000000     1.04951311
  26  172    0     0.00000000     1.09075925
  26  173    0     0.00000000     1.04764277
  26  174    0     0.00000000     1.06625909
  26  175    0     0.00000000     1.11761510
  26  176    0     0.00000000     1.11561507
  26  177    0     0.00000000     1.12215677
  26  178    0     0.00000000     1.12890928
  26  179    0     0.00000000     1.10343363
  26  180    0     0.00000000     1.12065308
  26  181    0     0.00000000     1.11087436
  26  182    0     0.00000000     1.14025521
  26  183    0     0.00000000     1.17191185
  26  184    0     0.00000000     1.13246776
  26  185    0     0.00000000     1.17194323
  26  186    0     0.00000000     1.10611749
  26  187    0     0.00000000     1.10484814
  26  188    0     0.00000000     1.11290353
  26  189    0     0.00000000     1.08164050
  26  190    0     0.00000000     1.11830828
  26  191    0     0.00000000     1.06870082
  26  192    0     0.00000000     1.02972256
  26  193    0     0.00000000     0.97576846
  26  194    0     0.00000000     0.97092038
  26  195    0     0.00000000     0.88285408
  26  196    0     0.00000000     0.93252169
  26  197    0     0.00000000     0.95719302
  26  198    0     0.00000000     0.97775617
  26  199    0     0.00000000     1.09253265
  27    0    0     0.00000000     1.10036591
  27    1    0     0.00000000     0.99378942
  27    2    0     0.00000000     1.16855170
  27    3    0     0.00000000     1.14258691
  27    4    0     0.00000000     1.14258691
  27    5    0     0.00000000     1.11775090
  27    6    0     0.00000000     1.12354432
  27    7    0     0.00000000     1.12354432
  27    8    0     0.00000000     1.12354432
  27    9    0     0.00000000     1.12939810
  27   10    0     0.00000000     1.37948023
  27   11    0     0.00000000     1.37948023
  27   12    0     0.00000000     1.37948023
  27   13    0     0.00000000     1.37948023
  27   14    0     0.00000000     1.37948023
  27   15    0     0.00000000     1.77181172
  27   16    0     0.00000000     1.45636854
  27   17    0     0.00000000     1.23627012
  27   18    0     0.00000000     1.23831647
  27   19    0     0.00000000     1.23831647
  27   20    0     0.00000000     1.24036962
  27   21    0     0.00000000     1.14080303
  27   22    0     0.00000000     1.27215077
  27   23    0     0.00000000     1.43767977
  27   24    0     0.00000000     1.27187066
  27   25    0     0.00000000     1.35300831
  27   26    0     0.00000000     1.43857352
  27   27    0     0.00000000     1.32390000
  27   28    0     0.00000000     1.21381799
  27   29    0     0.00000000     1.36688383
  27   30    0     0.00000000     1.45356847
  27   31    0     0.00000000     1.43305377
  27   32    0     0.00000000     1.36916069
  27   33    0     0.00000000     1.31137900
  27   34    0     0.00000000     1.37615563
  27   35    0     0.00000000     1.45419539
  27   36    0     0.00000000     1.19144290
  27   37    0     0.00000000     1.00000000
  27   38    0     0.00000000     1.00000000
  27   39    0     0.00000000     1.00000000
  27   40    0     0.00000000     1.00000000
  27   41    0     0.00000000     1.00000000
  27   42    0     0.00000000     1.00000000
  27   43    0     0.00000000     1.00000000
  27   44    0     0.00000000     1.00000000
  27   45    0     0.00000000     1.00000000
  27   46    0     0.00000000     1.19144290
  27   47    0     0.00000000     1.19144290
  27   48    0     0.00000000     1.19144290
  27   49    0     0.00000000     1.06045504
  27   50    0     0.00000000     1.13758486
  27   51    0     0.00000000     1.29060424
  27   52    0     0.00000000     1.17141158
  27   53    0     0.00000000     1.30210246
  27   54    0     0.00000000     1.20232057
  27   55    0     0.00000000     1.27234131
  27   56    0     0.00000000     1.18914505
  27   57    0     0.00000000     1.27490195
  27   58    0     0.00000000     1.21896607
  27   59    0     0.00000000     1.37777954
  27   60    0     0.00000000     1.27228389
  27   61    0     0.00000000     1.35865991
  27   62    0     0.00000000     1.20424819
  27   63    0     0.00000000     1.34694215
  27   64    0     0.00000000     1.24774409
  27   65    0     0.00000000     1.22087891
  27   66    0     0.00000000     1.23452206
  27   67    0     0.00000000     1.23452206
  27   68    0     0.00000000     1.23452206
  27   69    0     0.00000000     1.23452206
  27   70    0     0.00000000     1.23452206
  27   71    0     0.00000000     1.23452206
  27   72    0     0.00000000     1.23452206
  27   73    0     0.00000000     1.23452206
  27   74    0     0.00000000     1.24847358
  27   75    0     0.00000000     1.15492677
  27   76    0     0.00000000     1.11753787
  27   77    0     0.00000000     1.17245151
  27   78    0     0.00000000     1.17814778
  27   79    0     0.00000000     1.15769083
  27   80    0     0.00000000     1.17671927
  27   81    0     0.00000000     1.18911303
  27   82    0     0.00000000     1.18066801
  27   83    0     0.00000000     1.26933722
  27   84    0     0.00000000     1.23197790
  27   85    0     0.00000000     1.23979624
  27   86    0     0.00000000     1.23626723
  27   87    0     0.00000000     1.21374619
  27   88    0     0.00000000     1.15382075
  27   89    0     0.00000000     1.18392817
  27   90    0     0.00000000     1.16280865
  27   91    0     0.00000000     1.21302016
  27   92    0     0.00000000     1.15274660
  27   93    0     0.00000000     1.20254791
  27   94    0     0.00000000     1.16335024
  27   95    0     0.00000000     1.26110538
  27   96    0     0.00000000     1.19947107
  27   97    0     0.00000000     1.19827056
  27   98    0     0.00000000     1.07958369
  27   99    0     0.00000000     1.07869432
  27  100    0     0.00000000     1.05743905
  27  101    0     0.00000000     1.10460768
  27  102    0     0.00000000     1.01826723
  27  103    0     0.00000000     1.07657689
  27  104    0     0.00000000     1.03528125
  27  105    0     0.00000000     1.10647284
  27  106    0     0.00000000     1.08594067
  27  107    0     0.00000000     1.13802369
  27  108    0     0.00000000     1.07373182
  27  109    0     0.00000000     1.04527589
  27  110    0     0.00000000     0.99950985
  27  111    0     0.00000000     1.03516629
  27  112    0     0.00000000     0.99734064
  27  113    0     0.00000000     1.07436364
  27  114    0     0.00000000     1.00031526
  27  115    0     0.00000000     1.13497112
  27  116    0     0.00000000     1.18277142
  27  117    0     0.00000000     1.13684454
  27  118    0     0.00000000     1.13684454
  27  119    0     0.00000000     1.13684454
  27  120    0     0.00000000     1.09435101
  27  121    0     0.00000000     1.05530658
  27  122    0     0.00000000     1.02825985
  27  123    0     0.00000000     1.02895430
  27  124    0     0.00000000     0.98767424
  27  125    0     0.00000000     1.09509989
  27  126    0     0.00000000     1.03151353
  27  127    0     0.00000000     0.99842565
  27  128    0     0.00000000     0.94049825
  27  129    0     0.00000000     0.97522519
  27  130    0     0.00000000     0.93158539
  27  131    0     0.00000000     0.93112836
  27  132    0     0.00000000     0.89397080
  27  133    0     0.00000000     0.91944319
  27  134    0     0.00000000     1.04425099
  27  135    0     0.00000000     1.03317451
  27  136    0     0.00000000     0.90860789
  27  137    0     0.00000000     0.87284194
  27  138    0     0.00000000     0.84628414
  27  139    0     0.00000000     0.94459144
  27  140    0     0.00000000     0.88241115
  27  141    0     0.00000000     0.94001733
  27  142    0     0.00000000     0.94899173
  27  143    0     0.00000000     1.04931679
  27  144    0     0.00000000     0.97251191
  27  145    0     0.00000000     0.83479432
  27  146    0     0.00000000     0.77993699
  27  147    0     0.00000000     0.92308443
  27  148    0     0.00000000     0.94001411
  27  149    0     0.00000000     0.94001411
  27  150    0     0.00000000     1.00000000
  27  151    0     0.00000000     1.00000000
  27  152    0     0.00000000     1.00000000
  27  153    0     0.00000000     1.00000000
  27  154    0     0.00000000     1.00000000
  27  155    0     0.00000000     1.00000000
  27  156    0     0.00000000     1.00000000
  27  157    0     0.00000000     1.00000000
  27  158    0     0.00000000     1.00000000
  27  159    0     0.00000000     0.95757638
  27  160    0     0.00000000     0.91870505
  27  161    0     0.00000000     0.97068794
  27  162    0     0.00000000     0.93871720
  27  163    0     0.00000000     0.98315643
  27  164    0     0.00000000     0.94053699
  27  165    0     0.00000000     1.01035985
  27  166    0     0.00000000     0.95012211
  27  167    0     0.00000000     1.02306920
  27  168    0     0.00000000     1.00376093
  27  169    0     0.00000000     1.09911762
  27  170    0     0.00000000     1.02673443
  27  171    0     0.00000000     1.10750169
  27  172    0     0.00000000     1.03411974
  27  173    0     0.00000000     1.09692481
  27  174    0     0.00000000     1.04715201
  27  175    0     0.00000000     1.09328835
  27  176    0     0.00000000     1.03233511
  27  177    0     0.00000000     1.02368627
  27  178    0     0.00000000     0.96304582
  27  179    0     0.00000000     1.00937449
  27  180    0     0.00000000     0.95849925
  27  181    0     0.00000000     0.99593334
  27  182    0     0.00000000     0.95182800
  27  183    0     0.00000000     1.04509745
  27  184    0     0.00000000     0.99465745
  27  185    0     0.00000000     0.98584489
  27  186    0     0.00000000     0.96858459
  27  187    0     0.00000000     0.96814082
  27  188    0     0.00000000     0.90597324
  27  189    0     0.00000000     0.86942647
  27  190    0     0.00000000     0.83614239
  27  191    0     0.00000000     0.83228836
  27  192    0     0.00000000     0.75194834
  27  193    0     0.00000000     0.72640400
  27  194    0     0.00000000     0.72419424
  27  195    0     0.00000000     0.96791893
  28    0    0     0.00000000     1.30018308
  28    1    0     0.00000000     1.31951611
  28    2    0     0.00000000     1.31951611
  28    3    0     0.00000000     1.33943277
  28    4    0     0.00000000     1.25399839
  28    5    0     0.00000000     1.17880922
  28    6    0     0.00000000     1.29005763
  28    7    0     0.00000000     1.24862136
  28    8    0     0.00000000     1.20976409
  28    9    0     0.00000000     1.25402558
  28   10    0     0.00000000     1.25402558
  28   11    0     0.00000000     1.25402558
  28   12    0     0.00000000     1.30164884
  28   13    0     0.00000000     1.24122741
  28   14    0     0.00000000     1.18616657
  28   15    0     0.00000000     1.47508885
  28   16    0     0.00000000     1.45617294
  28   17    0     0.00000000     1.43773604
  28   18    0     0.00000000     1.38929718
  28   19    0     0.00000000     1.38929718
  28   20    0     0.00000000     1.34401585
  28   21    0     0.00000000     1.37555520
  28   22    0     0.00000000     1.18984644
  28   23    0     0.00000000     1.25538706
  28   24    0     0.00000000     1.00000000
  28   25    0     0.00000000     1.00000000
  28   26    0     0.00000000     1.00000000
  28   27    0     0.00000000     1.00000000
  28   28    0     0.00000000     1.00000000
  28   29    0     0.00000000     1.00000000
  28   30    0     0.00000000     1.00000000
  28   31    0     0.00000000     1.00000000
  28   32    0     0.00000000     1.00000000
  28   33    0     0.00000000     1.32564602
  28   34    0     0.00000000     1.26835425
  28   35    0     0.00000000     1.26621296
  28   36    0     0.00000000     1.26407889
  28   37    0     0.00000000     1.34101408
  28   38    0     0.00000000     1.21069529
  28   39    0     0.00000000     1.24323475
  28   40    0     0.00000000     1.16893231
  28   41    0     0.00000000     1.14667623
  28   42    0     0.00000000     1.13222898
  28   43    0     0.00000000     1.12559794
  28   44    0     0.00000000     1.17726365
  28   45    0     0.00000000     1.06496857
  28   46    0     0.00000000     1.08948596
  28   47    0     0.00000000     1.17018075
  28   48    0     0.00000000     1.14625141
  28   49    0     0.00000000     1.15325273
  28   50    0     0.00000000     1.30550671
  28   51    0     0.00000000     1.13545551
  28   52    0     0.00000000     1.27991224
  28   53    0     0.00000000     1.19194592
  28   54    0     0.00000000     1.16809444
  28   55    0     0.00000000     1.25508390
  28   56    0     0.00000000     1.23649681
  28   57    0     0.00000000     1.20629262
  28   58    0     0.00000000     1.21379995
  28   59    0     0.00000000     1.25431888
  28   60    0     0.00000000     1.18413353
  28   61    0     0.00000000     1.23397836
  28   62    0     0.00000000     1.16706722
  28   63    0     0.00000000     1.20157725
  28   64    0     0.00000000     1.20305261
  28   65    0     0.00000000     1.24081619
  28   66    0     0.00000000     1.29807018
  28   67    0     0.00000000     1.27629011
  28   68    0     0.00000000     1.25645595
  28   69    0     0.00000000     1.25578235
  28   70    0     0.00000000     1.28550013
  28   71    0     0.00000000     1.25186078
  28   72    0     0.00000000     1.17917895
  28   73    0     0.00000000     1.20941120
  28   74    0     0.00000000     1.07899411
  28   75    0     0.00000000     1.09031023
  28   76    0     0.00000000     1.16450937
  28   77    0     0.00000000     1.11975028
  28   78    0     0.00000000     1.11650496
  28   79    0     0.00000000     1.21451879
  28   80    0     0.00000000     1.25588538
  28   81    0     0.00000000     1.23051381
  28   82    0     0.00000000     1.16925081
  28   83    0     0.00000000     1.17727959
  28   84    0     0.00000000     1.10900508
  28   85    0     0.00000000     1.11843127
  28   86    0     0.00000000     1.10645819
  28   87    0     0.00000000     1.12919145
  28   88    0     0.00000000     1.13454995
  28   89    0     0.00000000     1.08064684
  28   90    0     0.00000000     1.12583374
  28   91    0     0.00000000     1.17058771
  28   92    0     0.00000000     1.10063023
  28   93    0     0.00000000     1.11556000
  28   94    0     0.00000000     1.01848289
  28   95    0     0.00000000     0.97297401
  28   96    0     0.00000000     0.99088340
  28   97    0     0.00000000     1.02395867
  28   98    0     0.00000000     1.01236479
  28   99    0     0.00000000     1.02353130
  28  100    0     0.00000000     1.05741269
  28  101    0     0.00000000     1.11681248
  28  102    0     0.00000000     1.16092043
  28  103    0     0.00000000     1.15293481
  28  104    0     0.00000000     1.09408382
  28  105    0     0.00000000     1.12252467
  28  106    0     0.00000000     1.14308594
  28  107    0     0.00000000     1.10494422
  28  108    0     0.00000000     1.12516849
  28  109    0     0.00000000     1.17273470
  28  110    0     0.00000000     1.15108000
  28  111    0     0.00000000     1.24038738
  28  112    0     0.00000000     1.29723448
  28  113    0     0.00000000     1.27957087
  28  114    0     0.00000000     1.26238182
  28  115    0     0.00000000     1.02878205
  28  116    0     0.00000000     1.03610802
  28  117    0     0.00000000     0.99564792
  28  118    0     0.00000000     0.95934885
  28  119    0     0.00000000     0.97795697
  28  120    0     0.00000000     1.01944160
  28  121    0     0.00000000     1.01476990
  28  122    0     0.00000000     0.98009157
  28  123    0     0.00000000     0.99572662
  28  124    0     0.00000000     0.97985877
  28  125    0     0.00000000     0.96192996
  28  126    0     0.00000000     1.02589702
  28  127    0     0.00000000     1.04280038
  28  128    0     0.00000000     1.01276393
  28  129    0     0.00000000     1.13509712
  28  130    0     0.00000000     1.11786330
  28  131    0     0.00000000     0.98530875
  28  132    0     0.00000000     0.94199030
  28  133    0     0.00000000     0.93050690
  28  134    0     0.00000000     0.99271233
  28  135    0     0.00000000     0.96300662
  28  136    0     0.00000000     1.00110518
  28  137    0     0.00000000     1.08695636
  28  138    0     0.00000000     1.17217436
  28  139    0     0.00000000     0.98716521
  28  140    0     0.00000000     0.89564048
  28  141    0     0.00000000     0.94981925
  28  142    0     0.00000000     0.95671584
  28  143    0     0.00000000     0.88963021
  28  144    0     0.00000000     1.05231552
  28  145    0     0.00000000     1.00000000
  28  146    0     0.00000000     1.00000000
  28  147    0     0.00000000     1.00000000
  28  148    0     0.00000000     1.00000000
  28  149    0     0.00000000     1.00000000
  28  150    0     0.00000000     1.00000000
  28  151    0     0.00000000     1.00000000
  28  152    0     0.00000000     1.00000000
  28  153    0     0.00000000     1.00000000
  28  154    0     0.00000000     0.90189929
  28  155    0     0.00000000     0.91271798
  28  156    0     0.00000000     0.94491670
  28  157    0     0.00000000     1.00419655
  28  158    0     0.00000000     1.04419057
  28  159    0     0.00000000     1.04585771
  28  160    0     0.00000000     1.10701441
  28  161    0     0.00000000     1.17050442
  28  162    0     0.00000000     1.17670588
  28  163    0     0.00000000     1.17328616
  28  164    0     0.00000000     1.20884880
  28  165    0     0.00000000     1.20898374
  28  166    0     0.00000000     1.15862684
  28  167    0     0.00000000     1.18873023
  28  168    0     0.00000000     1.19163690
  28  169    0     0.00000000     1.16758107
  28  170    0     0.00000000     1.20361752
  28  171    0     0.00000000     1.16019841
  28  172    0     0.00000000     1.18291542
  28  173    0     0.00000000     1.09335667
  28  174    0     0.00000000     1.07361838
  28  175    0     0.00000000     1.10782549
  28  176    0     0.00000000     1.07582960
  28  177    0     0.00000000     1.09893614
  29    0    0     0.00000000     1.00000000
  29    1    0     0.00000000     1.00000000
  29    2    0     0.00000000     1.00000000
  29    3    0     0.00000000     1.00000000
  29    4    0     0.00000000     1.00000000
  29    5    0     0.00000000     1.00000000
  29    6    0     0.00000000     1.18049446
  29    7    0     0.00000000     1.18545073
  29    8    0     0.00000000     1.15819917
  29    9    0     0.00000000     1.15819917
  29   10    0     0.00000000     1.13217240
  29   11    0     0.00000000     1.03561295
  29   12    0     0.00000000     1.18247712
  29   13    0     0.00000000     1.11576874
  29   14    0     0.00000000     1.12308207
  29   15    0     0.00000000     1.18541383
  29   16    0     0.00000000     1.15930807
  29   17    0     0.00000000     1.10549854
  29   18    0     0.00000000     1.31410432
  29   19    0     0.00000000     1.22279477
  29   20    0     0.00000000     1.27721231
  29   21    0     0.00000000     1.31596111
  29   22    0     0.00000000     1.17223466
  29   23    0     0.00000000     1.31173745
  29   24    0     0.00000000     1.23030659
  29   25    0     0.00000000     1.28140516
  29   26    0     0.00000000     1.23577361
  29   27    0     0.00000000     1.20676088
  29   28    0     0.00000000     1.17997560
  29   29    0     0.00000000     1.28634092
  29   30    0     0.00000000     1.19265275
  29   31    0     0.00000000     1.20451498
  29   32    0     0.00000000     1.18505871
  29   33    0     0.00000000     1.21917218
  29   34    0     0.00000000     1.23888053
  29   35    0     0.00000000     1.21469433
  29   36    0     0.00000000     1.22128269
  29   37    0     0.00000000     1.29578416
  29   38    0     0.00000000     1.15570738
  29   39    0     0.00000000     1.20309893
  29   40    0     0.00000000     1.05986183
  29   41    0     0.00000000     1.11860049
  29   42    0     0.00000000     1.13013120
  29   43    0     0.00000000     1.20255508
  29   44    0     0.00000000     1.08894847
  29   45    0     0.00000000     1.16156314
  29   46    0     0.00000000     1.27200432
  29   47    0     0.00000000     1.25414884
  29   48    0     0.00000000     1.29681769
  29   49    0     0.00000000     1.34249217
  29   50    0     0.00000000     1.34864281
  29   51    0     0.00000000     1.30484666
  29   52    0     0.00000000     1.20965240
  29   53    0     0.00000000     1.14856135
  29   54    0     0.00000000     1.18671697
  29   55    0     0.00000000     1.13898056
  29   56    0     0.00000000     1.13112199
  29   57    0     0.00000000     1.13702774
  29   58    0     0.00000000     1.12865051
  29   59    0     0.00000000     1.14510675
  29   60    0     0.00000000     1.11980851
  29   61    0     0.00000000     1.18603993
  29   62    0     0.00000000     1.13585149
  29   63    0     0.00000000     1.11632721
  29   64    0     0.00000000     1.09691235
  29   65    0     0.00000000     1.10025154
  29   66    0     0.00000000     1.07002893
  29   67    0     0.00000000     1.10849628
  29   68    0     0.00000000     1.03848044
  29   69    0     0.00000000     1.00659024
  29   70    0     0.00000000     1.00636602
  29   71    0     0.00000000     1.03557011
  29   72    0     0.00000000     1.01838031
  29   73    0     0.00000000     1.05202082
  29   74    0     0.00000000     1.04571853
  29   75    0     0.00000000     1.02415252
  29   76    0     0.00000000     1.02094554
  29   77    0     0.00000000     1.05401141
  29   78    0     0.00000000     1.00906586
  29   79    0     0.00000000     1.05464729
  29   80    0     0.00000000     1.07903042
  29   81    0     0.00000000     1.16050368
  29   82    0     0.00000000     1.12162821
  29   83    0     0.00000000     1.21054958
  29   84    0     0.00000000     1.07134820
  29   85    0     0.00000000     1.10175137
  29   86    0     0.00000000     1.02680974
  29   87    0     0.00000000     1.01881838
  29   88    0     0.00000000     0.97073004
  29   89    0     0.00000000     1.00582549
  29   90    0     0.00000000     0.98979431
  29   91    0     0.00000000     1.17646173
  29   92    0     0.00000000     1.27422840
  29   93    0     0.00000000     1.20882480
  29   94    0     0.00000000     1.14980746
  29   95    0     0.00000000     1.03422217
  29   96    0     0.00000000     0.97034209
  29   97    0     0.00000000     1.10876787
  29   98    0     0.00000000     1.04275589
  29   99    0     0.00000000     1.09827881
  29  100    0     0.00000000     1.15123318
  29  101    0     0.00000000     1.20968587
  29  102    0     0.00000000     1.05043324
  29  103    0     0.00000000     1.09509852
  29  104    0     0.00000000     1.04034859
  29  105    0     0.00000000     1.03412355
  29  106    0     0.00000000     1.02335225
  29  107    0     0.00000000     1.05653657
  29  108    0     0.00000000     1.05864489
  29  109    0     0.00000000     1.23558830
  29  110    0     0.00000000     1.10202488
  29  111    0     0.00000000     1.03840728
  29  112    0     0.00000000     0.96472729
  29  113    0     0.00000000     0.94542304
  29  114    0     0.00000000     0.93389983
  29  115    0     0.00000000     0.89979470
  29  116    0     0.00000000     0.95698211
  29  117    0     0.00000000     1.10099843
  29  118    0     0.00000000     1.11741529
  29  119    0     0.00000000     0.95592127
  29  120    0     0.00000000     0.82443818
  29  121    0     0.00000000     1.07983505
  29  122    0     0.00000000     1.05413182
  29  123    0     0.00000000     1.02962376
  29  124    0     0.00000000     1.09444879
  29  125    0     0.00000000     1.00000000
  29  126    0     0.00000000     1.00000000
  29  127    0     0.00000000     1.00000000
  29  128    0     0.00000000     1.00000000
  29  129    0     0.00000000     1.00000000
  30    0    0     0.00000000     1.19986771
  30    1    0     0.00000000     1.24909054
  30    2    0     0.00000000     1.24175374
  30    3    0     0.00000000     1.23450261
  30    4    0     0.00000000     1.22757130
  30    5    0     0.00000000     1.21715722
  30    6    0     0.00000000     1.25349599
  30    7    0     0.00000000     1.18949256
  30    8    0     0.00000000     1.20734337
  30    9    0     0.00000000     1.17183289
  30   10    0     0.00000000     1.20452258
  30   11    0     0.00000000     1.21949353
  30   12    0     0.00000000     1.15041367
  30   13    0     0.00000000     1.20838273
  30   14    0     0.00000000     1.20526175
  30   15    0     0.00000000     1.28716397
  30   16    0     0.00000000     1.33692736
  30   17    0     0.00000000     1.31755568
  30   18    0     0.00000000     1.16213038
  30   19    0     0.00000000     1.27142447
  30   20    0     0.00000000     1.19282502
  30   21    0     0.00000000     1.22775835
  30   22    0     0.00000000     1.11871051
  30   23    0     0.00000000     1.09691538
  30   24    0     0.00000000     1.14778185
  30   25    0     0.00000000     1.12031643
  30   26    0     0.00000000     1.16711448
  30   27    0     0.00000000     1.13739065
  30   28    0     0.00000000     1.11824359
  30   29    0     0.00000000     1.31462895
  30   30    0     0.00000000     1.21336978
  30   31    0     0.00000000     1.21260384
  30   32    0     0.00000000     1.28192301
  30   33    0     0.00000000     1.19854941
  30   34    0     0.00000000     1.31859355
  30   35    0     0.00000000     1.20529905
  30   36    0     0.00000000     1.15539906
  30   37    0     0.00000000     1.24289052
  30   38    0     0.00000000     1.15405299
  30   39    0     0.00000000     1.17819844
  30   40    0     0.00000000     1.23259197
  30   41    0     0.00000000     1.26984372
  30   42    0     0.00000000     1.26984372
  30   43    0     0.00000000     1.26984372
  30   44    0     0.00000000     1.26984372
  30   45    0     0.00000000     1.30941731
  30   46    0     0.00000000     1.20703414
  30   47    0     0.00000000     1.05800938
  30   48    0     0.00000000     1.13534518
  30   49    0     0.00000000     1.04130583
  30   50    0     0.00000000     1.08833298
  30   51    0     0.00000000     1.09446548
  30   52    0     0.00000000     1.10205786
  30   53    0     0.00000000     1.17279689
  30   54    0     0.00000000     1.20930036
  30   55    0     0.00000000     1.24177716
  30   56    0     0.00000000     1.13335328
  30   57    0     0.00000000     1.10406615
  30   58    0     0.00000000     1.05064670
  30   59    0     0.00000000     1.02364656
  30   60    0     0.00000000     1.02351798
  30   61    0     0.00000000     1.10599701
  30   62    0     0.00000000     1.07389206
  30   63    0     0.00000000     1.07999442
  30   64    0     0.00000000     1.11855053
  30   65    0     0.00000000     1.13440744
  30   66    0     0.00000000     1.14699346
  30   67    0     0.00000000     1.16533017
  30   68    0     0.00000000     1.10029172
  30   69    0     0.00000000     1.08309717
  30   70    0     0.00000000     1.09237047
  30   71    0     0.00000000     1.07877160
  30   72    0     0.00000000     1.02220381
  30   73    0     0.00000000     1.03624586
  30   74    0     0.00000000     1.07610827
  30   75    0     0.00000000     1.15343108
  30   76    0     0.00000000     1.10450548
  30   77    0     0.00000000     1.14726437
  30   78    0     0.00000000     1.03693644
  30   79    0     0.00000000     1.07533006
  30   80    0     0.00000000     1.05933976
  30   81    0     0.00000000     1.04528558
  30   82    0     0.00000000     1.05604705
  30   83    0     0.00000000     1.13971312
  30   84    0     0.00000000     1.15593079
  30   85    0     0.00000000     1.13388080
  30   86    0     0.00000000     1.13388080
  30   87    0     0.00000000     1.13388080
  30   88    0     0.00000000     1.11265630
  30   89    0     0.00000000     1.09725258
  30   90    0     0.00000000     1.05165002
  30   91    0     0.00000000     1.01996331
  30   92    0     0.00000000     0.99216239
  30   93    0     0.00000000     1.08529193
  30   94    0     0.00000000     1.09911589
  30   95    0     0.00000000     0.90671853
  30   96    0     0.00000000     0.89687844
  30   97    0     0.00000000     0.90044193
  30   98    0     0.00000000     0.88337648
  30   99    0     0.00000000     0.89868490
  30  100    0     0.00000000     0.85045568
  30  101    0     0.00000000     0.98721277
  30  102    0     0.00000000     1.09197371
  30  103    0     0.00000000     0.96468726
  30  104    0     0.00000000     0.89238937
  30  105    0     0.00000000     0.86672865
  30  106    0     0.00000000     0.94707703
  30  107    0     0.00000000     1.02261539
  31    0    0     0.00000000     1.23868345
  31    1    0     0.00000000     1.19574755
  31    2    0     0.00000000     1.23656947
  31    3    0     0.00000000     1.18327474
  31    4    0     0.00000000     1.25624809
  31    5    0     0.00000000     1.19406229
  31    6    0     0.00000000     1.20494527
  31    7    0     0.00000000     1.15915440
  31    8    0     0.00000000     1.16067879
  31    9    0     0.00000000     1.15213586
  31   10    0     0.00000000     1.14364956
  31   11    0     0.00000000     1.03970830
  31   12    0     0.00000000     1.20546663
  31   13    0     0.00000000     1.24275225
  31   14    0     0.00000000     1.21637454
  31   15    0     0.00000000     1.23900956
  31   16    0     0.00000000     1.18528325
  31   17    0     0.00000000     1.23622831
  31   18    0     0.00000000     1.27832865
  31   19    0     0.00000000     1.13610332
  31   20    0     0.00000000     1.16559044
  31   21    0     0.00000000     1.17478919
  31   22    0     0.00000000     1.17735341
  31   23    0     0.00000000     1.09222204
  31   24    0     0.00000000     1.15864682
  31   25    0     0.00000000     1.13153448
  31   26    0     0.00000000     1.24334778
  31   27    0     0.00000000     1.28601090
  31   28    0     0.00000000     1.25812345
  31   29    0     0.00000000     1.22417401
  31   30    0     0.00000000     1.13337766
  31   31    0     0.00000000     1.20605407
  31   32    0     0.00000000     1.22067828
  31   33    0     0.00000000     1.07997018
  31   34    0     0.00000000     1.16093856
  31   35    0     0.00000000     1.15889883
  31   36    0     0.00000000     1.14257361
  31   37    0     0.00000000     1.17689083
  31   38    0     0.00000000     1.17689083
  31   39    0     0.00000000     1.17689083
  31   40    0     0.00000000     1.17689083
  31   41    0     0.00000000     1.21333332
  31   42    0     0.00000000     1.16814059
  31   43    0     0.00000000     1.11825056
  31   44    0     0.00000000     1.16090902
  31   45    0     0.00000000     1.14967538
  31   46    0     0.00000000     1.16766382
  31   47    0     0.00000000     1.20590110
  31   48    0     0.00000000     1.18720667
  31   49    0     0.00000000     1.22525744
  31   50    0     0.00000000     1.28525760
  31   51    0     0.00000000     1.20921346
  31   52    0     0.00000000     1.19865744
  31   53    0     0.00000000     1.12593191
  31   54    0     0.00000000     1.12289015
  31   55    0     0.00000000     1.11791827
  31   56    0     0.00000000     1.11079153
  31   57    0     0.00000000     1.08928725
  31   58    0     0.00000000     1.05666639
  31   59    0     0.00000000     1.06830645
  31   60    0     0.00000000     1.11298298
  31   61    0     0.00000000     1.11541614
  31   62    0     0.00000000     1.07049185
  31   63    0     0.00000000     1.07049185
  31   64    0     0.00000000     1.02904619
  31   65    0     0.00000000     1.01081219
  31   66    0     0.00000000     1.03586848
  31   67    0     0.00000000     1.01050562
  31   68    0     0.00000000     1.04524420
  31   69    0     0.00000000     1.06540292
  31   70    0     0.00000000     1.13546478
  31   71    0     0.00000000     1.12220397
  31   72    0     0.00000000     1.09048615
  31   73    0     0.00000000     0.99327180
  31   74    0     0.00000000     0.97140592
  31   75    0     0.00000000     0.96923340
  31   76    0     0.00000000     0.94718010
  31   77    0     0.00000000     0.91939797
  31   78    0     0.00000000     0.97764171
  31   79    0     0.00000000     1.10789997
  31   80    0     0.00000000     1.01277604
  31   81    0     0.00000000     1.01277604
  31   82    0     0.00000000     1.01277604
  31   83    0     0.00000000     0.93269514
  31   84    0     0.00000000     0.94266044
  31   85    0     0.00000000     0.85168656
  31   86    0     0.00000000     0.88457533
  31   87    0     0.00000000     0.85971202
  31   88    0     0.00000000     0.99132755
  31   89    0     0.00000000     0.99466671
########################################
# TPC TDC : ct = (t-p0)*p1             #
########################################
0	0	1	84.00000000	80.00000000
0	1	1	84.00000000	80.00000000
0	2	1	84.00000000	80.00000000
0	3	1	84.00000000	80.00000000
0	4	1	84.00000000	80.00000000
0	5	1	84.00000000	80.00000000
0	6	1	84.00000000	80.00000000
0	7	1	84.00000000	80.00000000
0	8	1	84.00000000	80.00000000
0	9	1	84.00000000	80.00000000
0	10	1	84.00000000	80.00000000
0	11	1	84.00000000	80.00000000
0	12	1	84.00000000	80.00000000
0	13	1	84.00000000	80.00000000
0	14	1	84.00000000	80.00000000
0	15	1	84.00000000	80.00000000
0	16	1	84.00000000	80.00000000
0	17	1	84.00000000	80.00000000
0	18	1	84.00000000	80.00000000
0	19	1	84.00000000	80.00000000
0	20	1	84.00000000	80.00000000
0	21	1	84.00000000	80.00000000
0	22	1	84.00000000	80.00000000
0	23	1	84.00000000	80.00000000
0	24	1	84.00000000	80.00000000
0	25	1	84.00000000	80.00000000
0	26	1	84.00000000	80.00000000
0	27	1	84.00000000	80.00000000
0	28	1	84.00000000	80.00000000
0	29	1	84.00000000	80.00000000
0	30	1	84.00000000	80.00000000
0	31	1	84.00000000	80.00000000
0	32	1	84.00000000	80.00000000
0	33	1	84.00000000	80.00000000
0	34	1	84.00000000	80.00000000
0	35	1	84.00000000	80.00000000
0	36	1	84.00000000	80.00000000
0	37	1	84.00000000	80.00000000
0	38	1	84.00000000	80.00000000
0	39	1	84.00000000	80.00000000
0	40	1	84.00000000	80.00000000
0	41	1	84.00000000	80.00000000
0	42	1	84.00000000	80.00000000
0	43	1	84.00000000	80.00000000
0	44	1	84.00000000	80.00000000
0	45	1	84.00000000	80.00000000
0	46	1	84.00000000	80.00000000
0	47	1	84.00000000	80.00000000
1	0	1	84.00000000	80.00000000
1	1	1	84.00000000	80.00000000
1	2	1	84.00000000	80.00000000
1	3	1	84.00000000	80.00000000
1	4	1	84.00000000	80.00000000
1	5	1	84.00000000	80.00000000
1	6	1	84.00000000	80.00000000
1	7	1	84.00000000	80.00000000
1	8	1	84.00000000	80.00000000
1	9	1	84.00000000	80.00000000
1	10	1	84.00000000	80.00000000
1	11	1	84.00000000	80.00000000
1	12	1	84.00000000	80.00000000
1	13	1	84.00000000	80.00000000
1	14	1	84.00000000	80.00000000
1	15	1	84.00000000	80.00000000
1	16	1	84.00000000	80.00000000
1	17	1	84.00000000	80.00000000
1	18	1	84.00000000	80.00000000
1	19	1	84.00000000	80.00000000
1	20	1	84.00000000	80.00000000
1	21	1	84.00000000	80.00000000
1	22	1	84.00000000	80.00000000
1	23	1	84.00000000	80.00000000
1	24	1	84.00000000	80.00000000
1	25	1	84.00000000	80.00000000
1	26	1	84.00000000	80.00000000
1	27	1	84.00000000	80.00000000
1	28	1	84.00000000	80.00000000
1	29	1	84.00000000	80.00000000
1	30	1	84.00000000	80.00000000
1	31	1	84.00000000	80.00000000
1	32	1	84.00000000	80.00000000
1	33	1	84.00000000	80.00000000
1	34	1	84.00000000	80.00000000
1	35	1	84.00000000	80.00000000
1	36	1	84.00000000	80.00000000
1	37	1	84.00000000	80.00000000
1	38	1	84.00000000	80.00000000
1	39	1	84.00000000	80.00000000
1	40	1	84.00000000	80.00000000
1	41	1	84.00000000	80.00000000
1	42	1	84.00000000	80.00000000
1	43	1	84.00000000	80.00000000
1	44	1	84.00000000	80.00000000
1	45	1	84.00000000	80.00000000
1	46	1	84.00000000	80.00000000
1	47	1	84.00000000	80.00000000
2	0	1	84.00000000	80.00000000
2	1	1	84.00000000	80.00000000
2	2	1	84.00000000	80.00000000
2	3	1	84.00000000	80.00000000
2	4	1	84.00000000	80.00000000
2	5	1	84.00000000	80.00000000
2	6	1	84.00000000	80.00000000
2	7	1	84.00000000	80.00000000
2	8	1	84.00000000	80.00000000
2	9	1	84.00000000	80.00000000
2	10	1	84.00000000	80.00000000
2	11	1	84.00000000	80.00000000
2	12	1	84.00000000	80.00000000
2	13	1	84.00000000	80.00000000
2	14	1	84.00000000	80.00000000
2	15	1	84.00000000	80.00000000
2	16	1	84.00000000	80.00000000
2	17	1	84.00000000	80.00000000
2	18	1	84.00000000	80.00000000
2	19	1	84.00000000	80.00000000
2	20	1	84.00000000	80.00000000
2	21	1	84.00000000	80.00000000
2	22	1	84.00000000	80.00000000
2	23	1	84.00000000	80.00000000
2	24	1	84.00000000	80.00000000
2	25	1	84.00000000	80.00000000
2	26	1	84.00000000	80.00000000
2	27	1	84.00000000	80.00000000
2	28	1	84.00000000	80.00000000
2	29	1	84.00000000	80.00000000
2	30	1	84.00000000	80.00000000
2	31	1	84.00000000	80.00000000
2	32	1	84.00000000	80.00000000
2	33	1	84.00000000	80.00000000
2	34	1	84.00000000	80.00000000
2	35	1	84.00000000	80.00000000
2	36	1	84.00000000	80.00000000
2	37	1	84.00000000	80.00000000
2	38	1	84.00000000	80.00000000
2	39	1	84.00000000	80.00000000
2	40	1	84.00000000	80.00000000
2	41	1	84.00000000	80.00000000
2	42	1	84.00000000	80.00000000
2	43	1	84.00000000	80.00000000
2	44	1	84.00000000	80.00000000
2	45	1	84.00000000	80.00000000
2	46	1	84.00000000	80.00000000
2	47	1	84.00000000	80.00000000
2	48	1	84.00000000	80.00000000
2	49	1	84.00000000	80.00000000
2	50	1	84.00000000	80.00000000
2	51	1	84.00000000	80.00000000
2	52	1	84.00000000	80.00000000
2	53	1	84.00000000	80.00000000
2	54	1	84.00000000	80.00000000
2	55	1	84.00000000	80.00000000
2	56	1	84.00000000	80.00000000
2	57	1	84.00000000	80.00000000
2	58	1	84.00000000	80.00000000
2	59	1	84.00000000	80.00000000
2	60	1	84.00000000	80.00000000
2	61	1	84.00000000	80.00000000
2	62	1	84.00000000	80.00000000
2	63	1	84.00000000	80.00000000
2	64	1	84.00000000	80.00000000
2	65	1	84.00000000	80.00000000
2	66	1	84.00000000	80.00000000
2	67	1	84.00000000	80.00000000
2	68	1	84.00000000	80.00000000
2	69	1	84.00000000	80.00000000
2	70	1	84.00000000	80.00000000
2	71	1	84.00000000	80.00000000
3	0	1	84.00000000	80.00000000
3	1	1	84.00000000	80.00000000
3	2	1	84.00000000	80.00000000
3	3	1	84.00000000	80.00000000
3	4	1	84.00000000	80.00000000
3	5	1	84.00000000	80.00000000
3	6	1	84.00000000	80.00000000
3	7	1	84.00000000	80.00000000
3	8	1	84.00000000	80.00000000
3	9	1	84.00000000	80.00000000
3	10	1	84.00000000	80.00000000
3	11	1	84.00000000	80.00000000
3	12	1	84.00000000	80.00000000
3	13	1	84.00000000	80.00000000
3	14	1	84.00000000	80.00000000
3	15	1	84.00000000	80.00000000
3	16	1	84.00000000	80.00000000
3	17	1	84.00000000	80.00000000
3	18	1	84.00000000	80.00000000
3	19	1	84.00000000	80.00000000
3	20	1	84.00000000	80.00000000
3	21	1	84.00000000	80.00000000
3	22	1	84.00000000	80.00000000
3	23	1	84.00000000	80.00000000
3	24	1	84.00000000	80.00000000
3	25	1	84.00000000	80.00000000
3	26	1	84.00000000	80.00000000
3	27	1	84.00000000	80.00000000
3	28	1	84.00000000	80.00000000
3	29	1	84.00000000	80.00000000
3	30	1	84.00000000	80.00000000
3	31	1	84.00000000	80.00000000
3	32	1	84.00000000	80.00000000
3	33	1	84.00000000	80.00000000
3	34	1	84.00000000	80.00000000
3	35	1	84.00000000	80.00000000
3	36	1	84.00000000	80.00000000
3	37	1	84.00000000	80.00000000
3	38	1	84.00000000	80.00000000
3	39	1	84.00000000	80.00000000
3	40	1	84.00000000	80.00000000
3	41	1	84.00000000	80.00000000
3	42	1	84.00000000	80.00000000
3	43	1	84.00000000	80.00000000
3	44	1	84.00000000	80.00000000
3	45	1	84.00000000	80.00000000
3	46	1	84.00000000	80.00000000
3	47	1	84.00000000	80.00000000
3	48	1	84.00000000	80.00000000
3	49	1	84.00000000	80.00000000
3	50	1	84.00000000	80.00000000
3	51	1	84.00000000	80.00000000
3	52	1	84.00000000	80.00000000
3	53	1	84.00000000	80.00000000
3	54	1	84.00000000	80.00000000
3	55	1	84.00000000	80.00000000
3	56	1	84.00000000	80.00000000
3	57	1	84.00000000	80.00000000
3	58	1	84.00000000	80.00000000
3	59	1	84.00000000	80.00000000
3	60	1	84.00000000	80.00000000
3	61	1	84.00000000	80.00000000
3	62	1	84.00000000	80.00000000
3	63	1	84.00000000	80.00000000
3	64	1	84.00000000	80.00000000
3	65	1	84.00000000	80.00000000
3	66	1	84.00000000	80.00000000
3	67	1	84.00000000	80.00000000
3	68	1	84.00000000	80.00000000
3	69	1	84.00000000	80.00000000
3	70	1	84.00000000	80.00000000
3	71	1	84.00000000	80.00000000
3	72	1	84.00000000	80.00000000
3	73	1	84.00000000	80.00000000
3	74	1	84.00000000	80.00000000
3	75	1	84.00000000	80.00000000
3	76	1	84.00000000	80.00000000
3	77	1	84.00000000	80.00000000
3	78	1	84.00000000	80.00000000
3	79	1	84.00000000	80.00000000
3	80	1	84.00000000	80.00000000
3	81	1	84.00000000	80.00000000
3	82	1	84.00000000	80.00000000
3	83	1	84.00000000	80.00000000
3	84	1	84.00000000	80.00000000
3	85	1	84.00000000	80.00000000
3	86	1	84.00000000	80.00000000
3	87	1	84.00000000	80.00000000
3	88	1	84.00000000	80.00000000
3	89	1	84.00000000	80.00000000
3	90	1	84.00000000	80.00000000
3	91	1	84.00000000	80.00000000
3	92	1	84.00000000	80.00000000
3	93	1	84.00000000	80.00000000
3	94	1	84.00000000	80.00000000
3	95	1	84.00000000	80.00000000
4	0	1	84.00000000	80.00000000
4	1	1	84.00000000	80.00000000
4	2	1	84.00000000	80.00000000
4	3	1	84.00000000	80.00000000
4	4	1	84.00000000	80.00000000
4	5	1	84.00000000	80.00000000
4	6	1	84.00000000	80.00000000
4	7	1	84.00000000	80.00000000
4	8	1	84.00000000	80.00000000
4	9	1	84.00000000	80.00000000
4	10	1	84.00000000	80.00000000
4	11	1	84.00000000	80.00000000
4	12	1	84.00000000	80.00000000
4	13	1	84.00000000	80.00000000
4	14	1	84.00000000	80.00000000
4	15	1	84.00000000	80.00000000
4	16	1	84.00000000	80.00000000
4	17	1	84.00000000	80.00000000
4	18	1	84.00000000	80.00000000
4	19	1	84.00000000	80.00000000
4	20	1	84.00000000	80.00000000
4	21	1	84.00000000	80.00000000
4	22	1	84.00000000	80.00000000
4	23	1	84.00000000	80.00000000
4	24	1	84.00000000	80.00000000
4	25	1	84.00000000	80.00000000
4	26	1	84.00000000	80.00000000
4	27	1	84.00000000	80.00000000
4	28	1	84.00000000	80.00000000
4	29	1	84.00000000	80.00000000
4	30	1	84.00000000	80.00000000
4	31	1	84.00000000	80.00000000
4	32	1	84.00000000	80.00000000
4	33	1	84.00000000	80.00000000
4	34	1	84.00000000	80.00000000
4	35	1	84.00000000	80.00000000
4	36	1	84.00000000	80.00000000
4	37	1	84.00000000	80.00000000
4	38	1	84.00000000	80.00000000
4	39	1	84.00000000	80.00000000
4	40	1	84.00000000	80.00000000
4	41	1	84.00000000	80.00000000
4	42	1	84.00000000	80.00000000
4	43	1	84.00000000	80.00000000
4	44	1	84.00000000	80.00000000
4	45	1	84.00000000	80.00000000
4	46	1	84.00000000	80.00000000
4	47	1	84.00000000	80.00000000
4	48	1	84.00000000	80.00000000
4	49	1	84.00000000	80.00000000
4	50	1	84.00000000	80.00000000
4	51	1	84.00000000	80.00000000
4	52	1	84.00000000	80.00000000
4	53	1	84.00000000	80.00000000
4	54	1	84.00000000	80.00000000
4	55	1	84.00000000	80.00000000
4	56	1	84.00000000	80.00000000
4	57	1	84.00000000	80.00000000
4	58	1	84.00000000	80.00000000
4	59	1	84.00000000	80.00000000
4	60	1	84.00000000	80.00000000
4	61	1	84.00000000	80.00000000
4	62	1	84.00000000	80.00000000
4	63	1	84.00000000	80.00000000
4	64	1	84.00000000	80.00000000
4	65	1	84.00000000	80.00000000
4	66	1	84.00000000	80.00000000
4	67	1	84.00000000	80.00000000
4	68	1	84.00000000	80.00000000
4	69	1	84.00000000	80.00000000
4	70	1	84.00000000	80.00000000
4	71	1	84.00000000	80.00000000
4	72	1	84.00000000	80.00000000
4	73	1	84.00000000	80.00000000
4	74	1	84.00000000	80.00000000
4	75	1	84.00000000	80.00000000
4	76	1	84.00000000	80.00000000
4	77	1	84.00000000	80.00000000
4	78	1	84.00000000	80.00000000
4	79	1	84.00000000	80.00000000
4	80	1	84.00000000	80.00000000
4	81	1	84.00000000	80.00000000
4	82	1	84.00000000	80.00000000
4	83	1	84.00000000	80.00000000
4	84	1	84.00000000	80.00000000
4	85	1	84.00000000	80.00000000
4	86	1	84.00000000	80.00000000
4	87	1	84.00000000	80.00000000
4	88	1	84.00000000	80.00000000
4	89	1	84.00000000	80.00000000
4	90	1	84.00000000	80.00000000
4	91	1	84.00000000	80.00000000
4	92	1	84.00000000	80.00000000
4	93	1	84.00000000	80.00000000
4	94	1	84.00000000	80.00000000
4	95	1	84.00000000	80.00000000
4	96	1	84.00000000	80.00000000
4	97	1	84.00000000	80.00000000
4	98	1	84.00000000	80.00000000
4	99	1	84.00000000	80.00000000
4	100	1	84.00000000	80.00000000
4	101	1	84.00000000	80.00000000
4	102	1	84.00000000	80.00000000
4	103	1	84.00000000	80.00000000
4	104	1	84.00000000	80.00000000
4	105	1	84.00000000	80.00000000
4	106	1	84.00000000	80.00000000
4	107	1	84.00000000	80.00000000
4	108	1	84.00000000	80.00000000
4	109	1	84.00000000	80.00000000
4	110	1	84.00000000	80.00000000
4	111	1	84.00000000	80.00000000
4	112	1	84.00000000	80.00000000
4	113	1	84.00000000	80.00000000
4	114	1	84.00000000	80.00000000
4	115	1	84.00000000	80.00000000
4	116	1	84.00000000	80.00000000
4	117	1	84.00000000	80.00000000
4	118	1	84.00000000	80.00000000
4	119	1	84.00000000	80.00000000
5	0	1	84.00000000	80.00000000
5	1	1	84.00000000	80.00000000
5	2	1	84.00000000	80.00000000
5	3	1	84.00000000	80.00000000
5	4	1	84.00000000	80.00000000
5	5	1	84.00000000	80.00000000
5	6	1	84.00000000	80.00000000
5	7	1	84.00000000	80.00000000
5	8	1	84.00000000	80.00000000
5	9	1	84.00000000	80.00000000
5	10	1	84.00000000	80.00000000
5	11	1	84.00000000	80.00000000
5	12	1	84.00000000	80.00000000
5	13	1	84.00000000	80.00000000
5	14	1	84.00000000	80.00000000
5	15	1	84.00000000	80.00000000
5	16	1	84.00000000	80.00000000
5	17	1	84.00000000	80.00000000
5	18	1	84.00000000	80.00000000
5	19	1	84.00000000	80.00000000
5	20	1	84.00000000	80.00000000
5	21	1	84.00000000	80.00000000
5	22	1	84.00000000	80.00000000
5	23	1	84.00000000	80.00000000
5	24	1	84.00000000	80.00000000
5	25	1	84.00000000	80.00000000
5	26	1	84.00000000	80.00000000
5	27	1	84.00000000	80.00000000
5	28	1	84.00000000	80.00000000
5	29	1	84.00000000	80.00000000
5	30	1	84.00000000	80.00000000
5	31	1	84.00000000	80.00000000
5	32	1	84.00000000	80.00000000
5	33	1	84.00000000	80.00000000
5	34	1	84.00000000	80.00000000
5	35	1	84.00000000	80.00000000
5	36	1	84.00000000	80.00000000
5	37	1	84.00000000	80.00000000
5	38	1	84.00000000	80.00000000
5	39	1	84.00000000	80.00000000
5	40	1	84.00000000	80.00000000
5	41	1	84.00000000	80.00000000
5	42	1	84.00000000	80.00000000
5	43	1	84.00000000	80.00000000
5	44	1	84.00000000	80.00000000
5	45	1	84.00000000	80.00000000
5	46	1	84.00000000	80.00000000
5	47	1	84.00000000	80.00000000
5	48	1	84.00000000	80.00000000
5	49	1	84.00000000	80.00000000
5	50	1	84.00000000	80.00000000
5	51	1	84.00000000	80.00000000
5	52	1	84.00000000	80.00000000
5	53	1	84.00000000	80.00000000
5	54	1	84.00000000	80.00000000
5	55	1	84.00000000	80.00000000
5	56	1	84.00000000	80.00000000
5	57	1	84.00000000	80.00000000
5	58	1	84.00000000	80.00000000
5	59	1	84.00000000	80.00000000
5	60	1	84.00000000	80.00000000
5	61	1	84.00000000	80.00000000
5	62	1	84.00000000	80.00000000
5	63	1	84.00000000	80.00000000
5	64	1	84.00000000	80.00000000
5	65	1	84.00000000	80.00000000
5	66	1	84.00000000	80.00000000
5	67	1	84.00000000	80.00000000
5	68	1	84.00000000	80.00000000
5	69	1	84.00000000	80.00000000
5	70	1	84.00000000	80.00000000
5	71	1	84.00000000	80.00000000
5	72	1	84.00000000	80.00000000
5	73	1	84.00000000	80.00000000
5	74	1	84.00000000	80.00000000
5	75	1	84.00000000	80.00000000
5	76	1	84.00000000	80.00000000
5	77	1	84.00000000	80.00000000
5	78	1	84.00000000	80.00000000
5	79	1	84.00000000	80.00000000
5	80	1	84.00000000	80.00000000
5	81	1	84.00000000	80.00000000
5	82	1	84.00000000	80.00000000
5	83	1	84.00000000	80.00000000
5	84	1	84.00000000	80.00000000
5	85	1	84.00000000	80.00000000
5	86	1	84.00000000	80.00000000
5	87	1	84.00000000	80.00000000
5	88	1	84.00000000	80.00000000
5	89	1	84.00000000	80.00000000
5	90	1	84.00000000	80.00000000
5	91	1	84.00000000	80.00000000
5	92	1	84.00000000	80.00000000
5	93	1	84.00000000	80.00000000
5	94	1	84.00000000	80.00000000
5	95	1	84.00000000	80.00000000
5	96	1	84.00000000	80.00000000
5	97	1	84.00000000	80.00000000
5	98	1	84.00000000	80.00000000
5	99	1	84.00000000	80.00000000
5	100	1	84.00000000	80.00000000
5	101	1	84.00000000	80.00000000
5	102	1	84.00000000	80.00000000
5	103	1	84.00000000	80.00000000
5	104	1	84.00000000	80.00000000
5	105	1	84.00000000	80.00000000
5	106	1	84.00000000	80.00000000
5	107	1	84.00000000	80.00000000
5	108	1	84.00000000	80.00000000
5	109	1	84.00000000	80.00000000
5	110	1	84.00000000	80.00000000
5	111	1	84.00000000	80.00000000
5	112	1	84.00000000	80.00000000
5	113	1	84.00000000	80.00000000
5	114	1	84.00000000	80.00000000
5	115	1	84.00000000	80.00000000
5	116	1	84.00000000	80.00000000
5	117	1	84.00000000	80.00000000
5	118	1	84.00000000	80.00000000
5	119	1	84.00000000	80.00000000
5	120	1	84.00000000	80.00000000
5	121	1	84.00000000	80.00000000
5	122	1	84.00000000	80.00000000
5	123	1	84.00000000	80.00000000
5	124	1	84.00000000	80.00000000
5	125	1	84.00000000	80.00000000
5	126	1	84.00000000	80.00000000
5	127	1	84.00000000	80.00000000
5	128	1	84.00000000	80.00000000
5	129	1	84.00000000	80.00000000
5	130	1	84.00000000	80.00000000
5	131	1	84.00000000	80.00000000
5	132	1	84.00000000	80.00000000
5	133	1	84.00000000	80.00000000
5	134	1	84.00000000	80.00000000
5	135	1	84.00000000	80.00000000
5	136	1	84.00000000	80.00000000
5	137	1	84.00000000	80.00000000
5	138	1	84.00000000	80.00000000
5	139	1	84.00000000	80.00000000
5	140	1	84.00000000	80.00000000
5	141	1	84.00000000	80.00000000
5	142	1	84.00000000	80.00000000
5	143	1	84.00000000	80.00000000
6	0	1	84.00000000	80.00000000
6	1	1	84.00000000	80.00000000
6	2	1	84.00000000	80.00000000
6	3	1	84.00000000	80.00000000
6	4	1	84.00000000	80.00000000
6	5	1	84.00000000	80.00000000
6	6	1	84.00000000	80.00000000
6	7	1	84.00000000	80.00000000
6	8	1	84.00000000	80.00000000
6	9	1	84.00000000	80.00000000
6	10	1	84.00000000	80.00000000
6	11	1	84.00000000	80.00000000
6	12	1	84.00000000	80.00000000
6	13	1	84.00000000	80.00000000
6	14	1	84.00000000	80.00000000
6	15	1	84.00000000	80.00000000
6	16	1	84.00000000	80.00000000
6	17	1	84.00000000	80.00000000
6	18	1	84.00000000	80.00000000
6	19	1	84.00000000	80.00000000
6	20	1	84.00000000	80.00000000
6	21	1	84.00000000	80.00000000
6	22	1	84.00000000	80.00000000
6	23	1	84.00000000	80.00000000
6	24	1	84.00000000	80.00000000
6	25	1	84.00000000	80.00000000
6	26	1	84.00000000	80.00000000
6	27	1	84.00000000	80.00000000
6	28	1	84.00000000	80.00000000
6	29	1	84.00000000	80.00000000
6	30	1	84.00000000	80.00000000
6	31	1	84.00000000	80.00000000
6	32	1	84.00000000	80.00000000
6	33	1	84.00000000	80.00000000
6	34	1	84.00000000	80.00000000
6	35	1	84.00000000	80.00000000
6	36	1	84.00000000	80.00000000
6	37	1	84.00000000	80.00000000
6	38	1	84.00000000	80.00000000
6	39	1	84.00000000	80.00000000
6	40	1	84.00000000	80.00000000
6	41	1	84.00000000	80.00000000
6	42	1	84.00000000	80.00000000
6	43	1	84.00000000	80.00000000
6	44	1	84.00000000	80.00000000
6	45	1	84.00000000	80.00000000
6	46	1	84.00000000	80.00000000
6	47	1	84.00000000	80.00000000
6	48	1	84.00000000	80.00000000
6	49	1	84.00000000	80.00000000
6	50	1	84.00000000	80.00000000
6	51	1	84.00000000	80.00000000
6	52	1	84.00000000	80.00000000
6	53	1	84.00000000	80.00000000
6	54	1	84.00000000	80.00000000
6	55	1	84.00000000	80.00000000
6	56	1	84.00000000	80.00000000
6	57	1	84.00000000	80.00000000
6	58	1	84.00000000	80.00000000
6	59	1	84.00000000	80.00000000
6	60	1	84.00000000	80.00000000
6	61	1	84.00000000	80.00000000
6	62	1	84.00000000	80.00000000
6	63	1	84.00000000	80.00000000
6	64	1	84.00000000	80.00000000
6	65	1	84.00000000	80.00000000
6	66	1	84.00000000	80.00000000
6	67	1	84.00000000	80.00000000
6	68	1	84.00000000	80.00000000
6	69	1	84.00000000	80.00000000
6	70	1	84.00000000	80.00000000
6	71	1	84.00000000	80.00000000
6	72	1	84.00000000	80.00000000
6	73	1	84.00000000	80.00000000
6	74	1	84.00000000	80.00000000
6	75	1	84.00000000	80.00000000
6	76	1	84.00000000	80.00000000
6	77	1	84.00000000	80.00000000
6	78	1	84.00000000	80.00000000
6	79	1	84.00000000	80.00000000
6	80	1	84.00000000	80.00000000
6	81	1	84.00000000	80.00000000
6	82	1	84.00000000	80.00000000
6	83	1	84.00000000	80.00000000
6	84	1	84.00000000	80.00000000
6	85	1	84.00000000	80.00000000
6	86	1	84.00000000	80.00000000
6	87	1	84.00000000	80.00000000
6	88	1	84.00000000	80.00000000
6	89	1	84.00000000	80.00000000
6	90	1	84.00000000	80.00000000
6	91	1	84.00000000	80.00000000
6	92	1	84.00000000	80.00000000
6	93	1	84.00000000	80.00000000
6	94	1	84.00000000	80.00000000
6	95	1	84.00000000	80.00000000
6	96	1	84.00000000	80.00000000
6	97	1	84.00000000	80.00000000
6	98	1	84.00000000	80.00000000
6	99	1	84.00000000	80.00000000
6	100	1	84.00000000	80.00000000
6	101	1	84.00000000	80.00000000
6	102	1	84.00000000	80.00000000
6	103	1	84.00000000	80.00000000
6	104	1	84.00000000	80.00000000
6	105	1	84.00000000	80.00000000
6	106	1	84.00000000	80.00000000
6	107	1	84.00000000	80.00000000
6	108	1	84.00000000	80.00000000
6	109	1	84.00000000	80.00000000
6	110	1	84.00000000	80.00000000
6	111	1	84.00000000	80.00000000
6	112	1	84.00000000	80.00000000
6	113	1	84.00000000	80.00000000
6	114	1	84.00000000	80.00000000
6	115	1	84.00000000	80.00000000
6	116	1	84.00000000	80.00000000
6	117	1	84.00000000	80.00000000
6	118	1	84.00000000	80.00000000
6	119	1	84.00000000	80.00000000
6	120	1	84.00000000	80.00000000
6	121	1	84.00000000	80.00000000
6	122	1	84.00000000	80.00000000
6	123	1	84.00000000	80.00000000
6	124	1	84.00000000	80.00000000
6	125	1	84.00000000	80.00000000
6	126	1	84.00000000	80.00000000
6	127	1	84.00000000	80.00000000
6	128	1	84.00000000	80.00000000
6	129	1	84.00000000	80.00000000
6	130	1	84.00000000	80.00000000
6	131	1	84.00000000	80.00000000
6	132	1	84.00000000	80.00000000
6	133	1	84.00000000	80.00000000
6	134	1	84.00000000	80.00000000
6	135	1	84.00000000	80.00000000
6	136	1	84.00000000	80.00000000
6	137	1	84.00000000	80.00000000
6	138	1	84.00000000	80.00000000
6	139	1	84.00000000	80.00000000
6	140	1	84.00000000	80.00000000
6	141	1	84.00000000	80.00000000
6	142	1	84.00000000	80.00000000
6	143	1	84.00000000	80.00000000
6	144	1	84.00000000	80.00000000
6	145	1	84.00000000	80.00000000
6	146	1	84.00000000	80.00000000
6	147	1	84.00000000	80.00000000
6	148	1	84.00000000	80.00000000
6	149	1	84.00000000	80.00000000
6	150	1	84.00000000	80.00000000
6	151	1	84.00000000	80.00000000
6	152	1	84.00000000	80.00000000
6	153	1	84.00000000	80.00000000
6	154	1	84.00000000	80.00000000
6	155	1	84.00000000	80.00000000
6	156	1	84.00000000	80.00000000
6	157	1	84.00000000	80.00000000
6	158	1	84.00000000	80.00000000
6	159	1	84.00000000	80.00000000
6	160	1	84.00000000	80.00000000
6	161	1	84.00000000	80.00000000
6	162	1	84.00000000	80.00000000
6	163	1	84.00000000	80.00000000
6	164	1	84.00000000	80.00000000
6	165	1	84.00000000	80.00000000
6	166	1	84.00000000	80.00000000
6	167	1	84.00000000	80.00000000
7	0	1	84.00000000	80.00000000
7	1	1	84.00000000	80.00000000
7	2	1	84.00000000	80.00000000
7	3	1	84.00000000	80.00000000
7	4	1	84.00000000	80.00000000
7	5	1	84.00000000	80.00000000
7	6	1	84.00000000	80.00000000
7	7	1	84.00000000	80.00000000
7	8	1	84.00000000	80.00000000
7	9	1	84.00000000	80.00000000
7	10	1	84.00000000	80.00000000
7	11	1	84.00000000	80.00000000
7	12	1	84.00000000	80.00000000
7	13	1	84.00000000	80.00000000
7	14	1	84.00000000	80.00000000
7	15	1	84.00000000	80.00000000
7	16	1	84.00000000	80.00000000
7	17	1	84.00000000	80.00000000
7	18	1	84.00000000	80.00000000
7	19	1	84.00000000	80.00000000
7	20	1	84.00000000	80.00000000
7	21	1	84.00000000	80.00000000
7	22	1	84.00000000	80.00000000
7	23	1	84.00000000	80.00000000
7	24	1	84.00000000	80.00000000
7	25	1	84.00000000	80.00000000
7	26	1	84.00000000	80.00000000
7	27	1	84.00000000	80.00000000
7	28	1	84.00000000	80.00000000
7	29	1	84.00000000	80.00000000
7	30	1	84.00000000	80.00000000
7	31	1	84.00000000	80.00000000
7	32	1	84.00000000	80.00000000
7	33	1	84.00000000	80.00000000
7	34	1	84.00000000	80.00000000
7	35	1	84.00000000	80.00000000
7	36	1	84.00000000	80.00000000
7	37	1	84.00000000	80.00000000
7	38	1	84.00000000	80.00000000
7	39	1	84.00000000	80.00000000
7	40	1	84.00000000	80.00000000
7	41	1	84.00000000	80.00000000
7	42	1	84.00000000	80.00000000
7	43	1	84.00000000	80.00000000
7	44	1	84.00000000	80.00000000
7	45	1	84.00000000	80.00000000
7	46	1	84.00000000	80.00000000
7	47	1	84.00000000	80.00000000
7	48	1	84.00000000	80.00000000
7	49	1	84.00000000	80.00000000
7	50	1	84.00000000	80.00000000
7	51	1	84.00000000	80.00000000
7	52	1	84.00000000	80.00000000
7	53	1	84.00000000	80.00000000
7	54	1	84.00000000	80.00000000
7	55	1	84.00000000	80.00000000
7	56	1	84.00000000	80.00000000
7	57	1	84.00000000	80.00000000
7	58	1	84.00000000	80.00000000
7	59	1	84.00000000	80.00000000
7	60	1	84.00000000	80.00000000
7	61	1	84.00000000	80.00000000
7	62	1	84.00000000	80.00000000
7	63	1	84.00000000	80.00000000
7	64	1	84.00000000	80.00000000
7	65	1	84.00000000	80.00000000
7	66	1	84.00000000	80.00000000
7	67	1	84.00000000	80.00000000
7	68	1	84.00000000	80.00000000
7	69	1	84.00000000	80.00000000
7	70	1	84.00000000	80.00000000
7	71	1	84.00000000	80.00000000
7	72	1	84.00000000	80.00000000
7	73	1	84.00000000	80.00000000
7	74	1	84.00000000	80.00000000
7	75	1	84.00000000	80.00000000
7	76	1	84.00000000	80.00000000
7	77	1	84.00000000	80.00000000
7	78	1	84.00000000	80.00000000
7	79	1	84.00000000	80.00000000
7	80	1	84.00000000	80.00000000
7	81	1	84.00000000	80.00000000
7	82	1	84.00000000	80.00000000
7	83	1	84.00000000	80.00000000
7	84	1	84.00000000	80.00000000
7	85	1	84.00000000	80.00000000
7	86	1	84.00000000	80.00000000
7	87	1	84.00000000	80.00000000
7	88	1	84.00000000	80.00000000
7	89	1	84.00000000	80.00000000
7	90	1	84.00000000	80.00000000
7	91	1	84.00000000	80.00000000
7	92	1	84.00000000	80.00000000
7	93	1	84.00000000	80.00000000
7	94	1	84.00000000	80.00000000
7	95	1	84.00000000	80.00000000
7	96	1	84.00000000	80.00000000
7	97	1	84.00000000	80.00000000
7	98	1	84.00000000	80.00000000
7	99	1	84.00000000	80.00000000
7	100	1	84.00000000	80.00000000
7	101	1	84.00000000	80.00000000
7	102	1	84.00000000	80.00000000
7	103	1	84.00000000	80.00000000
7	104	1	84.00000000	80.00000000
7	105	1	84.00000000	80.00000000
7	106	1	84.00000000	80.00000000
7	107	1	84.00000000	80.00000000
7	108	1	84.00000000	80.00000000
7	109	1	84.00000000	80.00000000
7	110	1	84.00000000	80.00000000
7	111	1	84.00000000	80.00000000
7	112	1	84.00000000	80.00000000
7	113	1	84.00000000	80.00000000
7	114	1	84.00000000	80.00000000
7	115	1	84.00000000	80.00000000
7	116	1	84.00000000	80.00000000
7	117	1	84.00000000	80.00000000
7	118	1	84.00000000	80.00000000
7	119	1	84.00000000	80.00000000
7	120	1	84.00000000	80.00000000
7	121	1	84.00000000	80.00000000
7	122	1	84.00000000	80.00000000
7	123	1	84.00000000	80.00000000
7	124	1	84.00000000	80.00000000
7	125	1	84.00000000	80.00000000
7	126	1	84.00000000	80.00000000
7	127	1	84.00000000	80.00000000
7	128	1	84.00000000	80.00000000
7	129	1	84.00000000	80.00000000
7	130	1	84.00000000	80.00000000
7	131	1	84.00000000	80.00000000
7	132	1	84.00000000	80.00000000
7	133	1	84.00000000	80.00000000
7	134	1	84.00000000	80.00000000
7	135	1	84.00000000	80.00000000
7	136	1	84.00000000	80.00000000
7	137	1	84.00000000	80.00000000
7	138	1	84.00000000	80.00000000
7	139	1	84.00000000	80.00000000
7	140	1	84.00000000	80.00000000
7	141	1	84.00000000	80.00000000
7	142	1	84.00000000	80.00000000
7	143	1	84.00000000	80.00000000
7	144	1	84.00000000	80.00000000
7	145	1	84.00000000	80.00000000
7	146	1	84.00000000	80.00000000
7	147	1	84.00000000	80.00000000
7	148	1	84.00000000	80.00000000
7	149	1	84.00000000	80.00000000
7	150	1	84.00000000	80.00000000
7	151	1	84.00000000	80.00000000
7	152	1	84.00000000	80.00000000
7	153	1	84.00000000	80.00000000
7	154	1	84.00000000	80.00000000
7	155	1	84.00000000	80.00000000
7	156	1	84.00000000	80.00000000
7	157	1	84.00000000	80.00000000
7	158	1	84.00000000	80.00000000
7	159	1	84.00000000	80.00000000
7	160	1	84.00000000	80.00000000
7	161	1	84.00000000	80.00000000
7	162	1	84.00000000	80.00000000
7	163	1	84.00000000	80.00000000
7	164	1	84.00000000	80.00000000
7	165	1	84.00000000	80.00000000
7	166	1	84.00000000	80.00000000
7	167	1	84.00000000	80.00000000
7	168	1	84.00000000	80.00000000
7	169	1	84.00000000	80.00000000
7	170	1	84.00000000	80.00000000
7	171	1	84.00000000	80.00000000
7	172	1	84.00000000	80.00000000
7	173	1	84.00000000	80.00000000
7	174	1	84.00000000	80.00000000
7	175	1	84.00000000	80.00000000
7	176	1	84.00000000	80.00000000
7	177	1	84.00000000	80.00000000
7	178	1	84.00000000	80.00000000
7	179	1	84.00000000	80.00000000
7	180	1	84.00000000	80.00000000
7	181	1	84.00000000	80.00000000
7	182	1	84.00000000	80.00000000
7	183	1	84.00000000	80.00000000
7	184	1	84.00000000	80.00000000
7	185	1	84.00000000	80.00000000
7	186	1	84.00000000	80.00000000
7	187	1	84.00000000	80.00000000
7	188	1	84.00000000	80.00000000
7	189	1	84.00000000	80.00000000
7	190	1	84.00000000	80.00000000
7	191	1	84.00000000	80.00000000
8	0	1	84.00000000	80.00000000
8	1	1	84.00000000	80.00000000
8	2	1	84.00000000	80.00000000
8	3	1	84.00000000	80.00000000
8	4	1	84.00000000	80.00000000
8	5	1	84.00000000	80.00000000
8	6	1	84.00000000	80.00000000
8	7	1	84.00000000	80.00000000
8	8	1	84.00000000	80.00000000
8	9	1	84.00000000	80.00000000
8	10	1	84.00000000	80.00000000
8	11	1	84.00000000	80.00000000
8	12	1	84.00000000	80.00000000
8	13	1	84.00000000	80.00000000
8	14	1	84.00000000	80.00000000
8	15	1	84.00000000	80.00000000
8	16	1	84.00000000	80.00000000
8	17	1	84.00000000	80.00000000
8	18	1	84.00000000	80.00000000
8	19	1	84.00000000	80.00000000
8	20	1	84.00000000	80.00000000
8	21	1	84.00000000	80.00000000
8	22	1	84.00000000	80.00000000
8	23	1	84.00000000	80.00000000
8	24	1	84.00000000	80.00000000
8	25	1	84.00000000	80.00000000
8	26	1	84.00000000	80.00000000
8	27	1	84.00000000	80.00000000
8	28	1	84.00000000	80.00000000
8	29	1	84.00000000	80.00000000
8	30	1	84.00000000	80.00000000
8	31	1	84.00000000	80.00000000
8	32	1	84.00000000	80.00000000
8	33	1	84.00000000	80.00000000
8	34	1	84.00000000	80.00000000
8	35	1	84.00000000	80.00000000
8	36	1	84.00000000	80.00000000
8	37	1	84.00000000	80.00000000
8	38	1	84.00000000	80.00000000
8	39	1	84.00000000	80.00000000
8	40	1	84.00000000	80.00000000
8	41	1	84.00000000	80.00000000
8	42	1	84.00000000	80.00000000
8	43	1	84.00000000	80.00000000
8	44	1	84.00000000	80.00000000
8	45	1	84.00000000	80.00000000
8	46	1	84.00000000	80.00000000
8	47	1	84.00000000	80.00000000
8	48	1	84.00000000	80.00000000
8	49	1	84.00000000	80.00000000
8	50	1	84.00000000	80.00000000
8	51	1	84.00000000	80.00000000
8	52	1	84.00000000	80.00000000
8	53	1	84.00000000	80.00000000
8	54	1	84.00000000	80.00000000
8	55	1	84.00000000	80.00000000
8	56	1	84.00000000	80.00000000
8	57	1	84.00000000	80.00000000
8	58	1	84.00000000	80.00000000
8	59	1	84.00000000	80.00000000
8	60	1	84.00000000	80.00000000
8	61	1	84.00000000	80.00000000
8	62	1	84.00000000	80.00000000
8	63	1	84.00000000	80.00000000
8	64	1	84.00000000	80.00000000
8	65	1	84.00000000	80.00000000
8	66	1	84.00000000	80.00000000
8	67	1	84.00000000	80.00000000
8	68	1	84.00000000	80.00000000
8	69	1	84.00000000	80.00000000
8	70	1	84.00000000	80.00000000
8	71	1	84.00000000	80.00000000
8	72	1	84.00000000	80.00000000
8	73	1	84.00000000	80.00000000
8	74	1	84.00000000	80.00000000
8	75	1	84.00000000	80.00000000
8	76	1	84.00000000	80.00000000
8	77	1	84.00000000	80.00000000
8	78	1	84.00000000	80.00000000
8	79	1	84.00000000	80.00000000
8	80	1	84.00000000	80.00000000
8	81	1	84.00000000	80.00000000
8	82	1	84.00000000	80.00000000
8	83	1	84.00000000	80.00000000
8	84	1	84.00000000	80.00000000
8	85	1	84.00000000	80.00000000
8	86	1	84.00000000	80.00000000
8	87	1	84.00000000	80.00000000
8	88	1	84.00000000	80.00000000
8	89	1	84.00000000	80.00000000
8	90	1	84.00000000	80.00000000
8	91	1	84.00000000	80.00000000
8	92	1	84.00000000	80.00000000
8	93	1	84.00000000	80.00000000
8	94	1	84.00000000	80.00000000
8	95	1	84.00000000	80.00000000
8	96	1	84.00000000	80.00000000
8	97	1	84.00000000	80.00000000
8	98	1	84.00000000	80.00000000
8	99	1	84.00000000	80.00000000
8	100	1	84.00000000	80.00000000
8	101	1	84.00000000	80.00000000
8	102	1	84.00000000	80.00000000
8	103	1	84.00000000	80.00000000
8	104	1	84.00000000	80.00000000
8	105	1	84.00000000	80.00000000
8	106	1	84.00000000	80.00000000
8	107	1	84.00000000	80.00000000
8	108	1	84.00000000	80.00000000
8	109	1	84.00000000	80.00000000
8	110	1	84.00000000	80.00000000
8	111	1	84.00000000	80.00000000
8	112	1	84.00000000	80.00000000
8	113	1	84.00000000	80.00000000
8	114	1	84.00000000	80.00000000
8	115	1	84.00000000	80.00000000
8	116	1	84.00000000	80.00000000
8	117	1	84.00000000	80.00000000
8	118	1	84.00000000	80.00000000
8	119	1	84.00000000	80.00000000
8	120	1	84.00000000	80.00000000
8	121	1	84.00000000	80.00000000
8	122	1	84.00000000	80.00000000
8	123	1	84.00000000	80.00000000
8	124	1	84.00000000	80.00000000
8	125	1	84.00000000	80.00000000
8	126	1	84.00000000	80.00000000
8	127	1	84.00000000	80.00000000
8	128	1	84.00000000	80.00000000
8	129	1	84.00000000	80.00000000
8	130	1	84.00000000	80.00000000
8	131	1	84.00000000	80.00000000
8	132	1	84.00000000	80.00000000
8	133	1	84.00000000	80.00000000
8	134	1	84.00000000	80.00000000
8	135	1	84.00000000	80.00000000
8	136	1	84.00000000	80.00000000
8	137	1	84.00000000	80.00000000
8	138	1	84.00000000	80.00000000
8	139	1	84.00000000	80.00000000
8	140	1	84.00000000	80.00000000
8	141	1	84.00000000	80.00000000
8	142	1	84.00000000	80.00000000
8	143	1	84.00000000	80.00000000
8	144	1	84.00000000	80.00000000
8	145	1	84.00000000	80.00000000
8	146	1	84.00000000	80.00000000
8	147	1	84.00000000	80.00000000
8	148	1	84.00000000	80.00000000
8	149	1	84.00000000	80.00000000
8	150	1	84.00000000	80.00000000
8	151	1	84.00000000	80.00000000
8	152	1	84.00000000	80.00000000
8	153	1	84.00000000	80.00000000
8	154	1	84.00000000	80.00000000
8	155	1	84.00000000	80.00000000
8	156	1	84.00000000	80.00000000
8	157	1	84.00000000	80.00000000
8	158	1	84.00000000	80.00000000
8	159	1	84.00000000	80.00000000
8	160	1	84.00000000	80.00000000
8	161	1	84.00000000	80.00000000
8	162	1	84.00000000	80.00000000
8	163	1	84.00000000	80.00000000
8	164	1	84.00000000	80.00000000
8	165	1	84.00000000	80.00000000
8	166	1	84.00000000	80.00000000
8	167	1	84.00000000	80.00000000
8	168	1	84.00000000	80.00000000
8	169	1	84.00000000	80.00000000
8	170	1	84.00000000	80.00000000
8	171	1	84.00000000	80.00000000
8	172	1	84.00000000	80.00000000
8	173	1	84.00000000	80.00000000
8	174	1	84.00000000	80.00000000
8	175	1	84.00000000	80.00000000
8	176	1	84.00000000	80.00000000
8	177	1	84.00000000	80.00000000
8	178	1	84.00000000	80.00000000
8	179	1	84.00000000	80.00000000
8	180	1	84.00000000	80.00000000
8	181	1	84.00000000	80.00000000
8	182	1	84.00000000	80.00000000
8	183	1	84.00000000	80.00000000
8	184	1	84.00000000	80.00000000
8	185	1	84.00000000	80.00000000
8	186	1	84.00000000	80.00000000
8	187	1	84.00000000	80.00000000
8	188	1	84.00000000	80.00000000
8	189	1	84.00000000	80.00000000
8	190	1	84.00000000	80.00000000
8	191	1	84.00000000	80.00000000
8	192	1	84.00000000	80.00000000
8	193	1	84.00000000	80.00000000
8	194	1	84.00000000	80.00000000
8	195	1	84.00000000	80.00000000
8	196	1	84.00000000	80.00000000
8	197	1	84.00000000	80.00000000
8	198	1	84.00000000	80.00000000
8	199	1	84.00000000	80.00000000
8	200	1	84.00000000	80.00000000
8	201	1	84.00000000	80.00000000
8	202	1	84.00000000	80.00000000
8	203	1	84.00000000	80.00000000
8	204	1	84.00000000	80.00000000
8	205	1	84.00000000	80.00000000
8	206	1	84.00000000	80.00000000
8	207	1	84.00000000	80.00000000
8	208	1	84.00000000	80.00000000
8	209	1	84.00000000	80.00000000
8	210	1	84.00000000	80.00000000
8	211	1	84.00000000	80.00000000
8	212	1	84.00000000	80.00000000
8	213	1	84.00000000	80.00000000
8	214	1	84.00000000	80.00000000
8	215	1	84.00000000	80.00000000
9	0	1	84.00000000	80.00000000
9	1	1	84.00000000	80.00000000
9	2	1	84.00000000	80.00000000
9	3	1	84.00000000	80.00000000
9	4	1	84.00000000	80.00000000
9	5	1	84.00000000	80.00000000
9	6	1	84.00000000	80.00000000
9	7	1	84.00000000	80.00000000
9	8	1	84.00000000	80.00000000
9	9	1	84.00000000	80.00000000
9	10	1	84.00000000	80.00000000
9	11	1	84.00000000	80.00000000
9	12	1	84.00000000	80.00000000
9	13	1	84.00000000	80.00000000
9	14	1	84.00000000	80.00000000
9	15	1	84.00000000	80.00000000
9	16	1	84.00000000	80.00000000
9	17	1	84.00000000	80.00000000
9	18	1	84.00000000	80.00000000
9	19	1	84.00000000	80.00000000
9	20	1	84.00000000	80.00000000
9	21	1	84.00000000	80.00000000
9	22	1	84.00000000	80.00000000
9	23	1	84.00000000	80.00000000
9	24	1	84.00000000	80.00000000
9	25	1	84.00000000	80.00000000
9	26	1	84.00000000	80.00000000
9	27	1	84.00000000	80.00000000
9	28	1	84.00000000	80.00000000
9	29	1	84.00000000	80.00000000
9	30	1	84.00000000	80.00000000
9	31	1	84.00000000	80.00000000
9	32	1	84.00000000	80.00000000
9	33	1	84.00000000	80.00000000
9	34	1	84.00000000	80.00000000
9	35	1	84.00000000	80.00000000
9	36	1	84.00000000	80.00000000
9	37	1	84.00000000	80.00000000
9	38	1	84.00000000	80.00000000
9	39	1	84.00000000	80.00000000
9	40	1	84.00000000	80.00000000
9	41	1	84.00000000	80.00000000
9	42	1	84.00000000	80.00000000
9	43	1	84.00000000	80.00000000
9	44	1	84.00000000	80.00000000
9	45	1	84.00000000	80.00000000
9	46	1	84.00000000	80.00000000
9	47	1	84.00000000	80.00000000
9	48	1	84.00000000	80.00000000
9	49	1	84.00000000	80.00000000
9	50	1	84.00000000	80.00000000
9	51	1	84.00000000	80.00000000
9	52	1	84.00000000	80.00000000
9	53	1	84.00000000	80.00000000
9	54	1	84.00000000	80.00000000
9	55	1	84.00000000	80.00000000
9	56	1	84.00000000	80.00000000
9	57	1	84.00000000	80.00000000
9	58	1	84.00000000	80.00000000
9	59	1	84.00000000	80.00000000
9	60	1	84.00000000	80.00000000
9	61	1	84.00000000	80.00000000
9	62	1	84.00000000	80.00000000
9	63	1	84.00000000	80.00000000
9	64	1	84.00000000	80.00000000
9	65	1	84.00000000	80.00000000
9	66	1	84.00000000	80.00000000
9	67	1	84.00000000	80.00000000
9	68	1	84.00000000	80.00000000
9	69	1	84.00000000	80.00000000
9	70	1	84.00000000	80.00000000
9	71	1	84.00000000	80.00000000
9	72	1	84.00000000	80.00000000
9	73	1	84.00000000	80.00000000
9	74	1	84.00000000	80.00000000
9	75	1	84.00000000	80.00000000
9	76	1	84.00000000	80.00000000
9	77	1	84.00000000	80.00000000
9	78	1	84.00000000	80.00000000
9	79	1	84.00000000	80.00000000
9	80	1	84.00000000	80.00000000
9	81	1	84.00000000	80.00000000
9	82	1	84.00000000	80.00000000
9	83	1	84.00000000	80.00000000
9	84	1	84.00000000	80.00000000
9	85	1	84.00000000	80.00000000
9	86	1	84.00000000	80.00000000
9	87	1	84.00000000	80.00000000
9	88	1	84.00000000	80.00000000
9	89	1	84.00000000	80.00000000
9	90	1	84.00000000	80.00000000
9	91	1	84.00000000	80.00000000
9	92	1	84.00000000	80.00000000
9	93	1	84.00000000	80.00000000
9	94	1	84.00000000	80.00000000
9	95	1	84.00000000	80.00000000
9	96	1	84.00000000	80.00000000
9	97	1	84.00000000	80.00000000
9	98	1	84.00000000	80.00000000
9	99	1	84.00000000	80.00000000
9	100	1	84.00000000	80.00000000
9	101	1	84.00000000	80.00000000
9	102	1	84.00000000	80.00000000
9	103	1	84.00000000	80.00000000
9	104	1	84.00000000	80.00000000
9	105	1	84.00000000	80.00000000
9	106	1	84.00000000	80.00000000
9	107	1	84.00000000	80.00000000
9	108	1	84.00000000	80.00000000
9	109	1	84.00000000	80.00000000
9	110	1	84.00000000	80.00000000
9	111	1	84.00000000	80.00000000
9	112	1	84.00000000	80.00000000
9	113	1	84.00000000	80.00000000
9	114	1	84.00000000	80.00000000
9	115	1	84.00000000	80.00000000
9	116	1	84.00000000	80.00000000
9	117	1	84.00000000	80.00000000
9	118	1	84.00000000	80.00000000
9	119	1	84.00000000	80.00000000
9	120	1	84.00000000	80.00000000
9	121	1	84.00000000	80.00000000
9	122	1	84.00000000	80.00000000
9	123	1	84.00000000	80.00000000
9	124	1	84.00000000	80.00000000
9	125	1	84.00000000	80.00000000
9	126	1	84.00000000	80.00000000
9	127	1	84.00000000	80.00000000
9	128	1	84.00000000	80.00000000
9	129	1	84.00000000	80.00000000
9	130	1	84.00000000	80.00000000
9	131	1	84.00000000	80.00000000
9	132	1	84.00000000	80.00000000
9	133	1	84.00000000	80.00000000
9	134	1	84.00000000	80.00000000
9	135	1	84.00000000	80.00000000
9	136	1	84.00000000	80.00000000
9	137	1	84.00000000	80.00000000
9	138	1	84.00000000	80.00000000
9	139	1	84.00000000	80.00000000
9	140	1	84.00000000	80.00000000
9	141	1	84.00000000	80.00000000
9	142	1	84.00000000	80.00000000
9	143	1	84.00000000	80.00000000
9	144	1	84.00000000	80.00000000
9	145	1	84.00000000	80.00000000
9	146	1	84.00000000	80.00000000
9	147	1	84.00000000	80.00000000
9	148	1	84.00000000	80.00000000
9	149	1	84.00000000	80.00000000
9	150	1	84.00000000	80.00000000
9	151	1	84.00000000	80.00000000
9	152	1	84.00000000	80.00000000
9	153	1	84.00000000	80.00000000
9	154	1	84.00000000	80.00000000
9	155	1	84.00000000	80.00000000
9	156	1	84.00000000	80.00000000
9	157	1	84.00000000	80.00000000
9	158	1	84.00000000	80.00000000
9	159	1	84.00000000	80.00000000
9	160	1	84.00000000	80.00000000
9	161	1	84.00000000	80.00000000
9	162	1	84.00000000	80.00000000
9	163	1	84.00000000	80.00000000
9	164	1	84.00000000	80.00000000
9	165	1	84.00000000	80.00000000
9	166	1	84.00000000	80.00000000
9	167	1	84.00000000	80.00000000
9	168	1	84.00000000	80.00000000
9	169	1	84.00000000	80.00000000
9	170	1	84.00000000	80.00000000
9	171	1	84.00000000	80.00000000
9	172	1	84.00000000	80.00000000
9	173	1	84.00000000	80.00000000
9	174	1	84.00000000	80.00000000
9	175	1	84.00000000	80.00000000
9	176	1	84.00000000	80.00000000
9	177	1	84.00000000	80.00000000
9	178	1	84.00000000	80.00000000
9	179	1	84.00000000	80.00000000
9	180	1	84.00000000	80.00000000
9	181	1	84.00000000	80.00000000
9	182	1	84.00000000	80.00000000
9	183	1	84.00000000	80.00000000
9	184	1	84.00000000	80.00000000
9	185	1	84.00000000	80.00000000
9	186	1	84.00000000	80.00000000
9	187	1	84.00000000	80.00000000
9	188	1	84.00000000	80.00000000
9	189	1	84.00000000	80.00000000
9	190	1	84.00000000	80.00000000
9	191	1	84.00000000	80.00000000
9	192	1	84.00000000	80.00000000
9	193	1	84.00000000	80.00000000
9	194	1	84.00000000	80.00000000
9	195	1	84.00000000	80.00000000
9	196	1	84.00000000	80.00000000
9	197	1	84.00000000	80.00000000
9	198	1	84.00000000	80.00000000
9	199	1	84.00000000	80.00000000
9	200	1	84.00000000	80.00000000
9	201	1	84.00000000	80.00000000
9	202	1	84.00000000	80.00000000
9	203	1	84.00000000	80.00000000
9	204	1	84.00000000	80.00000000
9	205	1	84.00000000	80.00000000
9	206	1	84.00000000	80.00000000
9	207	1	84.00000000	80.00000000
9	208	1	84.00000000	80.00000000
9	209	1	84.00000000	80.00000000
9	210	1	84.00000000	80.00000000
9	211	1	84.00000000	80.00000000
9	212	1	84.00000000	80.00000000
9	213	1	84.00000000	80.00000000
9	214	1	84.00000000	80.00000000
9	215	1	84.00000000	80.00000000
9	216	1	84.00000000	80.00000000
9	217	1	84.00000000	80.00000000
9	218	1	84.00000000	80.00000000
9	219	1	84.00000000	80.00000000
9	220	1	84.00000000	80.00000000
9	221	1	84.00000000	80.00000000
9	222	1	84.00000000	80.00000000
9	223	1	84.00000000	80.00000000
9	224	1	84.00000000	80.00000000
9	225	1	84.00000000	80.00000000
9	226	1	84.00000000	80.00000000
9	227	1	84.00000000	80.00000000
9	228	1	84.00000000	80.00000000
9	229	1	84.00000000	80.00000000
9	230	1	84.00000000	80.00000000
9	231	1	84.00000000	80.00000000
9	232	1	84.00000000	80.00000000
9	233	1	84.00000000	80.00000000
9	234	1	84.00000000	80.00000000
9	235	1	84.00000000	80.00000000
9	236	1	84.00000000	80.00000000
9	237	1	84.00000000	80.00000000
9	238	1	84.00000000	80.00000000
9	239	1	84.00000000	80.00000000
10	0	1	84.00000000	80.00000000
10	1	1	84.00000000	80.00000000
10	2	1	84.00000000	80.00000000
10	3	1	84.00000000	80.00000000
10	4	1	84.00000000	80.00000000
10	5	1	84.00000000	80.00000000
10	6	1	84.00000000	80.00000000
10	7	1	84.00000000	80.00000000
10	8	1	84.00000000	80.00000000
10	9	1	84.00000000	80.00000000
10	10	1	84.00000000	80.00000000
10	11	1	84.00000000	80.00000000
10	12	1	84.00000000	80.00000000
10	13	1	84.00000000	80.00000000
10	14	1	84.00000000	80.00000000
10	15	1	84.00000000	80.00000000
10	16	1	84.00000000	80.00000000
10	17	1	84.00000000	80.00000000
10	18	1	84.00000000	80.00000000
10	19	1	84.00000000	80.00000000
10	20	1	84.00000000	80.00000000
10	21	1	84.00000000	80.00000000
10	22	1	84.00000000	80.00000000
10	23	1	84.00000000	80.00000000
10	24	1	84.00000000	80.00000000
10	25	1	84.00000000	80.00000000
10	26	1	84.00000000	80.00000000
10	27	1	84.00000000	80.00000000
10	28	1	84.00000000	80.00000000
10	29	1	84.00000000	80.00000000
10	30	1	84.00000000	80.00000000
10	31	1	84.00000000	80.00000000
10	32	1	84.00000000	80.00000000
10	33	1	84.00000000	80.00000000
10	34	1	84.00000000	80.00000000
10	35	1	84.00000000	80.00000000
10	36	1	84.00000000	80.00000000
10	37	1	84.00000000	80.00000000
10	38	1	84.00000000	80.00000000
10	39	1	84.00000000	80.00000000
10	40	1	84.00000000	80.00000000
10	41	1	84.00000000	80.00000000
10	42	1	84.00000000	80.00000000
10	43	1	84.00000000	80.00000000
10	44	1	84.00000000	80.00000000
10	45	1	84.00000000	80.00000000
10	46	1	84.00000000	80.00000000
10	47	1	84.00000000	80.00000000
10	48	1	84.00000000	80.00000000
10	49	1	84.00000000	80.00000000
10	50	1	84.00000000	80.00000000
10	51	1	84.00000000	80.00000000
10	52	1	84.00000000	80.00000000
10	53	1	84.00000000	80.00000000
10	54	1	84.00000000	80.00000000
10	55	1	84.00000000	80.00000000
10	56	1	84.00000000	80.00000000
10	57	1	84.00000000	80.00000000
10	58	1	84.00000000	80.00000000
10	59	1	84.00000000	80.00000000
10	60	1	84.00000000	80.00000000
10	61	1	84.00000000	80.00000000
10	62	1	84.00000000	80.00000000
10	63	1	84.00000000	80.00000000
10	64	1	84.00000000	80.00000000
10	65	1	84.00000000	80.00000000
10	66	1	84.00000000	80.00000000
10	67	1	84.00000000	80.00000000
10	68	1	84.00000000	80.00000000
10	69	1	84.00000000	80.00000000
10	70	1	84.00000000	80.00000000
10	71	1	84.00000000	80.00000000
10	72	1	84.00000000	80.00000000
10	73	1	84.00000000	80.00000000
10	74	1	84.00000000	80.00000000
10	75	1	84.00000000	80.00000000
10	76	1	84.00000000	80.00000000
10	77	1	84.00000000	80.00000000
10	78	1	84.00000000	80.00000000
10	79	1	84.00000000	80.00000000
10	80	1	84.00000000	80.00000000
10	81	1	84.00000000	80.00000000
10	82	1	84.00000000	80.00000000
10	83	1	84.00000000	80.00000000
10	84	1	84.00000000	80.00000000
10	85	1	84.00000000	80.00000000
10	86	1	84.00000000	80.00000000
10	87	1	84.00000000	80.00000000
10	88	1	84.00000000	80.00000000
10	89	1	84.00000000	80.00000000
10	90	1	84.00000000	80.00000000
10	91	1	84.00000000	80.00000000
10	92	1	84.00000000	80.00000000
10	93	1	84.00000000	80.00000000
10	94	1	84.00000000	80.00000000
10	95	1	84.00000000	80.00000000
10	96	1	84.00000000	80.00000000
10	97	1	84.00000000	80.00000000
10	98	1	84.00000000	80.00000000
10	99	1	84.00000000	80.00000000
10	100	1	84.00000000	80.00000000
10	101	1	84.00000000	80.00000000
10	102	1	84.00000000	80.00000000
10	103	1	84.00000000	80.00000000
10	104	1	84.00000000	80.00000000
10	105	1	84.00000000	80.00000000
10	106	1	84.00000000	80.00000000
10	107	1	84.00000000	80.00000000
10	108	1	84.00000000	80.00000000
10	109	1	84.00000000	80.00000000
10	110	1	84.00000000	80.00000000
10	111	1	84.00000000	80.00000000
10	112	1	84.00000000	80.00000000
10	113	1	84.00000000	80.00000000
10	114	1	84.00000000	80.00000000
10	115	1	84.00000000	80.00000000
10	116	1	84.00000000	80.00000000
10	117	1	84.00000000	80.00000000
10	118	1	84.00000000	80.00000000
10	119	1	84.00000000	80.00000000
10	120	1	84.00000000	80.00000000
10	121	1	84.00000000	80.00000000
10	122	1	84.00000000	80.00000000
10	123	1	84.00000000	80.00000000
10	124	1	84.00000000	80.00000000
10	125	1	84.00000000	80.00000000
10	126	1	84.00000000	80.00000000
10	127	1	84.00000000	80.00000000
10	128	1	84.00000000	80.00000000
10	129	1	84.00000000	80.00000000
10	130	1	84.00000000	80.00000000
10	131	1	84.00000000	80.00000000
10	132	1	84.00000000	80.00000000
10	133	1	84.00000000	80.00000000
10	134	1	84.00000000	80.00000000
10	135	1	84.00000000	80.00000000
10	136	1	84.00000000	80.00000000
10	137	1	84.00000000	80.00000000
10	138	1	84.00000000	80.00000000
10	139	1	84.00000000	80.00000000
10	140	1	84.00000000	80.00000000
10	141	1	84.00000000	80.00000000
10	142	1	84.00000000	80.00000000
10	143	1	84.00000000	80.00000000
10	144	1	84.00000000	80.00000000
10	145	1	84.00000000	80.00000000
10	146	1	84.00000000	80.00000000
10	147	1	84.00000000	80.00000000
10	148	1	84.00000000	80.00000000
10	149	1	84.00000000	80.00000000
10	150	1	84.00000000	80.00000000
10	151	1	84.00000000	80.00000000
10	152	1	84.00000000	80.00000000
10	153	1	84.00000000	80.00000000
10	154	1	84.00000000	80.00000000
10	155	1	84.00000000	80.00000000
10	156	1	84.00000000	80.00000000
10	157	1	84.00000000	80.00000000
10	158	1	84.00000000	80.00000000
10	159	1	84.00000000	80.00000000
10	160	1	84.00000000	80.00000000
10	161	1	84.00000000	80.00000000
10	162	1	84.00000000	80.00000000
10	163	1	84.00000000	80.00000000
10	164	1	84.00000000	80.00000000
10	165	1	84.00000000	80.00000000
10	166	1	84.00000000	80.00000000
10	167	1	84.00000000	80.00000000
10	168	1	84.00000000	80.00000000
10	169	1	84.00000000	80.00000000
10	170	1	84.00000000	80.00000000
10	171	1	84.00000000	80.00000000
10	172	1	84.00000000	80.00000000
10	173	1	84.00000000	80.00000000
10	174	1	84.00000000	80.00000000
10	175	1	84.00000000	80.00000000
10	176	1	84.00000000	80.00000000
10	177	1	84.00000000	80.00000000
10	178	1	84.00000000	80.00000000
10	179	1	84.00000000	80.00000000
10	180	1	84.00000000	80.00000000
10	181	1	84.00000000	80.00000000
10	182	1	84.00000000	80.00000000
10	183	1	84.00000000	80.00000000
10	184	1	84.00000000	80.00000000
10	185	1	84.00000000	80.00000000
10	186	1	84.00000000	80.00000000
10	187	1	84.00000000	80.00000000
10	188	1	84.00000000	80.00000000
10	189	1	84.00000000	80.00000000
10	190	1	84.00000000	80.00000000
10	191	1	84.00000000	80.00000000
10	192	1	84.00000000	80.00000000
10	193	1	84.00000000	80.00000000
10	194	1	84.00000000	80.00000000
10	195	1	84.00000000	80.00000000
10	196	1	84.00000000	80.00000000
10	197	1	84.00000000	80.00000000
10	198	1	84.00000000	80.00000000
10	199	1	84.00000000	80.00000000
10	200	1	84.00000000	80.00000000
10	201	1	84.00000000	80.00000000
10	202	1	84.00000000	80.00000000
10	203	1	84.00000000	80.00000000
10	204	1	84.00000000	80.00000000
10	205	1	84.00000000	80.00000000
10	206	1	84.00000000	80.00000000
10	207	1	84.00000000	80.00000000
11	0	1	84.00000000	80.00000000
11	1	1	84.00000000	80.00000000
11	2	1	84.00000000	80.00000000
11	3	1	84.00000000	80.00000000
11	4	1	84.00000000	80.00000000
11	5	1	84.00000000	80.00000000
11	6	1	84.00000000	80.00000000
11	7	1	84.00000000	80.00000000
11	8	1	84.00000000	80.00000000
11	9	1	84.00000000	80.00000000
11	10	1	84.00000000	80.00000000
11	11	1	84.00000000	80.00000000
11	12	1	84.00000000	80.00000000
11	13	1	84.00000000	80.00000000
11	14	1	84.00000000	80.00000000
11	15	1	84.00000000	80.00000000
11	16	1	84.00000000	80.00000000
11	17	1	84.00000000	80.00000000
11	18	1	84.00000000	80.00000000
11	19	1	84.00000000	80.00000000
11	20	1	84.00000000	80.00000000
11	21	1	84.00000000	80.00000000
11	22	1	84.00000000	80.00000000
11	23	1	84.00000000	80.00000000
11	24	1	84.00000000	80.00000000
11	25	1	84.00000000	80.00000000
11	26	1	84.00000000	80.00000000
11	27	1	84.00000000	80.00000000
11	28	1	84.00000000	80.00000000
11	29	1	84.00000000	80.00000000
11	30	1	84.00000000	80.00000000
11	31	1	84.00000000	80.00000000
11	32	1	84.00000000	80.00000000
11	33	1	84.00000000	80.00000000
11	34	1	84.00000000	80.00000000
11	35	1	84.00000000	80.00000000
11	36	1	84.00000000	80.00000000
11	37	1	84.00000000	80.00000000
11	38	1	84.00000000	80.00000000
11	39	1	84.00000000	80.00000000
11	40	1	84.00000000	80.00000000
11	41	1	84.00000000	80.00000000
11	42	1	84.00000000	80.00000000
11	43	1	84.00000000	80.00000000
11	44	1	84.00000000	80.00000000
11	45	1	84.00000000	80.00000000
11	46	1	84.00000000	80.00000000
11	47	1	84.00000000	80.00000000
11	48	1	84.00000000	80.00000000
11	49	1	84.00000000	80.00000000
11	50	1	84.00000000	80.00000000
11	51	1	84.00000000	80.00000000
11	52	1	84.00000000	80.00000000
11	53	1	84.00000000	80.00000000
11	54	1	84.00000000	80.00000000
11	55	1	84.00000000	80.00000000
11	56	1	84.00000000	80.00000000
11	57	1	84.00000000	80.00000000
11	58	1	84.00000000	80.00000000
11	59	1	84.00000000	80.00000000
11	60	1	84.00000000	80.00000000
11	61	1	84.00000000	80.00000000
11	62	1	84.00000000	80.00000000
11	63	1	84.00000000	80.00000000
11	64	1	84.00000000	80.00000000
11	65	1	84.00000000	80.00000000
11	66	1	84.00000000	80.00000000
11	67	1	84.00000000	80.00000000
11	68	1	84.00000000	80.00000000
11	69	1	84.00000000	80.00000000
11	70	1	84.00000000	80.00000000
11	71	1	84.00000000	80.00000000
11	72	1	84.00000000	80.00000000
11	73	1	84.00000000	80.00000000
11	74	1	84.00000000	80.00000000
11	75	1	84.00000000	80.00000000
11	76	1	84.00000000	80.00000000
11	77	1	84.00000000	80.00000000
11	78	1	84.00000000	80.00000000
11	79	1	84.00000000	80.00000000
11	80	1	84.00000000	80.00000000
11	81	1	84.00000000	80.00000000
11	82	1	84.00000000	80.00000000
11	83	1	84.00000000	80.00000000
11	84	1	84.00000000	80.00000000
11	85	1	84.00000000	80.00000000
11	86	1	84.00000000	80.00000000
11	87	1	84.00000000	80.00000000
11	88	1	84.00000000	80.00000000
11	89	1	84.00000000	80.00000000
11	90	1	84.00000000	80.00000000
11	91	1	84.00000000	80.00000000
11	92	1	84.00000000	80.00000000
11	93	1	84.00000000	80.00000000
11	94	1	84.00000000	80.00000000
11	95	1	84.00000000	80.00000000
11	96	1	84.00000000	80.00000000
11	97	1	84.00000000	80.00000000
11	98	1	84.00000000	80.00000000
11	99	1	84.00000000	80.00000000
11	100	1	84.00000000	80.00000000
11	101	1	84.00000000	80.00000000
11	102	1	84.00000000	80.00000000
11	103	1	84.00000000	80.00000000
11	104	1	84.00000000	80.00000000
11	105	1	84.00000000	80.00000000
11	106	1	84.00000000	80.00000000
11	107	1	84.00000000	80.00000000
11	108	1	84.00000000	80.00000000
11	109	1	84.00000000	80.00000000
11	110	1	84.00000000	80.00000000
11	111	1	84.00000000	80.00000000
11	112	1	84.00000000	80.00000000
11	113	1	84.00000000	80.00000000
11	114	1	84.00000000	80.00000000
11	115	1	84.00000000	80.00000000
11	116	1	84.00000000	80.00000000
11	117	1	84.00000000	80.00000000
11	118	1	84.00000000	80.00000000
11	119	1	84.00000000	80.00000000
11	120	1	84.00000000	80.00000000
11	121	1	84.00000000	80.00000000
11	122	1	84.00000000	80.00000000
11	123	1	84.00000000	80.00000000
11	124	1	84.00000000	80.00000000
11	125	1	84.00000000	80.00000000
11	126	1	84.00000000	80.00000000
11	127	1	84.00000000	80.00000000
11	128	1	84.00000000	80.00000000
11	129	1	84.00000000	80.00000000
11	130	1	84.00000000	80.00000000
11	131	1	84.00000000	80.00000000
11	132	1	84.00000000	80.00000000
11	133	1	84.00000000	80.00000000
11	134	1	84.00000000	80.00000000
11	135	1	84.00000000	80.00000000
11	136	1	84.00000000	80.00000000
11	137	1	84.00000000	80.00000000
11	138	1	84.00000000	80.00000000
11	139	1	84.00000000	80.00000000
11	140	1	84.00000000	80.00000000
11	141	1	84.00000000	80.00000000
11	142	1	84.00000000	80.00000000
11	143	1	84.00000000	80.00000000
11	144	1	84.00000000	80.00000000
11	145	1	84.00000000	80.00000000
11	146	1	84.00000000	80.00000000
11	147	1	84.00000000	80.00000000
11	148	1	84.00000000	80.00000000
11	149	1	84.00000000	80.00000000
11	150	1	84.00000000	80.00000000
11	151	1	84.00000000	80.00000000
11	152	1	84.00000000	80.00000000
11	153	1	84.00000000	80.00000000
11	154	1	84.00000000	80.00000000
11	155	1	84.00000000	80.00000000
11	156	1	84.00000000	80.00000000
11	157	1	84.00000000	80.00000000
11	158	1	84.00000000	80.00000000
11	159	1	84.00000000	80.00000000
11	160	1	84.00000000	80.00000000
11	161	1	84.00000000	80.00000000
11	162	1	84.00000000	80.00000000
11	163	1	84.00000000	80.00000000
11	164	1	84.00000000	80.00000000
11	165	1	84.00000000	80.00000000
11	166	1	84.00000000	80.00000000
11	167	1	84.00000000	80.00000000
11	168	1	84.00000000	80.00000000
11	169	1	84.00000000	80.00000000
11	170	1	84.00000000	80.00000000
11	171	1	84.00000000	80.00000000
11	172	1	84.00000000	80.00000000
11	173	1	84.00000000	80.00000000
11	174	1	84.00000000	80.00000000
11	175	1	84.00000000	80.00000000
11	176	1	84.00000000	80.00000000
11	177	1	84.00000000	80.00000000
11	178	1	84.00000000	80.00000000
11	179	1	84.00000000	80.00000000
11	180	1	84.00000000	80.00000000
11	181	1	84.00000000	80.00000000
11	182	1	84.00000000	80.00000000
11	183	1	84.00000000	80.00000000
11	184	1	84.00000000	80.00000000
11	185	1	84.00000000	80.00000000
11	186	1	84.00000000	80.00000000
11	187	1	84.00000000	80.00000000
11	188	1	84.00000000	80.00000000
11	189	1	84.00000000	80.00000000
11	190	1	84.00000000	80.00000000
11	191	1	84.00000000	80.00000000
11	192	1	84.00000000	80.00000000
11	193	1	84.00000000	80.00000000
11	194	1	84.00000000	80.00000000
11	195	1	84.00000000	80.00000000
11	196	1	84.00000000	80.00000000
11	197	1	84.00000000	80.00000000
11	198	1	84.00000000	80.00000000
11	199	1	84.00000000	80.00000000
11	200	1	84.00000000	80.00000000
11	201	1	84.00000000	80.00000000
11	202	1	84.00000000	80.00000000
11	203	1	84.00000000	80.00000000
11	204	1	84.00000000	80.00000000
11	205	1	84.00000000	80.00000000
11	206	1	84.00000000	80.00000000
11	207	1	84.00000000	80.00000000
11	208	1	84.00000000	80.00000000
11	209	1	84.00000000	80.00000000
11	210	1	84.00000000	80.00000000
11	211	1	84.00000000	80.00000000
11	212	1	84.00000000	80.00000000
11	213	1	84.00000000	80.00000000
11	214	1	84.00000000	80.00000000
11	215	1	84.00000000	80.00000000
11	216	1	84.00000000	80.00000000
11	217	1	84.00000000	80.00000000
12	0	1	84.00000000	80.00000000
12	1	1	84.00000000	80.00000000
12	2	1	84.00000000	80.00000000
12	3	1	84.00000000	80.00000000
12	4	1	84.00000000	80.00000000
12	5	1	84.00000000	80.00000000
12	6	1	84.00000000	80.00000000
12	7	1	84.00000000	80.00000000
12	8	1	84.00000000	80.00000000
12	9	1	84.00000000	80.00000000
12	10	1	84.00000000	80.00000000
12	11	1	84.00000000	80.00000000
12	12	1	84.00000000	80.00000000
12	13	1	84.00000000	80.00000000
12	14	1	84.00000000	80.00000000
12	15	1	84.00000000	80.00000000
12	16	1	84.00000000	80.00000000
12	17	1	84.00000000	80.00000000
12	18	1	84.00000000	80.00000000
12	19	1	84.00000000	80.00000000
12	20	1	84.00000000	80.00000000
12	21	1	84.00000000	80.00000000
12	22	1	84.00000000	80.00000000
12	23	1	84.00000000	80.00000000
12	24	1	84.00000000	80.00000000
12	25	1	84.00000000	80.00000000
12	26	1	84.00000000	80.00000000
12	27	1	84.00000000	80.00000000
12	28	1	84.00000000	80.00000000
12	29	1	84.00000000	80.00000000
12	30	1	84.00000000	80.00000000
12	31	1	84.00000000	80.00000000
12	32	1	84.00000000	80.00000000
12	33	1	84.00000000	80.00000000
12	34	1	84.00000000	80.00000000
12	35	1	84.00000000	80.00000000
12	36	1	84.00000000	80.00000000
12	37	1	84.00000000	80.00000000
12	38	1	84.00000000	80.00000000
12	39	1	84.00000000	80.00000000
12	40	1	84.00000000	80.00000000
12	41	1	84.00000000	80.00000000
12	42	1	84.00000000	80.00000000
12	43	1	84.00000000	80.00000000
12	44	1	84.00000000	80.00000000
12	45	1	84.00000000	80.00000000
12	46	1	84.00000000	80.00000000
12	47	1	84.00000000	80.00000000
12	48	1	84.00000000	80.00000000
12	49	1	84.00000000	80.00000000
12	50	1	84.00000000	80.00000000
12	51	1	84.00000000	80.00000000
12	52	1	84.00000000	80.00000000
12	53	1	84.00000000	80.00000000
12	54	1	84.00000000	80.00000000
12	55	1	84.00000000	80.00000000
12	56	1	84.00000000	80.00000000
12	57	1	84.00000000	80.00000000
12	58	1	84.00000000	80.00000000
12	59	1	84.00000000	80.00000000
12	60	1	84.00000000	80.00000000
12	61	1	84.00000000	80.00000000
12	62	1	84.00000000	80.00000000
12	63	1	84.00000000	80.00000000
12	64	1	84.00000000	80.00000000
12	65	1	84.00000000	80.00000000
12	66	1	84.00000000	80.00000000
12	67	1	84.00000000	80.00000000
12	68	1	84.00000000	80.00000000
12	69	1	84.00000000	80.00000000
12	70	1	84.00000000	80.00000000
12	71	1	84.00000000	80.00000000
12	72	1	84.00000000	80.00000000
12	73	1	84.00000000	80.00000000
12	74	1	84.00000000	80.00000000
12	75	1	84.00000000	80.00000000
12	76	1	84.00000000	80.00000000
12	77	1	84.00000000	80.00000000
12	78	1	84.00000000	80.00000000
12	79	1	84.00000000	80.00000000
12	80	1	84.00000000	80.00000000
12	81	1	84.00000000	80.00000000
12	82	1	84.00000000	80.00000000
12	83	1	84.00000000	80.00000000
12	84	1	84.00000000	80.00000000
12	85	1	84.00000000	80.00000000
12	86	1	84.00000000	80.00000000
12	87	1	84.00000000	80.00000000
12	88	1	84.00000000	80.00000000
12	89	1	84.00000000	80.00000000
12	90	1	84.00000000	80.00000000
12	91	1	84.00000000	80.00000000
12	92	1	84.00000000	80.00000000
12	93	1	84.00000000	80.00000000
12	94	1	84.00000000	80.00000000
12	95	1	84.00000000	80.00000000
12	96	1	84.00000000	80.00000000
12	97	1	84.00000000	80.00000000
12	98	1	84.00000000	80.00000000
12	99	1	84.00000000	80.00000000
12	100	1	84.00000000	80.00000000
12	101	1	84.00000000	80.00000000
12	102	1	84.00000000	80.00000000
12	103	1	84.00000000	80.00000000
12	104	1	84.00000000	80.00000000
12	105	1	84.00000000	80.00000000
12	106	1	84.00000000	80.00000000
12	107	1	84.00000000	80.00000000
12	108	1	84.00000000	80.00000000
12	109	1	84.00000000	80.00000000
12	110	1	84.00000000	80.00000000
12	111	1	84.00000000	80.00000000
12	112	1	84.00000000	80.00000000
12	113	1	84.00000000	80.00000000
12	114	1	84.00000000	80.00000000
12	115	1	84.00000000	80.00000000
12	116	1	84.00000000	80.00000000
12	117	1	84.00000000	80.00000000
12	118	1	84.00000000	80.00000000
12	119	1	84.00000000	80.00000000
12	120	1	84.00000000	80.00000000
12	121	1	84.00000000	80.00000000
12	122	1	84.00000000	80.00000000
12	123	1	84.00000000	80.00000000
12	124	1	84.00000000	80.00000000
12	125	1	84.00000000	80.00000000
12	126	1	84.00000000	80.00000000
12	127	1	84.00000000	80.00000000
12	128	1	84.00000000	80.00000000
12	129	1	84.00000000	80.00000000
12	130	1	84.00000000	80.00000000
12	131	1	84.00000000	80.00000000
12	132	1	84.00000000	80.00000000
12	133	1	84.00000000	80.00000000
12	134	1	84.00000000	80.00000000
12	135	1	84.00000000	80.00000000
12	136	1	84.00000000	80.00000000
12	137	1	84.00000000	80.00000000
12	138	1	84.00000000	80.00000000
12	139	1	84.00000000	80.00000000
12	140	1	84.00000000	80.00000000
12	141	1	84.00000000	80.00000000
12	142	1	84.00000000	80.00000000
12	143	1	84.00000000	80.00000000
12	144	1	84.00000000	80.00000000
12	145	1	84.00000000	80.00000000
12	146	1	84.00000000	80.00000000
12	147	1	84.00000000	80.00000000
12	148	1	84.00000000	80.00000000
12	149	1	84.00000000	80.00000000
12	150	1	84.00000000	80.00000000
12	151	1	84.00000000	80.00000000
12	152	1	84.00000000	80.00000000
12	153	1	84.00000000	80.00000000
12	154	1	84.00000000	80.00000000
12	155	1	84.00000000	80.00000000
12	156	1	84.00000000	80.00000000
12	157	1	84.00000000	80.00000000
12	158	1	84.00000000	80.00000000
12	159	1	84.00000000	80.00000000
12	160	1	84.00000000	80.00000000
12	161	1	84.00000000	80.00000000
12	162	1	84.00000000	80.00000000
12	163	1	84.00000000	80.00000000
12	164	1	84.00000000	80.00000000
12	165	1	84.00000000	80.00000000
12	166	1	84.00000000	80.00000000
12	167	1	84.00000000	80.00000000
12	168	1	84.00000000	80.00000000
12	169	1	84.00000000	80.00000000
12	170	1	84.00000000	80.00000000
12	171	1	84.00000000	80.00000000
12	172	1	84.00000000	80.00000000
12	173	1	84.00000000	80.00000000
12	174	1	84.00000000	80.00000000
12	175	1	84.00000000	80.00000000
12	176	1	84.00000000	80.00000000
12	177	1	84.00000000	80.00000000
12	178	1	84.00000000	80.00000000
12	179	1	84.00000000	80.00000000
12	180	1	84.00000000	80.00000000
12	181	1	84.00000000	80.00000000
12	182	1	84.00000000	80.00000000
12	183	1	84.00000000	80.00000000
12	184	1	84.00000000	80.00000000
12	185	1	84.00000000	80.00000000
12	186	1	84.00000000	80.00000000
12	187	1	84.00000000	80.00000000
12	188	1	84.00000000	80.00000000
12	189	1	84.00000000	80.00000000
12	190	1	84.00000000	80.00000000
12	191	1	84.00000000	80.00000000
12	192	1	84.00000000	80.00000000
12	193	1	84.00000000	80.00000000
12	194	1	84.00000000	80.00000000
12	195	1	84.00000000	80.00000000
12	196	1	84.00000000	80.00000000
12	197	1	84.00000000	80.00000000
12	198	1	84.00000000	80.00000000
12	199	1	84.00000000	80.00000000
12	200	1	84.00000000	80.00000000
12	201	1	84.00000000	80.00000000
12	202	1	84.00000000	80.00000000
12	203	1	84.00000000	80.00000000
12	204	1	84.00000000	80.00000000
12	205	1	84.00000000	80.00000000
12	206	1	84.00000000	80.00000000
12	207	1	84.00000000	80.00000000
12	208	1	84.00000000	80.00000000
12	209	1	84.00000000	80.00000000
12	210	1	84.00000000	80.00000000
12	211	1	84.00000000	80.00000000
12	212	1	84.00000000	80.00000000
12	213	1	84.00000000	80.00000000
12	214	1	84.00000000	80.00000000
12	215	1	84.00000000	80.00000000
12	216	1	84.00000000	80.00000000
12	217	1	84.00000000	80.00000000
12	218	1	84.00000000	80.00000000
12	219	1	84.00000000	80.00000000
12	220	1	84.00000000	80.00000000
12	221	1	84.00000000	80.00000000
12	222	1	84.00000000	80.00000000
12	223	1	84.00000000	80.00000000
12	224	1	84.00000000	80.00000000
12	225	1	84.00000000	80.00000000
12	226	1	84.00000000	80.00000000
12	227	1	84.00000000	80.00000000
12	228	1	84.00000000	80.00000000
12	229	1	84.00000000	80.00000000
13	0	1	84.00000000	80.00000000
13	1	1	84.00000000	80.00000000
13	2	1	84.00000000	80.00000000
13	3	1	84.00000000	80.00000000
13	4	1	84.00000000	80.00000000
13	5	1	84.00000000	80.00000000
13	6	1	84.00000000	80.00000000
13	7	1	84.00000000	80.00000000
13	8	1	84.00000000	80.00000000
13	9	1	84.00000000	80.00000000
13	10	1	84.00000000	80.00000000
13	11	1	84.00000000	80.00000000
13	12	1	84.00000000	80.00000000
13	13	1	84.00000000	80.00000000
13	14	1	84.00000000	80.00000000
13	15	1	84.00000000	80.00000000
13	16	1	84.00000000	80.00000000
13	17	1	84.00000000	80.00000000
13	18	1	84.00000000	80.00000000
13	19	1	84.00000000	80.00000000
13	20	1	84.00000000	80.00000000
13	21	1	84.00000000	80.00000000
13	22	1	84.00000000	80.00000000
13	23	1	84.00000000	80.00000000
13	24	1	84.00000000	80.00000000
13	25	1	84.00000000	80.00000000
13	26	1	84.00000000	80.00000000
13	27	1	84.00000000	80.00000000
13	28	1	84.00000000	80.00000000
13	29	1	84.00000000	80.00000000
13	30	1	84.00000000	80.00000000
13	31	1	84.00000000	80.00000000
13	32	1	84.00000000	80.00000000
13	33	1	84.00000000	80.00000000
13	34	1	84.00000000	80.00000000
13	35	1	84.00000000	80.00000000
13	36	1	84.00000000	80.00000000
13	37	1	84.00000000	80.00000000
13	38	1	84.00000000	80.00000000
13	39	1	84.00000000	80.00000000
13	40	1	84.00000000	80.00000000
13	41	1	84.00000000	80.00000000
13	42	1	84.00000000	80.00000000
13	43	1	84.00000000	80.00000000
13	44	1	84.00000000	80.00000000
13	45	1	84.00000000	80.00000000
13	46	1	84.00000000	80.00000000
13	47	1	84.00000000	80.00000000
13	48	1	84.00000000	80.00000000
13	49	1	84.00000000	80.00000000
13	50	1	84.00000000	80.00000000
13	51	1	84.00000000	80.00000000
13	52	1	84.00000000	80.00000000
13	53	1	84.00000000	80.00000000
13	54	1	84.00000000	80.00000000
13	55	1	84.00000000	80.00000000
13	56	1	84.00000000	80.00000000
13	57	1	84.00000000	80.00000000
13	58	1	84.00000000	80.00000000
13	59	1	84.00000000	80.00000000
13	60	1	84.00000000	80.00000000
13	61	1	84.00000000	80.00000000
13	62	1	84.00000000	80.00000000
13	63	1	84.00000000	80.00000000
13	64	1	84.00000000	80.00000000
13	65	1	84.00000000	80.00000000
13	66	1	84.00000000	80.00000000
13	67	1	84.00000000	80.00000000
13	68	1	84.00000000	80.00000000
13	69	1	84.00000000	80.00000000
13	70	1	84.00000000	80.00000000
13	71	1	84.00000000	80.00000000
13	72	1	84.00000000	80.00000000
13	73	1	84.00000000	80.00000000
13	74	1	84.00000000	80.00000000
13	75	1	84.00000000	80.00000000
13	76	1	84.00000000	80.00000000
13	77	1	84.00000000	80.00000000
13	78	1	84.00000000	80.00000000
13	79	1	84.00000000	80.00000000
13	80	1	84.00000000	80.00000000
13	81	1	84.00000000	80.00000000
13	82	1	84.00000000	80.00000000
13	83	1	84.00000000	80.00000000
13	84	1	84.00000000	80.00000000
13	85	1	84.00000000	80.00000000
13	86	1	84.00000000	80.00000000
13	87	1	84.00000000	80.00000000
13	88	1	84.00000000	80.00000000
13	89	1	84.00000000	80.00000000
13	90	1	84.00000000	80.00000000
13	91	1	84.00000000	80.00000000
13	92	1	84.00000000	80.00000000
13	93	1	84.00000000	80.00000000
13	94	1	84.00000000	80.00000000
13	95	1	84.00000000	80.00000000
13	96	1	84.00000000	80.00000000
13	97	1	84.00000000	80.00000000
13	98	1	84.00000000	80.00000000
13	99	1	84.00000000	80.00000000
13	100	1	84.00000000	80.00000000
13	101	1	84.00000000	80.00000000
13	102	1	84.00000000	80.00000000
13	103	1	84.00000000	80.00000000
13	104	1	84.00000000	80.00000000
13	105	1	84.00000000	80.00000000
13	106	1	84.00000000	80.00000000
13	107	1	84.00000000	80.00000000
13	108	1	84.00000000	80.00000000
13	109	1	84.00000000	80.00000000
13	110	1	84.00000000	80.00000000
13	111	1	84.00000000	80.00000000
13	112	1	84.00000000	80.00000000
13	113	1	84.00000000	80.00000000
13	114	1	84.00000000	80.00000000
13	115	1	84.00000000	80.00000000
13	116	1	84.00000000	80.00000000
13	117	1	84.00000000	80.00000000
13	118	1	84.00000000	80.00000000
13	119	1	84.00000000	80.00000000
13	120	1	84.00000000	80.00000000
13	121	1	84.00000000	80.00000000
13	122	1	84.00000000	80.00000000
13	123	1	84.00000000	80.00000000
13	124	1	84.00000000	80.00000000
13	125	1	84.00000000	80.00000000
13	126	1	84.00000000	80.00000000
13	127	1	84.00000000	80.00000000
13	128	1	84.00000000	80.00000000
13	129	1	84.00000000	80.00000000
13	130	1	84.00000000	80.00000000
13	131	1	84.00000000	80.00000000
13	132	1	84.00000000	80.00000000
13	133	1	84.00000000	80.00000000
13	134	1	84.00000000	80.00000000
13	135	1	84.00000000	80.00000000
13	136	1	84.00000000	80.00000000
13	137	1	84.00000000	80.00000000
13	138	1	84.00000000	80.00000000
13	139	1	84.00000000	80.00000000
13	140	1	84.00000000	80.00000000
13	141	1	84.00000000	80.00000000
13	142	1	84.00000000	80.00000000
13	143	1	84.00000000	80.00000000
13	144	1	84.00000000	80.00000000
13	145	1	84.00000000	80.00000000
13	146	1	84.00000000	80.00000000
13	147	1	84.00000000	80.00000000
13	148	1	84.00000000	80.00000000
13	149	1	84.00000000	80.00000000
13	150	1	84.00000000	80.00000000
13	151	1	84.00000000	80.00000000
13	152	1	84.00000000	80.00000000
13	153	1	84.00000000	80.00000000
13	154	1	84.00000000	80.00000000
13	155	1	84.00000000	80.00000000
13	156	1	84.00000000	80.00000000
13	157	1	84.00000000	80.00000000
13	158	1	84.00000000	80.00000000
13	159	1	84.00000000	80.00000000
13	160	1	84.00000000	80.00000000
13	161	1	84.00000000	80.00000000
13	162	1	84.00000000	80.00000000
13	163	1	84.00000000	80.00000000
13	164	1	84.00000000	80.00000000
13	165	1	84.00000000	80.00000000
13	166	1	84.00000000	80.00000000
13	167	1	84.00000000	80.00000000
13	168	1	84.00000000	80.00000000
13	169	1	84.00000000	80.00000000
13	170	1	84.00000000	80.00000000
13	171	1	84.00000000	80.00000000
13	172	1	84.00000000	80.00000000
13	173	1	84.00000000	80.00000000
13	174	1	84.00000000	80.00000000
13	175	1	84.00000000	80.00000000
13	176	1	84.00000000	80.00000000
13	177	1	84.00000000	80.00000000
13	178	1	84.00000000	80.00000000
13	179	1	84.00000000	80.00000000
13	180	1	84.00000000	80.00000000
13	181	1	84.00000000	80.00000000
13	182	1	84.00000000	80.00000000
13	183	1	84.00000000	80.00000000
13	184	1	84.00000000	80.00000000
13	185	1	84.00000000	80.00000000
13	186	1	84.00000000	80.00000000
13	187	1	84.00000000	80.00000000
13	188	1	84.00000000	80.00000000
13	189	1	84.00000000	80.00000000
13	190	1	84.00000000	80.00000000
13	191	1	84.00000000	80.00000000
13	192	1	84.00000000	80.00000000
13	193	1	84.00000000	80.00000000
13	194	1	84.00000000	80.00000000
13	195	1	84.00000000	80.00000000
13	196	1	84.00000000	80.00000000
13	197	1	84.00000000	80.00000000
13	198	1	84.00000000	80.00000000
13	199	1	84.00000000	80.00000000
13	200	1	84.00000000	80.00000000
13	201	1	84.00000000	80.00000000
13	202	1	84.00000000	80.00000000
13	203	1	84.00000000	80.00000000
13	204	1	84.00000000	80.00000000
13	205	1	84.00000000	80.00000000
13	206	1	84.00000000	80.00000000
13	207	1	84.00000000	80.00000000
13	208	1	84.00000000	80.00000000
13	209	1	84.00000000	80.00000000
13	210	1	84.00000000	80.00000000
13	211	1	84.00000000	80.00000000
13	212	1	84.00000000	80.00000000
13	213	1	84.00000000	80.00000000
14	0	1	84.00000000	80.00000000
14	1	1	84.00000000	80.00000000
14	2	1	84.00000000	80.00000000
14	3	1	84.00000000	80.00000000
14	4	1	84.00000000	80.00000000
14	5	1	84.00000000	80.00000000
14	6	1	84.00000000	80.00000000
14	7	1	84.00000000	80.00000000
14	8	1	84.00000000	80.00000000
14	9	1	84.00000000	80.00000000
14	10	1	84.00000000	80.00000000
14	11	1	84.00000000	80.00000000
14	12	1	84.00000000	80.00000000
14	13	1	84.00000000	80.00000000
14	14	1	84.00000000	80.00000000
14	15	1	84.00000000	80.00000000
14	16	1	84.00000000	80.00000000
14	17	1	84.00000000	80.00000000
14	18	1	84.00000000	80.00000000
14	19	1	84.00000000	80.00000000
14	20	1	84.00000000	80.00000000
14	21	1	84.00000000	80.00000000
14	22	1	84.00000000	80.00000000
14	23	1	84.00000000	80.00000000
14	24	1	84.00000000	80.00000000
14	25	1	84.00000000	80.00000000
14	26	1	84.00000000	80.00000000
14	27	1	84.00000000	80.00000000
14	28	1	84.00000000	80.00000000
14	29	1	84.00000000	80.00000000
14	30	1	84.00000000	80.00000000
14	31	1	84.00000000	80.00000000
14	32	1	84.00000000	80.00000000
14	33	1	84.00000000	80.00000000
14	34	1	84.00000000	80.00000000
14	35	1	84.00000000	80.00000000
14	36	1	84.00000000	80.00000000
14	37	1	84.00000000	80.00000000
14	38	1	84.00000000	80.00000000
14	39	1	84.00000000	80.00000000
14	40	1	84.00000000	80.00000000
14	41	1	84.00000000	80.00000000
14	42	1	84.00000000	80.00000000
14	43	1	84.00000000	80.00000000
14	44	1	84.00000000	80.00000000
14	45	1	84.00000000	80.00000000
14	46	1	84.00000000	80.00000000
14	47	1	84.00000000	80.00000000
14	48	1	84.00000000	80.00000000
14	49	1	84.00000000	80.00000000
14	50	1	84.00000000	80.00000000
14	51	1	84.00000000	80.00000000
14	52	1	84.00000000	80.00000000
14	53	1	84.00000000	80.00000000
14	54	1	84.00000000	80.00000000
14	55	1	84.00000000	80.00000000
14	56	1	84.00000000	80.00000000
14	57	1	84.00000000	80.00000000
14	58	1	84.00000000	80.00000000
14	59	1	84.00000000	80.00000000
14	60	1	84.00000000	80.00000000
14	61	1	84.00000000	80.00000000
14	62	1	84.00000000	80.00000000
14	63	1	84.00000000	80.00000000
14	64	1	84.00000000	80.00000000
14	65	1	84.00000000	80.00000000
14	66	1	84.00000000	80.00000000
14	67	1	84.00000000	80.00000000
14	68	1	84.00000000	80.00000000
14	69	1	84.00000000	80.00000000
14	70	1	84.00000000	80.00000000
14	71	1	84.00000000	80.00000000
14	72	1	84.00000000	80.00000000
14	73	1	84.00000000	80.00000000
14	74	1	84.00000000	80.00000000
14	75	1	84.00000000	80.00000000
14	76	1	84.00000000	80.00000000
14	77	1	84.00000000	80.00000000
14	78	1	84.00000000	80.00000000
14	79	1	84.00000000	80.00000000
14	80	1	84.00000000	80.00000000
14	81	1	84.00000000	80.00000000
14	82	1	84.00000000	80.00000000
14	83	1	84.00000000	80.00000000
14	84	1	84.00000000	80.00000000
14	85	1	84.00000000	80.00000000
14	86	1	84.00000000	80.00000000
14	87	1	84.00000000	80.00000000
14	88	1	84.00000000	80.00000000
14	89	1	84.00000000	80.00000000
14	90	1	84.00000000	80.00000000
14	91	1	84.00000000	80.00000000
14	92	1	84.00000000	80.00000000
14	93	1	84.00000000	80.00000000
14	94	1	84.00000000	80.00000000
14	95	1	84.00000000	80.00000000
14	96	1	84.00000000	80.00000000
14	97	1	84.00000000	80.00000000
14	98	1	84.00000000	80.00000000
14	99	1	84.00000000	80.00000000
14	100	1	84.00000000	80.00000000
14	101	1	84.00000000	80.00000000
14	102	1	84.00000000	80.00000000
14	103	1	84.00000000	80.00000000
14	104	1	84.00000000	80.00000000
14	105	1	84.00000000	80.00000000
14	106	1	84.00000000	80.00000000
14	107	1	84.00000000	80.00000000
14	108	1	84.00000000	80.00000000
14	109	1	84.00000000	80.00000000
14	110	1	84.00000000	80.00000000
14	111	1	84.00000000	80.00000000
14	112	1	84.00000000	80.00000000
14	113	1	84.00000000	80.00000000
14	114	1	84.00000000	80.00000000
14	115	1	84.00000000	80.00000000
14	116	1	84.00000000	80.00000000
14	117	1	84.00000000	80.00000000
14	118	1	84.00000000	80.00000000
14	119	1	84.00000000	80.00000000
14	120	1	84.00000000	80.00000000
14	121	1	84.00000000	80.00000000
14	122	1	84.00000000	80.00000000
14	123	1	84.00000000	80.00000000
14	124	1	84.00000000	80.00000000
14	125	1	84.00000000	80.00000000
14	126	1	84.00000000	80.00000000
14	127	1	84.00000000	80.00000000
14	128	1	84.00000000	80.00000000
14	129	1	84.00000000	80.00000000
14	130	1	84.00000000	80.00000000
14	131	1	84.00000000	80.00000000
14	132	1	84.00000000	80.00000000
14	133	1	84.00000000	80.00000000
14	134	1	84.00000000	80.00000000
14	135	1	84.00000000	80.00000000
14	136	1	84.00000000	80.00000000
14	137	1	84.00000000	80.00000000
14	138	1	84.00000000	80.00000000
14	139	1	84.00000000	80.00000000
14	140	1	84.00000000	80.00000000
14	141	1	84.00000000	80.00000000
14	142	1	84.00000000	80.00000000
14	143	1	84.00000000	80.00000000
14	144	1	84.00000000	80.00000000
14	145	1	84.00000000	80.00000000
14	146	1	84.00000000	80.00000000
14	147	1	84.00000000	80.00000000
14	148	1	84.00000000	80.00000000
14	149	1	84.00000000	80.00000000
14	150	1	84.00000000	80.00000000
14	151	1	84.00000000	80.00000000
14	152	1	84.00000000	80.00000000
14	153	1	84.00000000	80.00000000
14	154	1	84.00000000	80.00000000
14	155	1	84.00000000	80.00000000
14	156	1	84.00000000	80.00000000
14	157	1	84.00000000	80.00000000
14	158	1	84.00000000	80.00000000
14	159	1	84.00000000	80.00000000
14	160	1	84.00000000	80.00000000
14	161	1	84.00000000	80.00000000
14	162	1	84.00000000	80.00000000
14	163	1	84.00000000	80.00000000
14	164	1	84.00000000	80.00000000
14	165	1	84.00000000	80.00000000
14	166	1	84.00000000	80.00000000
14	167	1	84.00000000	80.00000000
14	168	1	84.00000000	80.00000000
14	169	1	84.00000000	80.00000000
14	170	1	84.00000000	80.00000000
14	171	1	84.00000000	80.00000000
14	172	1	84.00000000	80.00000000
14	173	1	84.00000000	80.00000000
14	174	1	84.00000000	80.00000000
14	175	1	84.00000000	80.00000000
14	176	1	84.00000000	80.00000000
14	177	1	84.00000000	80.00000000
14	178	1	84.00000000	80.00000000
14	179	1	84.00000000	80.00000000
14	180	1	84.00000000	80.00000000
14	181	1	84.00000000	80.00000000
14	182	1	84.00000000	80.00000000
14	183	1	84.00000000	80.00000000
14	184	1	84.00000000	80.00000000
14	185	1	84.00000000	80.00000000
14	186	1	84.00000000	80.00000000
14	187	1	84.00000000	80.00000000
14	188	1	84.00000000	80.00000000
14	189	1	84.00000000	80.00000000
14	190	1	84.00000000	80.00000000
14	191	1	84.00000000	80.00000000
14	192	1	84.00000000	80.00000000
14	193	1	84.00000000	80.00000000
14	194	1	84.00000000	80.00000000
14	195	1	84.00000000	80.00000000
14	196	1	84.00000000	80.00000000
14	197	1	84.00000000	80.00000000
14	198	1	84.00000000	80.00000000
14	199	1	84.00000000	80.00000000
14	200	1	84.00000000	80.00000000
14	201	1	84.00000000	80.00000000
14	202	1	84.00000000	80.00000000
14	203	1	84.00000000	80.00000000
14	204	1	84.00000000	80.00000000
14	205	1	84.00000000	80.00000000
14	206	1	84.00000000	80.00000000
14	207	1	84.00000000	80.00000000
14	208	1	84.00000000	80.00000000
14	209	1	84.00000000	80.00000000
14	210	1	84.00000000	80.00000000
14	211	1	84.00000000	80.00000000
15	0	1	84.00000000	80.00000000
15	1	1	84.00000000	80.00000000
15	2	1	84.00000000	80.00000000
15	3	1	84.00000000	80.00000000
15	4	1	84.00000000	80.00000000
15	5	1	84.00000000	80.00000000
15	6	1	84.00000000	80.00000000
15	7	1	84.00000000	80.00000000
15	8	1	84.00000000	80.00000000
15	9	1	84.00000000	80.00000000
15	10	1	84.00000000	80.00000000
15	11	1	84.00000000	80.00000000
15	12	1	84.00000000	80.00000000
15	13	1	84.00000000	80.00000000
15	14	1	84.00000000	80.00000000
15	15	1	84.00000000	80.00000000
15	16	1	84.00000000	80.00000000
15	17	1	84.00000000	80.00000000
15	18	1	84.00000000	80.00000000
15	19	1	84.00000000	80.00000000
15	20	1	84.00000000	80.00000000
15	21	1	84.00000000	80.00000000
15	22	1	84.00000000	80.00000000
15	23	1	84.00000000	80.00000000
15	24	1	84.00000000	80.00000000
15	25	1	84.00000000	80.00000000
15	26	1	84.00000000	80.00000000
15	27	1	84.00000000	80.00000000
15	28	1	84.00000000	80.00000000
15	29	1	84.00000000	80.00000000
15	30	1	84.00000000	80.00000000
15	31	1	84.00000000	80.00000000
15	32	1	84.00000000	80.00000000
15	33	1	84.00000000	80.00000000
15	34	1	84.00000000	80.00000000
15	35	1	84.00000000	80.00000000
15	36	1	84.00000000	80.00000000
15	37	1	84.00000000	80.00000000
15	38	1	84.00000000	80.00000000
15	39	1	84.00000000	80.00000000
15	40	1	84.00000000	80.00000000
15	41	1	84.00000000	80.00000000
15	42	1	84.00000000	80.00000000
15	43	1	84.00000000	80.00000000
15	44	1	84.00000000	80.00000000
15	45	1	84.00000000	80.00000000
15	46	1	84.00000000	80.00000000
15	47	1	84.00000000	80.00000000
15	48	1	84.00000000	80.00000000
15	49	1	84.00000000	80.00000000
15	50	1	84.00000000	80.00000000
15	51	1	84.00000000	80.00000000
15	52	1	84.00000000	80.00000000
15	53	1	84.00000000	80.00000000
15	54	1	84.00000000	80.00000000
15	55	1	84.00000000	80.00000000
15	56	1	84.00000000	80.00000000
15	57	1	84.00000000	80.00000000
15	58	1	84.00000000	80.00000000
15	59	1	84.00000000	80.00000000
15	60	1	84.00000000	80.00000000
15	61	1	84.00000000	80.00000000
15	62	1	84.00000000	80.00000000
15	63	1	84.00000000	80.00000000
15	64	1	84.00000000	80.00000000
15	65	1	84.00000000	80.00000000
15	66	1	84.00000000	80.00000000
15	67	1	84.00000000	80.00000000
15	68	1	84.00000000	80.00000000
15	69	1	84.00000000	80.00000000
15	70	1	84.00000000	80.00000000
15	71	1	84.00000000	80.00000000
15	72	1	84.00000000	80.00000000
15	73	1	84.00000000	80.00000000
15	74	1	84.00000000	80.00000000
15	75	1	84.00000000	80.00000000
15	76	1	84.00000000	80.00000000
15	77	1	84.00000000	80.00000000
15	78	1	84.00000000	80.00000000
15	79	1	84.00000000	80.00000000
15	80	1	84.00000000	80.00000000
15	81	1	84.00000000	80.00000000
15	82	1	84.00000000	80.00000000
15	83	1	84.00000000	80.00000000
15	84	1	84.00000000	80.00000000
15	85	1	84.00000000	80.00000000
15	86	1	84.00000000	80.00000000
15	87	1	84.00000000	80.00000000
15	88	1	84.00000000	80.00000000
15	89	1	84.00000000	80.00000000
15	90	1	84.00000000	80.00000000
15	91	1	84.00000000	80.00000000
15	92	1	84.00000000	80.00000000
15	93	1	84.00000000	80.00000000
15	94	1	84.00000000	80.00000000
15	95	1	84.00000000	80.00000000
15	96	1	84.00000000	80.00000000
15	97	1	84.00000000	80.00000000
15	98	1	84.00000000	80.00000000
15	99	1	84.00000000	80.00000000
15	100	1	84.00000000	80.00000000
15	101	1	84.00000000	80.00000000
15	102	1	84.00000000	80.00000000
15	103	1	84.00000000	80.00000000
15	104	1	84.00000000	80.00000000
15	105	1	84.00000000	80.00000000
15	106	1	84.00000000	80.00000000
15	107	1	84.00000000	80.00000000
15	108	1	84.00000000	80.00000000
15	109	1	84.00000000	80.00000000
15	110	1	84.00000000	80.00000000
15	111	1	84.00000000	80.00000000
15	112	1	84.00000000	80.00000000
15	113	1	84.00000000	80.00000000
15	114	1	84.00000000	80.00000000
15	115	1	84.00000000	80.00000000
15	116	1	84.00000000	80.00000000
15	117	1	84.00000000	80.00000000
15	118	1	84.00000000	80.00000000
15	119	1	84.00000000	80.00000000
15	120	1	84.00000000	80.00000000
15	121	1	84.00000000	80.00000000
15	122	1	84.00000000	80.00000000
15	123	1	84.00000000	80.00000000
15	124	1	84.00000000	80.00000000
15	125	1	84.00000000	80.00000000
15	126	1	84.00000000	80.00000000
15	127	1	84.00000000	80.00000000
15	128	1	84.00000000	80.00000000
15	129	1	84.00000000	80.00000000
15	130	1	84.00000000	80.00000000
15	131	1	84.00000000	80.00000000
15	132	1	84.00000000	80.00000000
15	133	1	84.00000000	80.00000000
15	134	1	84.00000000	80.00000000
15	135	1	84.00000000	80.00000000
15	136	1	84.00000000	80.00000000
15	137	1	84.00000000	80.00000000
15	138	1	84.00000000	80.00000000
15	139	1	84.00000000	80.00000000
15	140	1	84.00000000	80.00000000
15	141	1	84.00000000	80.00000000
15	142	1	84.00000000	80.00000000
15	143	1	84.00000000	80.00000000
15	144	1	84.00000000	80.00000000
15	145	1	84.00000000	80.00000000
15	146	1	84.00000000	80.00000000
15	147	1	84.00000000	80.00000000
15	148	1	84.00000000	80.00000000
15	149	1	84.00000000	80.00000000
15	150	1	84.00000000	80.00000000
15	151	1	84.00000000	80.00000000
15	152	1	84.00000000	80.00000000
15	153	1	84.00000000	80.00000000
15	154	1	84.00000000	80.00000000
15	155	1	84.00000000	80.00000000
15	156	1	84.00000000	80.00000000
15	157	1	84.00000000	80.00000000
15	158	1	84.00000000	80.00000000
15	159	1	84.00000000	80.00000000
15	160	1	84.00000000	80.00000000
15	161	1	84.00000000	80.00000000
15	162	1	84.00000000	80.00000000
15	163	1	84.00000000	80.00000000
15	164	1	84.00000000	80.00000000
15	165	1	84.00000000	80.00000000
15	166	1	84.00000000	80.00000000
15	167	1	84.00000000	80.00000000
15	168	1	84.00000000	80.00000000
15	169	1	84.00000000	80.00000000
15	170	1	84.00000000	80.00000000
15	171	1	84.00000000	80.00000000
15	172	1	84.00000000	80.00000000
15	173	1	84.00000000	80.00000000
15	174	1	84.00000000	80.00000000
15	175	1	84.00000000	80.00000000
15	176	1	84.00000000	80.00000000
15	177	1	84.00000000	80.00000000
15	178	1	84.00000000	80.00000000
15	179	1	84.00000000	80.00000000
15	180	1	84.00000000	80.00000000
15	181	1	84.00000000	80.00000000
15	182	1	84.00000000	80.00000000
15	183	1	84.00000000	80.00000000
15	184	1	84.00000000	80.00000000
15	185	1	84.00000000	80.00000000
15	186	1	84.00000000	80.00000000
15	187	1	84.00000000	80.00000000
15	188	1	84.00000000	80.00000000
15	189	1	84.00000000	80.00000000
15	190	1	84.00000000	80.00000000
15	191	1	84.00000000	80.00000000
15	192	1	84.00000000	80.00000000
15	193	1	84.00000000	80.00000000
15	194	1	84.00000000	80.00000000
15	195	1	84.00000000	80.00000000
15	196	1	84.00000000	80.00000000
15	197	1	84.00000000	80.00000000
15	198	1	84.00000000	80.00000000
15	199	1	84.00000000	80.00000000
15	200	1	84.00000000	80.00000000
15	201	1	84.00000000	80.00000000
15	202	1	84.00000000	80.00000000
15	203	1	84.00000000	80.00000000
15	204	1	84.00000000	80.00000000
15	205	1	84.00000000	80.00000000
15	206	1	84.00000000	80.00000000
15	207	1	84.00000000	80.00000000
15	208	1	84.00000000	80.00000000
15	209	1	84.00000000	80.00000000
15	210	1	84.00000000	80.00000000
15	211	1	84.00000000	80.00000000
15	212	1	84.00000000	80.00000000
15	213	1	84.00000000	80.00000000
16	0	1	84.00000000	80.00000000
16	1	1	84.00000000	80.00000000
16	2	1	84.00000000	80.00000000
16	3	1	84.00000000	80.00000000
16	4	1	84.00000000	80.00000000
16	5	1	84.00000000	80.00000000
16	6	1	84.00000000	80.00000000
16	7	1	84.00000000	80.00000000
16	8	1	84.00000000	80.00000000
16	9	1	84.00000000	80.00000000
16	10	1	84.00000000	80.00000000
16	11	1	84.00000000	80.00000000
16	12	1	84.00000000	80.00000000
16	13	1	84.00000000	80.00000000
16	14	1	84.00000000	80.00000000
16	15	1	84.00000000	80.00000000
16	16	1	84.00000000	80.00000000
16	17	1	84.00000000	80.00000000
16	18	1	84.00000000	80.00000000
16	19	1	84.00000000	80.00000000
16	20	1	84.00000000	80.00000000
16	21	1	84.00000000	80.00000000
16	22	1	84.00000000	80.00000000
16	23	1	84.00000000	80.00000000
16	24	1	84.00000000	80.00000000
16	25	1	84.00000000	80.00000000
16	26	1	84.00000000	80.00000000
16	27	1	84.00000000	80.00000000
16	28	1	84.00000000	80.00000000
16	29	1	84.00000000	80.00000000
16	30	1	84.00000000	80.00000000
16	31	1	84.00000000	80.00000000
16	32	1	84.00000000	80.00000000
16	33	1	84.00000000	80.00000000
16	34	1	84.00000000	80.00000000
16	35	1	84.00000000	80.00000000
16	36	1	84.00000000	80.00000000
16	37	1	84.00000000	80.00000000
16	38	1	84.00000000	80.00000000
16	39	1	84.00000000	80.00000000
16	40	1	84.00000000	80.00000000
16	41	1	84.00000000	80.00000000
16	42	1	84.00000000	80.00000000
16	43	1	84.00000000	80.00000000
16	44	1	84.00000000	80.00000000
16	45	1	84.00000000	80.00000000
16	46	1	84.00000000	80.00000000
16	47	1	84.00000000	80.00000000
16	48	1	84.00000000	80.00000000
16	49	1	84.00000000	80.00000000
16	50	1	84.00000000	80.00000000
16	51	1	84.00000000	80.00000000
16	52	1	84.00000000	80.00000000
16	53	1	84.00000000	80.00000000
16	54	1	84.00000000	80.00000000
16	55	1	84.00000000	80.00000000
16	56	1	84.00000000	80.00000000
16	57	1	84.00000000	80.00000000
16	58	1	84.00000000	80.00000000
16	59	1	84.00000000	80.00000000
16	60	1	84.00000000	80.00000000
16	61	1	84.00000000	80.00000000
16	62	1	84.00000000	80.00000000
16	63	1	84.00000000	80.00000000
16	64	1	84.00000000	80.00000000
16	65	1	84.00000000	80.00000000
16	66	1	84.00000000	80.00000000
16	67	1	84.00000000	80.00000000
16	68	1	84.00000000	80.00000000
16	69	1	84.00000000	80.00000000
16	70	1	84.00000000	80.00000000
16	71	1	84.00000000	80.00000000
16	72	1	84.00000000	80.00000000
16	73	1	84.00000000	80.00000000
16	74	1	84.00000000	80.00000000
16	75	1	84.00000000	80.00000000
16	76	1	84.00000000	80.00000000
16	77	1	84.00000000	80.00000000
16	78	1	84.00000000	80.00000000
16	79	1	84.00000000	80.00000000
16	80	1	84.00000000	80.00000000
16	81	1	84.00000000	80.00000000
16	82	1	84.00000000	80.00000000
16	83	1	84.00000000	80.00000000
16	84	1	84.00000000	80.00000000
16	85	1	84.00000000	80.00000000
16	86	1	84.00000000	80.00000000
16	87	1	84.00000000	80.00000000
16	88	1	84.00000000	80.00000000
16	89	1	84.00000000	80.00000000
16	90	1	84.00000000	80.00000000
16	91	1	84.00000000	80.00000000
16	92	1	84.00000000	80.00000000
16	93	1	84.00000000	80.00000000
16	94	1	84.00000000	80.00000000
16	95	1	84.00000000	80.00000000
16	96	1	84.00000000	80.00000000
16	97	1	84.00000000	80.00000000
16	98	1	84.00000000	80.00000000
16	99	1	84.00000000	80.00000000
16	100	1	84.00000000	80.00000000
16	101	1	84.00000000	80.00000000
16	102	1	84.00000000	80.00000000
16	103	1	84.00000000	80.00000000
16	104	1	84.00000000	80.00000000
16	105	1	84.00000000	80.00000000
16	106	1	84.00000000	80.00000000
16	107	1	84.00000000	80.00000000
16	108	1	84.00000000	80.00000000
16	109	1	84.00000000	80.00000000
16	110	1	84.00000000	80.00000000
16	111	1	84.00000000	80.00000000
16	112	1	84.00000000	80.00000000
16	113	1	84.00000000	80.00000000
16	114	1	84.00000000	80.00000000
16	115	1	84.00000000	80.00000000
16	116	1	84.00000000	80.00000000
16	117	1	84.00000000	80.00000000
16	118	1	84.00000000	80.00000000
16	119	1	84.00000000	80.00000000
16	120	1	84.00000000	80.00000000
16	121	1	84.00000000	80.00000000
16	122	1	84.00000000	80.00000000
16	123	1	84.00000000	80.00000000
16	124	1	84.00000000	80.00000000
16	125	1	84.00000000	80.00000000
16	126	1	84.00000000	80.00000000
16	127	1	84.00000000	80.00000000
16	128	1	84.00000000	80.00000000
16	129	1	84.00000000	80.00000000
16	130	1	84.00000000	80.00000000
16	131	1	84.00000000	80.00000000
16	132	1	84.00000000	80.00000000
16	133	1	84.00000000	80.00000000
16	134	1	84.00000000	80.00000000
16	135	1	84.00000000	80.00000000
16	136	1	84.00000000	80.00000000
16	137	1	84.00000000	80.00000000
16	138	1	84.00000000	80.00000000
16	139	1	84.00000000	80.00000000
16	140	1	84.00000000	80.00000000
16	141	1	84.00000000	80.00000000
16	142	1	84.00000000	80.00000000
16	143	1	84.00000000	80.00000000
16	144	1	84.00000000	80.00000000
16	145	1	84.00000000	80.00000000
16	146	1	84.00000000	80.00000000
16	147	1	84.00000000	80.00000000
16	148	1	84.00000000	80.00000000
16	149	1	84.00000000	80.00000000
16	150	1	84.00000000	80.00000000
16	151	1	84.00000000	80.00000000
16	152	1	84.00000000	80.00000000
16	153	1	84.00000000	80.00000000
16	154	1	84.00000000	80.00000000
16	155	1	84.00000000	80.00000000
16	156	1	84.00000000	80.00000000
16	157	1	84.00000000	80.00000000
16	158	1	84.00000000	80.00000000
16	159	1	84.00000000	80.00000000
16	160	1	84.00000000	80.00000000
16	161	1	84.00000000	80.00000000
16	162	1	84.00000000	80.00000000
16	163	1	84.00000000	80.00000000
16	164	1	84.00000000	80.00000000
16	165	1	84.00000000	80.00000000
16	166	1	84.00000000	80.00000000
16	167	1	84.00000000	80.00000000
16	168	1	84.00000000	80.00000000
16	169	1	84.00000000	80.00000000
16	170	1	84.00000000	80.00000000
16	171	1	84.00000000	80.00000000
16	172	1	84.00000000	80.00000000
16	173	1	84.00000000	80.00000000
16	174	1	84.00000000	80.00000000
16	175	1	84.00000000	80.00000000
16	176	1	84.00000000	80.00000000
16	177	1	84.00000000	80.00000000
16	178	1	84.00000000	80.00000000
16	179	1	84.00000000	80.00000000
16	180	1	84.00000000	80.00000000
16	181	1	84.00000000	80.00000000
16	182	1	84.00000000	80.00000000
16	183	1	84.00000000	80.00000000
16	184	1	84.00000000	80.00000000
16	185	1	84.00000000	80.00000000
16	186	1	84.00000000	80.00000000
16	187	1	84.00000000	80.00000000
16	188	1	84.00000000	80.00000000
16	189	1	84.00000000	80.00000000
16	190	1	84.00000000	80.00000000
16	191	1	84.00000000	80.00000000
16	192	1	84.00000000	80.00000000
16	193	1	84.00000000	80.00000000
16	194	1	84.00000000	80.00000000
16	195	1	84.00000000	80.00000000
16	196	1	84.00000000	80.00000000
16	197	1	84.00000000	80.00000000
16	198	1	84.00000000	80.00000000
16	199	1	84.00000000	80.00000000
16	200	1	84.00000000	80.00000000
16	201	1	84.00000000	80.00000000
16	202	1	84.00000000	80.00000000
16	203	1	84.00000000	80.00000000
16	204	1	84.00000000	80.00000000
16	205	1	84.00000000	80.00000000
16	206	1	84.00000000	80.00000000
16	207	1	84.00000000	80.00000000
16	208	1	84.00000000	80.00000000
16	209	1	84.00000000	80.00000000
16	210	1	84.00000000	80.00000000
16	211	1	84.00000000	80.00000000
16	212	1	84.00000000	80.00000000
16	213	1	84.00000000	80.00000000
16	214	1	84.00000000	80.00000000
16	215	1	84.00000000	80.00000000
16	216	1	84.00000000	80.00000000
16	217	1	84.00000000	80.00000000
16	218	1	84.00000000	80.00000000
16	219	1	84.00000000	80.00000000
17	0	1	84.00000000	80.00000000
17	1	1	84.00000000	80.00000000
17	2	1	84.00000000	80.00000000
17	3	1	84.00000000	80.00000000
17	4	1	84.00000000	80.00000000
17	5	1	84.00000000	80.00000000
17	6	1	84.00000000	80.00000000
17	7	1	84.00000000	80.00000000
17	8	1	84.00000000	80.00000000
17	9	1	84.00000000	80.00000000
17	10	1	84.00000000	80.00000000
17	11	1	84.00000000	80.00000000
17	12	1	84.00000000	80.00000000
17	13	1	84.00000000	80.00000000
17	14	1	84.00000000	80.00000000
17	15	1	84.00000000	80.00000000
17	16	1	84.00000000	80.00000000
17	17	1	84.00000000	80.00000000
17	18	1	84.00000000	80.00000000
17	19	1	84.00000000	80.00000000
17	20	1	84.00000000	80.00000000
17	21	1	84.00000000	80.00000000
17	22	1	84.00000000	80.00000000
17	23	1	84.00000000	80.00000000
17	24	1	84.00000000	80.00000000
17	25	1	84.00000000	80.00000000
17	26	1	84.00000000	80.00000000
17	27	1	84.00000000	80.00000000
17	28	1	84.00000000	80.00000000
17	29	1	84.00000000	80.00000000
17	30	1	84.00000000	80.00000000
17	31	1	84.00000000	80.00000000
17	32	1	84.00000000	80.00000000
17	33	1	84.00000000	80.00000000
17	34	1	84.00000000	80.00000000
17	35	1	84.00000000	80.00000000
17	36	1	84.00000000	80.00000000
17	37	1	84.00000000	80.00000000
17	38	1	84.00000000	80.00000000
17	39	1	84.00000000	80.00000000
17	40	1	84.00000000	80.00000000
17	41	1	84.00000000	80.00000000
17	42	1	84.00000000	80.00000000
17	43	1	84.00000000	80.00000000
17	44	1	84.00000000	80.00000000
17	45	1	84.00000000	80.00000000
17	46	1	84.00000000	80.00000000
17	47	1	84.00000000	80.00000000
17	48	1	84.00000000	80.00000000
17	49	1	84.00000000	80.00000000
17	50	1	84.00000000	80.00000000
17	51	1	84.00000000	80.00000000
17	52	1	84.00000000	80.00000000
17	53	1	84.00000000	80.00000000
17	54	1	84.00000000	80.00000000
17	55	1	84.00000000	80.00000000
17	56	1	84.00000000	80.00000000
17	57	1	84.00000000	80.00000000
17	58	1	84.00000000	80.00000000
17	59	1	84.00000000	80.00000000
17	60	1	84.00000000	80.00000000
17	61	1	84.00000000	80.00000000
17	62	1	84.00000000	80.00000000
17	63	1	84.00000000	80.00000000
17	64	1	84.00000000	80.00000000
17	65	1	84.00000000	80.00000000
17	66	1	84.00000000	80.00000000
17	67	1	84.00000000	80.00000000
17	68	1	84.00000000	80.00000000
17	69	1	84.00000000	80.00000000
17	70	1	84.00000000	80.00000000
17	71	1	84.00000000	80.00000000
17	72	1	84.00000000	80.00000000
17	73	1	84.00000000	80.00000000
17	74	1	84.00000000	80.00000000
17	75	1	84.00000000	80.00000000
17	76	1	84.00000000	80.00000000
17	77	1	84.00000000	80.00000000
17	78	1	84.00000000	80.00000000
17	79	1	84.00000000	80.00000000
17	80	1	84.00000000	80.00000000
17	81	1	84.00000000	80.00000000
17	82	1	84.00000000	80.00000000
17	83	1	84.00000000	80.00000000
17	84	1	84.00000000	80.00000000
17	85	1	84.00000000	80.00000000
17	86	1	84.00000000	80.00000000
17	87	1	84.00000000	80.00000000
17	88	1	84.00000000	80.00000000
17	89	1	84.00000000	80.00000000
17	90	1	84.00000000	80.00000000
17	91	1	84.00000000	80.00000000
17	92	1	84.00000000	80.00000000
17	93	1	84.00000000	80.00000000
17	94	1	84.00000000	80.00000000
17	95	1	84.00000000	80.00000000
17	96	1	84.00000000	80.00000000
17	97	1	84.00000000	80.00000000
17	98	1	84.00000000	80.00000000
17	99	1	84.00000000	80.00000000
17	100	1	84.00000000	80.00000000
17	101	1	84.00000000	80.00000000
17	102	1	84.00000000	80.00000000
17	103	1	84.00000000	80.00000000
17	104	1	84.00000000	80.00000000
17	105	1	84.00000000	80.00000000
17	106	1	84.00000000	80.00000000
17	107	1	84.00000000	80.00000000
17	108	1	84.00000000	80.00000000
17	109	1	84.00000000	80.00000000
17	110	1	84.00000000	80.00000000
17	111	1	84.00000000	80.00000000
17	112	1	84.00000000	80.00000000
17	113	1	84.00000000	80.00000000
17	114	1	84.00000000	80.00000000
17	115	1	84.00000000	80.00000000
17	116	1	84.00000000	80.00000000
17	117	1	84.00000000	80.00000000
17	118	1	84.00000000	80.00000000
17	119	1	84.00000000	80.00000000
17	120	1	84.00000000	80.00000000
17	121	1	84.00000000	80.00000000
17	122	1	84.00000000	80.00000000
17	123	1	84.00000000	80.00000000
17	124	1	84.00000000	80.00000000
17	125	1	84.00000000	80.00000000
17	126	1	84.00000000	80.00000000
17	127	1	84.00000000	80.00000000
17	128	1	84.00000000	80.00000000
17	129	1	84.00000000	80.00000000
17	130	1	84.00000000	80.00000000
17	131	1	84.00000000	80.00000000
17	132	1	84.00000000	80.00000000
17	133	1	84.00000000	80.00000000
17	134	1	84.00000000	80.00000000
17	135	1	84.00000000	80.00000000
17	136	1	84.00000000	80.00000000
17	137	1	84.00000000	80.00000000
17	138	1	84.00000000	80.00000000
17	139	1	84.00000000	80.00000000
17	140	1	84.00000000	80.00000000
17	141	1	84.00000000	80.00000000
17	142	1	84.00000000	80.00000000
17	143	1	84.00000000	80.00000000
17	144	1	84.00000000	80.00000000
17	145	1	84.00000000	80.00000000
17	146	1	84.00000000	80.00000000
17	147	1	84.00000000	80.00000000
17	148	1	84.00000000	80.00000000
17	149	1	84.00000000	80.00000000
17	150	1	84.00000000	80.00000000
17	151	1	84.00000000	80.00000000
17	152	1	84.00000000	80.00000000
17	153	1	84.00000000	80.00000000
17	154	1	84.00000000	80.00000000
17	155	1	84.00000000	80.00000000
17	156	1	84.00000000	80.00000000
17	157	1	84.00000000	80.00000000
17	158	1	84.00000000	80.00000000
17	159	1	84.00000000	80.00000000
17	160	1	84.00000000	80.00000000
17	161	1	84.00000000	80.00000000
17	162	1	84.00000000	80.00000000
17	163	1	84.00000000	80.00000000
17	164	1	84.00000000	80.00000000
17	165	1	84.00000000	80.00000000
17	166	1	84.00000000	80.00000000
17	167	1	84.00000000	80.00000000
17	168	1	84.00000000	80.00000000
17	169	1	84.00000000	80.00000000
17	170	1	84.00000000	80.00000000
17	171	1	84.00000000	80.00000000
17	172	1	84.00000000	80.00000000
17	173	1	84.00000000	80.00000000
17	174	1	84.00000000	80.00000000
17	175	1	84.00000000	80.00000000
17	176	1	84.00000000	80.00000000
17	177	1	84.00000000	80.00000000
17	178	1	84.00000000	80.00000000
17	179	1	84.00000000	80.00000000
17	180	1	84.00000000	80.00000000
17	181	1	84.00000000	80.00000000
17	182	1	84.00000000	80.00000000
17	183	1	84.00000000	80.00000000
17	184	1	84.00000000	80.00000000
17	185	1	84.00000000	80.00000000
17	186	1	84.00000000	80.00000000
17	187	1	84.00000000	80.00000000
17	188	1	84.00000000	80.00000000
17	189	1	84.00000000	80.00000000
17	190	1	84.00000000	80.00000000
17	191	1	84.00000000	80.00000000
17	192	1	84.00000000	80.00000000
17	193	1	84.00000000	80.00000000
17	194	1	84.00000000	80.00000000
17	195	1	84.00000000	80.00000000
17	196	1	84.00000000	80.00000000
17	197	1	84.00000000	80.00000000
17	198	1	84.00000000	80.00000000
17	199	1	84.00000000	80.00000000
17	200	1	84.00000000	80.00000000
17	201	1	84.00000000	80.00000000
17	202	1	84.00000000	80.00000000
17	203	1	84.00000000	80.00000000
17	204	1	84.00000000	80.00000000
17	205	1	84.00000000	80.00000000
17	206	1	84.00000000	80.00000000
17	207	1	84.00000000	80.00000000
17	208	1	84.00000000	80.00000000
17	209	1	84.00000000	80.00000000
17	210	1	84.00000000	80.00000000
17	211	1	84.00000000	80.00000000
17	212	1	84.00000000	80.00000000
17	213	1	84.00000000	80.00000000
17	214	1	84.00000000	80.00000000
17	215	1	84.00000000	80.00000000
17	216	1	84.00000000	80.00000000
17	217	1	84.00000000	80.00000000
17	218	1	84.00000000	80.00000000
17	219	1	84.00000000	80.00000000
17	220	1	84.00000000	80.00000000
17	221	1	84.00000000	80.00000000
17	222	1	84.00000000	80.00000000
17	223	1	84.00000000	80.00000000
18	0	1	84.00000000	80.00000000
18	1	1	84.00000000	80.00000000
18	2	1	84.00000000	80.00000000
18	3	1	84.00000000	80.00000000
18	4	1	84.00000000	80.00000000
18	5	1	84.00000000	80.00000000
18	6	1	84.00000000	80.00000000
18	7	1	84.00000000	80.00000000
18	8	1	84.00000000	80.00000000
18	9	1	84.00000000	80.00000000
18	10	1	84.00000000	80.00000000
18	11	1	84.00000000	80.00000000
18	12	1	84.00000000	80.00000000
18	13	1	84.00000000	80.00000000
18	14	1	84.00000000	80.00000000
18	15	1	84.00000000	80.00000000
18	16	1	84.00000000	80.00000000
18	17	1	84.00000000	80.00000000
18	18	1	84.00000000	80.00000000
18	19	1	84.00000000	80.00000000
18	20	1	84.00000000	80.00000000
18	21	1	84.00000000	80.00000000
18	22	1	84.00000000	80.00000000
18	23	1	84.00000000	80.00000000
18	24	1	84.00000000	80.00000000
18	25	1	84.00000000	80.00000000
18	26	1	84.00000000	80.00000000
18	27	1	84.00000000	80.00000000
18	28	1	84.00000000	80.00000000
18	29	1	84.00000000	80.00000000
18	30	1	84.00000000	80.00000000
18	31	1	84.00000000	80.00000000
18	32	1	84.00000000	80.00000000
18	33	1	84.00000000	80.00000000
18	34	1	84.00000000	80.00000000
18	35	1	84.00000000	80.00000000
18	36	1	84.00000000	80.00000000
18	37	1	84.00000000	80.00000000
18	38	1	84.00000000	80.00000000
18	39	1	84.00000000	80.00000000
18	40	1	84.00000000	80.00000000
18	41	1	84.00000000	80.00000000
18	42	1	84.00000000	80.00000000
18	43	1	84.00000000	80.00000000
18	44	1	84.00000000	80.00000000
18	45	1	84.00000000	80.00000000
18	46	1	84.00000000	80.00000000
18	47	1	84.00000000	80.00000000
18	48	1	84.00000000	80.00000000
18	49	1	84.00000000	80.00000000
18	50	1	84.00000000	80.00000000
18	51	1	84.00000000	80.00000000
18	52	1	84.00000000	80.00000000
18	53	1	84.00000000	80.00000000
18	54	1	84.00000000	80.00000000
18	55	1	84.00000000	80.00000000
18	56	1	84.00000000	80.00000000
18	57	1	84.00000000	80.00000000
18	58	1	84.00000000	80.00000000
18	59	1	84.00000000	80.00000000
18	60	1	84.00000000	80.00000000
18	61	1	84.00000000	80.00000000
18	62	1	84.00000000	80.00000000
18	63	1	84.00000000	80.00000000
18	64	1	84.00000000	80.00000000
18	65	1	84.00000000	80.00000000
18	66	1	84.00000000	80.00000000
18	67	1	84.00000000	80.00000000
18	68	1	84.00000000	80.00000000
18	69	1	84.00000000	80.00000000
18	70	1	84.00000000	80.00000000
18	71	1	84.00000000	80.00000000
18	72	1	84.00000000	80.00000000
18	73	1	84.00000000	80.00000000
18	74	1	84.00000000	80.00000000
18	75	1	84.00000000	80.00000000
18	76	1	84.00000000	80.00000000
18	77	1	84.00000000	80.00000000
18	78	1	84.00000000	80.00000000
18	79	1	84.00000000	80.00000000
18	80	1	84.00000000	80.00000000
18	81	1	84.00000000	80.00000000
18	82	1	84.00000000	80.00000000
18	83	1	84.00000000	80.00000000
18	84	1	84.00000000	80.00000000
18	85	1	84.00000000	80.00000000
18	86	1	84.00000000	80.00000000
18	87	1	84.00000000	80.00000000
18	88	1	84.00000000	80.00000000
18	89	1	84.00000000	80.00000000
18	90	1	84.00000000	80.00000000
18	91	1	84.00000000	80.00000000
18	92	1	84.00000000	80.00000000
18	93	1	84.00000000	80.00000000
18	94	1	84.00000000	80.00000000
18	95	1	84.00000000	80.00000000
18	96	1	84.00000000	80.00000000
18	97	1	84.00000000	80.00000000
18	98	1	84.00000000	80.00000000
18	99	1	84.00000000	80.00000000
18	100	1	84.00000000	80.00000000
18	101	1	84.00000000	80.00000000
18	102	1	84.00000000	80.00000000
18	103	1	84.00000000	80.00000000
18	104	1	84.00000000	80.00000000
18	105	1	84.00000000	80.00000000
18	106	1	84.00000000	80.00000000
18	107	1	84.00000000	80.00000000
18	108	1	84.00000000	80.00000000
18	109	1	84.00000000	80.00000000
18	110	1	84.00000000	80.00000000
18	111	1	84.00000000	80.00000000
18	112	1	84.00000000	80.00000000
18	113	1	84.00000000	80.00000000
18	114	1	84.00000000	80.00000000
18	115	1	84.00000000	80.00000000
18	116	1	84.00000000	80.00000000
18	117	1	84.00000000	80.00000000
18	118	1	84.00000000	80.00000000
18	119	1	84.00000000	80.00000000
18	120	1	84.00000000	80.00000000
18	121	1	84.00000000	80.00000000
18	122	1	84.00000000	80.00000000
18	123	1	84.00000000	80.00000000
18	124	1	84.00000000	80.00000000
18	125	1	84.00000000	80.00000000
18	126	1	84.00000000	80.00000000
18	127	1	84.00000000	80.00000000
18	128	1	84.00000000	80.00000000
18	129	1	84.00000000	80.00000000
18	130	1	84.00000000	80.00000000
18	131	1	84.00000000	80.00000000
18	132	1	84.00000000	80.00000000
18	133	1	84.00000000	80.00000000
18	134	1	84.00000000	80.00000000
18	135	1	84.00000000	80.00000000
18	136	1	84.00000000	80.00000000
18	137	1	84.00000000	80.00000000
18	138	1	84.00000000	80.00000000
18	139	1	84.00000000	80.00000000
18	140	1	84.00000000	80.00000000
18	141	1	84.00000000	80.00000000
18	142	1	84.00000000	80.00000000
18	143	1	84.00000000	80.00000000
18	144	1	84.00000000	80.00000000
18	145	1	84.00000000	80.00000000
18	146	1	84.00000000	80.00000000
18	147	1	84.00000000	80.00000000
18	148	1	84.00000000	80.00000000
18	149	1	84.00000000	80.00000000
18	150	1	84.00000000	80.00000000
18	151	1	84.00000000	80.00000000
18	152	1	84.00000000	80.00000000
18	153	1	84.00000000	80.00000000
18	154	1	84.00000000	80.00000000
18	155	1	84.00000000	80.00000000
18	156	1	84.00000000	80.00000000
18	157	1	84.00000000	80.00000000
18	158	1	84.00000000	80.00000000
18	159	1	84.00000000	80.00000000
18	160	1	84.00000000	80.00000000
18	161	1	84.00000000	80.00000000
18	162	1	84.00000000	80.00000000
18	163	1	84.00000000	80.00000000
18	164	1	84.00000000	80.00000000
18	165	1	84.00000000	80.00000000
18	166	1	84.00000000	80.00000000
18	167	1	84.00000000	80.00000000
18	168	1	84.00000000	80.00000000
18	169	1	84.00000000	80.00000000
18	170	1	84.00000000	80.00000000
18	171	1	84.00000000	80.00000000
18	172	1	84.00000000	80.00000000
18	173	1	84.00000000	80.00000000
18	174	1	84.00000000	80.00000000
18	175	1	84.00000000	80.00000000
18	176	1	84.00000000	80.00000000
18	177	1	84.00000000	80.00000000
18	178	1	84.00000000	80.00000000
18	179	1	84.00000000	80.00000000
18	180	1	84.00000000	80.00000000
18	181	1	84.00000000	80.00000000
18	182	1	84.00000000	80.00000000
18	183	1	84.00000000	80.00000000
18	184	1	84.00000000	80.00000000
18	185	1	84.00000000	80.00000000
18	186	1	84.00000000	80.00000000
18	187	1	84.00000000	80.00000000
18	188	1	84.00000000	80.00000000
18	189	1	84.00000000	80.00000000
18	190	1	84.00000000	80.00000000
18	191	1	84.00000000	80.00000000
18	192	1	84.00000000	80.00000000
18	193	1	84.00000000	80.00000000
18	194	1	84.00000000	80.00000000
18	195	1	84.00000000	80.00000000
18	196	1	84.00000000	80.00000000
18	197	1	84.00000000	80.00000000
18	198	1	84.00000000	80.00000000
18	199	1	84.00000000	80.00000000
18	200	1	84.00000000	80.00000000
18	201	1	84.00000000	80.00000000
18	202	1	84.00000000	80.00000000
18	203	1	84.00000000	80.00000000
18	204	1	84.00000000	80.00000000
18	205	1	84.00000000	80.00000000
18	206	1	84.00000000	80.00000000
18	207	1	84.00000000	80.00000000
18	208	1	84.00000000	80.00000000
18	209	1	84.00000000	80.00000000
18	210	1	84.00000000	80.00000000
18	211	1	84.00000000	80.00000000
18	212	1	84.00000000	80.00000000
18	213	1	84.00000000	80.00000000
18	214	1	84.00000000	80.00000000
18	215	1	84.00000000	80.00000000
18	216	1	84.00000000	80.00000000
18	217	1	84.00000000	80.00000000
18	218	1	84.00000000	80.00000000
18	219	1	84.00000000	80.00000000
18	220	1	84.00000000	80.00000000
18	221	1	84.00000000	80.00000000
18	222	1	84.00000000	80.00000000
18	223	1	84.00000000	80.00000000
18	224	1	84.00000000	80.00000000
18	225	1	84.00000000	80.00000000
18	226	1	84.00000000	80.00000000
18	227	1	84.00000000	80.00000000
18	228	1	84.00000000	80.00000000
18	229	1	84.00000000	80.00000000
18	230	1	84.00000000	80.00000000
18	231	1	84.00000000	80.00000000
19	0	1	84.00000000	80.00000000
19	1	1	84.00000000	80.00000000
19	2	1	84.00000000	80.00000000
19	3	1	84.00000000	80.00000000
19	4	1	84.00000000	80.00000000
19	5	1	84.00000000	80.00000000
19	6	1	84.00000000	80.00000000
19	7	1	84.00000000	80.00000000
19	8	1	84.00000000	80.00000000
19	9	1	84.00000000	80.00000000
19	10	1	84.00000000	80.00000000
19	11	1	84.00000000	80.00000000
19	12	1	84.00000000	80.00000000
19	13	1	84.00000000	80.00000000
19	14	1	84.00000000	80.00000000
19	15	1	84.00000000	80.00000000
19	16	1	84.00000000	80.00000000
19	17	1	84.00000000	80.00000000
19	18	1	84.00000000	80.00000000
19	19	1	84.00000000	80.00000000
19	20	1	84.00000000	80.00000000
19	21	1	84.00000000	80.00000000
19	22	1	84.00000000	80.00000000
19	23	1	84.00000000	80.00000000
19	24	1	84.00000000	80.00000000
19	25	1	84.00000000	80.00000000
19	26	1	84.00000000	80.00000000
19	27	1	84.00000000	80.00000000
19	28	1	84.00000000	80.00000000
19	29	1	84.00000000	80.00000000
19	30	1	84.00000000	80.00000000
19	31	1	84.00000000	80.00000000
19	32	1	84.00000000	80.00000000
19	33	1	84.00000000	80.00000000
19	34	1	84.00000000	80.00000000
19	35	1	84.00000000	80.00000000
19	36	1	84.00000000	80.00000000
19	37	1	84.00000000	80.00000000
19	38	1	84.00000000	80.00000000
19	39	1	84.00000000	80.00000000
19	40	1	84.00000000	80.00000000
19	41	1	84.00000000	80.00000000
19	42	1	84.00000000	80.00000000
19	43	1	84.00000000	80.00000000
19	44	1	84.00000000	80.00000000
19	45	1	84.00000000	80.00000000
19	46	1	84.00000000	80.00000000
19	47	1	84.00000000	80.00000000
19	48	1	84.00000000	80.00000000
19	49	1	84.00000000	80.00000000
19	50	1	84.00000000	80.00000000
19	51	1	84.00000000	80.00000000
19	52	1	84.00000000	80.00000000
19	53	1	84.00000000	80.00000000
19	54	1	84.00000000	80.00000000
19	55	1	84.00000000	80.00000000
19	56	1	84.00000000	80.00000000
19	57	1	84.00000000	80.00000000
19	58	1	84.00000000	80.00000000
19	59	1	84.00000000	80.00000000
19	60	1	84.00000000	80.00000000
19	61	1	84.00000000	80.00000000
19	62	1	84.00000000	80.00000000
19	63	1	84.00000000	80.00000000
19	64	1	84.00000000	80.00000000
19	65	1	84.00000000	80.00000000
19	66	1	84.00000000	80.00000000
19	67	1	84.00000000	80.00000000
19	68	1	84.00000000	80.00000000
19	69	1	84.00000000	80.00000000
19	70	1	84.00000000	80.00000000
19	71	1	84.00000000	80.00000000
19	72	1	84.00000000	80.00000000
19	73	1	84.00000000	80.00000000
19	74	1	84.00000000	80.00000000
19	75	1	84.00000000	80.00000000
19	76	1	84.00000000	80.00000000
19	77	1	84.00000000	80.00000000
19	78	1	84.00000000	80.00000000
19	79	1	84.00000000	80.00000000
19	80	1	84.00000000	80.00000000
19	81	1	84.00000000	80.00000000
19	82	1	84.00000000	80.00000000
19	83	1	84.00000000	80.00000000
19	84	1	84.00000000	80.00000000
19	85	1	84.00000000	80.00000000
19	86	1	84.00000000	80.00000000
19	87	1	84.00000000	80.00000000
19	88	1	84.00000000	80.00000000
19	89	1	84.00000000	80.00000000
19	90	1	84.00000000	80.00000000
19	91	1	84.00000000	80.00000000
19	92	1	84.00000000	80.00000000
19	93	1	84.00000000	80.00000000
19	94	1	84.00000000	80.00000000
19	95	1	84.00000000	80.00000000
19	96	1	84.00000000	80.00000000
19	97	1	84.00000000	80.00000000
19	98	1	84.00000000	80.00000000
19	99	1	84.00000000	80.00000000
19	100	1	84.00000000	80.00000000
19	101	1	84.00000000	80.00000000
19	102	1	84.00000000	80.00000000
19	103	1	84.00000000	80.00000000
19	104	1	84.00000000	80.00000000
19	105	1	84.00000000	80.00000000
19	106	1	84.00000000	80.00000000
19	107	1	84.00000000	80.00000000
19	108	1	84.00000000	80.00000000
19	109	1	84.00000000	80.00000000
19	110	1	84.00000000	80.00000000
19	111	1	84.00000000	80.00000000
19	112	1	84.00000000	80.00000000
19	113	1	84.00000000	80.00000000
19	114	1	84.00000000	80.00000000
19	115	1	84.00000000	80.00000000
19	116	1	84.00000000	80.00000000
19	117	1	84.00000000	80.00000000
19	118	1	84.00000000	80.00000000
19	119	1	84.00000000	80.00000000
19	120	1	84.00000000	80.00000000
19	121	1	84.00000000	80.00000000
19	122	1	84.00000000	80.00000000
19	123	1	84.00000000	80.00000000
19	124	1	84.00000000	80.00000000
19	125	1	84.00000000	80.00000000
19	126	1	84.00000000	80.00000000
19	127	1	84.00000000	80.00000000
19	128	1	84.00000000	80.00000000
19	129	1	84.00000000	80.00000000
19	130	1	84.00000000	80.00000000
19	131	1	84.00000000	80.00000000
19	132	1	84.00000000	80.00000000
19	133	1	84.00000000	80.00000000
19	134	1	84.00000000	80.00000000
19	135	1	84.00000000	80.00000000
19	136	1	84.00000000	80.00000000
19	137	1	84.00000000	80.00000000
19	138	1	84.00000000	80.00000000
19	139	1	84.00000000	80.00000000
19	140	1	84.00000000	80.00000000
19	141	1	84.00000000	80.00000000
19	142	1	84.00000000	80.00000000
19	143	1	84.00000000	80.00000000
19	144	1	84.00000000	80.00000000
19	145	1	84.00000000	80.00000000
19	146	1	84.00000000	80.00000000
19	147	1	84.00000000	80.00000000
19	148	1	84.00000000	80.00000000
19	149	1	84.00000000	80.00000000
19	150	1	84.00000000	80.00000000
19	151	1	84.00000000	80.00000000
19	152	1	84.00000000	80.00000000
19	153	1	84.00000000	80.00000000
19	154	1	84.00000000	80.00000000
19	155	1	84.00000000	80.00000000
19	156	1	84.00000000	80.00000000
19	157	1	84.00000000	80.00000000
19	158	1	84.00000000	80.00000000
19	159	1	84.00000000	80.00000000
19	160	1	84.00000000	80.00000000
19	161	1	84.00000000	80.00000000
19	162	1	84.00000000	80.00000000
19	163	1	84.00000000	80.00000000
19	164	1	84.00000000	80.00000000
19	165	1	84.00000000	80.00000000
19	166	1	84.00000000	80.00000000
19	167	1	84.00000000	80.00000000
19	168	1	84.00000000	80.00000000
19	169	1	84.00000000	80.00000000
19	170	1	84.00000000	80.00000000
19	171	1	84.00000000	80.00000000
19	172	1	84.00000000	80.00000000
19	173	1	84.00000000	80.00000000
19	174	1	84.00000000	80.00000000
19	175	1	84.00000000	80.00000000
19	176	1	84.00000000	80.00000000
19	177	1	84.00000000	80.00000000
19	178	1	84.00000000	80.00000000
19	179	1	84.00000000	80.00000000
19	180	1	84.00000000	80.00000000
19	181	1	84.00000000	80.00000000
19	182	1	84.00000000	80.00000000
19	183	1	84.00000000	80.00000000
19	184	1	84.00000000	80.00000000
19	185	1	84.00000000	80.00000000
19	186	1	84.00000000	80.00000000
19	187	1	84.00000000	80.00000000
19	188	1	84.00000000	80.00000000
19	189	1	84.00000000	80.00000000
19	190	1	84.00000000	80.00000000
19	191	1	84.00000000	80.00000000
19	192	1	84.00000000	80.00000000
19	193	1	84.00000000	80.00000000
19	194	1	84.00000000	80.00000000
19	195	1	84.00000000	80.00000000
19	196	1	84.00000000	80.00000000
19	197	1	84.00000000	80.00000000
19	198	1	84.00000000	80.00000000
19	199	1	84.00000000	80.00000000
19	200	1	84.00000000	80.00000000
19	201	1	84.00000000	80.00000000
19	202	1	84.00000000	80.00000000
19	203	1	84.00000000	80.00000000
19	204	1	84.00000000	80.00000000
19	205	1	84.00000000	80.00000000
19	206	1	84.00000000	80.00000000
19	207	1	84.00000000	80.00000000
19	208	1	84.00000000	80.00000000
19	209	1	84.00000000	80.00000000
19	210	1	84.00000000	80.00000000
19	211	1	84.00000000	80.00000000
19	212	1	84.00000000	80.00000000
19	213	1	84.00000000	80.00000000
19	214	1	84.00000000	80.00000000
19	215	1	84.00000000	80.00000000
19	216	1	84.00000000	80.00000000
19	217	1	84.00000000	80.00000000
19	218	1	84.00000000	80.00000000
19	219	1	84.00000000	80.00000000
19	220	1	84.00000000	80.00000000
19	221	1	84.00000000	80.00000000
19	222	1	84.00000000	80.00000000
19	223	1	84.00000000	80.00000000
19	224	1	84.00000000	80.00000000
19	225	1	84.00000000	80.00000000
19	226	1	84.00000000	80.00000000
19	227	1	84.00000000	80.00000000
19	228	1	84.00000000	80.00000000
19	229	1	84.00000000	80.00000000
19	230	1	84.00000000	80.00000000
19	231	1	84.00000000	80.00000000
19	232	1	84.00000000	80.00000000
19	233	1	84.00000000	80.00000000
19	234	1	84.00000000	80.00000000
19	235	1	84.00000000	80.00000000
19	236	1	84.00000000	80.00000000
19	237	1	84.00000000	80.00000000
20	0	1	84.00000000	80.00000000
20	1	1	84.00000000	80.00000000
20	2	1	84.00000000	80.00000000
20	3	1	84.00000000	80.00000000
20	4	1	84.00000000	80.00000000
20	5	1	84.00000000	80.00000000
20	6	1	84.00000000	80.00000000
20	7	1	84.00000000	80.00000000
20	8	1	84.00000000	80.00000000
20	9	1	84.00000000	80.00000000
20	10	1	84.00000000	80.00000000
20	11	1	84.00000000	80.00000000
20	12	1	84.00000000	80.00000000
20	13	1	84.00000000	80.00000000
20	14	1	84.00000000	80.00000000
20	15	1	84.00000000	80.00000000
20	16	1	84.00000000	80.00000000
20	17	1	84.00000000	80.00000000
20	18	1	84.00000000	80.00000000
20	19	1	84.00000000	80.00000000
20	20	1	84.00000000	80.00000000
20	21	1	84.00000000	80.00000000
20	22	1	84.00000000	80.00000000
20	23	1	84.00000000	80.00000000
20	24	1	84.00000000	80.00000000
20	25	1	84.00000000	80.00000000
20	26	1	84.00000000	80.00000000
20	27	1	84.00000000	80.00000000
20	28	1	84.00000000	80.00000000
20	29	1	84.00000000	80.00000000
20	30	1	84.00000000	80.00000000
20	31	1	84.00000000	80.00000000
20	32	1	84.00000000	80.00000000
20	33	1	84.00000000	80.00000000
20	34	1	84.00000000	80.00000000
20	35	1	84.00000000	80.00000000
20	36	1	84.00000000	80.00000000
20	37	1	84.00000000	80.00000000
20	38	1	84.00000000	80.00000000
20	39	1	84.00000000	80.00000000
20	40	1	84.00000000	80.00000000
20	41	1	84.00000000	80.00000000
20	42	1	84.00000000	80.00000000
20	43	1	84.00000000	80.00000000
20	44	1	84.00000000	80.00000000
20	45	1	84.00000000	80.00000000
20	46	1	84.00000000	80.00000000
20	47	1	84.00000000	80.00000000
20	48	1	84.00000000	80.00000000
20	49	1	84.00000000	80.00000000
20	50	1	84.00000000	80.00000000
20	51	1	84.00000000	80.00000000
20	52	1	84.00000000	80.00000000
20	53	1	84.00000000	80.00000000
20	54	1	84.00000000	80.00000000
20	55	1	84.00000000	80.00000000
20	56	1	84.00000000	80.00000000
20	57	1	84.00000000	80.00000000
20	58	1	84.00000000	80.00000000
20	59	1	84.00000000	80.00000000
20	60	1	84.00000000	80.00000000
20	61	1	84.00000000	80.00000000
20	62	1	84.00000000	80.00000000
20	63	1	84.00000000	80.00000000
20	64	1	84.00000000	80.00000000
20	65	1	84.00000000	80.00000000
20	66	1	84.00000000	80.00000000
20	67	1	84.00000000	80.00000000
20	68	1	84.00000000	80.00000000
20	69	1	84.00000000	80.00000000
20	70	1	84.00000000	80.00000000
20	71	1	84.00000000	80.00000000
20	72	1	84.00000000	80.00000000
20	73	1	84.00000000	80.00000000
20	74	1	84.00000000	80.00000000
20	75	1	84.00000000	80.00000000
20	76	1	84.00000000	80.00000000
20	77	1	84.00000000	80.00000000
20	78	1	84.00000000	80.00000000
20	79	1	84.00000000	80.00000000
20	80	1	84.00000000	80.00000000
20	81	1	84.00000000	80.00000000
20	82	1	84.00000000	80.00000000
20	83	1	84.00000000	80.00000000
20	84	1	84.00000000	80.00000000
20	85	1	84.00000000	80.00000000
20	86	1	84.00000000	80.00000000
20	87	1	84.00000000	80.00000000
20	88	1	84.00000000	80.00000000
20	89	1	84.00000000	80.00000000
20	90	1	84.00000000	80.00000000
20	91	1	84.00000000	80.00000000
20	92	1	84.00000000	80.00000000
20	93	1	84.00000000	80.00000000
20	94	1	84.00000000	80.00000000
20	95	1	84.00000000	80.00000000
20	96	1	84.00000000	80.00000000
20	97	1	84.00000000	80.00000000
20	98	1	84.00000000	80.00000000
20	99	1	84.00000000	80.00000000
20	100	1	84.00000000	80.00000000
20	101	1	84.00000000	80.00000000
20	102	1	84.00000000	80.00000000
20	103	1	84.00000000	80.00000000
20	104	1	84.00000000	80.00000000
20	105	1	84.00000000	80.00000000
20	106	1	84.00000000	80.00000000
20	107	1	84.00000000	80.00000000
20	108	1	84.00000000	80.00000000
20	109	1	84.00000000	80.00000000
20	110	1	84.00000000	80.00000000
20	111	1	84.00000000	80.00000000
20	112	1	84.00000000	80.00000000
20	113	1	84.00000000	80.00000000
20	114	1	84.00000000	80.00000000
20	115	1	84.00000000	80.00000000
20	116	1	84.00000000	80.00000000
20	117	1	84.00000000	80.00000000
20	118	1	84.00000000	80.00000000
20	119	1	84.00000000	80.00000000
20	120	1	84.00000000	80.00000000
20	121	1	84.00000000	80.00000000
20	122	1	84.00000000	80.00000000
20	123	1	84.00000000	80.00000000
20	124	1	84.00000000	80.00000000
20	125	1	84.00000000	80.00000000
20	126	1	84.00000000	80.00000000
20	127	1	84.00000000	80.00000000
20	128	1	84.00000000	80.00000000
20	129	1	84.00000000	80.00000000
20	130	1	84.00000000	80.00000000
20	131	1	84.00000000	80.00000000
20	132	1	84.00000000	80.00000000
20	133	1	84.00000000	80.00000000
20	134	1	84.00000000	80.00000000
20	135	1	84.00000000	80.00000000
20	136	1	84.00000000	80.00000000
20	137	1	84.00000000	80.00000000
20	138	1	84.00000000	80.00000000
20	139	1	84.00000000	80.00000000
20	140	1	84.00000000	80.00000000
20	141	1	84.00000000	80.00000000
20	142	1	84.00000000	80.00000000
20	143	1	84.00000000	80.00000000
20	144	1	84.00000000	80.00000000
20	145	1	84.00000000	80.00000000
20	146	1	84.00000000	80.00000000
20	147	1	84.00000000	80.00000000
20	148	1	84.00000000	80.00000000
20	149	1	84.00000000	80.00000000
20	150	1	84.00000000	80.00000000
20	151	1	84.00000000	80.00000000
20	152	1	84.00000000	80.00000000
20	153	1	84.00000000	80.00000000
20	154	1	84.00000000	80.00000000
20	155	1	84.00000000	80.00000000
20	156	1	84.00000000	80.00000000
20	157	1	84.00000000	80.00000000
20	158	1	84.00000000	80.00000000
20	159	1	84.00000000	80.00000000
20	160	1	84.00000000	80.00000000
20	161	1	84.00000000	80.00000000
20	162	1	84.00000000	80.00000000
20	163	1	84.00000000	80.00000000
20	164	1	84.00000000	80.00000000
20	165	1	84.00000000	80.00000000
20	166	1	84.00000000	80.00000000
20	167	1	84.00000000	80.00000000
20	168	1	84.00000000	80.00000000
20	169	1	84.00000000	80.00000000
20	170	1	84.00000000	80.00000000
20	171	1	84.00000000	80.00000000
20	172	1	84.00000000	80.00000000
20	173	1	84.00000000	80.00000000
20	174	1	84.00000000	80.00000000
20	175	1	84.00000000	80.00000000
20	176	1	84.00000000	80.00000000
20	177	1	84.00000000	80.00000000
20	178	1	84.00000000	80.00000000
20	179	1	84.00000000	80.00000000
20	180	1	84.00000000	80.00000000
20	181	1	84.00000000	80.00000000
20	182	1	84.00000000	80.00000000
20	183	1	84.00000000	80.00000000
20	184	1	84.00000000	80.00000000
20	185	1	84.00000000	80.00000000
20	186	1	84.00000000	80.00000000
20	187	1	84.00000000	80.00000000
20	188	1	84.00000000	80.00000000
20	189	1	84.00000000	80.00000000
20	190	1	84.00000000	80.00000000
20	191	1	84.00000000	80.00000000
20	192	1	84.00000000	80.00000000
20	193	1	84.00000000	80.00000000
20	194	1	84.00000000	80.00000000
20	195	1	84.00000000	80.00000000
20	196	1	84.00000000	80.00000000
20	197	1	84.00000000	80.00000000
20	198	1	84.00000000	80.00000000
20	199	1	84.00000000	80.00000000
20	200	1	84.00000000	80.00000000
20	201	1	84.00000000	80.00000000
20	202	1	84.00000000	80.00000000
20	203	1	84.00000000	80.00000000
20	204	1	84.00000000	80.00000000
20	205	1	84.00000000	80.00000000
20	206	1	84.00000000	80.00000000
20	207	1	84.00000000	80.00000000
20	208	1	84.00000000	80.00000000
20	209	1	84.00000000	80.00000000
20	210	1	84.00000000	80.00000000
20	211	1	84.00000000	80.00000000
20	212	1	84.00000000	80.00000000
20	213	1	84.00000000	80.00000000
20	214	1	84.00000000	80.00000000
20	215	1	84.00000000	80.00000000
20	216	1	84.00000000	80.00000000
20	217	1	84.00000000	80.00000000
20	218	1	84.00000000	80.00000000
20	219	1	84.00000000	80.00000000
20	220	1	84.00000000	80.00000000
20	221	1	84.00000000	80.00000000
20	222	1	84.00000000	80.00000000
20	223	1	84.00000000	80.00000000
20	224	1	84.00000000	80.00000000
20	225	1	84.00000000	80.00000000
20	226	1	84.00000000	80.00000000
20	227	1	84.00000000	80.00000000
20	228	1	84.00000000	80.00000000
20	229	1	84.00000000	80.00000000
20	230	1	84.00000000	80.00000000
20	231	1	84.00000000	80.00000000
20	232	1	84.00000000	80.00000000
20	233	1	84.00000000	80.00000000
20	234	1	84.00000000	80.00000000
20	235	1	84.00000000	80.00000000
20	236	1	84.00000000	80.00000000
20	237	1	84.00000000	80.00000000
20	238	1	84.00000000	80.00000000
20	239	1	84.00000000	80.00000000
20	240	1	84.00000000	80.00000000
20	241	1	84.00000000	80.00000000
20	242	1	84.00000000	80.00000000
20	243	1	84.00000000	80.00000000
21	0	1	84.00000000	80.00000000
21	1	1	84.00000000	80.00000000
21	2	1	84.00000000	80.00000000
21	3	1	84.00000000	80.00000000
21	4	1	84.00000000	80.00000000
21	5	1	84.00000000	80.00000000
21	6	1	84.00000000	80.00000000
21	7	1	84.00000000	80.00000000
21	8	1	84.00000000	80.00000000
21	9	1	84.00000000	80.00000000
21	10	1	84.00000000	80.00000000
21	11	1	84.00000000	80.00000000
21	12	1	84.00000000	80.00000000
21	13	1	84.00000000	80.00000000
21	14	1	84.00000000	80.00000000
21	15	1	84.00000000	80.00000000
21	16	1	84.00000000	80.00000000
21	17	1	84.00000000	80.00000000
21	18	1	84.00000000	80.00000000
21	19	1	84.00000000	80.00000000
21	20	1	84.00000000	80.00000000
21	21	1	84.00000000	80.00000000
21	22	1	84.00000000	80.00000000
21	23	1	84.00000000	80.00000000
21	24	1	84.00000000	80.00000000
21	25	1	84.00000000	80.00000000
21	26	1	84.00000000	80.00000000
21	27	1	84.00000000	80.00000000
21	28	1	84.00000000	80.00000000
21	29	1	84.00000000	80.00000000
21	30	1	84.00000000	80.00000000
21	31	1	84.00000000	80.00000000
21	32	1	84.00000000	80.00000000
21	33	1	84.00000000	80.00000000
21	34	1	84.00000000	80.00000000
21	35	1	84.00000000	80.00000000
21	36	1	84.00000000	80.00000000
21	37	1	84.00000000	80.00000000
21	38	1	84.00000000	80.00000000
21	39	1	84.00000000	80.00000000
21	40	1	84.00000000	80.00000000
21	41	1	84.00000000	80.00000000
21	42	1	84.00000000	80.00000000
21	43	1	84.00000000	80.00000000
21	44	1	84.00000000	80.00000000
21	45	1	84.00000000	80.00000000
21	46	1	84.00000000	80.00000000
21	47	1	84.00000000	80.00000000
21	48	1	84.00000000	80.00000000
21	49	1	84.00000000	80.00000000
21	50	1	84.00000000	80.00000000
21	51	1	84.00000000	80.00000000
21	52	1	84.00000000	80.00000000
21	53	1	84.00000000	80.00000000
21	54	1	84.00000000	80.00000000
21	55	1	84.00000000	80.00000000
21	56	1	84.00000000	80.00000000
21	57	1	84.00000000	80.00000000
21	58	1	84.00000000	80.00000000
21	59	1	84.00000000	80.00000000
21	60	1	84.00000000	80.00000000
21	61	1	84.00000000	80.00000000
21	62	1	84.00000000	80.00000000
21	63	1	84.00000000	80.00000000
21	64	1	84.00000000	80.00000000
21	65	1	84.00000000	80.00000000
21	66	1	84.00000000	80.00000000
21	67	1	84.00000000	80.00000000
21	68	1	84.00000000	80.00000000
21	69	1	84.00000000	80.00000000
21	70	1	84.00000000	80.00000000
21	71	1	84.00000000	80.00000000
21	72	1	84.00000000	80.00000000
21	73	1	84.00000000	80.00000000
21	74	1	84.00000000	80.00000000
21	75	1	84.00000000	80.00000000
21	76	1	84.00000000	80.00000000
21	77	1	84.00000000	80.00000000
21	78	1	84.00000000	80.00000000
21	79	1	84.00000000	80.00000000
21	80	1	84.00000000	80.00000000
21	81	1	84.00000000	80.00000000
21	82	1	84.00000000	80.00000000
21	83	1	84.00000000	80.00000000
21	84	1	84.00000000	80.00000000
21	85	1	84.00000000	80.00000000
21	86	1	84.00000000	80.00000000
21	87	1	84.00000000	80.00000000
21	88	1	84.00000000	80.00000000
21	89	1	84.00000000	80.00000000
21	90	1	84.00000000	80.00000000
21	91	1	84.00000000	80.00000000
21	92	1	84.00000000	80.00000000
21	93	1	84.00000000	80.00000000
21	94	1	84.00000000	80.00000000
21	95	1	84.00000000	80.00000000
21	96	1	84.00000000	80.00000000
21	97	1	84.00000000	80.00000000
21	98	1	84.00000000	80.00000000
21	99	1	84.00000000	80.00000000
21	100	1	84.00000000	80.00000000
21	101	1	84.00000000	80.00000000
21	102	1	84.00000000	80.00000000
21	103	1	84.00000000	80.00000000
21	104	1	84.00000000	80.00000000
21	105	1	84.00000000	80.00000000
21	106	1	84.00000000	80.00000000
21	107	1	84.00000000	80.00000000
21	108	1	84.00000000	80.00000000
21	109	1	84.00000000	80.00000000
21	110	1	84.00000000	80.00000000
21	111	1	84.00000000	80.00000000
21	112	1	84.00000000	80.00000000
21	113	1	84.00000000	80.00000000
21	114	1	84.00000000	80.00000000
21	115	1	84.00000000	80.00000000
21	116	1	84.00000000	80.00000000
21	117	1	84.00000000	80.00000000
21	118	1	84.00000000	80.00000000
21	119	1	84.00000000	80.00000000
21	120	1	84.00000000	80.00000000
21	121	1	84.00000000	80.00000000
21	122	1	84.00000000	80.00000000
21	123	1	84.00000000	80.00000000
21	124	1	84.00000000	80.00000000
21	125	1	84.00000000	80.00000000
21	126	1	84.00000000	80.00000000
21	127	1	84.00000000	80.00000000
21	128	1	84.00000000	80.00000000
21	129	1	84.00000000	80.00000000
21	130	1	84.00000000	80.00000000
21	131	1	84.00000000	80.00000000
21	132	1	84.00000000	80.00000000
21	133	1	84.00000000	80.00000000
21	134	1	84.00000000	80.00000000
21	135	1	84.00000000	80.00000000
21	136	1	84.00000000	80.00000000
21	137	1	84.00000000	80.00000000
21	138	1	84.00000000	80.00000000
21	139	1	84.00000000	80.00000000
21	140	1	84.00000000	80.00000000
21	141	1	84.00000000	80.00000000
21	142	1	84.00000000	80.00000000
21	143	1	84.00000000	80.00000000
21	144	1	84.00000000	80.00000000
21	145	1	84.00000000	80.00000000
21	146	1	84.00000000	80.00000000
21	147	1	84.00000000	80.00000000
21	148	1	84.00000000	80.00000000
21	149	1	84.00000000	80.00000000
21	150	1	84.00000000	80.00000000
21	151	1	84.00000000	80.00000000
21	152	1	84.00000000	80.00000000
21	153	1	84.00000000	80.00000000
21	154	1	84.00000000	80.00000000
21	155	1	84.00000000	80.00000000
21	156	1	84.00000000	80.00000000
21	157	1	84.00000000	80.00000000
21	158	1	84.00000000	80.00000000
21	159	1	84.00000000	80.00000000
21	160	1	84.00000000	80.00000000
21	161	1	84.00000000	80.00000000
21	162	1	84.00000000	80.00000000
21	163	1	84.00000000	80.00000000
21	164	1	84.00000000	80.00000000
21	165	1	84.00000000	80.00000000
21	166	1	84.00000000	80.00000000
21	167	1	84.00000000	80.00000000
21	168	1	84.00000000	80.00000000
21	169	1	84.00000000	80.00000000
21	170	1	84.00000000	80.00000000
21	171	1	84.00000000	80.00000000
21	172	1	84.00000000	80.00000000
21	173	1	84.00000000	80.00000000
21	174	1	84.00000000	80.00000000
21	175	1	84.00000000	80.00000000
21	176	1	84.00000000	80.00000000
21	177	1	84.00000000	80.00000000
21	178	1	84.00000000	80.00000000
21	179	1	84.00000000	80.00000000
21	180	1	84.00000000	80.00000000
21	181	1	84.00000000	80.00000000
21	182	1	84.00000000	80.00000000
21	183	1	84.00000000	80.00000000
21	184	1	84.00000000	80.00000000
21	185	1	84.00000000	80.00000000
21	186	1	84.00000000	80.00000000
21	187	1	84.00000000	80.00000000
21	188	1	84.00000000	80.00000000
21	189	1	84.00000000	80.00000000
21	190	1	84.00000000	80.00000000
21	191	1	84.00000000	80.00000000
21	192	1	84.00000000	80.00000000
21	193	1	84.00000000	80.00000000
21	194	1	84.00000000	80.00000000
21	195	1	84.00000000	80.00000000
21	196	1	84.00000000	80.00000000
21	197	1	84.00000000	80.00000000
21	198	1	84.00000000	80.00000000
21	199	1	84.00000000	80.00000000
21	200	1	84.00000000	80.00000000
21	201	1	84.00000000	80.00000000
21	202	1	84.00000000	80.00000000
21	203	1	84.00000000	80.00000000
21	204	1	84.00000000	80.00000000
21	205	1	84.00000000	80.00000000
21	206	1	84.00000000	80.00000000
21	207	1	84.00000000	80.00000000
21	208	1	84.00000000	80.00000000
21	209	1	84.00000000	80.00000000
21	210	1	84.00000000	80.00000000
21	211	1	84.00000000	80.00000000
21	212	1	84.00000000	80.00000000
21	213	1	84.00000000	80.00000000
21	214	1	84.00000000	80.00000000
21	215	1	84.00000000	80.00000000
21	216	1	84.00000000	80.00000000
21	217	1	84.00000000	80.00000000
21	218	1	84.00000000	80.00000000
21	219	1	84.00000000	80.00000000
21	220	1	84.00000000	80.00000000
21	221	1	84.00000000	80.00000000
21	222	1	84.00000000	80.00000000
21	223	1	84.00000000	80.00000000
21	224	1	84.00000000	80.00000000
21	225	1	84.00000000	80.00000000
21	226	1	84.00000000	80.00000000
21	227	1	84.00000000	80.00000000
21	228	1	84.00000000	80.00000000
21	229	1	84.00000000	80.00000000
21	230	1	84.00000000	80.00000000
21	231	1	84.00000000	80.00000000
22	0	1	84.00000000	80.00000000
22	1	1	84.00000000	80.00000000
22	2	1	84.00000000	80.00000000
22	3	1	84.00000000	80.00000000
22	4	1	84.00000000	80.00000000
22	5	1	84.00000000	80.00000000
22	6	1	84.00000000	80.00000000
22	7	1	84.00000000	80.00000000
22	8	1	84.00000000	80.00000000
22	9	1	84.00000000	80.00000000
22	10	1	84.00000000	80.00000000
22	11	1	84.00000000	80.00000000
22	12	1	84.00000000	80.00000000
22	13	1	84.00000000	80.00000000
22	14	1	84.00000000	80.00000000
22	15	1	84.00000000	80.00000000
22	16	1	84.00000000	80.00000000
22	17	1	84.00000000	80.00000000
22	18	1	84.00000000	80.00000000
22	19	1	84.00000000	80.00000000
22	20	1	84.00000000	80.00000000
22	21	1	84.00000000	80.00000000
22	22	1	84.00000000	80.00000000
22	23	1	84.00000000	80.00000000
22	24	1	84.00000000	80.00000000
22	25	1	84.00000000	80.00000000
22	26	1	84.00000000	80.00000000
22	27	1	84.00000000	80.00000000
22	28	1	84.00000000	80.00000000
22	29	1	84.00000000	80.00000000
22	30	1	84.00000000	80.00000000
22	31	1	84.00000000	80.00000000
22	32	1	84.00000000	80.00000000
22	33	1	84.00000000	80.00000000
22	34	1	84.00000000	80.00000000
22	35	1	84.00000000	80.00000000
22	36	1	84.00000000	80.00000000
22	37	1	84.00000000	80.00000000
22	38	1	84.00000000	80.00000000
22	39	1	84.00000000	80.00000000
22	40	1	84.00000000	80.00000000
22	41	1	84.00000000	80.00000000
22	42	1	84.00000000	80.00000000
22	43	1	84.00000000	80.00000000
22	44	1	84.00000000	80.00000000
22	45	1	84.00000000	80.00000000
22	46	1	84.00000000	80.00000000
22	47	1	84.00000000	80.00000000
22	48	1	84.00000000	80.00000000
22	49	1	84.00000000	80.00000000
22	50	1	84.00000000	80.00000000
22	51	1	84.00000000	80.00000000
22	52	1	84.00000000	80.00000000
22	53	1	84.00000000	80.00000000
22	54	1	84.00000000	80.00000000
22	55	1	84.00000000	80.00000000
22	56	1	84.00000000	80.00000000
22	57	1	84.00000000	80.00000000
22	58	1	84.00000000	80.00000000
22	59	1	84.00000000	80.00000000
22	60	1	84.00000000	80.00000000
22	61	1	84.00000000	80.00000000
22	62	1	84.00000000	80.00000000
22	63	1	84.00000000	80.00000000
22	64	1	84.00000000	80.00000000
22	65	1	84.00000000	80.00000000
22	66	1	84.00000000	80.00000000
22	67	1	84.00000000	80.00000000
22	68	1	84.00000000	80.00000000
22	69	1	84.00000000	80.00000000
22	70	1	84.00000000	80.00000000
22	71	1	84.00000000	80.00000000
22	72	1	84.00000000	80.00000000
22	73	1	84.00000000	80.00000000
22	74	1	84.00000000	80.00000000
22	75	1	84.00000000	80.00000000
22	76	1	84.00000000	80.00000000
22	77	1	84.00000000	80.00000000
22	78	1	84.00000000	80.00000000
22	79	1	84.00000000	80.00000000
22	80	1	84.00000000	80.00000000
22	81	1	84.00000000	80.00000000
22	82	1	84.00000000	80.00000000
22	83	1	84.00000000	80.00000000
22	84	1	84.00000000	80.00000000
22	85	1	84.00000000	80.00000000
22	86	1	84.00000000	80.00000000
22	87	1	84.00000000	80.00000000
22	88	1	84.00000000	80.00000000
22	89	1	84.00000000	80.00000000
22	90	1	84.00000000	80.00000000
22	91	1	84.00000000	80.00000000
22	92	1	84.00000000	80.00000000
22	93	1	84.00000000	80.00000000
22	94	1	84.00000000	80.00000000
22	95	1	84.00000000	80.00000000
22	96	1	84.00000000	80.00000000
22	97	1	84.00000000	80.00000000
22	98	1	84.00000000	80.00000000
22	99	1	84.00000000	80.00000000
22	100	1	84.00000000	80.00000000
22	101	1	84.00000000	80.00000000
22	102	1	84.00000000	80.00000000
22	103	1	84.00000000	80.00000000
22	104	1	84.00000000	80.00000000
22	105	1	84.00000000	80.00000000
22	106	1	84.00000000	80.00000000
22	107	1	84.00000000	80.00000000
22	108	1	84.00000000	80.00000000
22	109	1	84.00000000	80.00000000
22	110	1	84.00000000	80.00000000
22	111	1	84.00000000	80.00000000
22	112	1	84.00000000	80.00000000
22	113	1	84.00000000	80.00000000
22	114	1	84.00000000	80.00000000
22	115	1	84.00000000	80.00000000
22	116	1	84.00000000	80.00000000
22	117	1	84.00000000	80.00000000
22	118	1	84.00000000	80.00000000
22	119	1	84.00000000	80.00000000
22	120	1	84.00000000	80.00000000
22	121	1	84.00000000	80.00000000
22	122	1	84.00000000	80.00000000
22	123	1	84.00000000	80.00000000
22	124	1	84.00000000	80.00000000
22	125	1	84.00000000	80.00000000
22	126	1	84.00000000	80.00000000
22	127	1	84.00000000	80.00000000
22	128	1	84.00000000	80.00000000
22	129	1	84.00000000	80.00000000
22	130	1	84.00000000	80.00000000
22	131	1	84.00000000	80.00000000
22	132	1	84.00000000	80.00000000
22	133	1	84.00000000	80.00000000
22	134	1	84.00000000	80.00000000
22	135	1	84.00000000	80.00000000
22	136	1	84.00000000	80.00000000
22	137	1	84.00000000	80.00000000
22	138	1	84.00000000	80.00000000
22	139	1	84.00000000	80.00000000
22	140	1	84.00000000	80.00000000
22	141	1	84.00000000	80.00000000
22	142	1	84.00000000	80.00000000
22	143	1	84.00000000	80.00000000
22	144	1	84.00000000	80.00000000
22	145	1	84.00000000	80.00000000
22	146	1	84.00000000	80.00000000
22	147	1	84.00000000	80.00000000
22	148	1	84.00000000	80.00000000
22	149	1	84.00000000	80.00000000
22	150	1	84.00000000	80.00000000
22	151	1	84.00000000	80.00000000
22	152	1	84.00000000	80.00000000
22	153	1	84.00000000	80.00000000
22	154	1	84.00000000	80.00000000
22	155	1	84.00000000	80.00000000
22	156	1	84.00000000	80.00000000
22	157	1	84.00000000	80.00000000
22	158	1	84.00000000	80.00000000
22	159	1	84.00000000	80.00000000
22	160	1	84.00000000	80.00000000
22	161	1	84.00000000	80.00000000
22	162	1	84.00000000	80.00000000
22	163	1	84.00000000	80.00000000
22	164	1	84.00000000	80.00000000
22	165	1	84.00000000	80.00000000
22	166	1	84.00000000	80.00000000
22	167	1	84.00000000	80.00000000
22	168	1	84.00000000	80.00000000
22	169	1	84.00000000	80.00000000
22	170	1	84.00000000	80.00000000
22	171	1	84.00000000	80.00000000
22	172	1	84.00000000	80.00000000
22	173	1	84.00000000	80.00000000
22	174	1	84.00000000	80.00000000
22	175	1	84.00000000	80.00000000
22	176	1	84.00000000	80.00000000
22	177	1	84.00000000	80.00000000
22	178	1	84.00000000	80.00000000
22	179	1	84.00000000	80.00000000
22	180	1	84.00000000	80.00000000
22	181	1	84.00000000	80.00000000
22	182	1	84.00000000	80.00000000
22	183	1	84.00000000	80.00000000
22	184	1	84.00000000	80.00000000
22	185	1	84.00000000	80.00000000
22	186	1	84.00000000	80.00000000
22	187	1	84.00000000	80.00000000
22	188	1	84.00000000	80.00000000
22	189	1	84.00000000	80.00000000
22	190	1	84.00000000	80.00000000
22	191	1	84.00000000	80.00000000
22	192	1	84.00000000	80.00000000
22	193	1	84.00000000	80.00000000
22	194	1	84.00000000	80.00000000
22	195	1	84.00000000	80.00000000
22	196	1	84.00000000	80.00000000
22	197	1	84.00000000	80.00000000
22	198	1	84.00000000	80.00000000
22	199	1	84.00000000	80.00000000
22	200	1	84.00000000	80.00000000
22	201	1	84.00000000	80.00000000
22	202	1	84.00000000	80.00000000
22	203	1	84.00000000	80.00000000
22	204	1	84.00000000	80.00000000
22	205	1	84.00000000	80.00000000
22	206	1	84.00000000	80.00000000
22	207	1	84.00000000	80.00000000
22	208	1	84.00000000	80.00000000
22	209	1	84.00000000	80.00000000
22	210	1	84.00000000	80.00000000
22	211	1	84.00000000	80.00000000
22	212	1	84.00000000	80.00000000
22	213	1	84.00000000	80.00000000
22	214	1	84.00000000	80.00000000
22	215	1	84.00000000	80.00000000
22	216	1	84.00000000	80.00000000
22	217	1	84.00000000	80.00000000
23	0	1	84.00000000	80.00000000
23	1	1	84.00000000	80.00000000
23	2	1	84.00000000	80.00000000
23	3	1	84.00000000	80.00000000
23	4	1	84.00000000	80.00000000
23	5	1	84.00000000	80.00000000
23	6	1	84.00000000	80.00000000
23	7	1	84.00000000	80.00000000
23	8	1	84.00000000	80.00000000
23	9	1	84.00000000	80.00000000
23	10	1	84.00000000	80.00000000
23	11	1	84.00000000	80.00000000
23	12	1	84.00000000	80.00000000
23	13	1	84.00000000	80.00000000
23	14	1	84.00000000	80.00000000
23	15	1	84.00000000	80.00000000
23	16	1	84.00000000	80.00000000
23	17	1	84.00000000	80.00000000
23	18	1	84.00000000	80.00000000
23	19	1	84.00000000	80.00000000
23	20	1	84.00000000	80.00000000
23	21	1	84.00000000	80.00000000
23	22	1	84.00000000	80.00000000
23	23	1	84.00000000	80.00000000
23	24	1	84.00000000	80.00000000
23	25	1	84.00000000	80.00000000
23	26	1	84.00000000	80.00000000
23	27	1	84.00000000	80.00000000
23	28	1	84.00000000	80.00000000
23	29	1	84.00000000	80.00000000
23	30	1	84.00000000	80.00000000
23	31	1	84.00000000	80.00000000
23	32	1	84.00000000	80.00000000
23	33	1	84.00000000	80.00000000
23	34	1	84.00000000	80.00000000
23	35	1	84.00000000	80.00000000
23	36	1	84.00000000	80.00000000
23	37	1	84.00000000	80.00000000
23	38	1	84.00000000	80.00000000
23	39	1	84.00000000	80.00000000
23	40	1	84.00000000	80.00000000
23	41	1	84.00000000	80.00000000
23	42	1	84.00000000	80.00000000
23	43	1	84.00000000	80.00000000
23	44	1	84.00000000	80.00000000
23	45	1	84.00000000	80.00000000
23	46	1	84.00000000	80.00000000
23	47	1	84.00000000	80.00000000
23	48	1	84.00000000	80.00000000
23	49	1	84.00000000	80.00000000
23	50	1	84.00000000	80.00000000
23	51	1	84.00000000	80.00000000
23	52	1	84.00000000	80.00000000
23	53	1	84.00000000	80.00000000
23	54	1	84.00000000	80.00000000
23	55	1	84.00000000	80.00000000
23	56	1	84.00000000	80.00000000
23	57	1	84.00000000	80.00000000
23	58	1	84.00000000	80.00000000
23	59	1	84.00000000	80.00000000
23	60	1	84.00000000	80.00000000
23	61	1	84.00000000	80.00000000
23	62	1	84.00000000	80.00000000
23	63	1	84.00000000	80.00000000
23	64	1	84.00000000	80.00000000
23	65	1	84.00000000	80.00000000
23	66	1	84.00000000	80.00000000
23	67	1	84.00000000	80.00000000
23	68	1	84.00000000	80.00000000
23	69	1	84.00000000	80.00000000
23	70	1	84.00000000	80.00000000
23	71	1	84.00000000	80.00000000
23	72	1	84.00000000	80.00000000
23	73	1	84.00000000	80.00000000
23	74	1	84.00000000	80.00000000
23	75	1	84.00000000	80.00000000
23	76	1	84.00000000	80.00000000
23	77	1	84.00000000	80.00000000
23	78	1	84.00000000	80.00000000
23	79	1	84.00000000	80.00000000
23	80	1	84.00000000	80.00000000
23	81	1	84.00000000	80.00000000
23	82	1	84.00000000	80.00000000
23	83	1	84.00000000	80.00000000
23	84	1	84.00000000	80.00000000
23	85	1	84.00000000	80.00000000
23	86	1	84.00000000	80.00000000
23	87	1	84.00000000	80.00000000
23	88	1	84.00000000	80.00000000
23	89	1	84.00000000	80.00000000
23	90	1	84.00000000	80.00000000
23	91	1	84.00000000	80.00000000
23	92	1	84.00000000	80.00000000
23	93	1	84.00000000	80.00000000
23	94	1	84.00000000	80.00000000
23	95	1	84.00000000	80.00000000
23	96	1	84.00000000	80.00000000
23	97	1	84.00000000	80.00000000
23	98	1	84.00000000	80.00000000
23	99	1	84.00000000	80.00000000
23	100	1	84.00000000	80.00000000
23	101	1	84.00000000	80.00000000
23	102	1	84.00000000	80.00000000
23	103	1	84.00000000	80.00000000
23	104	1	84.00000000	80.00000000
23	105	1	84.00000000	80.00000000
23	106	1	84.00000000	80.00000000
23	107	1	84.00000000	80.00000000
23	108	1	84.00000000	80.00000000
23	109	1	84.00000000	80.00000000
23	110	1	84.00000000	80.00000000
23	111	1	84.00000000	80.00000000
23	112	1	84.00000000	80.00000000
23	113	1	84.00000000	80.00000000
23	114	1	84.00000000	80.00000000
23	115	1	84.00000000	80.00000000
23	116	1	84.00000000	80.00000000
23	117	1	84.00000000	80.00000000
23	118	1	84.00000000	80.00000000
23	119	1	84.00000000	80.00000000
23	120	1	84.00000000	80.00000000
23	121	1	84.00000000	80.00000000
23	122	1	84.00000000	80.00000000
23	123	1	84.00000000	80.00000000
23	124	1	84.00000000	80.00000000
23	125	1	84.00000000	80.00000000
23	126	1	84.00000000	80.00000000
23	127	1	84.00000000	80.00000000
23	128	1	84.00000000	80.00000000
23	129	1	84.00000000	80.00000000
23	130	1	84.00000000	80.00000000
23	131	1	84.00000000	80.00000000
23	132	1	84.00000000	80.00000000
23	133	1	84.00000000	80.00000000
23	134	1	84.00000000	80.00000000
23	135	1	84.00000000	80.00000000
23	136	1	84.00000000	80.00000000
23	137	1	84.00000000	80.00000000
23	138	1	84.00000000	80.00000000
23	139	1	84.00000000	80.00000000
23	140	1	84.00000000	80.00000000
23	141	1	84.00000000	80.00000000
23	142	1	84.00000000	80.00000000
23	143	1	84.00000000	80.00000000
23	144	1	84.00000000	80.00000000
23	145	1	84.00000000	80.00000000
23	146	1	84.00000000	80.00000000
23	147	1	84.00000000	80.00000000
23	148	1	84.00000000	80.00000000
23	149	1	84.00000000	80.00000000
23	150	1	84.00000000	80.00000000
23	151	1	84.00000000	80.00000000
23	152	1	84.00000000	80.00000000
23	153	1	84.00000000	80.00000000
23	154	1	84.00000000	80.00000000
23	155	1	84.00000000	80.00000000
23	156	1	84.00000000	80.00000000
23	157	1	84.00000000	80.00000000
23	158	1	84.00000000	80.00000000
23	159	1	84.00000000	80.00000000
23	160	1	84.00000000	80.00000000
23	161	1	84.00000000	80.00000000
23	162	1	84.00000000	80.00000000
23	163	1	84.00000000	80.00000000
23	164	1	84.00000000	80.00000000
23	165	1	84.00000000	80.00000000
23	166	1	84.00000000	80.00000000
23	167	1	84.00000000	80.00000000
23	168	1	84.00000000	80.00000000
23	169	1	84.00000000	80.00000000
23	170	1	84.00000000	80.00000000
23	171	1	84.00000000	80.00000000
23	172	1	84.00000000	80.00000000
23	173	1	84.00000000	80.00000000
23	174	1	84.00000000	80.00000000
23	175	1	84.00000000	80.00000000
23	176	1	84.00000000	80.00000000
23	177	1	84.00000000	80.00000000
23	178	1	84.00000000	80.00000000
23	179	1	84.00000000	80.00000000
23	180	1	84.00000000	80.00000000
23	181	1	84.00000000	80.00000000
23	182	1	84.00000000	80.00000000
23	183	1	84.00000000	80.00000000
23	184	1	84.00000000	80.00000000
23	185	1	84.00000000	80.00000000
23	186	1	84.00000000	80.00000000
23	187	1	84.00000000	80.00000000
23	188	1	84.00000000	80.00000000
23	189	1	84.00000000	80.00000000
23	190	1	84.00000000	80.00000000
23	191	1	84.00000000	80.00000000
23	192	1	84.00000000	80.00000000
23	193	1	84.00000000	80.00000000
23	194	1	84.00000000	80.00000000
23	195	1	84.00000000	80.00000000
23	196	1	84.00000000	80.00000000
23	197	1	84.00000000	80.00000000
23	198	1	84.00000000	80.00000000
23	199	1	84.00000000	80.00000000
23	200	1	84.00000000	80.00000000
23	201	1	84.00000000	80.00000000
23	202	1	84.00000000	80.00000000
23	203	1	84.00000000	80.00000000
23	204	1	84.00000000	80.00000000
23	205	1	84.00000000	80.00000000
23	206	1	84.00000000	80.00000000
23	207	1	84.00000000	80.00000000
23	208	1	84.00000000	80.00000000
23	209	1	84.00000000	80.00000000
24	0	1	84.00000000	80.00000000
24	1	1	84.00000000	80.00000000
24	2	1	84.00000000	80.00000000
24	3	1	84.00000000	80.00000000
24	4	1	84.00000000	80.00000000
24	5	1	84.00000000	80.00000000
24	6	1	84.00000000	80.00000000
24	7	1	84.00000000	80.00000000
24	8	1	84.00000000	80.00000000
24	9	1	84.00000000	80.00000000
24	10	1	84.00000000	80.00000000
24	11	1	84.00000000	80.00000000
24	12	1	84.00000000	80.00000000
24	13	1	84.00000000	80.00000000
24	14	1	84.00000000	80.00000000
24	15	1	84.00000000	80.00000000
24	16	1	84.00000000	80.00000000
24	17	1	84.00000000	80.00000000
24	18	1	84.00000000	80.00000000
24	19	1	84.00000000	80.00000000
24	20	1	84.00000000	80.00000000
24	21	1	84.00000000	80.00000000
24	22	1	84.00000000	80.00000000
24	23	1	84.00000000	80.00000000
24	24	1	84.00000000	80.00000000
24	25	1	84.00000000	80.00000000
24	26	1	84.00000000	80.00000000
24	27	1	84.00000000	80.00000000
24	28	1	84.00000000	80.00000000
24	29	1	84.00000000	80.00000000
24	30	1	84.00000000	80.00000000
24	31	1	84.00000000	80.00000000
24	32	1	84.00000000	80.00000000
24	33	1	84.00000000	80.00000000
24	34	1	84.00000000	80.00000000
24	35	1	84.00000000	80.00000000
24	36	1	84.00000000	80.00000000
24	37	1	84.00000000	80.00000000
24	38	1	84.00000000	80.00000000
24	39	1	84.00000000	80.00000000
24	40	1	84.00000000	80.00000000
24	41	1	84.00000000	80.00000000
24	42	1	84.00000000	80.00000000
24	43	1	84.00000000	80.00000000
24	44	1	84.00000000	80.00000000
24	45	1	84.00000000	80.00000000
24	46	1	84.00000000	80.00000000
24	47	1	84.00000000	80.00000000
24	48	1	84.00000000	80.00000000
24	49	1	84.00000000	80.00000000
24	50	1	84.00000000	80.00000000
24	51	1	84.00000000	80.00000000
24	52	1	84.00000000	80.00000000
24	53	1	84.00000000	80.00000000
24	54	1	84.00000000	80.00000000
24	55	1	84.00000000	80.00000000
24	56	1	84.00000000	80.00000000
24	57	1	84.00000000	80.00000000
24	58	1	84.00000000	80.00000000
24	59	1	84.00000000	80.00000000
24	60	1	84.00000000	80.00000000
24	61	1	84.00000000	80.00000000
24	62	1	84.00000000	80.00000000
24	63	1	84.00000000	80.00000000
24	64	1	84.00000000	80.00000000
24	65	1	84.00000000	80.00000000
24	66	1	84.00000000	80.00000000
24	67	1	84.00000000	80.00000000
24	68	1	84.00000000	80.00000000
24	69	1	84.00000000	80.00000000
24	70	1	84.00000000	80.00000000
24	71	1	84.00000000	80.00000000
24	72	1	84.00000000	80.00000000
24	73	1	84.00000000	80.00000000
24	74	1	84.00000000	80.00000000
24	75	1	84.00000000	80.00000000
24	76	1	84.00000000	80.00000000
24	77	1	84.00000000	80.00000000
24	78	1	84.00000000	80.00000000
24	79	1	84.00000000	80.00000000
24	80	1	84.00000000	80.00000000
24	81	1	84.00000000	80.00000000
24	82	1	84.00000000	80.00000000
24	83	1	84.00000000	80.00000000
24	84	1	84.00000000	80.00000000
24	85	1	84.00000000	80.00000000
24	86	1	84.00000000	80.00000000
24	87	1	84.00000000	80.00000000
24	88	1	84.00000000	80.00000000
24	89	1	84.00000000	80.00000000
24	90	1	84.00000000	80.00000000
24	91	1	84.00000000	80.00000000
24	92	1	84.00000000	80.00000000
24	93	1	84.00000000	80.00000000
24	94	1	84.00000000	80.00000000
24	95	1	84.00000000	80.00000000
24	96	1	84.00000000	80.00000000
24	97	1	84.00000000	80.00000000
24	98	1	84.00000000	80.00000000
24	99	1	84.00000000	80.00000000
24	100	1	84.00000000	80.00000000
24	101	1	84.00000000	80.00000000
24	102	1	84.00000000	80.00000000
24	103	1	84.00000000	80.00000000
24	104	1	84.00000000	80.00000000
24	105	1	84.00000000	80.00000000
24	106	1	84.00000000	80.00000000
24	107	1	84.00000000	80.00000000
24	108	1	84.00000000	80.00000000
24	109	1	84.00000000	80.00000000
24	110	1	84.00000000	80.00000000
24	111	1	84.00000000	80.00000000
24	112	1	84.00000000	80.00000000
24	113	1	84.00000000	80.00000000
24	114	1	84.00000000	80.00000000
24	115	1	84.00000000	80.00000000
24	116	1	84.00000000	80.00000000
24	117	1	84.00000000	80.00000000
24	118	1	84.00000000	80.00000000
24	119	1	84.00000000	80.00000000
24	120	1	84.00000000	80.00000000
24	121	1	84.00000000	80.00000000
24	122	1	84.00000000	80.00000000
24	123	1	84.00000000	80.00000000
24	124	1	84.00000000	80.00000000
24	125	1	84.00000000	80.00000000
24	126	1	84.00000000	80.00000000
24	127	1	84.00000000	80.00000000
24	128	1	84.00000000	80.00000000
24	129	1	84.00000000	80.00000000
24	130	1	84.00000000	80.00000000
24	131	1	84.00000000	80.00000000
24	132	1	84.00000000	80.00000000
24	133	1	84.00000000	80.00000000
24	134	1	84.00000000	80.00000000
24	135	1	84.00000000	80.00000000
24	136	1	84.00000000	80.00000000
24	137	1	84.00000000	80.00000000
24	138	1	84.00000000	80.00000000
24	139	1	84.00000000	80.00000000
24	140	1	84.00000000	80.00000000
24	141	1	84.00000000	80.00000000
24	142	1	84.00000000	80.00000000
24	143	1	84.00000000	80.00000000
24	144	1	84.00000000	80.00000000
24	145	1	84.00000000	80.00000000
24	146	1	84.00000000	80.00000000
24	147	1	84.00000000	80.00000000
24	148	1	84.00000000	80.00000000
24	149	1	84.00000000	80.00000000
24	150	1	84.00000000	80.00000000
24	151	1	84.00000000	80.00000000
24	152	1	84.00000000	80.00000000
24	153	1	84.00000000	80.00000000
24	154	1	84.00000000	80.00000000
24	155	1	84.00000000	80.00000000
24	156	1	84.00000000	80.00000000
24	157	1	84.00000000	80.00000000
24	158	1	84.00000000	80.00000000
24	159	1	84.00000000	80.00000000
24	160	1	84.00000000	80.00000000
24	161	1	84.00000000	80.00000000
24	162	1	84.00000000	80.00000000
24	163	1	84.00000000	80.00000000
24	164	1	84.00000000	80.00000000
24	165	1	84.00000000	80.00000000
24	166	1	84.00000000	80.00000000
24	167	1	84.00000000	80.00000000
24	168	1	84.00000000	80.00000000
24	169	1	84.00000000	80.00000000
24	170	1	84.00000000	80.00000000
24	171	1	84.00000000	80.00000000
24	172	1	84.00000000	80.00000000
24	173	1	84.00000000	80.00000000
24	174	1	84.00000000	80.00000000
24	175	1	84.00000000	80.00000000
24	176	1	84.00000000	80.00000000
24	177	1	84.00000000	80.00000000
24	178	1	84.00000000	80.00000000
24	179	1	84.00000000	80.00000000
24	180	1	84.00000000	80.00000000
24	181	1	84.00000000	80.00000000
24	182	1	84.00000000	80.00000000
24	183	1	84.00000000	80.00000000
24	184	1	84.00000000	80.00000000
24	185	1	84.00000000	80.00000000
24	186	1	84.00000000	80.00000000
24	187	1	84.00000000	80.00000000
24	188	1	84.00000000	80.00000000
24	189	1	84.00000000	80.00000000
24	190	1	84.00000000	80.00000000
24	191	1	84.00000000	80.00000000
24	192	1	84.00000000	80.00000000
24	193	1	84.00000000	80.00000000
24	194	1	84.00000000	80.00000000
24	195	1	84.00000000	80.00000000
24	196	1	84.00000000	80.00000000
24	197	1	84.00000000	80.00000000
24	198	1	84.00000000	80.00000000
24	199	1	84.00000000	80.00000000
24	200	1	84.00000000	80.00000000
24	201	1	84.00000000	80.00000000
24	202	1	84.00000000	80.00000000
24	203	1	84.00000000	80.00000000
24	204	1	84.00000000	80.00000000
24	205	1	84.00000000	80.00000000
25	0	1	84.00000000	80.00000000
25	1	1	84.00000000	80.00000000
25	2	1	84.00000000	80.00000000
25	3	1	84.00000000	80.00000000
25	4	1	84.00000000	80.00000000
25	5	1	84.00000000	80.00000000
25	6	1	84.00000000	80.00000000
25	7	1	84.00000000	80.00000000
25	8	1	84.00000000	80.00000000
25	9	1	84.00000000	80.00000000
25	10	1	84.00000000	80.00000000
25	11	1	84.00000000	80.00000000
25	12	1	84.00000000	80.00000000
25	13	1	84.00000000	80.00000000
25	14	1	84.00000000	80.00000000
25	15	1	84.00000000	80.00000000
25	16	1	84.00000000	80.00000000
25	17	1	84.00000000	80.00000000
25	18	1	84.00000000	80.00000000
25	19	1	84.00000000	80.00000000
25	20	1	84.00000000	80.00000000
25	21	1	84.00000000	80.00000000
25	22	1	84.00000000	80.00000000
25	23	1	84.00000000	80.00000000
25	24	1	84.00000000	80.00000000
25	25	1	84.00000000	80.00000000
25	26	1	84.00000000	80.00000000
25	27	1	84.00000000	80.00000000
25	28	1	84.00000000	80.00000000
25	29	1	84.00000000	80.00000000
25	30	1	84.00000000	80.00000000
25	31	1	84.00000000	80.00000000
25	32	1	84.00000000	80.00000000
25	33	1	84.00000000	80.00000000
25	34	1	84.00000000	80.00000000
25	35	1	84.00000000	80.00000000
25	36	1	84.00000000	80.00000000
25	37	1	84.00000000	80.00000000
25	38	1	84.00000000	80.00000000
25	39	1	84.00000000	80.00000000
25	40	1	84.00000000	80.00000000
25	41	1	84.00000000	80.00000000
25	42	1	84.00000000	80.00000000
25	43	1	84.00000000	80.00000000
25	44	1	84.00000000	80.00000000
25	45	1	84.00000000	80.00000000
25	46	1	84.00000000	80.00000000
25	47	1	84.00000000	80.00000000
25	48	1	84.00000000	80.00000000
25	49	1	84.00000000	80.00000000
25	50	1	84.00000000	80.00000000
25	51	1	84.00000000	80.00000000
25	52	1	84.00000000	80.00000000
25	53	1	84.00000000	80.00000000
25	54	1	84.00000000	80.00000000
25	55	1	84.00000000	80.00000000
25	56	1	84.00000000	80.00000000
25	57	1	84.00000000	80.00000000
25	58	1	84.00000000	80.00000000
25	59	1	84.00000000	80.00000000
25	60	1	84.00000000	80.00000000
25	61	1	84.00000000	80.00000000
25	62	1	84.00000000	80.00000000
25	63	1	84.00000000	80.00000000
25	64	1	84.00000000	80.00000000
25	65	1	84.00000000	80.00000000
25	66	1	84.00000000	80.00000000
25	67	1	84.00000000	80.00000000
25	68	1	84.00000000	80.00000000
25	69	1	84.00000000	80.00000000
25	70	1	84.00000000	80.00000000
25	71	1	84.00000000	80.00000000
25	72	1	84.00000000	80.00000000
25	73	1	84.00000000	80.00000000
25	74	1	84.00000000	80.00000000
25	75	1	84.00000000	80.00000000
25	76	1	84.00000000	80.00000000
25	77	1	84.00000000	80.00000000
25	78	1	84.00000000	80.00000000
25	79	1	84.00000000	80.00000000
25	80	1	84.00000000	80.00000000
25	81	1	84.00000000	80.00000000
25	82	1	84.00000000	80.00000000
25	83	1	84.00000000	80.00000000
25	84	1	84.00000000	80.00000000
25	85	1	84.00000000	80.00000000
25	86	1	84.00000000	80.00000000
25	87	1	84.00000000	80.00000000
25	88	1	84.00000000	80.00000000
25	89	1	84.00000000	80.00000000
25	90	1	84.00000000	80.00000000
25	91	1	84.00000000	80.00000000
25	92	1	84.00000000	80.00000000
25	93	1	84.00000000	80.00000000
25	94	1	84.00000000	80.00000000
25	95	1	84.00000000	80.00000000
25	96	1	84.00000000	80.00000000
25	97	1	84.00000000	80.00000000
25	98	1	84.00000000	80.00000000
25	99	1	84.00000000	80.00000000
25	100	1	84.00000000	80.00000000
25	101	1	84.00000000	80.00000000
25	102	1	84.00000000	80.00000000
25	103	1	84.00000000	80.00000000
25	104	1	84.00000000	80.00000000
25	105	1	84.00000000	80.00000000
25	106	1	84.00000000	80.00000000
25	107	1	84.00000000	80.00000000
25	108	1	84.00000000	80.00000000
25	109	1	84.00000000	80.00000000
25	110	1	84.00000000	80.00000000
25	111	1	84.00000000	80.00000000
25	112	1	84.00000000	80.00000000
25	113	1	84.00000000	80.00000000
25	114	1	84.00000000	80.00000000
25	115	1	84.00000000	80.00000000
25	116	1	84.00000000	80.00000000
25	117	1	84.00000000	80.00000000
25	118	1	84.00000000	80.00000000
25	119	1	84.00000000	80.00000000
25	120	1	84.00000000	80.00000000
25	121	1	84.00000000	80.00000000
25	122	1	84.00000000	80.00000000
25	123	1	84.00000000	80.00000000
25	124	1	84.00000000	80.00000000
25	125	1	84.00000000	80.00000000
25	126	1	84.00000000	80.00000000
25	127	1	84.00000000	80.00000000
25	128	1	84.00000000	80.00000000
25	129	1	84.00000000	80.00000000
25	130	1	84.00000000	80.00000000
25	131	1	84.00000000	80.00000000
25	132	1	84.00000000	80.00000000
25	133	1	84.00000000	80.00000000
25	134	1	84.00000000	80.00000000
25	135	1	84.00000000	80.00000000
25	136	1	84.00000000	80.00000000
25	137	1	84.00000000	80.00000000
25	138	1	84.00000000	80.00000000
25	139	1	84.00000000	80.00000000
25	140	1	84.00000000	80.00000000
25	141	1	84.00000000	80.00000000
25	142	1	84.00000000	80.00000000
25	143	1	84.00000000	80.00000000
25	144	1	84.00000000	80.00000000
25	145	1	84.00000000	80.00000000
25	146	1	84.00000000	80.00000000
25	147	1	84.00000000	80.00000000
25	148	1	84.00000000	80.00000000
25	149	1	84.00000000	80.00000000
25	150	1	84.00000000	80.00000000
25	151	1	84.00000000	80.00000000
25	152	1	84.00000000	80.00000000
25	153	1	84.00000000	80.00000000
25	154	1	84.00000000	80.00000000
25	155	1	84.00000000	80.00000000
25	156	1	84.00000000	80.00000000
25	157	1	84.00000000	80.00000000
25	158	1	84.00000000	80.00000000
25	159	1	84.00000000	80.00000000
25	160	1	84.00000000	80.00000000
25	161	1	84.00000000	80.00000000
25	162	1	84.00000000	80.00000000
25	163	1	84.00000000	80.00000000
25	164	1	84.00000000	80.00000000
25	165	1	84.00000000	80.00000000
25	166	1	84.00000000	80.00000000
25	167	1	84.00000000	80.00000000
25	168	1	84.00000000	80.00000000
25	169	1	84.00000000	80.00000000
25	170	1	84.00000000	80.00000000
25	171	1	84.00000000	80.00000000
25	172	1	84.00000000	80.00000000
25	173	1	84.00000000	80.00000000
25	174	1	84.00000000	80.00000000
25	175	1	84.00000000	80.00000000
25	176	1	84.00000000	80.00000000
25	177	1	84.00000000	80.00000000
25	178	1	84.00000000	80.00000000
25	179	1	84.00000000	80.00000000
25	180	1	84.00000000	80.00000000
25	181	1	84.00000000	80.00000000
25	182	1	84.00000000	80.00000000
25	183	1	84.00000000	80.00000000
25	184	1	84.00000000	80.00000000
25	185	1	84.00000000	80.00000000
25	186	1	84.00000000	80.00000000
25	187	1	84.00000000	80.00000000
25	188	1	84.00000000	80.00000000
25	189	1	84.00000000	80.00000000
25	190	1	84.00000000	80.00000000
25	191	1	84.00000000	80.00000000
25	192	1	84.00000000	80.00000000
25	193	1	84.00000000	80.00000000
25	194	1	84.00000000	80.00000000
25	195	1	84.00000000	80.00000000
25	196	1	84.00000000	80.00000000
25	197	1	84.00000000	80.00000000
25	198	1	84.00000000	80.00000000
25	199	1	84.00000000	80.00000000
25	200	1	84.00000000	80.00000000
25	201	1	84.00000000	80.00000000
26	0	1	84.00000000	80.00000000
26	1	1	84.00000000	80.00000000
26	2	1	84.00000000	80.00000000
26	3	1	84.00000000	80.00000000
26	4	1	84.00000000	80.00000000
26	5	1	84.00000000	80.00000000
26	6	1	84.00000000	80.00000000
26	7	1	84.00000000	80.00000000
26	8	1	84.00000000	80.00000000
26	9	1	84.00000000	80.00000000
26	10	1	84.00000000	80.00000000
26	11	1	84.00000000	80.00000000
26	12	1	84.00000000	80.00000000
26	13	1	84.00000000	80.00000000
26	14	1	84.00000000	80.00000000
26	15	1	84.00000000	80.00000000
26	16	1	84.00000000	80.00000000
26	17	1	84.00000000	80.00000000
26	18	1	84.00000000	80.00000000
26	19	1	84.00000000	80.00000000
26	20	1	84.00000000	80.00000000
26	21	1	84.00000000	80.00000000
26	22	1	84.00000000	80.00000000
26	23	1	84.00000000	80.00000000
26	24	1	84.00000000	80.00000000
26	25	1	84.00000000	80.00000000
26	26	1	84.00000000	80.00000000
26	27	1	84.00000000	80.00000000
26	28	1	84.00000000	80.00000000
26	29	1	84.00000000	80.00000000
26	30	1	84.00000000	80.00000000
26	31	1	84.00000000	80.00000000
26	32	1	84.00000000	80.00000000
26	33	1	84.00000000	80.00000000
26	34	1	84.00000000	80.00000000
26	35	1	84.00000000	80.00000000
26	36	1	84.00000000	80.00000000
26	37	1	84.00000000	80.00000000
26	38	1	84.00000000	80.00000000
26	39	1	84.00000000	80.00000000
26	40	1	84.00000000	80.00000000
26	41	1	84.00000000	80.00000000
26	42	1	84.00000000	80.00000000
26	43	1	84.00000000	80.00000000
26	44	1	84.00000000	80.00000000
26	45	1	84.00000000	80.00000000
26	46	1	84.00000000	80.00000000
26	47	1	84.00000000	80.00000000
26	48	1	84.00000000	80.00000000
26	49	1	84.00000000	80.00000000
26	50	1	84.00000000	80.00000000
26	51	1	84.00000000	80.00000000
26	52	1	84.00000000	80.00000000
26	53	1	84.00000000	80.00000000
26	54	1	84.00000000	80.00000000
26	55	1	84.00000000	80.00000000
26	56	1	84.00000000	80.00000000
26	57	1	84.00000000	80.00000000
26	58	1	84.00000000	80.00000000
26	59	1	84.00000000	80.00000000
26	60	1	84.00000000	80.00000000
26	61	1	84.00000000	80.00000000
26	62	1	84.00000000	80.00000000
26	63	1	84.00000000	80.00000000
26	64	1	84.00000000	80.00000000
26	65	1	84.00000000	80.00000000
26	66	1	84.00000000	80.00000000
26	67	1	84.00000000	80.00000000
26	68	1	84.00000000	80.00000000
26	69	1	84.00000000	80.00000000
26	70	1	84.00000000	80.00000000
26	71	1	84.00000000	80.00000000
26	72	1	84.00000000	80.00000000
26	73	1	84.00000000	80.00000000
26	74	1	84.00000000	80.00000000
26	75	1	84.00000000	80.00000000
26	76	1	84.00000000	80.00000000
26	77	1	84.00000000	80.00000000
26	78	1	84.00000000	80.00000000
26	79	1	84.00000000	80.00000000
26	80	1	84.00000000	80.00000000
26	81	1	84.00000000	80.00000000
26	82	1	84.00000000	80.00000000
26	83	1	84.00000000	80.00000000
26	84	1	84.00000000	80.00000000
26	85	1	84.00000000	80.00000000
26	86	1	84.00000000	80.00000000
26	87	1	84.00000000	80.00000000
26	88	1	84.00000000	80.00000000
26	89	1	84.00000000	80.00000000
26	90	1	84.00000000	80.00000000
26	91	1	84.00000000	80.00000000
26	92	1	84.00000000	80.00000000
26	93	1	84.00000000	80.00000000
26	94	1	84.00000000	80.00000000
26	95	1	84.00000000	80.00000000
26	96	1	84.00000000	80.00000000
26	97	1	84.00000000	80.00000000
26	98	1	84.00000000	80.00000000
26	99	1	84.00000000	80.00000000
26	100	1	84.00000000	80.00000000
26	101	1	84.00000000	80.00000000
26	102	1	84.00000000	80.00000000
26	103	1	84.00000000	80.00000000
26	104	1	84.00000000	80.00000000
26	105	1	84.00000000	80.00000000
26	106	1	84.00000000	80.00000000
26	107	1	84.00000000	80.00000000
26	108	1	84.00000000	80.00000000
26	109	1	84.00000000	80.00000000
26	110	1	84.00000000	80.00000000
26	111	1	84.00000000	80.00000000
26	112	1	84.00000000	80.00000000
26	113	1	84.00000000	80.00000000
26	114	1	84.00000000	80.00000000
26	115	1	84.00000000	80.00000000
26	116	1	84.00000000	80.00000000
26	117	1	84.00000000	80.00000000
26	118	1	84.00000000	80.00000000
26	119	1	84.00000000	80.00000000
26	120	1	84.00000000	80.00000000
26	121	1	84.00000000	80.00000000
26	122	1	84.00000000	80.00000000
26	123	1	84.00000000	80.00000000
26	124	1	84.00000000	80.00000000
26	125	1	84.00000000	80.00000000
26	126	1	84.00000000	80.00000000
26	127	1	84.00000000	80.00000000
26	128	1	84.00000000	80.00000000
26	129	1	84.00000000	80.00000000
26	130	1	84.00000000	80.00000000
26	131	1	84.00000000	80.00000000
26	132	1	84.00000000	80.00000000
26	133	1	84.00000000	80.00000000
26	134	1	84.00000000	80.00000000
26	135	1	84.00000000	80.00000000
26	136	1	84.00000000	80.00000000
26	137	1	84.00000000	80.00000000
26	138	1	84.00000000	80.00000000
26	139	1	84.00000000	80.00000000
26	140	1	84.00000000	80.00000000
26	141	1	84.00000000	80.00000000
26	142	1	84.00000000	80.00000000
26	143	1	84.00000000	80.00000000
26	144	1	84.00000000	80.00000000
26	145	1	84.00000000	80.00000000
26	146	1	84.00000000	80.00000000
26	147	1	84.00000000	80.00000000
26	148	1	84.00000000	80.00000000
26	149	1	84.00000000	80.00000000
26	150	1	84.00000000	80.00000000
26	151	1	84.00000000	80.00000000
26	152	1	84.00000000	80.00000000
26	153	1	84.00000000	80.00000000
26	154	1	84.00000000	80.00000000
26	155	1	84.00000000	80.00000000
26	156	1	84.00000000	80.00000000
26	157	1	84.00000000	80.00000000
26	158	1	84.00000000	80.00000000
26	159	1	84.00000000	80.00000000
26	160	1	84.00000000	80.00000000
26	161	1	84.00000000	80.00000000
26	162	1	84.00000000	80.00000000
26	163	1	84.00000000	80.00000000
26	164	1	84.00000000	80.00000000
26	165	1	84.00000000	80.00000000
26	166	1	84.00000000	80.00000000
26	167	1	84.00000000	80.00000000
26	168	1	84.00000000	80.00000000
26	169	1	84.00000000	80.00000000
26	170	1	84.00000000	80.00000000
26	171	1	84.00000000	80.00000000
26	172	1	84.00000000	80.00000000
26	173	1	84.00000000	80.00000000
26	174	1	84.00000000	80.00000000
26	175	1	84.00000000	80.00000000
26	176	1	84.00000000	80.00000000
26	177	1	84.00000000	80.00000000
26	178	1	84.00000000	80.00000000
26	179	1	84.00000000	80.00000000
26	180	1	84.00000000	80.00000000
26	181	1	84.00000000	80.00000000
26	182	1	84.00000000	80.00000000
26	183	1	84.00000000	80.00000000
26	184	1	84.00000000	80.00000000
26	185	1	84.00000000	80.00000000
26	186	1	84.00000000	80.00000000
26	187	1	84.00000000	80.00000000
26	188	1	84.00000000	80.00000000
26	189	1	84.00000000	80.00000000
26	190	1	84.00000000	80.00000000
26	191	1	84.00000000	80.00000000
26	192	1	84.00000000	80.00000000
26	193	1	84.00000000	80.00000000
26	194	1	84.00000000	80.00000000
26	195	1	84.00000000	80.00000000
26	196	1	84.00000000	80.00000000
26	197	1	84.00000000	80.00000000
26	198	1	84.00000000	80.00000000
26	199	1	84.00000000	80.00000000
27	0	1	84.00000000	80.00000000
27	1	1	84.00000000	80.00000000
27	2	1	84.00000000	80.00000000
27	3	1	84.00000000	80.00000000
27	4	1	84.00000000	80.00000000
27	5	1	84.00000000	80.00000000
27	6	1	84.00000000	80.00000000
27	7	1	84.00000000	80.00000000
27	8	1	84.00000000	80.00000000
27	9	1	84.00000000	80.00000000
27	10	1	84.00000000	80.00000000
27	11	1	84.00000000	80.00000000
27	12	1	84.00000000	80.00000000
27	13	1	84.00000000	80.00000000
27	14	1	84.00000000	80.00000000
27	15	1	84.00000000	80.00000000
27	16	1	84.00000000	80.00000000
27	17	1	84.00000000	80.00000000
27	18	1	84.00000000	80.00000000
27	19	1	84.00000000	80.00000000
27	20	1	84.00000000	80.00000000
27	21	1	84.00000000	80.00000000
27	22	1	84.00000000	80.00000000
27	23	1	84.00000000	80.00000000
27	24	1	84.00000000	80.00000000
27	25	1	84.00000000	80.00000000
27	26	1	84.00000000	80.00000000
27	27	1	84.00000000	80.00000000
27	28	1	84.00000000	80.00000000
27	29	1	84.00000000	80.00000000
27	30	1	84.00000000	80.00000000
27	31	1	84.00000000	80.00000000
27	32	1	84.00000000	80.00000000
27	33	1	84.00000000	80.00000000
27	34	1	84.00000000	80.00000000
27	35	1	84.00000000	80.00000000
27	36	1	84.00000000	80.00000000
27	37	1	84.00000000	80.00000000
27	38	1	84.00000000	80.00000000
27	39	1	84.00000000	80.00000000
27	40	1	84.00000000	80.00000000
27	41	1	84.00000000	80.00000000
27	42	1	84.00000000	80.00000000
27	43	1	84.00000000	80.00000000
27	44	1	84.00000000	80.00000000
27	45	1	84.00000000	80.00000000
27	46	1	84.00000000	80.00000000
27	47	1	84.00000000	80.00000000
27	48	1	84.00000000	80.00000000
27	49	1	84.00000000	80.00000000
27	50	1	84.00000000	80.00000000
27	51	1	84.00000000	80.00000000
27	52	1	84.00000000	80.00000000
27	53	1	84.00000000	80.00000000
27	54	1	84.00000000	80.00000000
27	55	1	84.00000000	80.00000000
27	56	1	84.00000000	80.00000000
27	57	1	84.00000000	80.00000000
27	58	1	84.00000000	80.00000000
27	59	1	84.00000000	80.00000000
27	60	1	84.00000000	80.00000000
27	61	1	84.00000000	80.00000000
27	62	1	84.00000000	80.00000000
27	63	1	84.00000000	80.00000000
27	64	1	84.00000000	80.00000000
27	65	1	84.00000000	80.00000000
27	66	1	84.00000000	80.00000000
27	67	1	84.00000000	80.00000000
27	68	1	84.00000000	80.00000000
27	69	1	84.00000000	80.00000000
27	70	1	84.00000000	80.00000000
27	71	1	84.00000000	80.00000000
27	72	1	84.00000000	80.00000000
27	73	1	84.00000000	80.00000000
27	74	1	84.00000000	80.00000000
27	75	1	84.00000000	80.00000000
27	76	1	84.00000000	80.00000000
27	77	1	84.00000000	80.00000000
27	78	1	84.00000000	80.00000000
27	79	1	84.00000000	80.00000000
27	80	1	84.00000000	80.00000000
27	81	1	84.00000000	80.00000000
27	82	1	84.00000000	80.00000000
27	83	1	84.00000000	80.00000000
27	84	1	84.00000000	80.00000000
27	85	1	84.00000000	80.00000000
27	86	1	84.00000000	80.00000000
27	87	1	84.00000000	80.00000000
27	88	1	84.00000000	80.00000000
27	89	1	84.00000000	80.00000000
27	90	1	84.00000000	80.00000000
27	91	1	84.00000000	80.00000000
27	92	1	84.00000000	80.00000000
27	93	1	84.00000000	80.00000000
27	94	1	84.00000000	80.00000000
27	95	1	84.00000000	80.00000000
27	96	1	84.00000000	80.00000000
27	97	1	84.00000000	80.00000000
27	98	1	84.00000000	80.00000000
27	99	1	84.00000000	80.00000000
27	100	1	84.00000000	80.00000000
27	101	1	84.00000000	80.00000000
27	102	1	84.00000000	80.00000000
27	103	1	84.00000000	80.00000000
27	104	1	84.00000000	80.00000000
27	105	1	84.00000000	80.00000000
27	106	1	84.00000000	80.00000000
27	107	1	84.00000000	80.00000000
27	108	1	84.00000000	80.00000000
27	109	1	84.00000000	80.00000000
27	110	1	84.00000000	80.00000000
27	111	1	84.00000000	80.00000000
27	112	1	84.00000000	80.00000000
27	113	1	84.00000000	80.00000000
27	114	1	84.00000000	80.00000000
27	115	1	84.00000000	80.00000000
27	116	1	84.00000000	80.00000000
27	117	1	84.00000000	80.00000000
27	118	1	84.00000000	80.00000000
27	119	1	84.00000000	80.00000000
27	120	1	84.00000000	80.00000000
27	121	1	84.00000000	80.00000000
27	122	1	84.00000000	80.00000000
27	123	1	84.00000000	80.00000000
27	124	1	84.00000000	80.00000000
27	125	1	84.00000000	80.00000000
27	126	1	84.00000000	80.00000000
27	127	1	84.00000000	80.00000000
27	128	1	84.00000000	80.00000000
27	129	1	84.00000000	80.00000000
27	130	1	84.00000000	80.00000000
27	131	1	84.00000000	80.00000000
27	132	1	84.00000000	80.00000000
27	133	1	84.00000000	80.00000000
27	134	1	84.00000000	80.00000000
27	135	1	84.00000000	80.00000000
27	136	1	84.00000000	80.00000000
27	137	1	84.00000000	80.00000000
27	138	1	84.00000000	80.00000000
27	139	1	84.00000000	80.00000000
27	140	1	84.00000000	80.00000000
27	141	1	84.00000000	80.00000000
27	142	1	84.00000000	80.00000000
27	143	1	84.00000000	80.00000000
27	144	1	84.00000000	80.00000000
27	145	1	84.00000000	80.00000000
27	146	1	84.00000000	80.00000000
27	147	1	84.00000000	80.00000000
27	148	1	84.00000000	80.00000000
27	149	1	84.00000000	80.00000000
27	150	1	84.00000000	80.00000000
27	151	1	84.00000000	80.00000000
27	152	1	84.00000000	80.00000000
27	153	1	84.00000000	80.00000000
27	154	1	84.00000000	80.00000000
27	155	1	84.00000000	80.00000000
27	156	1	84.00000000	80.00000000
27	157	1	84.00000000	80.00000000
27	158	1	84.00000000	80.00000000
27	159	1	84.00000000	80.00000000
27	160	1	84.00000000	80.00000000
27	161	1	84.00000000	80.00000000
27	162	1	84.00000000	80.00000000
27	163	1	84.00000000	80.00000000
27	164	1	84.00000000	80.00000000
27	165	1	84.00000000	80.00000000
27	166	1	84.00000000	80.00000000
27	167	1	84.00000000	80.00000000
27	168	1	84.00000000	80.00000000
27	169	1	84.00000000	80.00000000
27	170	1	84.00000000	80.00000000
27	171	1	84.00000000	80.00000000
27	172	1	84.00000000	80.00000000
27	173	1	84.00000000	80.00000000
27	174	1	84.00000000	80.00000000
27	175	1	84.00000000	80.00000000
27	176	1	84.00000000	80.00000000
27	177	1	84.00000000	80.00000000
27	178	1	84.00000000	80.00000000
27	179	1	84.00000000	80.00000000
27	180	1	84.00000000	80.00000000
27	181	1	84.00000000	80.00000000
27	182	1	84.00000000	80.00000000
27	183	1	84.00000000	80.00000000
27	184	1	84.00000000	80.00000000
27	185	1	84.00000000	80.00000000
27	186	1	84.00000000	80.00000000
27	187	1	84.00000000	80.00000000
27	188	1	84.00000000	80.00000000
27	189	1	84.00000000	80.00000000
27	190	1	84.00000000	80.00000000
27	191	1	84.00000000	80.00000000
27	192	1	84.00000000	80.00000000
27	193	1	84.00000000	80.00000000
27	194	1	84.00000000	80.00000000
27	195	1	84.00000000	80.00000000
28	0	1	84.00000000	80.00000000
28	1	1	84.00000000	80.00000000
28	2	1	84.00000000	80.00000000
28	3	1	84.00000000	80.00000000
28	4	1	84.00000000	80.00000000
28	5	1	84.00000000	80.00000000
28	6	1	84.00000000	80.00000000
28	7	1	84.00000000	80.00000000
28	8	1	84.00000000	80.00000000
28	9	1	84.00000000	80.00000000
28	10	1	84.00000000	80.00000000
28	11	1	84.00000000	80.00000000
28	12	1	84.00000000	80.00000000
28	13	1	84.00000000	80.00000000
28	14	1	84.00000000	80.00000000
28	15	1	84.00000000	80.00000000
28	16	1	84.00000000	80.00000000
28	17	1	84.00000000	80.00000000
28	18	1	84.00000000	80.00000000
28	19	1	84.00000000	80.00000000
28	20	1	84.00000000	80.00000000
28	21	1	84.00000000	80.00000000
28	22	1	84.00000000	80.00000000
28	23	1	84.00000000	80.00000000
28	24	1	84.00000000	80.00000000
28	25	1	84.00000000	80.00000000
28	26	1	84.00000000	80.00000000
28	27	1	84.00000000	80.00000000
28	28	1	84.00000000	80.00000000
28	29	1	84.00000000	80.00000000
28	30	1	84.00000000	80.00000000
28	31	1	84.00000000	80.00000000
28	32	1	84.00000000	80.00000000
28	33	1	84.00000000	80.00000000
28	34	1	84.00000000	80.00000000
28	35	1	84.00000000	80.00000000
28	36	1	84.00000000	80.00000000
28	37	1	84.00000000	80.00000000
28	38	1	84.00000000	80.00000000
28	39	1	84.00000000	80.00000000
28	40	1	84.00000000	80.00000000
28	41	1	84.00000000	80.00000000
28	42	1	84.00000000	80.00000000
28	43	1	84.00000000	80.00000000
28	44	1	84.00000000	80.00000000
28	45	1	84.00000000	80.00000000
28	46	1	84.00000000	80.00000000
28	47	1	84.00000000	80.00000000
28	48	1	84.00000000	80.00000000
28	49	1	84.00000000	80.00000000
28	50	1	84.00000000	80.00000000
28	51	1	84.00000000	80.00000000
28	52	1	84.00000000	80.00000000
28	53	1	84.00000000	80.00000000
28	54	1	84.00000000	80.00000000
28	55	1	84.00000000	80.00000000
28	56	1	84.00000000	80.00000000
28	57	1	84.00000000	80.00000000
28	58	1	84.00000000	80.00000000
28	59	1	84.00000000	80.00000000
28	60	1	84.00000000	80.00000000
28	61	1	84.00000000	80.00000000
28	62	1	84.00000000	80.00000000
28	63	1	84.00000000	80.00000000
28	64	1	84.00000000	80.00000000
28	65	1	84.00000000	80.00000000
28	66	1	84.00000000	80.00000000
28	67	1	84.00000000	80.00000000
28	68	1	84.00000000	80.00000000
28	69	1	84.00000000	80.00000000
28	70	1	84.00000000	80.00000000
28	71	1	84.00000000	80.00000000
28	72	1	84.00000000	80.00000000
28	73	1	84.00000000	80.00000000
28	74	1	84.00000000	80.00000000
28	75	1	84.00000000	80.00000000
28	76	1	84.00000000	80.00000000
28	77	1	84.00000000	80.00000000
28	78	1	84.00000000	80.00000000
28	79	1	84.00000000	80.00000000
28	80	1	84.00000000	80.00000000
28	81	1	84.00000000	80.00000000
28	82	1	84.00000000	80.00000000
28	83	1	84.00000000	80.00000000
28	84	1	84.00000000	80.00000000
28	85	1	84.00000000	80.00000000
28	86	1	84.00000000	80.00000000
28	87	1	84.00000000	80.00000000
28	88	1	84.00000000	80.00000000
28	89	1	84.00000000	80.00000000
28	90	1	84.00000000	80.00000000
28	91	1	84.00000000	80.00000000
28	92	1	84.00000000	80.00000000
28	93	1	84.00000000	80.00000000
28	94	1	84.00000000	80.00000000
28	95	1	84.00000000	80.00000000
28	96	1	84.00000000	80.00000000
28	97	1	84.00000000	80.00000000
28	98	1	84.00000000	80.00000000
28	99	1	84.00000000	80.00000000
28	100	1	84.00000000	80.00000000
28	101	1	84.00000000	80.00000000
28	102	1	84.00000000	80.00000000
28	103	1	84.00000000	80.00000000
28	104	1	84.00000000	80.00000000
28	105	1	84.00000000	80.00000000
28	106	1	84.00000000	80.00000000
28	107	1	84.00000000	80.00000000
28	108	1	84.00000000	80.00000000
28	109	1	84.00000000	80.00000000
28	110	1	84.00000000	80.00000000
28	111	1	84.00000000	80.00000000
28	112	1	84.00000000	80.00000000
28	113	1	84.00000000	80.00000000
28	114	1	84.00000000	80.00000000
28	115	1	84.00000000	80.00000000
28	116	1	84.00000000	80.00000000
28	117	1	84.00000000	80.00000000
28	118	1	84.00000000	80.00000000
28	119	1	84.00000000	80.00000000
28	120	1	84.00000000	80.00000000
28	121	1	84.00000000	80.00000000
28	122	1	84.00000000	80.00000000
28	123	1	84.00000000	80.00000000
28	124	1	84.00000000	80.00000000
28	125	1	84.00000000	80.00000000
28	126	1	84.00000000	80.00000000
28	127	1	84.00000000	80.00000000
28	128	1	84.00000000	80.00000000
28	129	1	84.00000000	80.00000000
28	130	1	84.00000000	80.00000000
28	131	1	84.00000000	80.00000000
28	132	1	84.00000000	80.00000000
28	133	1	84.00000000	80.00000000
28	134	1	84.00000000	80.00000000
28	135	1	84.00000000	80.00000000
28	136	1	84.00000000	80.00000000
28	137	1	84.00000000	80.00000000
28	138	1	84.00000000	80.00000000
28	139	1	84.00000000	80.00000000
28	140	1	84.00000000	80.00000000
28	141	1	84.00000000	80.00000000
28	142	1	84.00000000	80.00000000
28	143	1	84.00000000	80.00000000
28	144	1	84.00000000	80.00000000
28	145	1	84.00000000	80.00000000
28	146	1	84.00000000	80.00000000
28	147	1	84.00000000	80.00000000
28	148	1	84.00000000	80.00000000
28	149	1	84.00000000	80.00000000
28	150	1	84.00000000	80.00000000
28	151	1	84.00000000	80.00000000
28	152	1	84.00000000	80.00000000
28	153	1	84.00000000	80.00000000
28	154	1	84.00000000	80.00000000
28	155	1	84.00000000	80.00000000
28	156	1	84.00000000	80.00000000
28	157	1	84.00000000	80.00000000
28	158	1	84.00000000	80.00000000
28	159	1	84.00000000	80.00000000
28	160	1	84.00000000	80.00000000
28	161	1	84.00000000	80.00000000
28	162	1	84.00000000	80.00000000
28	163	1	84.00000000	80.00000000
28	164	1	84.00000000	80.00000000
28	165	1	84.00000000	80.00000000
28	166	1	84.00000000	80.00000000
28	167	1	84.00000000	80.00000000
28	168	1	84.00000000	80.00000000
28	169	1	84.00000000	80.00000000
28	170	1	84.00000000	80.00000000
28	171	1	84.00000000	80.00000000
28	172	1	84.00000000	80.00000000
28	173	1	84.00000000	80.00000000
28	174	1	84.00000000	80.00000000
28	175	1	84.00000000	80.00000000
28	176	1	84.00000000	80.00000000
28	177	1	84.00000000	80.00000000
29	0	1	84.00000000	80.00000000
29	1	1	84.00000000	80.00000000
29	2	1	84.00000000	80.00000000
29	3	1	84.00000000	80.00000000
29	4	1	84.00000000	80.00000000
29	5	1	84.00000000	80.00000000
29	6	1	84.00000000	80.00000000
29	7	1	84.00000000	80.00000000
29	8	1	84.00000000	80.00000000
29	9	1	84.00000000	80.00000000
29	10	1	84.00000000	80.00000000
29	11	1	84.00000000	80.00000000
29	12	1	84.00000000	80.00000000
29	13	1	84.00000000	80.00000000
29	14	1	84.00000000	80.00000000
29	15	1	84.00000000	80.00000000
29	16	1	84.00000000	80.00000000
29	17	1	84.00000000	80.00000000
29	18	1	84.00000000	80.00000000
29	19	1	84.00000000	80.00000000
29	20	1	84.00000000	80.00000000
29	21	1	84.00000000	80.00000000
29	22	1	84.00000000	80.00000000
29	23	1	84.00000000	80.00000000
29	24	1	84.00000000	80.00000000
29	25	1	84.00000000	80.00000000
29	26	1	84.00000000	80.00000000
29	27	1	84.00000000	80.00000000
29	28	1	84.00000000	80.00000000
29	29	1	84.00000000	80.00000000
29	30	1	84.00000000	80.00000000
29	31	1	84.00000000	80.00000000
29	32	1	84.00000000	80.00000000
29	33	1	84.00000000	80.00000000
29	34	1	84.00000000	80.00000000
29	35	1	84.00000000	80.00000000
29	36	1	84.00000000	80.00000000
29	37	1	84.00000000	80.00000000
29	38	1	84.00000000	80.00000000
29	39	1	84.00000000	80.00000000
29	40	1	84.00000000	80.00000000
29	41	1	84.00000000	80.00000000
29	42	1	84.00000000	80.00000000
29	43	1	84.00000000	80.00000000
29	44	1	84.00000000	80.00000000
29	45	1	84.00000000	80.00000000
29	46	1	84.00000000	80.00000000
29	47	1	84.00000000	80.00000000
29	48	1	84.00000000	80.00000000
29	49	1	84.00000000	80.00000000
29	50	1	84.00000000	80.00000000
29	51	1	84.00000000	80.00000000
29	52	1	84.00000000	80.00000000
29	53	1	84.00000000	80.00000000
29	54	1	84.00000000	80.00000000
29	55	1	84.00000000	80.00000000
29	56	1	84.00000000	80.00000000
29	57	1	84.00000000	80.00000000
29	58	1	84.00000000	80.00000000
29	59	1	84.00000000	80.00000000
29	60	1	84.00000000	80.00000000
29	61	1	84.00000000	80.00000000
29	62	1	84.00000000	80.00000000
29	63	1	84.00000000	80.00000000
29	64	1	84.00000000	80.00000000
29	65	1	84.00000000	80.00000000
29	66	1	84.00000000	80.00000000
29	67	1	84.00000000	80.00000000
29	68	1	84.00000000	80.00000000
29	69	1	84.00000000	80.00000000
29	70	1	84.00000000	80.00000000
29	71	1	84.00000000	80.00000000
29	72	1	84.00000000	80.00000000
29	73	1	84.00000000	80.00000000
29	74	1	84.00000000	80.00000000
29	75	1	84.00000000	80.00000000
29	76	1	84.00000000	80.00000000
29	77	1	84.00000000	80.00000000
29	78	1	84.00000000	80.00000000
29	79	1	84.00000000	80.00000000
29	80	1	84.00000000	80.00000000
29	81	1	84.00000000	80.00000000
29	82	1	84.00000000	80.00000000
29	83	1	84.00000000	80.00000000
29	84	1	84.00000000	80.00000000
29	85	1	84.00000000	80.00000000
29	86	1	84.00000000	80.00000000
29	87	1	84.00000000	80.00000000
29	88	1	84.00000000	80.00000000
29	89	1	84.00000000	80.00000000
29	90	1	84.00000000	80.00000000
29	91	1	84.00000000	80.00000000
29	92	1	84.00000000	80.00000000
29	93	1	84.00000000	80.00000000
29	94	1	84.00000000	80.00000000
29	95	1	84.00000000	80.00000000
29	96	1	84.00000000	80.00000000
29	97	1	84.00000000	80.00000000
29	98	1	84.00000000	80.00000000
29	99	1	84.00000000	80.00000000
29	100	1	84.00000000	80.00000000
29	101	1	84.00000000	80.00000000
29	102	1	84.00000000	80.00000000
29	103	1	84.00000000	80.00000000
29	104	1	84.00000000	80.00000000
29	105	1	84.00000000	80.00000000
29	106	1	84.00000000	80.00000000
29	107	1	84.00000000	80.00000000
29	108	1	84.00000000	80.00000000
29	109	1	84.00000000	80.00000000
29	110	1	84.00000000	80.00000000
29	111	1	84.00000000	80.00000000
29	112	1	84.00000000	80.00000000
29	113	1	84.00000000	80.00000000
29	114	1	84.00000000	80.00000000
29	115	1	84.00000000	80.00000000
29	116	1	84.00000000	80.00000000
29	117	1	84.00000000	80.00000000
29	118	1	84.00000000	80.00000000
29	119	1	84.00000000	80.00000000
29	120	1	84.00000000	80.00000000
29	121	1	84.00000000	80.00000000
29	122	1	84.00000000	80.00000000
29	123	1	84.00000000	80.00000000
29	124	1	84.00000000	80.00000000
29	125	1	84.00000000	80.00000000
29	126	1	84.00000000	80.00000000
29	127	1	84.00000000	80.00000000
29	128	1	84.00000000	80.00000000
29	129	1	84.00000000	80.00000000
30	0	1	84.00000000	80.00000000
30	1	1	84.00000000	80.00000000
30	2	1	84.00000000	80.00000000
30	3	1	84.00000000	80.00000000
30	4	1	84.00000000	80.00000000
30	5	1	84.00000000	80.00000000
30	6	1	84.00000000	80.00000000
30	7	1	84.00000000	80.00000000
30	8	1	84.00000000	80.00000000
30	9	1	84.00000000	80.00000000
30	10	1	84.00000000	80.00000000
30	11	1	84.00000000	80.00000000
30	12	1	84.00000000	80.00000000
30	13	1	84.00000000	80.00000000
30	14	1	84.00000000	80.00000000
30	15	1	84.00000000	80.00000000
30	16	1	84.00000000	80.00000000
30	17	1	84.00000000	80.00000000
30	18	1	84.00000000	80.00000000
30	19	1	84.00000000	80.00000000
30	20	1	84.00000000	80.00000000
30	21	1	84.00000000	80.00000000
30	22	1	84.00000000	80.00000000
30	23	1	84.00000000	80.00000000
30	24	1	84.00000000	80.00000000
30	25	1	84.00000000	80.00000000
30	26	1	84.00000000	80.00000000
30	27	1	84.00000000	80.00000000
30	28	1	84.00000000	80.00000000
30	29	1	84.00000000	80.00000000
30	30	1	84.00000000	80.00000000
30	31	1	84.00000000	80.00000000
30	32	1	84.00000000	80.00000000
30	33	1	84.00000000	80.00000000
30	34	1	84.00000000	80.00000000
30	35	1	84.00000000	80.00000000
30	36	1	84.00000000	80.00000000
30	37	1	84.00000000	80.00000000
30	38	1	84.00000000	80.00000000
30	39	1	84.00000000	80.00000000
30	40	1	84.00000000	80.00000000
30	41	1	84.00000000	80.00000000
30	42	1	84.00000000	80.00000000
30	43	1	84.00000000	80.00000000
30	44	1	84.00000000	80.00000000
30	45	1	84.00000000	80.00000000
30	46	1	84.00000000	80.00000000
30	47	1	84.00000000	80.00000000
30	48	1	84.00000000	80.00000000
30	49	1	84.00000000	80.00000000
30	50	1	84.00000000	80.00000000
30	51	1	84.00000000	80.00000000
30	52	1	84.00000000	80.00000000
30	53	1	84.00000000	80.00000000
30	54	1	84.00000000	80.00000000
30	55	1	84.00000000	80.00000000
30	56	1	84.00000000	80.00000000
30	57	1	84.00000000	80.00000000
30	58	1	84.00000000	80.00000000
30	59	1	84.00000000	80.00000000
30	60	1	84.00000000	80.00000000
30	61	1	84.00000000	80.00000000
30	62	1	84.00000000	80.00000000
30	63	1	84.00000000	80.00000000
30	64	1	84.00000000	80.00000000
30	65	1	84.00000000	80.00000000
30	66	1	84.00000000	80.00000000
30	67	1	84.00000000	80.00000000
30	68	1	84.00000000	80.00000000
30	69	1	84.00000000	80.00000000
30	70	1	84.00000000	80.00000000
30	71	1	84.00000000	80.00000000
30	72	1	84.00000000	80.00000000
30	73	1	84.00000000	80.00000000
30	74	1	84.00000000	80.00000000
30	75	1	84.00000000	80.00000000
30	76	1	84.00000000	80.00000000
30	77	1	84.00000000	80.00000000
30	78	1	84.00000000	80.00000000
30	79	1	84.00000000	80.00000000
30	80	1	84.00000000	80.00000000
30	81	1	84.00000000	80.00000000
30	82	1	84.00000000	80.00000000
30	83	1	84.00000000	80.00000000
30	84	1	84.00000000	80.00000000
30	85	1	84.00000000	80.00000000
30	86	1	84.00000000	80.00000000
30	87	1	84.00000000	80.00000000
30	88	1	84.00000000	80.00000000
30	89	1	84.00000000	80.00000000
30	90	1	84.00000000	80.00000000
30	91	1	84.00000000	80.00000000
30	92	1	84.00000000	80.00000000
30	93	1	84.00000000	80.00000000
30	94	1	84.00000000	80.00000000
30	95	1	84.00000000	80.00000000
30	96	1	84.00000000	80.00000000
30	97	1	84.00000000	80.00000000
30	98	1	84.00000000	80.00000000
30	99	1	84.00000000	80.00000000
30	100	1	84.00000000	80.00000000
30	101	1	84.00000000	80.00000000
30	102	1	84.00000000	80.00000000
30	103	1	84.00000000	80.00000000
30	104	1	84.00000000	80.00000000
30	105	1	84.00000000	80.00000000
30	106	1	84.00000000	80.00000000
30	107	1	84.00000000	80.00000000
31	0	1	84.00000000	80.00000000
31	1	1	84.00000000	80.00000000
31	2	1	84.00000000	80.00000000
31	3	1	84.00000000	80.00000000
31	4	1	84.00000000	80.00000000
31	5	1	84.00000000	80.00000000
31	6	1	84.00000000	80.00000000
31	7	1	84.00000000	80.00000000
31	8	1	84.00000000	80.00000000
31	9	1	84.00000000	80.00000000
31	10	1	84.00000000	80.00000000
31	11	1	84.00000000	80.00000000
31	12	1	84.00000000	80.00000000
31	13	1	84.00000000	80.00000000
31	14	1	84.00000000	80.00000000
31	15	1	84.00000000	80.00000000
31	16	1	84.00000000	80.00000000
31	17	1	84.00000000	80.00000000
31	18	1	84.00000000	80.00000000
31	19	1	84.00000000	80.00000000
31	20	1	84.00000000	80.00000000
31	21	1	84.00000000	80.00000000
31	22	1	84.00000000	80.00000000
31	23	1	84.00000000	80.00000000
31	24	1	84.00000000	80.00000000
31	25	1	84.00000000	80.00000000
31	26	1	84.00000000	80.00000000
31	27	1	84.00000000	80.00000000
31	28	1	84.00000000	80.00000000
31	29	1	84.00000000	80.00000000
31	30	1	84.00000000	80.00000000
31	31	1	84.00000000	80.00000000
31	32	1	84.00000000	80.00000000
31	33	1	84.00000000	80.00000000
31	34	1	84.00000000	80.00000000
31	35	1	84.00000000	80.00000000
31	36	1	84.00000000	80.00000000
31	37	1	84.00000000	80.00000000
31	38	1	84.00000000	80.00000000
31	39	1	84.00000000	80.00000000
31	40	1	84.00000000	80.00000000
31	41	1	84.00000000	80.00000000
31	42	1	84.00000000	80.00000000
31	43	1	84.00000000	80.00000000
31	44	1	84.00000000	80.00000000
31	45	1	84.00000000	80.00000000
31	46	1	84.00000000	80.00000000
31	47	1	84.00000000	80.00000000
31	48	1	84.00000000	80.00000000
31	49	1	84.00000000	80.00000000
31	50	1	84.00000000	80.00000000
31	51	1	84.00000000	80.00000000
31	52	1	84.00000000	80.00000000
31	53	1	84.00000000	80.00000000
31	54	1	84.00000000	80.00000000
31	55	1	84.00000000	80.00000000
31	56	1	84.00000000	80.00000000
31	57	1	84.00000000	80.00000000
31	58	1	84.00000000	80.00000000
31	59	1	84.00000000	80.00000000
31	60	1	84.00000000	80.00000000
31	61	1	84.00000000	80.00000000
31	62	1	84.00000000	80.00000000
31	63	1	84.00000000	80.00000000
31	64	1	84.00000000	80.00000000
31	65	1	84.00000000	80.00000000
31	66	1	84.00000000	80.00000000
31	67	1	84.00000000	80.00000000
31	68	1	84.00000000	80.00000000
31	69	1	84.00000000	80.00000000
31	70	1	84.00000000	80.00000000
31	71	1	84.00000000	80.00000000
31	72	1	84.00000000	80.00000000
31	73	1	84.00000000	80.00000000
31	74	1	84.00000000	80.00000000
31	75	1	84.00000000	80.00000000
31	76	1	84.00000000	80.00000000
31	77	1	84.00000000	80.00000000
31	78	1	84.00000000	80.00000000
31	79	1	84.00000000	80.00000000
31	80	1	84.00000000	80.00000000
31	81	1	84.00000000	80.00000000
31	82	1	84.00000000	80.00000000
31	83	1	84.00000000	80.00000000
31	84	1	84.00000000	80.00000000
31	85	1	84.00000000	80.00000000
31	86	1	84.00000000	80.00000000
31	87	1	84.00000000	80.00000000
31	88	1	84.00000000	80.00000000
31	89	1	84.00000000	80.00000000
########################################
# TPC Y : y = (ct-p0)*p1               #
########################################
0	0	2	-1265.55017692	0.05500000
0	1	2	-1275.05061402	0.05500000
0	2	2	-1281.57064612	0.05500000
0	3	2	-1241.85915078	0.05500000
0	4	2	-1270.91481026	0.05500000
0	5	2	-1274.62896145	0.05500000
0	6	2	-1263.53541948	0.05500000
0	7	2	-1270.91481026	0.05500000
0	8	2	-1271.43891842	0.05500000
0	9	2	-1245.95237762	0.05500000
0	10	2	-1260.08959080	0.05500000
0	11	2	-1341.50932850	0.05500000
0	12	2	-1263.70895967	0.05500000
0	13	2	-1264.23001440	0.05500000
0	14	2	-1268.18112084	0.05500000
0	15	2	-1265.47532651	0.05500000
0	16	2	-1273.74988596	0.05500000
0	17	2	-1270.91481026	0.05500000
0	18	2	-1291.33533209	0.05500000
0	19	2	-1248.25845740	0.05500000
0	20	2	-1284.42036569	0.05500000
0	21	2	-1263.22178988	0.05500000
0	22	2	-1286.37312466	0.05500000
0	23	2	-1259.07145416	0.05500000
0	24	2	-1247.66596674	0.05500000
0	25	2	-1251.90970672	0.05500000
0	26	2	-1263.28790737	0.05500000
0	27	2	-1275.84986290	0.05500000
0	28	2	-1263.67119393	0.05500000
0	29	2	-1241.89615772	0.05500000
0	30	2	-1267.51612548	0.05500000
0	31	2	-1259.67431407	0.05500000
0	32	2	-1274.66858179	0.05500000
0	33	2	-1251.79211476	0.05500000
0	34	2	-1267.02619844	0.05500000
0	35	2	-1262.55076406	0.05500000
0	36	2	-1267.14819917	0.05500000
0	37	2	-1253.75062307	0.05500000
0	38	2	-1277.12963703	0.05500000
0	39	2	-1258.99697833	0.05500000
0	40	2	-1252.26860876	0.05500000
0	41	2	-1251.15315009	0.05500000
0	42	2	-1261.50256820	0.05500000
0	43	2	-1258.27375767	0.05500000
0	44	2	-1265.13471807	0.05500000
0	45	2	-1260.24648155	0.05500000
0	46	2	-1251.78960343	0.05500000
0	47	2	-1247.28031820	0.05500000
1	0	2	-1253.07678364	0.05500000
1	1	2	-1269.66947895	0.05500000
1	2	2	-1251.06700116	0.05500000
1	3	2	-1274.80843346	0.05500000
1	4	2	-1254.62325388	0.05500000
1	5	2	-1275.93069487	0.05500000
1	6	2	-1252.02841493	0.05500000
1	7	2	-1251.00688129	0.05500000
1	8	2	-1256.59749126	0.05500000
1	9	2	-1230.36116710	0.05500000
1	10	2	-1270.79690647	0.05500000
1	11	2	-1254.12661844	0.05500000
1	12	2	-1258.96820921	0.05500000
1	13	2	-1290.14311748	0.05500000
1	14	2	-1254.99665696	0.05500000
1	15	2	-1263.66193728	0.05500000
1	16	2	-1264.61708189	0.05500000
1	17	2	-1246.72897819	0.05500000
1	18	2	-1261.12197972	0.05500000
1	19	2	-1265.63614155	0.05500000
1	20	2	-1251.20766931	0.05500000
1	21	2	-1256.70690897	0.05500000
1	22	2	-1265.75611268	0.05500000
1	23	2	-1264.02740083	0.05500000
1	24	2	-1249.01303136	0.05500000
1	25	2	-1263.78567773	0.05500000
1	26	2	-1263.44304214	0.05500000
1	27	2	-1255.66033714	0.05500000
1	28	2	-1261.37155420	0.05500000
1	29	2	-1263.00794853	0.05500000
1	30	2	-1258.41537503	0.05500000
1	31	2	-1271.44818314	0.05500000
1	32	2	-1250.75015710	0.05500000
1	33	2	-1273.66838600	0.05500000
1	34	2	-1264.04614037	0.05500000
1	35	2	-1272.42779066	0.05500000
1	36	2	-1265.28406347	0.05500000
1	37	2	-1280.81819081	0.05500000
1	38	2	-1258.40442540	0.05500000
1	39	2	-1273.92698470	0.05500000
1	40	2	-1267.73411113	0.05500000
1	41	2	-1269.39809772	0.05500000
1	42	2	-1270.63381154	0.05500000
1	43	2	-1264.65595155	0.05500000
1	44	2	-1266.56222949	0.05500000
1	45	2	-1269.47731653	0.05500000
1	46	2	-1270.49798549	0.05500000
1	47	2	-1260.92489088	0.05500000
2	0	2	-1263.00985617	0.05500000
2	1	2	-1271.17837115	0.05500000
2	2	2	-1261.44284607	0.05500000
2	3	2	-1256.79053679	0.05500000
2	4	2	-1275.96977347	0.05500000
2	5	2	-1239.34872475	0.05500000
2	6	2	-1280.59314011	0.05500000
2	7	2	-1246.31035865	0.05500000
2	8	2	-1282.06123534	0.05500000
2	9	2	-1251.73685594	0.05500000
2	10	2	-1283.09476615	0.05500000
2	11	2	-1253.61904282	0.05500000
2	12	2	-1265.18390005	0.05500000
2	13	2	-1254.39648239	0.05500000
2	14	2	-1287.36645024	0.05500000
2	15	2	-1274.40307514	0.05500000
2	16	2	-1258.11074218	0.05500000
2	17	2	-1254.01873600	0.05500000
2	18	2	-1274.86495215	0.05500000
2	19	2	-1249.42230789	0.05500000
2	20	2	-1260.98466454	0.05500000
2	21	2	-1254.21197682	0.05500000
2	22	2	-1279.58814062	0.05500000
2	23	2	-1254.73668510	0.05500000
2	24	2	-1294.42292161	0.05500000
2	25	2	-1253.92610160	0.05500000
2	26	2	-1270.82645723	0.05500000
2	27	2	-1260.57656421	0.05500000
2	28	2	-1267.42934168	0.05500000
2	29	2	-1265.67848904	0.05500000
2	30	2	-1272.14387392	0.05500000
2	31	2	-1263.55244743	0.05500000
2	32	2	-1271.45818651	0.05500000
2	33	2	-1251.18911652	0.05500000
2	34	2	-1281.36227482	0.05500000
2	35	2	-1261.61100668	0.05500000
2	36	2	-1264.26743784	0.05500000
2	37	2	-1251.07372934	0.05500000
2	38	2	-1264.74861313	0.05500000
2	39	2	-1253.83203671	0.05500000
2	40	2	-1262.67960538	0.05500000
2	41	2	-1260.16021642	0.05500000
2	42	2	-1258.30616404	0.05500000
2	43	2	-1256.44413378	0.05500000
2	44	2	-1257.40185088	0.05500000
2	45	2	-1263.57032933	0.05500000
2	46	2	-1267.40296889	0.05500000
2	47	2	-1245.58296571	0.05500000
2	48	2	-1271.38511732	0.05500000
2	49	2	-1254.29742988	0.05500000
2	50	2	-1253.69338093	0.05500000
2	51	2	-1254.44286828	0.05500000
2	52	2	-1265.28078115	0.05500000
2	53	2	-1263.83681804	0.05500000
2	54	2	-1254.97918763	0.05500000
2	55	2	-1263.79295742	0.05500000
2	56	2	-1273.91357274	0.05500000
2	57	2	-1263.82120082	0.05500000
2	58	2	-1270.80024316	0.05500000
2	59	2	-1263.19180168	0.05500000
2	60	2	-1270.69457628	0.05500000
2	61	2	-1267.61380533	0.05500000
2	62	2	-1265.47303829	0.05500000
2	63	2	-1255.40797722	0.05500000
2	64	2	-1270.41861890	0.05500000
2	65	2	-1264.03940488	0.05500000
2	66	2	-1271.77953240	0.05500000
2	67	2	-1262.19676610	0.05500000
2	68	2	-1260.78116654	0.05500000
2	69	2	-1261.82283228	0.05500000
2	70	2	-1268.07317772	0.05500000
2	71	2	-1253.31045275	0.05500000
3	0	2	-1251.18406876	0.05500000
3	1	2	-1268.41083517	0.05500000
3	2	2	-1260.87788122	0.05500000
3	3	2	-1250.55519247	0.05500000
3	4	2	-1268.02987050	0.05500000
3	5	2	-1253.67093987	0.05500000
3	6	2	-1259.51203280	0.05500000
3	7	2	-1270.60589288	0.05500000
3	8	2	-1265.03082397	0.05500000
3	9	2	-1256.41175720	0.05500000
3	10	2	-1260.25106468	0.05500000
3	11	2	-1256.53726037	0.05500000
3	12	2	-1255.79035718	0.05500000
3	13	2	-1276.06738921	0.05500000
3	14	2	-1244.51322894	0.05500000
3	15	2	-1260.32905995	0.05500000
3	16	2	-1261.05638930	0.05500000
3	17	2	-1266.42154505	0.05500000
3	18	2	-1247.59314580	0.05500000
3	19	2	-1251.83595062	0.05500000
3	20	2	-1265.83792807	0.05500000
3	21	2	-1254.52109304	0.05500000
3	22	2	-1256.59461880	0.05500000
3	23	2	-1260.47515382	0.05500000
3	24	2	-1261.44838925	0.05500000
3	25	2	-1256.54528826	0.05500000
3	26	2	-1283.55201044	0.05500000
3	27	2	-1254.54374364	0.05500000
3	28	2	-1262.59235214	0.05500000
3	29	2	-1253.30955929	0.05500000
3	30	2	-1270.79309252	0.05500000
3	31	2	-1250.45512946	0.05500000
3	32	2	-1268.02369054	0.05500000
3	33	2	-1266.56438729	0.05500000
3	34	2	-1256.42828948	0.05500000
3	35	2	-1255.62003396	0.05500000
3	36	2	-1264.09895686	0.05500000
3	37	2	-1258.59093273	0.05500000
3	38	2	-1261.45078391	0.05500000
3	39	2	-1258.08047295	0.05500000
3	40	2	-1255.82631714	0.05500000
3	41	2	-1266.42372295	0.05500000
3	42	2	-1265.26791444	0.05500000
3	43	2	-1270.97269036	0.05500000
3	44	2	-1254.24427743	0.05500000
3	45	2	-1255.53280664	0.05500000
3	46	2	-1255.84293401	0.05500000
3	47	2	-1267.47362216	0.05500000
3	48	2	-1256.55986862	0.05500000
3	49	2	-1259.39862676	0.05500000
3	50	2	-1251.64314737	0.05500000
3	51	2	-1264.99507285	0.05500000
3	52	2	-1239.61250064	0.05500000
3	53	2	-1276.22830703	0.05500000
3	54	2	-1246.87338361	0.05500000
3	55	2	-1254.63296578	0.05500000
3	56	2	-1269.67222332	0.05500000
3	57	2	-1260.31658926	0.05500000
3	58	2	-1259.26998150	0.05500000
3	59	2	-1262.74225983	0.05500000
3	60	2	-1262.13599181	0.05500000
3	61	2	-1255.93005886	0.05500000
3	62	2	-1246.57211405	0.05500000
3	63	2	-1277.73253469	0.05500000
3	64	2	-1258.10832527	0.05500000
3	65	2	-1234.55876039	0.05500000
3	66	2	-1260.19060445	0.05500000
3	67	2	-1260.67989972	0.05500000
3	68	2	-1245.18372994	0.05500000
3	69	2	-1255.10180092	0.05500000
3	70	2	-1251.83605918	0.05500000
3	71	2	-1254.35558415	0.05500000
3	72	2	-1260.13947852	0.05500000
3	73	2	-1259.94682220	0.05500000
3	74	2	-1264.79546088	0.05500000
3	75	2	-1258.39890930	0.05500000
3	76	2	-1274.32531511	0.05500000
3	77	2	-1265.11754713	0.05500000
3	78	2	-1261.16295353	0.05500000
3	79	2	-1269.73808253	0.05500000
3	80	2	-1257.01487774	0.05500000
3	81	2	-1269.67656437	0.05500000
3	82	2	-1264.19956686	0.05500000
3	83	2	-1271.36219591	0.05500000
3	84	2	-1267.92464598	0.05500000
3	85	2	-1244.62636376	0.05500000
3	86	2	-1267.95342612	0.05500000
3	87	2	-1272.89428138	0.05500000
3	88	2	-1267.43810499	0.05500000
3	89	2	-1267.92075736	0.05500000
3	90	2	-1269.96367035	0.05500000
3	91	2	-1265.78252405	0.05500000
3	92	2	-1259.16911917	0.05500000
3	93	2	-1264.97667201	0.05500000
3	94	2	-1268.70249464	0.05500000
3	95	2	-1255.69207299	0.05500000
4	0	2	-1235.35927617	0.05500000
4	1	2	-1240.98340319	0.05500000
4	2	2	-1248.09603999	0.05500000
4	3	2	-1228.00643683	0.05500000
4	4	2	-1229.07086250	0.05500000
4	5	2	-1229.35305365	0.05500000
4	6	2	-1238.80422213	0.05500000
4	7	2	-1233.45591591	0.05500000
4	8	2	-1243.74009632	0.05500000
4	9	2	-1228.26028403	0.05500000
4	10	2	-1230.00350377	0.05500000
4	11	2	-1217.53018392	0.05500000
4	12	2	-1237.68664829	0.05500000
4	13	2	-1229.67961177	0.05500000
4	14	2	-1226.85782566	0.05500000
4	15	2	-1217.22550224	0.05500000
4	16	2	-1245.17881887	0.05500000
4	17	2	-1224.69064247	0.05500000
4	18	2	-1234.58051950	0.05500000
4	19	2	-1233.72752217	0.05500000
4	20	2	-1229.55270307	0.05500000
4	21	2	-1220.31050224	0.05500000
4	22	2	-1234.13344878	0.05500000
4	23	2	-1238.34407894	0.05500000
4	24	2	-1233.41644622	0.05500000
4	25	2	-1223.75995277	0.05500000
4	26	2	-1237.02503261	0.05500000
4	27	2	-1227.53786184	0.05500000
4	28	2	-1213.20530561	0.05500000
4	29	2	-1240.36195223	0.05500000
4	30	2	-1248.23137218	0.05500000
4	31	2	-1216.21971080	0.05500000
4	32	2	-1272.23839889	0.05500000
4	33	2	-1239.21532561	0.05500000
4	34	2	-1238.97241801	0.05500000
4	35	2	-1237.88788016	0.05500000
4	36	2	-1243.62959972	0.05500000
4	37	2	-1244.34166476	0.05500000
4	38	2	-1247.15482946	0.05500000
4	39	2	-1237.90393010	0.05500000
4	40	2	-1240.06570220	0.05500000
4	41	2	-1232.09659251	0.05500000
4	42	2	-1246.30924020	0.05500000
4	43	2	-1221.21913042	0.05500000
4	44	2	-1240.59899768	0.05500000
4	45	2	-1241.23073810	0.05500000
4	46	2	-1237.40110303	0.05500000
4	47	2	-1242.35948278	0.05500000
4	48	2	-1245.39322507	0.05500000
4	49	2	-1235.44846423	0.05500000
4	50	2	-1233.05506180	0.05500000
4	51	2	-1239.12030650	0.05500000
4	52	2	-1238.62361441	0.05500000
4	53	2	-1258.19083741	0.05500000
4	54	2	-1235.60824392	0.05500000
4	55	2	-1235.24414007	0.05500000
4	56	2	-1232.13222822	0.05500000
4	57	2	-1234.89337943	0.05500000
4	58	2	-1233.28756940	0.05500000
4	59	2	-1234.01532437	0.05500000
4	60	2	-1278.04870059	0.05500000
4	61	2	-1258.02582039	0.05500000
4	62	2	-1270.13952151	0.05500000
4	63	2	-1263.28929013	0.05500000
4	64	2	-1269.79394951	0.05500000
4	65	2	-1260.32801674	0.05500000
4	66	2	-1278.13769775	0.05500000
4	67	2	-1256.16824447	0.05500000
4	68	2	-1266.91602388	0.05500000
4	69	2	-1256.33419378	0.05500000
4	70	2	-1269.54807904	0.05500000
4	71	2	-1270.64677130	0.05500000
4	72	2	-1273.18724029	0.05500000
4	73	2	-1270.01504539	0.05500000
4	74	2	-1258.81787236	0.05500000
4	75	2	-1265.02067000	0.05500000
4	76	2	-1249.31406338	0.05500000
4	77	2	-1256.40395814	0.05500000
4	78	2	-1278.42715623	0.05500000
4	79	2	-1256.09946659	0.05500000
4	80	2	-1252.08551493	0.05500000
4	81	2	-1252.49013337	0.05500000
4	82	2	-1259.94866093	0.05500000
4	83	2	-1258.81381415	0.05500000
4	84	2	-1267.93482716	0.05500000
4	85	2	-1246.56757961	0.05500000
4	86	2	-1256.02751212	0.05500000
4	87	2	-1256.67071017	0.05500000
4	88	2	-1259.69428007	0.05500000
4	89	2	-1248.73997365	0.05500000
4	90	2	-1265.86773932	0.05500000
4	91	2	-1258.68122132	0.05500000
4	92	2	-1258.18904831	0.05500000
4	93	2	-1260.16832908	0.05500000
4	94	2	-1258.25228557	0.05500000
4	95	2	-1265.75965189	0.05500000
4	96	2	-1268.62709585	0.05500000
4	97	2	-1259.32437244	0.05500000
4	98	2	-1266.71288489	0.05500000
4	99	2	-1262.07605462	0.05500000
4	100	2	-1221.49747895	0.05500000
4	101	2	-1232.92291882	0.05500000
4	102	2	-1222.07860526	0.05500000
4	103	2	-1250.51802647	0.05500000
4	104	2	-1250.44022724	0.05500000
4	105	2	-1229.05969719	0.05500000
4	106	2	-1229.22910741	0.05500000
4	107	2	-1241.72375946	0.05500000
4	108	2	-1234.68960066	0.05500000
4	109	2	-1241.74428035	0.05500000
4	110	2	-1234.31331462	0.05500000
4	111	2	-1237.52737546	0.05500000
4	112	2	-1230.02361409	0.05500000
4	113	2	-1235.42251891	0.05500000
4	114	2	-1242.49638118	0.05500000
4	115	2	-1242.83050184	0.05500000
4	116	2	-1235.25637219	0.05500000
4	117	2	-1237.36822542	0.05500000
4	118	2	-1237.48597086	0.05500000
4	119	2	-1244.30243405	0.05500000
5	0	2	-1232.85017319	0.05500000
5	1	2	-1239.76943630	0.05500000
5	2	2	-1236.89585351	0.05500000
5	3	2	-1237.30071927	0.05500000
5	4	2	-1238.09717808	0.05500000
5	5	2	-1238.44958900	0.05500000
5	6	2	-1233.21412960	0.05500000
5	7	2	-1227.85521620	0.05500000
5	8	2	-1235.37599991	0.05500000
5	9	2	-1223.63989632	0.05500000
5	10	2	-1219.34769711	0.05500000
5	11	2	-1238.16972259	0.05500000
5	12	2	-1236.46544968	0.05500000
5	13	2	-1220.53624974	0.05500000
5	14	2	-1224.81437560	0.05500000
5	15	2	-1219.58149390	0.05500000
5	16	2	-1219.59386990	0.05500000
5	17	2	-1220.96321469	0.05500000
5	18	2	-1216.68721022	0.05500000
5	19	2	-1213.78951041	0.05500000
5	20	2	-1217.80797450	0.05500000
5	21	2	-1234.41551557	0.05500000
5	22	2	-1213.24938533	0.05500000
5	23	2	-1230.81894521	0.05500000
5	24	2	-1234.53978242	0.05500000
5	25	2	-1234.83273763	0.05500000
5	26	2	-1245.70753199	0.05500000
5	27	2	-1220.89685600	0.05500000
5	28	2	-1235.96512637	0.05500000
5	29	2	-1220.65189753	0.05500000
5	30	2	-1224.84484035	0.05500000
5	31	2	-1250.75831464	0.05500000
5	32	2	-1222.99222580	0.05500000
5	33	2	-1225.89236606	0.05500000
5	34	2	-1237.15946601	0.05500000
5	35	2	-1221.72895231	0.05500000
5	36	2	-1221.33351287	0.05500000
5	37	2	-1242.68529285	0.05500000
5	38	2	-1238.10305760	0.05500000
5	39	2	-1217.43010433	0.05500000
5	40	2	-1237.31474768	0.05500000
5	41	2	-1238.14991137	0.05500000
5	42	2	-1231.31655537	0.05500000
5	43	2	-1230.39347967	0.05500000
5	44	2	-1232.50208532	0.05500000
5	45	2	-1233.73662836	0.05500000
5	46	2	-1235.08060537	0.05500000
5	47	2	-1232.09905315	0.05500000
5	48	2	-1230.70166053	0.05500000
5	49	2	-1226.03154215	0.05500000
5	50	2	-1227.37195876	0.05500000
5	51	2	-1230.23684093	0.05500000
5	52	2	-1229.58085189	0.05500000
5	53	2	-1218.62843613	0.05500000
5	54	2	-1220.04436697	0.05500000
5	55	2	-1225.69917372	0.05500000
5	56	2	-1225.36109989	0.05500000
5	57	2	-1227.32112396	0.05500000
5	58	2	-1230.99540996	0.05500000
5	59	2	-1231.39053247	0.05500000
5	60	2	-1227.27010530	0.05500000
5	61	2	-1233.34448695	0.05500000
5	62	2	-1229.36916086	0.05500000
5	63	2	-1229.50445302	0.05500000
5	64	2	-1234.32874218	0.05500000
5	65	2	-1235.43883282	0.05500000
5	66	2	-1230.01886553	0.05500000
5	67	2	-1240.46748127	0.05500000
5	68	2	-1229.82174745	0.05500000
5	69	2	-1231.05456975	0.05500000
5	70	2	-1229.14456593	0.05500000
5	71	2	-1233.71022220	0.05500000
5	72	2	-1254.48439648	0.05500000
5	73	2	-1267.30489957	0.05500000
5	74	2	-1251.75772328	0.05500000
5	75	2	-1265.69900717	0.05500000
5	76	2	-1251.29421934	0.05500000
5	77	2	-1263.94877774	0.05500000
5	78	2	-1250.26419016	0.05500000
5	79	2	-1263.59335317	0.05500000
5	80	2	-1248.99804581	0.05500000
5	81	2	-1265.71358120	0.05500000
5	82	2	-1249.01854597	0.05500000
5	83	2	-1264.94780930	0.05500000
5	84	2	-1245.93948397	0.05500000
5	85	2	-1259.03405192	0.05500000
5	86	2	-1230.99515547	0.05500000
5	87	2	-1255.94365255	0.05500000
5	88	2	-1241.32078035	0.05500000
5	89	2	-1251.43561424	0.05500000
5	90	2	-1238.73526671	0.05500000
5	91	2	-1246.68257579	0.05500000
5	92	2	-1238.85326869	0.05500000
5	93	2	-1243.28678562	0.05500000
5	94	2	-1240.30286369	0.05500000
5	95	2	-1247.72677011	0.05500000
5	96	2	-1242.37188060	0.05500000
5	97	2	-1256.71542394	0.05500000
5	98	2	-1241.69046622	0.05500000
5	99	2	-1258.74499759	0.05500000
5	100	2	-1241.25931436	0.05500000
5	101	2	-1256.17621971	0.05500000
5	102	2	-1239.62849693	0.05500000
5	103	2	-1247.52132343	0.05500000
5	104	2	-1239.03037687	0.05500000
5	105	2	-1252.49373215	0.05500000
5	106	2	-1237.26744184	0.05500000
5	107	2	-1253.66017723	0.05500000
5	108	2	-1240.87698747	0.05500000
5	109	2	-1254.37503918	0.05500000
5	110	2	-1242.58432323	0.05500000
5	111	2	-1257.54810139	0.05500000
5	112	2	-1244.15806316	0.05500000
5	113	2	-1257.78935593	0.05500000
5	114	2	-1244.97571086	0.05500000
5	115	2	-1258.59227071	0.05500000
5	116	2	-1245.57240407	0.05500000
5	117	2	-1260.54849274	0.05500000
5	118	2	-1246.64650754	0.05500000
5	119	2	-1252.27962371	0.05500000
5	120	2	-1222.38151729	0.05500000
5	121	2	-1224.10215958	0.05500000
5	122	2	-1222.66591472	0.05500000
5	123	2	-1218.02025005	0.05500000
5	124	2	-1222.97719349	0.05500000
5	125	2	-1222.86839131	0.05500000
5	126	2	-1216.91888714	0.05500000
5	127	2	-1220.62136271	0.05500000
5	128	2	-1221.62966533	0.05500000
5	129	2	-1223.26553879	0.05500000
5	130	2	-1234.47244429	0.05500000
5	131	2	-1232.54027699	0.05500000
5	132	2	-1236.31269767	0.05500000
5	133	2	-1234.46936387	0.05500000
5	134	2	-1240.78964202	0.05500000
5	135	2	-1236.89943864	0.05500000
5	136	2	-1241.19445596	0.05500000
5	137	2	-1236.82332299	0.05500000
5	138	2	-1238.90166443	0.05500000
5	139	2	-1240.09426329	0.05500000
5	140	2	-1243.52973247	0.05500000
5	141	2	-1242.11327039	0.05500000
5	142	2	-1244.32846187	0.05500000
5	143	2	-1242.03439937	0.05500000
6	0	2	-1269.91932277	0.05500000
6	1	2	-1266.26100123	0.05500000
6	2	2	-1271.51120132	0.05500000
6	3	2	-1266.32734945	0.05500000
6	4	2	-1270.45282390	0.05500000
6	5	2	-1266.14517429	0.05500000
6	6	2	-1271.37915631	0.05500000
6	7	2	-1261.97808217	0.05500000
6	8	2	-1272.00829034	0.05500000
6	9	2	-1253.23294279	0.05500000
6	10	2	-1267.35788322	0.05500000
6	11	2	-1260.93670738	0.05500000
6	12	2	-1261.46020799	0.05500000
6	13	2	-1258.10511819	0.05500000
6	14	2	-1256.77001200	0.05500000
6	15	2	-1263.53390946	0.05500000
6	16	2	-1260.24694530	0.05500000
6	17	2	-1261.77767469	0.05500000
6	18	2	-1256.25875225	0.05500000
6	19	2	-1259.09424905	0.05500000
6	20	2	-1260.65472971	0.05500000
6	21	2	-1256.09771112	0.05500000
6	22	2	-1261.61013334	0.05500000
6	23	2	-1253.08990324	0.05500000
6	24	2	-1260.16090192	0.05500000
6	25	2	-1254.36334342	0.05500000
6	26	2	-1262.52581720	0.05500000
6	27	2	-1264.88547627	0.05500000
6	28	2	-1216.17836208	0.05500000
6	29	2	-1210.12714094	0.05500000
6	30	2	-1219.83226520	0.05500000
6	31	2	-1211.65325243	0.05500000
6	32	2	-1218.71125132	0.05500000
6	33	2	-1212.87487029	0.05500000
6	34	2	-1215.58410724	0.05500000
6	35	2	-1210.63972225	0.05500000
6	36	2	-1221.72534234	0.05500000
6	37	2	-1212.69612819	0.05500000
6	38	2	-1216.95803911	0.05500000
6	39	2	-1210.69745633	0.05500000
6	40	2	-1214.18257943	0.05500000
6	41	2	-1211.26325854	0.05500000
6	42	2	-1214.75722753	0.05500000
6	43	2	-1214.75078455	0.05500000
6	44	2	-1214.19715019	0.05500000
6	45	2	-1213.43874079	0.05500000
6	46	2	-1216.41690124	0.05500000
6	47	2	-1216.16127561	0.05500000
6	48	2	-1220.14028641	0.05500000
6	49	2	-1212.81707542	0.05500000
6	50	2	-1220.01732397	0.05500000
6	51	2	-1215.72391887	0.05500000
6	52	2	-1221.19194014	0.05500000
6	53	2	-1211.02213056	0.05500000
6	54	2	-1218.69472916	0.05500000
6	55	2	-1208.90632952	0.05500000
6	56	2	-1214.20961065	0.05500000
6	57	2	-1209.89484340	0.05500000
6	58	2	-1211.03743532	0.05500000
6	59	2	-1209.15599363	0.05500000
6	60	2	-1211.72884976	0.05500000
6	61	2	-1208.27269060	0.05500000
6	62	2	-1210.93082130	0.05500000
6	63	2	-1201.17800264	0.05500000
6	64	2	-1208.82855824	0.05500000
6	65	2	-1204.71276048	0.05500000
6	66	2	-1206.79637819	0.05500000
6	67	2	-1205.22625448	0.05500000
6	68	2	-1215.10982109	0.05500000
6	69	2	-1206.64346792	0.05500000
6	70	2	-1213.80765585	0.05500000
6	71	2	-1208.04781798	0.05500000
6	72	2	-1213.75325008	0.05500000
6	73	2	-1210.40093310	0.05500000
6	74	2	-1214.81386328	0.05500000
6	75	2	-1210.56220727	0.05500000
6	76	2	-1222.70376188	0.05500000
6	77	2	-1208.41285877	0.05500000
6	78	2	-1223.92953770	0.05500000
6	79	2	-1210.76071353	0.05500000
6	80	2	-1217.08634566	0.05500000
6	81	2	-1206.04254201	0.05500000
6	82	2	-1215.85204084	0.05500000
6	83	2	-1206.75282480	0.05500000
6	84	2	-1230.92162833	0.05500000
6	85	2	-1227.09671509	0.05500000
6	86	2	-1230.98264808	0.05500000
6	87	2	-1228.41369869	0.05500000
6	88	2	-1229.33293624	0.05500000
6	89	2	-1223.54149972	0.05500000
6	90	2	-1228.54255127	0.05500000
6	91	2	-1224.69061584	0.05500000
6	92	2	-1226.71765493	0.05500000
6	93	2	-1225.67019481	0.05500000
6	94	2	-1226.52998028	0.05500000
6	95	2	-1223.94620907	0.05500000
6	96	2	-1224.63546629	0.05500000
6	97	2	-1220.15994896	0.05500000
6	98	2	-1218.44291265	0.05500000
6	99	2	-1216.97355956	0.05500000
6	100	2	-1216.61876422	0.05500000
6	101	2	-1210.12425970	0.05500000
6	102	2	-1212.59429846	0.05500000
6	103	2	-1208.01888454	0.05500000
6	104	2	-1214.38335735	0.05500000
6	105	2	-1213.92708705	0.05500000
6	106	2	-1213.71180293	0.05500000
6	107	2	-1216.58821184	0.05500000
6	108	2	-1210.43790860	0.05500000
6	109	2	-1219.93620140	0.05500000
6	110	2	-1212.49477672	0.05500000
6	111	2	-1219.87414601	0.05500000
6	112	2	-1219.69094657	0.05500000
6	113	2	-1218.51190923	0.05500000
6	114	2	-1219.75130442	0.05500000
6	115	2	-1220.51867682	0.05500000
6	116	2	-1223.56752755	0.05500000
6	117	2	-1221.14912850	0.05500000
6	118	2	-1217.23003037	0.05500000
6	119	2	-1221.29923589	0.05500000
6	120	2	-1215.47244630	0.05500000
6	121	2	-1217.15826842	0.05500000
6	122	2	-1216.58735511	0.05500000
6	123	2	-1217.42052350	0.05500000
6	124	2	-1214.13835729	0.05500000
6	125	2	-1218.24840580	0.05500000
6	126	2	-1218.10151970	0.05500000
6	127	2	-1217.80041747	0.05500000
6	128	2	-1218.26782685	0.05500000
6	129	2	-1221.51761674	0.05500000
6	130	2	-1218.22200618	0.05500000
6	131	2	-1219.76511390	0.05500000
6	132	2	-1220.03283162	0.05500000
6	133	2	-1222.81526328	0.05500000
6	134	2	-1222.89678880	0.05500000
6	135	2	-1220.41592161	0.05500000
6	136	2	-1220.90656931	0.05500000
6	137	2	-1219.48896992	0.05500000
6	138	2	-1221.86604450	0.05500000
6	139	2	-1216.65085522	0.05500000
6	140	2	-1246.03119364	0.05500000
6	141	2	-1247.58033133	0.05500000
6	142	2	-1242.93521936	0.05500000
6	143	2	-1249.28542569	0.05500000
6	144	2	-1246.74933442	0.05500000
6	145	2	-1248.87815681	0.05500000
6	146	2	-1244.73559787	0.05500000
6	147	2	-1253.67177699	0.05500000
6	148	2	-1246.40884917	0.05500000
6	149	2	-1252.34431245	0.05500000
6	150	2	-1246.57738168	0.05500000
6	151	2	-1255.73745451	0.05500000
6	152	2	-1253.60524562	0.05500000
6	153	2	-1257.40107489	0.05500000
6	154	2	-1258.26400389	0.05500000
6	155	2	-1262.98997967	0.05500000
6	156	2	-1260.60434196	0.05500000
6	157	2	-1266.81595233	0.05500000
6	158	2	-1263.58568517	0.05500000
6	159	2	-1267.38083656	0.05500000
6	160	2	-1260.94954375	0.05500000
6	161	2	-1269.20588153	0.05500000
6	162	2	-1264.00855780	0.05500000
6	163	2	-1273.02261606	0.05500000
6	164	2	-1262.95234269	0.05500000
6	165	2	-1271.79321030	0.05500000
6	166	2	-1266.70829355	0.05500000
6	167	2	-1269.90080120	0.05500000
7	0	2	-1265.92760416	0.05500000
7	1	2	-1259.59137722	0.05500000
7	2	2	-1267.74781381	0.05500000
7	3	2	-1261.10464502	0.05500000
7	4	2	-1266.87427474	0.05500000
7	5	2	-1260.32551002	0.05500000
7	6	2	-1263.54901161	0.05500000
7	7	2	-1256.70058408	0.05500000
7	8	2	-1256.60857085	0.05500000
7	9	2	-1253.27677429	0.05500000
7	10	2	-1253.82239092	0.05500000
7	11	2	-1253.14418002	0.05500000
7	12	2	-1253.16714303	0.05500000
7	13	2	-1258.14836214	0.05500000
7	14	2	-1255.02787240	0.05500000
7	15	2	-1256.79788282	0.05500000
7	16	2	-1256.95835715	0.05500000
7	17	2	-1253.85638233	0.05500000
7	18	2	-1257.39319374	0.05500000
7	19	2	-1249.65641367	0.05500000
7	20	2	-1256.78802917	0.05500000
7	21	2	-1249.16913972	0.05500000
7	22	2	-1252.61460787	0.05500000
7	23	2	-1251.48809009	0.05500000
7	24	2	-1250.94296822	0.05500000
7	25	2	-1256.70909978	0.05500000
7	26	2	-1251.23547526	0.05500000
7	27	2	-1258.04830231	0.05500000
7	28	2	-1253.50991142	0.05500000
7	29	2	-1249.89049422	0.05500000
7	30	2	-1257.57639644	0.05500000
7	31	2	-1252.66854916	0.05500000
7	32	2	-1220.98110727	0.05500000
7	33	2	-1229.31181042	0.05500000
7	34	2	-1229.03079104	0.05500000
7	35	2	-1232.70591385	0.05500000
7	36	2	-1231.88550346	0.05500000
7	37	2	-1232.83716463	0.05500000
7	38	2	-1232.80396761	0.05500000
7	39	2	-1230.02499809	0.05500000
7	40	2	-1228.47917662	0.05500000
7	41	2	-1231.40012437	0.05500000
7	42	2	-1226.07644314	0.05500000
7	43	2	-1227.19774242	0.05500000
7	44	2	-1224.87763119	0.05500000
7	45	2	-1220.33228418	0.05500000
7	46	2	-1221.27917159	0.05500000
7	47	2	-1218.83085907	0.05500000
7	48	2	-1221.96154164	0.05500000
7	49	2	-1220.12584268	0.05500000
7	50	2	-1220.42881925	0.05500000
7	51	2	-1224.22324691	0.05500000
7	52	2	-1225.62746642	0.05500000
7	53	2	-1224.99121699	0.05500000
7	54	2	-1224.01734122	0.05500000
7	55	2	-1223.34371511	0.05500000
7	56	2	-1225.55938864	0.05500000
7	57	2	-1230.31385124	0.05500000
7	58	2	-1232.71364790	0.05500000
7	59	2	-1226.56802284	0.05500000
7	60	2	-1228.96910354	0.05500000
7	61	2	-1228.37133938	0.05500000
7	62	2	-1228.58694940	0.05500000
7	63	2	-1227.88634702	0.05500000
7	64	2	-1228.38918040	0.05500000
7	65	2	-1222.35968339	0.05500000
7	66	2	-1224.02379048	0.05500000
7	67	2	-1225.89981766	0.05500000
7	68	2	-1221.59388393	0.05500000
7	69	2	-1222.28110869	0.05500000
7	70	2	-1222.60779252	0.05500000
7	71	2	-1220.11935980	0.05500000
7	72	2	-1219.98848311	0.05500000
7	73	2	-1216.91582312	0.05500000
7	74	2	-1219.04978324	0.05500000
7	75	2	-1215.04242622	0.05500000
7	76	2	-1219.44359121	0.05500000
7	77	2	-1220.07490148	0.05500000
7	78	2	-1222.14690818	0.05500000
7	79	2	-1219.61245225	0.05500000
7	80	2	-1224.91896330	0.05500000
7	81	2	-1221.71277507	0.05500000
7	82	2	-1224.26498527	0.05500000
7	83	2	-1224.91265367	0.05500000
7	84	2	-1223.02183390	0.05500000
7	85	2	-1226.33181982	0.05500000
7	86	2	-1229.86239142	0.05500000
7	87	2	-1228.51062537	0.05500000
7	88	2	-1227.90927707	0.05500000
7	89	2	-1225.61514972	0.05500000
7	90	2	-1228.52684564	0.05500000
7	91	2	-1225.44425396	0.05500000
7	92	2	-1226.79790711	0.05500000
7	93	2	-1221.72278479	0.05500000
7	94	2	-1225.13395154	0.05500000
7	95	2	-1222.89444162	0.05500000
7	96	2	-1203.06106857	0.05500000
7	97	2	-1204.38744214	0.05500000
7	98	2	-1201.92933377	0.05500000
7	99	2	-1202.22091518	0.05500000
7	100	2	-1199.15707961	0.05500000
7	101	2	-1200.26216647	0.05500000
7	102	2	-1199.82550634	0.05500000
7	103	2	-1200.92577496	0.05500000
7	104	2	-1199.15650745	0.05500000
7	105	2	-1201.64150298	0.05500000
7	106	2	-1201.20814841	0.05500000
7	107	2	-1199.51861193	0.05500000
7	108	2	-1199.43444508	0.05500000
7	109	2	-1195.82643512	0.05500000
7	110	2	-1196.06127193	0.05500000
7	111	2	-1194.62117321	0.05500000
7	112	2	-1188.76862229	0.05500000
7	113	2	-1193.31695638	0.05500000
7	114	2	-1187.19401432	0.05500000
7	115	2	-1191.86684541	0.05500000
7	116	2	-1189.81651873	0.05500000
7	117	2	-1192.56188291	0.05500000
7	118	2	-1190.45137514	0.05500000
7	119	2	-1193.93285333	0.05500000
7	120	2	-1192.17186541	0.05500000
7	121	2	-1194.01494699	0.05500000
7	122	2	-1193.05976075	0.05500000
7	123	2	-1190.03663463	0.05500000
7	124	2	-1195.11501185	0.05500000
7	125	2	-1196.42000055	0.05500000
7	126	2	-1196.31480325	0.05500000
7	127	2	-1200.26204725	0.05500000
7	128	2	-1193.60108192	0.05500000
7	129	2	-1201.62532419	0.05500000
7	130	2	-1196.72277919	0.05500000
7	131	2	-1202.65234320	0.05500000
7	132	2	-1196.75923675	0.05500000
7	133	2	-1200.96327087	0.05500000
7	134	2	-1199.59119170	0.05500000
7	135	2	-1197.90214184	0.05500000
7	136	2	-1195.94172856	0.05500000
7	137	2	-1198.82993239	0.05500000
7	138	2	-1193.75173579	0.05500000
7	139	2	-1196.76204358	0.05500000
7	140	2	-1194.07726195	0.05500000
7	141	2	-1196.89051041	0.05500000
7	142	2	-1192.38673035	0.05500000
7	143	2	-1197.12553085	0.05500000
7	144	2	-1191.99901847	0.05500000
7	145	2	-1198.04853112	0.05500000
7	146	2	-1196.28655483	0.05500000
7	147	2	-1202.38196925	0.05500000
7	148	2	-1197.29925715	0.05500000
7	149	2	-1199.15721708	0.05500000
7	150	2	-1200.56672348	0.05500000
7	151	2	-1200.93506847	0.05500000
7	152	2	-1199.49744404	0.05500000
7	153	2	-1201.41956855	0.05500000
7	154	2	-1199.09413155	0.05500000
7	155	2	-1200.76039147	0.05500000
7	156	2	-1199.18211447	0.05500000
7	157	2	-1202.85030320	0.05500000
7	158	2	-1197.92042048	0.05500000
7	159	2	-1199.35369595	0.05500000
7	160	2	-1250.00108546	0.05500000
7	161	2	-1250.77863764	0.05500000
7	162	2	-1244.75350628	0.05500000
7	163	2	-1252.23130449	0.05500000
7	164	2	-1251.84324746	0.05500000
7	165	2	-1255.78765102	0.05500000
7	166	2	-1250.40495220	0.05500000
7	167	2	-1254.75934197	0.05500000
7	168	2	-1253.39759293	0.05500000
7	169	2	-1254.95895930	0.05500000
7	170	2	-1248.66659951	0.05500000
7	171	2	-1254.93664769	0.05500000
7	172	2	-1250.45077713	0.05500000
7	173	2	-1252.74356133	0.05500000
7	174	2	-1253.33389022	0.05500000
7	175	2	-1254.49464089	0.05500000
7	176	2	-1254.34729949	0.05500000
7	177	2	-1261.17432152	0.05500000
7	178	2	-1262.11081547	0.05500000
7	179	2	-1263.96635211	0.05500000
7	180	2	-1258.62190863	0.05500000
7	181	2	-1263.23857032	0.05500000
7	182	2	-1263.32029327	0.05500000
7	183	2	-1270.61244436	0.05500000
7	184	2	-1263.70349284	0.05500000
7	185	2	-1265.17371048	0.05500000
7	186	2	-1261.88087904	0.05500000
7	187	2	-1268.38558373	0.05500000
7	188	2	-1264.29953671	0.05500000
7	189	2	-1270.92637354	0.05500000
7	190	2	-1262.30400290	0.05500000
7	191	2	-1267.53729846	0.05500000
8	0	2	-1239.19501376	0.05500000
8	1	2	-1247.67273899	0.05500000
8	2	2	-1240.85246159	0.05500000
8	3	2	-1245.78039414	0.05500000
8	4	2	-1239.06669480	0.05500000
8	5	2	-1245.00907810	0.05500000
8	6	2	-1235.29094062	0.05500000
8	7	2	-1229.99199953	0.05500000
8	8	2	-1241.71743384	0.05500000
8	9	2	-1231.91529608	0.05500000
8	10	2	-1233.07766454	0.05500000
8	11	2	-1241.66032589	0.05500000
8	12	2	-1225.74753988	0.05500000
8	13	2	-1236.38695325	0.05500000
8	14	2	-1232.96708371	0.05500000
8	15	2	-1233.19614763	0.05500000
8	16	2	-1237.09154924	0.05500000
8	17	2	-1239.38840079	0.05500000
8	18	2	-1231.20212596	0.05500000
8	19	2	-1241.43285174	0.05500000
8	20	2	-1229.37247106	0.05500000
8	21	2	-1241.89052253	0.05500000
8	22	2	-1233.65334129	0.05500000
8	23	2	-1243.82373323	0.05500000
8	24	2	-1240.23861089	0.05500000
8	25	2	-1247.68521142	0.05500000
8	26	2	-1245.94377335	0.05500000
8	27	2	-1243.97795921	0.05500000
8	28	2	-1254.57925933	0.05500000
8	29	2	-1245.96771629	0.05500000
8	30	2	-1246.42602888	0.05500000
8	31	2	-1253.04106065	0.05500000
8	32	2	-1239.54199580	0.05500000
8	33	2	-1257.37680991	0.05500000
8	34	2	-1240.81116140	0.05500000
8	35	2	-1250.36600949	0.05500000
8	36	2	-1249.34872188	0.05500000
8	37	2	-1254.00061257	0.05500000
8	38	2	-1260.16449548	0.05500000
8	39	2	-1257.73128652	0.05500000
8	40	2	-1263.11048733	0.05500000
8	41	2	-1260.49093596	0.05500000
8	42	2	-1259.28833610	0.05500000
8	43	2	-1269.68050185	0.05500000
8	44	2	-1255.99291278	0.05500000
8	45	2	-1258.56737495	0.05500000
8	46	2	-1259.73868807	0.05500000
8	47	2	-1255.49073047	0.05500000
8	48	2	-1252.27259379	0.05500000
8	49	2	-1249.90131765	0.05500000
8	50	2	-1248.75185963	0.05500000
8	51	2	-1251.72642686	0.05500000
8	52	2	-1245.49481709	0.05500000
8	53	2	-1250.92902114	0.05500000
8	54	2	-1246.78613908	0.05500000
8	55	2	-1252.23031735	0.05500000
8	56	2	-1253.20259288	0.05500000
8	57	2	-1253.31932104	0.05500000
8	58	2	-1254.95639517	0.05500000
8	59	2	-1255.01501763	0.05500000
8	60	2	-1249.51425893	0.05500000
8	61	2	-1256.15602017	0.05500000
8	62	2	-1252.93084976	0.05500000
8	63	2	-1255.37065823	0.05500000
8	64	2	-1250.14521547	0.05500000
8	65	2	-1253.58660834	0.05500000
8	66	2	-1249.04288501	0.05500000
8	67	2	-1253.06678916	0.05500000
8	68	2	-1248.48641071	0.05500000
8	69	2	-1250.51597886	0.05500000
8	70	2	-1250.30587823	0.05500000
8	71	2	-1249.60322815	0.05500000
8	72	2	-1250.51861719	0.05500000
8	73	2	-1249.65363155	0.05500000
8	74	2	-1245.62314480	0.05500000
8	75	2	-1246.50715235	0.05500000
8	76	2	0.00000000	0.05500000
8	77	2	0.00000000	0.05500000
8	78	2	0.00000000	0.05500000
8	79	2	0.00000000	0.05500000
8	80	2	0.00000000	0.05500000
8	81	2	0.00000000	0.05500000
8	82	2	0.00000000	0.05500000
8	83	2	0.00000000	0.05500000
8	84	2	0.00000000	0.05500000
8	85	2	0.00000000	0.05500000
8	86	2	-1237.25558241	0.05500000
8	87	2	-1242.66518520	0.05500000
8	88	2	-1241.33958358	0.05500000
8	89	2	-1241.14233757	0.05500000
8	90	2	-1239.70934351	0.05500000
8	91	2	-1244.37351409	0.05500000
8	92	2	-1244.13267359	0.05500000
8	93	2	-1246.17230353	0.05500000
8	94	2	-1245.88154006	0.05500000
8	95	2	-1246.31648228	0.05500000
8	96	2	-1247.38921780	0.05500000
8	97	2	-1251.23608282	0.05500000
8	98	2	-1252.20403679	0.05500000
8	99	2	-1255.45556767	0.05500000
8	100	2	-1248.54041405	0.05500000
8	101	2	-1250.92897090	0.05500000
8	102	2	-1250.39049726	0.05500000
8	103	2	-1253.23709207	0.05500000
8	104	2	-1246.75679570	0.05500000
8	105	2	-1249.79574897	0.05500000
8	106	2	-1246.31989942	0.05500000
8	107	2	-1250.00327895	0.05500000
8	108	2	-1268.96823263	0.05500000
8	109	2	-1266.53739693	0.05500000
8	110	2	-1267.03365525	0.05500000
8	111	2	-1267.54371256	0.05500000
8	112	2	-1263.88208856	0.05500000
8	113	2	-1264.91322613	0.05500000
8	114	2	-1265.51779043	0.05500000
8	115	2	-1267.01270338	0.05500000
8	116	2	-1265.01212930	0.05500000
8	117	2	-1267.16443390	0.05500000
8	118	2	-1266.32080951	0.05500000
8	119	2	-1265.98954810	0.05500000
8	120	2	-1264.67837799	0.05500000
8	121	2	-1263.74876180	0.05500000
8	122	2	-1262.41635448	0.05500000
8	123	2	-1264.64351358	0.05500000
8	124	2	-1262.37286578	0.05500000
8	125	2	-1260.84548507	0.05500000
8	126	2	-1259.56710228	0.05500000
8	127	2	-1257.31834171	0.05500000
8	128	2	0.00000000	0.05500000
8	129	2	0.00000000	0.05500000
8	130	2	0.00000000	0.05500000
8	131	2	0.00000000	0.05500000
8	132	2	0.00000000	0.05500000
8	133	2	0.00000000	0.05500000
8	134	2	0.00000000	0.05500000
8	135	2	0.00000000	0.05500000
8	136	2	0.00000000	0.05500000
8	137	2	0.00000000	0.05500000
8	138	2	0.00000000	0.05500000
8	139	2	0.00000000	0.05500000
8	140	2	-1250.54221761	0.05500000
8	141	2	-1255.96352056	0.05500000
8	142	2	-1255.29139885	0.05500000
8	143	2	-1258.67934469	0.05500000
8	144	2	-1255.87298981	0.05500000
8	145	2	-1260.87554004	0.05500000
8	146	2	-1258.92210826	0.05500000
8	147	2	-1260.49855643	0.05500000
8	148	2	-1256.43154070	0.05500000
8	149	2	-1261.28349604	0.05500000
8	150	2	-1256.41242834	0.05500000
8	151	2	-1260.81403383	0.05500000
8	152	2	-1257.96786410	0.05500000
8	153	2	-1260.96734035	0.05500000
8	154	2	-1230.97277905	0.05500000
8	155	2	-1261.16856329	0.05500000
8	156	2	-1255.54214511	0.05500000
8	157	2	-1262.81064726	0.05500000
8	158	2	-1259.56710228	0.05500000
8	159	2	-1263.46170817	0.05500000
8	160	2	-1256.33053658	0.05500000
8	161	2	-1258.20779392	0.05500000
8	162	2	-1255.94361048	0.05500000
8	163	2	-1258.24711817	0.05500000
8	164	2	-1256.06608257	0.05500000
8	165	2	-1263.29766417	0.05500000
8	166	2	-1258.10604440	0.05500000
8	167	2	-1259.79819414	0.05500000
8	168	2	-1257.02038854	0.05500000
8	169	2	-1260.54431516	0.05500000
8	170	2	-1258.14199736	0.05500000
8	171	2	-1259.14467180	0.05500000
8	172	2	-1249.04982489	0.05500000
8	173	2	-1257.51327259	0.05500000
8	174	2	-1254.54328340	0.05500000
8	175	2	-1261.84440556	0.05500000
8	176	2	-1258.39318108	0.05500000
8	177	2	-1262.23171045	0.05500000
8	178	2	-1256.03080110	0.05500000
8	179	2	-1259.54420744	0.05500000
8	180	2	-1253.65073670	0.05500000
8	181	2	-1257.06798860	0.05500000
8	182	2	-1257.43226358	0.05500000
8	183	2	-1261.00700496	0.05500000
8	184	2	-1260.63913054	0.05500000
8	185	2	-1259.64287633	0.05500000
8	186	2	-1259.79206445	0.05500000
8	187	2	-1259.87423423	0.05500000
8	188	2	-1256.08749958	0.05500000
8	189	2	-1258.12424067	0.05500000
8	190	2	-1259.41474219	0.05500000
8	191	2	-1256.17278040	0.05500000
8	192	2	-1257.48075473	0.05500000
8	193	2	-1255.91371708	0.05500000
8	194	2	-1254.27189089	0.05500000
8	195	2	-1251.72111280	0.05500000
8	196	2	-1252.81867765	0.05500000
8	197	2	-1252.53233986	0.05500000
8	198	2	-1249.91250245	0.05500000
8	199	2	-1251.06768614	0.05500000
8	200	2	-1250.17097030	0.05500000
8	201	2	-1256.70213491	0.05500000
8	202	2	-1252.81273343	0.05500000
8	203	2	-1264.52377133	0.05500000
8	204	2	-1259.78301949	0.05500000
8	205	2	-1266.00707244	0.05500000
8	206	2	-1263.87149541	0.05500000
8	207	2	-1271.43329772	0.05500000
8	208	2	-1263.78328982	0.05500000
8	209	2	-1263.45325504	0.05500000
8	210	2	-1264.40721243	0.05500000
8	211	2	-1266.50943857	0.05500000
8	212	2	-1262.67064247	0.05500000
8	213	2	-1264.83037764	0.05500000
8	214	2	-1262.77536916	0.05500000
8	215	2	-1264.55253729	0.05500000
9	0	2	-1247.00401643	0.05500000
9	1	2	-1246.57640574	0.05500000
9	2	2	-1250.93576611	0.05500000
9	3	2	-1248.33283068	0.05500000
9	4	2	-1241.37001055	0.05500000
9	5	2	-1247.29905868	0.05500000
9	6	2	-1243.44141982	0.05500000
9	7	2	-1235.27605506	0.05500000
9	8	2	-1241.01237603	0.05500000
9	9	2	-1244.58036766	0.05500000
9	10	2	-1236.80546723	0.05500000
9	11	2	-1239.26875911	0.05500000
9	12	2	-1238.27460813	0.05500000
9	13	2	-1236.26497939	0.05500000
9	14	2	-1239.65932793	0.05500000
9	15	2	-1239.41716846	0.05500000
9	16	2	-1240.25827633	0.05500000
9	17	2	-1240.37907042	0.05500000
9	18	2	-1234.39823913	0.05500000
9	19	2	-1238.83989579	0.05500000
9	20	2	-1238.41098339	0.05500000
9	21	2	-1249.17221529	0.05500000
9	22	2	-1238.15217429	0.05500000
9	23	2	-1243.54542711	0.05500000
9	24	2	-1250.15069735	0.05500000
9	25	2	-1249.99367211	0.05500000
9	26	2	-1260.46349283	0.05500000
9	27	2	-1250.53616103	0.05500000
9	28	2	-1255.02777975	0.05500000
9	29	2	-1257.32059751	0.05500000
9	30	2	-1248.34110869	0.05500000
9	31	2	-1263.68624379	0.05500000
9	32	2	-1243.72052152	0.05500000
9	33	2	-1262.08323968	0.05500000
9	34	2	-1255.85465479	0.05500000
9	35	2	-1252.57016041	0.05500000
9	36	2	-1261.37070646	0.05500000
9	37	2	-1256.14563426	0.05500000
9	38	2	-1256.31319185	0.05500000
9	39	2	-1262.38873943	0.05500000
9	40	2	-1250.67680077	0.05500000
9	41	2	-1265.76538874	0.05500000
9	42	2	-1259.35378886	0.05500000
9	43	2	-1260.72096122	0.05500000
9	44	2	-1268.87121122	0.05500000
9	45	2	-1271.37009367	0.05500000
9	46	2	-1266.60403521	0.05500000
9	47	2	-1268.96886644	0.05500000
9	48	2	-1267.29720020	0.05500000
9	49	2	-1270.37456062	0.05500000
9	50	2	-1262.79481790	0.05500000
9	51	2	-1267.48027704	0.05500000
9	52	2	-1268.98860715	0.05500000
9	53	2	-1266.01383285	0.05500000
9	54	2	-1260.42075404	0.05500000
9	55	2	-1267.42381568	0.05500000
9	56	2	-1264.10488702	0.05500000
9	57	2	-1265.21811225	0.05500000
9	58	2	-1258.56933766	0.05500000
9	59	2	-1262.68595230	0.05500000
9	60	2	-1260.79923863	0.05500000
9	61	2	-1261.30069021	0.05500000
9	62	2	-1265.55883005	0.05500000
9	63	2	-1264.19790939	0.05500000
9	64	2	-1257.40337196	0.05500000
9	65	2	-1262.08437245	0.05500000
9	66	2	-1258.51502405	0.05500000
9	67	2	-1260.25913651	0.05500000
9	68	2	-1261.01963089	0.05500000
9	69	2	-1262.11109012	0.05500000
9	70	2	-1255.90688034	0.05500000
9	71	2	-1257.82179788	0.05500000
9	72	2	0.00000000	0.05500000
9	73	2	0.00000000	0.05500000
9	74	2	0.00000000	0.05500000
9	75	2	0.00000000	0.05500000
9	76	2	0.00000000	0.05500000
9	77	2	0.00000000	0.05500000
9	78	2	0.00000000	0.05500000
9	79	2	0.00000000	0.05500000
9	80	2	0.00000000	0.05500000
9	81	2	0.00000000	0.05500000
9	82	2	0.00000000	0.05500000
9	83	2	0.00000000	0.05500000
9	84	2	0.00000000	0.05500000
9	85	2	0.00000000	0.05500000
9	86	2	0.00000000	0.05500000
9	87	2	0.00000000	0.05500000
9	88	2	0.00000000	0.05500000
9	89	2	0.00000000	0.05500000
9	90	2	0.00000000	0.05500000
9	91	2	0.00000000	0.05500000
9	92	2	0.00000000	0.05500000
9	93	2	0.00000000	0.05500000
9	94	2	0.00000000	0.05500000
9	95	2	0.00000000	0.05500000
9	96	2	0.00000000	0.05500000
9	97	2	0.00000000	0.05500000
9	98	2	0.00000000	0.05500000
9	99	2	0.00000000	0.05500000
9	100	2	0.00000000	0.05500000
9	101	2	0.00000000	0.05500000
9	102	2	0.00000000	0.05500000
9	103	2	0.00000000	0.05500000
9	104	2	0.00000000	0.05500000
9	105	2	0.00000000	0.05500000
9	106	2	0.00000000	0.05500000
9	107	2	0.00000000	0.05500000
9	108	2	0.00000000	0.05500000
9	109	2	-1257.30743123	0.05500000
9	110	2	-1260.26882237	0.05500000
9	111	2	-1264.75061791	0.05500000
9	112	2	-1261.25046683	0.05500000
9	113	2	-1261.93544203	0.05500000
9	114	2	-1263.81013055	0.05500000
9	115	2	-1264.46252535	0.05500000
9	116	2	-1259.05410256	0.05500000
9	117	2	-1261.80976323	0.05500000
9	118	2	-1256.65167813	0.05500000
9	119	2	-1263.16605322	0.05500000
9	120	2	-1266.75592008	0.05500000
9	121	2	-1264.23863744	0.05500000
9	122	2	-1264.77241991	0.05500000
9	123	2	-1262.76840158	0.05500000
9	124	2	-1262.15632087	0.05500000
9	125	2	-1261.08544372	0.05500000
9	126	2	-1263.99260917	0.05500000
9	127	2	-1264.43729430	0.05500000
9	128	2	-1265.39315590	0.05500000
9	129	2	-1262.53158957	0.05500000
9	130	2	-1264.91482292	0.05500000
9	131	2	-1261.76559528	0.05500000
9	132	2	0.00000000	0.05500000
9	133	2	0.00000000	0.05500000
9	134	2	0.00000000	0.05500000
9	135	2	0.00000000	0.05500000
9	136	2	0.00000000	0.05500000
9	137	2	0.00000000	0.05500000
9	138	2	0.00000000	0.05500000
9	139	2	0.00000000	0.05500000
9	140	2	0.00000000	0.05500000
9	141	2	0.00000000	0.05500000
9	142	2	0.00000000	0.05500000
9	143	2	0.00000000	0.05500000
9	144	2	0.00000000	0.05500000
9	145	2	0.00000000	0.05500000
9	146	2	0.00000000	0.05500000
9	147	2	0.00000000	0.05500000
9	148	2	0.00000000	0.05500000
9	149	2	0.00000000	0.05500000
9	150	2	0.00000000	0.05500000
9	151	2	0.00000000	0.05500000
9	152	2	0.00000000	0.05500000
9	153	2	0.00000000	0.05500000
9	154	2	0.00000000	0.05500000
9	155	2	0.00000000	0.05500000
9	156	2	0.00000000	0.05500000
9	157	2	0.00000000	0.05500000
9	158	2	0.00000000	0.05500000
9	159	2	0.00000000	0.05500000
9	160	2	0.00000000	0.05500000
9	161	2	0.00000000	0.05500000
9	162	2	0.00000000	0.05500000
9	163	2	0.00000000	0.05500000
9	164	2	0.00000000	0.05500000
9	165	2	0.00000000	0.05500000
9	166	2	0.00000000	0.05500000
9	167	2	0.00000000	0.05500000
9	168	2	-1261.15138230	0.05500000
9	169	2	-1265.83985795	0.05500000
9	170	2	-1264.29521984	0.05500000
9	171	2	-1265.26957941	0.05500000
9	172	2	-1267.96445716	0.05500000
9	173	2	-1263.28490410	0.05500000
9	174	2	-1266.96495282	0.05500000
9	175	2	-1263.51635565	0.05500000
9	176	2	-1264.58123214	0.05500000
9	177	2	-1262.21432334	0.05500000
9	178	2	-1265.21651487	0.05500000
9	179	2	-1264.21391195	0.05500000
9	180	2	-1265.26415315	0.05500000
9	181	2	-1264.47536907	0.05500000
9	182	2	-1262.94616308	0.05500000
9	183	2	-1263.42220584	0.05500000
9	184	2	-1267.45348068	0.05500000
9	185	2	-1263.57599189	0.05500000
9	186	2	-1258.33557163	0.05500000
9	187	2	-1266.36046437	0.05500000
9	188	2	-1262.33594431	0.05500000
9	189	2	-1260.92943354	0.05500000
9	190	2	-1259.97042944	0.05500000
9	191	2	-1256.27109244	0.05500000
9	192	2	-1261.69817168	0.05500000
9	193	2	-1264.31974732	0.05500000
9	194	2	-1257.31737538	0.05500000
9	195	2	-1259.10056245	0.05500000
9	196	2	-1257.84541407	0.05500000
9	197	2	-1256.15197285	0.05500000
9	198	2	-1263.12592227	0.05500000
9	199	2	-1263.94304834	0.05500000
9	200	2	-1261.89276896	0.05500000
9	201	2	-1261.06871284	0.05500000
9	202	2	-1260.84744898	0.05500000
9	203	2	-1259.22925875	0.05500000
9	204	2	-1257.02725101	0.05500000
9	205	2	-1257.09241614	0.05500000
9	206	2	-1258.45530775	0.05500000
9	207	2	-1257.51269749	0.05500000
9	208	2	-1256.54882403	0.05500000
9	209	2	-1259.31296441	0.05500000
9	210	2	-1255.60316799	0.05500000
9	211	2	-1257.48433436	0.05500000
9	212	2	-1256.42844190	0.05500000
9	213	2	-1254.49794557	0.05500000
9	214	2	-1256.87852678	0.05500000
9	215	2	-1255.91882684	0.05500000
9	216	2	-1253.41537674	0.05500000
9	217	2	-1253.82861956	0.05500000
9	218	2	-1251.16598391	0.05500000
9	219	2	-1255.00296416	0.05500000
9	220	2	-1250.35624218	0.05500000
9	221	2	-1251.88649795	0.05500000
9	222	2	-1247.80438447	0.05500000
9	223	2	-1250.10230732	0.05500000
9	224	2	-1251.42836651	0.05500000
9	225	2	-1252.87437613	0.05500000
9	226	2	-1246.57110056	0.05500000
9	227	2	-1264.28752519	0.05500000
9	228	2	-1259.70105920	0.05500000
9	229	2	-1257.78604694	0.05500000
9	230	2	-1258.75026857	0.05500000
9	231	2	-1256.45449346	0.05500000
9	232	2	-1256.75482510	0.05500000
9	233	2	-1260.09374592	0.05500000
9	234	2	-1261.49559129	0.05500000
9	235	2	-1264.78821075	0.05500000
9	236	2	-1262.56370444	0.05500000
9	237	2	-1259.43873667	0.05500000
9	238	2	-1261.75998386	0.05500000
9	239	2	-1259.23838353	0.05500000
10	0	2	-1170.44640839	0.05500000
10	1	2	-1178.62398025	0.05500000
10	2	2	-1172.05262379	0.05500000
10	3	2	-1186.54926145	0.05500000
10	4	2	-1180.14861373	0.05500000
10	5	2	-1184.32476705	0.05500000
10	6	2	-1189.03071309	0.05500000
10	7	2	-1185.71584646	0.05500000
10	8	2	-1193.14966817	0.05500000
10	9	2	-1190.56329767	0.05500000
10	10	2	-1203.72658759	0.05500000
10	11	2	-1194.28909040	0.05500000
10	12	2	-1204.12178711	0.05500000
10	13	2	-1194.88010800	0.05500000
10	14	2	-1207.42360817	0.05500000
10	15	2	-1200.42017368	0.05500000
10	16	2	-1197.91680234	0.05500000
10	17	2	-1219.43286560	0.05500000
10	18	2	-1196.86864473	0.05500000
10	19	2	-1215.93392156	0.05500000
10	20	2	-1199.66151787	0.05500000
10	21	2	-1214.31342407	0.05500000
10	22	2	-1198.76642972	0.05500000
10	23	2	-1210.27039527	0.05500000
10	24	2	-1209.76462176	0.05500000
10	25	2	-1205.33498366	0.05500000
10	26	2	-1220.09748461	0.05500000
10	27	2	-1217.80850538	0.05500000
10	28	2	-1221.85451042	0.05500000
10	29	2	-1224.29343025	0.05500000
10	30	2	-1227.74470210	0.05500000
10	31	2	-1223.61631132	0.05500000
10	32	2	-1218.45463338	0.05500000
10	33	2	-1233.19122645	0.05500000
10	34	2	-1225.97252660	0.05500000
10	35	2	-1222.51575015	0.05500000
10	36	2	-1225.03741788	0.05500000
10	37	2	-1224.58399725	0.05500000
10	38	2	-1216.39463581	0.05500000
10	39	2	-1223.66567291	0.05500000
10	40	2	-1225.90972800	0.05500000
10	41	2	-1221.89978027	0.05500000
10	42	2	-1219.51360299	0.05500000
10	43	2	-1219.60988478	0.05500000
10	44	2	-1217.39954094	0.05500000
10	45	2	-1219.76830889	0.05500000
10	46	2	-1219.28731096	0.05500000
10	47	2	-1222.98378464	0.05500000
10	48	2	-1201.79464986	0.05500000
10	49	2	0.00000000	0.05500000
10	50	2	0.00000000	0.05500000
10	51	2	0.00000000	0.05500000
10	52	2	0.00000000	0.05500000
10	53	2	0.00000000	0.05500000
10	54	2	0.00000000	0.05500000
10	55	2	0.00000000	0.05500000
10	56	2	0.00000000	0.05500000
10	57	2	0.00000000	0.05500000
10	58	2	0.00000000	0.05500000
10	59	2	0.00000000	0.05500000
10	60	2	0.00000000	0.05500000
10	61	2	0.00000000	0.05500000
10	62	2	0.00000000	0.05500000
10	63	2	0.00000000	0.05500000
10	64	2	0.00000000	0.05500000
10	65	2	0.00000000	0.05500000
10	66	2	0.00000000	0.05500000
10	67	2	0.00000000	0.05500000
10	68	2	0.00000000	0.05500000
10	69	2	0.00000000	0.05500000
10	70	2	0.00000000	0.05500000
10	71	2	0.00000000	0.05500000
10	72	2	0.00000000	0.05500000
10	73	2	0.00000000	0.05500000
10	74	2	0.00000000	0.05500000
10	75	2	0.00000000	0.05500000
10	76	2	0.00000000	0.05500000
10	77	2	0.00000000	0.05500000
10	78	2	0.00000000	0.05500000
10	79	2	0.00000000	0.05500000
10	80	2	0.00000000	0.05500000
10	81	2	0.00000000	0.05500000
10	82	2	0.00000000	0.05500000
10	83	2	0.00000000	0.05500000
10	84	2	0.00000000	0.05500000
10	85	2	0.00000000	0.05500000
10	86	2	0.00000000	0.05500000
10	87	2	0.00000000	0.05500000
10	88	2	0.00000000	0.05500000
10	89	2	0.00000000	0.05500000
10	90	2	0.00000000	0.05500000
10	91	2	0.00000000	0.05500000
10	92	2	0.00000000	0.05500000
10	93	2	0.00000000	0.05500000
10	94	2	0.00000000	0.05500000
10	95	2	0.00000000	0.05500000
10	96	2	0.00000000	0.05500000
10	97	2	0.00000000	0.05500000
10	98	2	-1212.80876863	0.05500000
10	99	2	-1214.04236720	0.05500000
10	100	2	-1212.30417487	0.05500000
10	101	2	-1216.23121503	0.05500000
10	102	2	-1210.72493913	0.05500000
10	103	2	-1211.21328563	0.05500000
10	104	2	-1231.22020685	0.05500000
10	105	2	-1212.75460062	0.05500000
10	106	2	-1226.50156594	0.05500000
10	107	2	-1213.92725097	0.05500000
10	108	2	-1224.33899705	0.05500000
10	109	2	-1211.69224008	0.05500000
10	110	2	0.00000000	0.05500000
10	111	2	0.00000000	0.05500000
10	112	2	0.00000000	0.05500000
10	113	2	0.00000000	0.05500000
10	114	2	0.00000000	0.05500000
10	115	2	0.00000000	0.05500000
10	116	2	0.00000000	0.05500000
10	117	2	0.00000000	0.05500000
10	118	2	0.00000000	0.05500000
10	119	2	0.00000000	0.05500000
10	120	2	0.00000000	0.05500000
10	121	2	0.00000000	0.05500000
10	122	2	0.00000000	0.05500000
10	123	2	0.00000000	0.05500000
10	124	2	0.00000000	0.05500000
10	125	2	0.00000000	0.05500000
10	126	2	0.00000000	0.05500000
10	127	2	0.00000000	0.05500000
10	128	2	0.00000000	0.05500000
10	129	2	0.00000000	0.05500000
10	130	2	0.00000000	0.05500000
10	131	2	0.00000000	0.05500000
10	132	2	0.00000000	0.05500000
10	133	2	0.00000000	0.05500000
10	134	2	0.00000000	0.05500000
10	135	2	0.00000000	0.05500000
10	136	2	0.00000000	0.05500000
10	137	2	0.00000000	0.05500000
10	138	2	0.00000000	0.05500000
10	139	2	0.00000000	0.05500000
10	140	2	0.00000000	0.05500000
10	141	2	0.00000000	0.05500000
10	142	2	0.00000000	0.05500000
10	143	2	0.00000000	0.05500000
10	144	2	0.00000000	0.05500000
10	145	2	0.00000000	0.05500000
10	146	2	0.00000000	0.05500000
10	147	2	0.00000000	0.05500000
10	148	2	0.00000000	0.05500000
10	149	2	0.00000000	0.05500000
10	150	2	0.00000000	0.05500000
10	151	2	0.00000000	0.05500000
10	152	2	0.00000000	0.05500000
10	153	2	0.00000000	0.05500000
10	154	2	0.00000000	0.05500000
10	155	2	0.00000000	0.05500000
10	156	2	0.00000000	0.05500000
10	157	2	0.00000000	0.05500000
10	158	2	0.00000000	0.05500000
10	159	2	-1197.17448435	0.05500000
10	160	2	-1226.67565715	0.05500000
10	161	2	-1213.19866723	0.05500000
10	162	2	-1219.41304339	0.05500000
10	163	2	-1214.19871900	0.05500000
10	164	2	-1216.92006065	0.05500000
10	165	2	-1220.45541821	0.05500000
10	166	2	-1225.25664729	0.05500000
10	167	2	-1213.46216136	0.05500000
10	168	2	-1212.62167034	0.05500000
10	169	2	-1220.32267094	0.05500000
10	170	2	-1211.24046178	0.05500000
10	171	2	-1210.89068143	0.05500000
10	172	2	-1212.86044923	0.05500000
10	173	2	-1209.06697036	0.05500000
10	174	2	-1216.45201687	0.05500000
10	175	2	-1210.75701893	0.05500000
10	176	2	-1212.96323670	0.05500000
10	177	2	-1205.43606996	0.05500000
10	178	2	-1217.22384764	0.05500000
10	179	2	-1206.25358350	0.05500000
10	180	2	-1218.85844686	0.05500000
10	181	2	-1208.97934155	0.05500000
10	182	2	-1214.74348751	0.05500000
10	183	2	-1211.86942722	0.05500000
10	184	2	-1210.82583248	0.05500000
10	185	2	-1209.84574990	0.05500000
10	186	2	-1213.53651255	0.05500000
10	187	2	-1207.65616198	0.05500000
10	188	2	-1211.54628127	0.05500000
10	189	2	-1211.76774445	0.05500000
10	190	2	-1208.73684348	0.05500000
10	191	2	-1208.58283457	0.05500000
10	192	2	-1212.53129074	0.05500000
10	193	2	-1209.77058944	0.05500000
10	194	2	-1213.66835772	0.05500000
10	195	2	-1209.86208713	0.05500000
10	196	2	-1212.03884848	0.05500000
10	197	2	-1214.76910090	0.05500000
10	198	2	-1208.47974309	0.05500000
10	199	2	-1205.64845374	0.05500000
10	200	2	-1210.08194898	0.05500000
10	201	2	-1207.23372171	0.05500000
10	202	2	-1208.57470676	0.05500000
10	203	2	-1204.04007759	0.05500000
10	204	2	-1203.90378404	0.05500000
10	205	2	-1197.82599068	0.05500000
10	206	2	-1205.40886702	0.05500000
10	207	2	-1198.36152506	0.05500000
11	0	2	-1168.56435483	0.05500000
11	1	2	-1165.90602075	0.05500000
11	2	2	-1176.05202192	0.05500000
11	3	2	-1175.14481750	0.05500000
11	4	2	-1193.19659891	0.05500000
11	5	2	-1182.85394802	0.05500000
11	6	2	-1196.02520592	0.05500000
11	7	2	-1182.67950930	0.05500000
11	8	2	-1203.68609692	0.05500000
11	9	2	-1194.53465495	0.05500000
11	10	2	-1205.95425515	0.05500000
11	11	2	-1204.60541000	0.05500000
11	12	2	-1196.37901745	0.05500000
11	13	2	-1211.81333138	0.05500000
11	14	2	-1193.23340671	0.05500000
11	15	2	-1214.83550133	0.05500000
11	16	2	-1203.08319563	0.05500000
11	17	2	-1210.10547834	0.05500000
11	18	2	-1201.08861437	0.05500000
11	19	2	-1208.75651299	0.05500000
11	20	2	-1221.08231710	0.05500000
11	21	2	-1211.17183760	0.05500000
11	22	2	-1221.40993600	0.05500000
11	23	2	-1212.84271271	0.05500000
11	24	2	-1217.46900860	0.05500000
11	25	2	-1222.75829103	0.05500000
11	26	2	-1227.00083867	0.05500000
11	27	2	-1232.36345870	0.05500000
11	28	2	-1223.87864482	0.05500000
11	29	2	-1231.73581923	0.05500000
11	30	2	-1227.84038418	0.05500000
11	31	2	-1228.67112416	0.05500000
11	32	2	-1226.47208464	0.05500000
11	33	2	-1224.56160590	0.05500000
11	34	2	-1226.50987808	0.05500000
11	35	2	-1224.06995852	0.05500000
11	36	2	-1229.31776699	0.05500000
11	37	2	-1225.67606097	0.05500000
11	38	2	-1224.73530825	0.05500000
11	39	2	-1221.23807937	0.05500000
11	40	2	-1222.96721126	0.05500000
11	41	2	-1221.99436934	0.05500000
11	42	2	0.00000000	0.05500000
11	43	2	0.00000000	0.05500000
11	44	2	0.00000000	0.05500000
11	45	2	0.00000000	0.05500000
11	46	2	0.00000000	0.05500000
11	47	2	0.00000000	0.05500000
11	48	2	0.00000000	0.05500000
11	49	2	0.00000000	0.05500000
11	50	2	0.00000000	0.05500000
11	51	2	0.00000000	0.05500000
11	52	2	0.00000000	0.05500000
11	53	2	0.00000000	0.05500000
11	54	2	0.00000000	0.05500000
11	55	2	0.00000000	0.05500000
11	56	2	-1225.02486851	0.05500000
11	57	2	-1225.82804654	0.05500000
11	58	2	-1224.79014137	0.05500000
11	59	2	-1233.30637184	0.05500000
11	60	2	-1232.81303845	0.05500000
11	61	2	-1232.66274135	0.05500000
11	62	2	-1237.40444923	0.05500000
11	63	2	-1230.70358682	0.05500000
11	64	2	-1231.65136360	0.05500000
11	65	2	-1234.89304918	0.05500000
11	66	2	-1232.87131879	0.05500000
11	67	2	-1232.31590118	0.05500000
11	68	2	-1228.22047565	0.05500000
11	69	2	-1230.49965461	0.05500000
11	70	2	-1231.64568364	0.05500000
11	71	2	-1228.90679716	0.05500000
11	72	2	-1227.91013547	0.05500000
11	73	2	-1228.85564096	0.05500000
11	74	2	-1226.16533429	0.05500000
11	75	2	-1226.61093331	0.05500000
11	76	2	-1223.79965545	0.05500000
11	77	2	-1219.94515328	0.05500000
11	78	2	-1218.12075468	0.05500000
11	79	2	-1223.62249144	0.05500000
11	80	2	-1224.57070838	0.05500000
11	81	2	-1226.47426253	0.05500000
11	82	2	-1225.65855779	0.05500000
11	83	2	-1229.96914511	0.05500000
11	84	2	-1224.83457266	0.05500000
11	85	2	-1228.80477228	0.05500000
11	86	2	-1222.55875671	0.05500000
11	87	2	-1226.04035205	0.05500000
11	88	2	-1224.00259649	0.05500000
11	89	2	-1223.74173581	0.05500000
11	90	2	-1225.93984271	0.05500000
11	91	2	-1224.89984431	0.05500000
11	92	2	-1216.38638234	0.05500000
11	93	2	-1227.87886625	0.05500000
11	94	2	0.00000000	0.05500000
11	95	2	0.00000000	0.05500000
11	96	2	0.00000000	0.05500000
11	97	2	0.00000000	0.05500000
11	98	2	0.00000000	0.05500000
11	99	2	0.00000000	0.05500000
11	100	2	0.00000000	0.05500000
11	101	2	0.00000000	0.05500000
11	102	2	0.00000000	0.05500000
11	103	2	0.00000000	0.05500000
11	104	2	0.00000000	0.05500000
11	105	2	0.00000000	0.05500000
11	106	2	0.00000000	0.05500000
11	107	2	0.00000000	0.05500000
11	108	2	-1210.71245758	0.05500000
11	109	2	-1201.78918291	0.05500000
11	110	2	0.00000000	0.05500000
11	111	2	0.00000000	0.05500000
11	112	2	0.00000000	0.05500000
11	113	2	0.00000000	0.05500000
11	114	2	0.00000000	0.05500000
11	115	2	0.00000000	0.05500000
11	116	2	0.00000000	0.05500000
11	117	2	0.00000000	0.05500000
11	118	2	0.00000000	0.05500000
11	119	2	0.00000000	0.05500000
11	120	2	0.00000000	0.05500000
11	121	2	0.00000000	0.05500000
11	122	2	0.00000000	0.05500000
11	123	2	0.00000000	0.05500000
11	124	2	-1214.60866199	0.05500000
11	125	2	-1207.12983158	0.05500000
11	126	2	-1213.54534996	0.05500000
11	127	2	-1212.86324294	0.05500000
11	128	2	-1216.85477127	0.05500000
11	129	2	-1211.32094747	0.05500000
11	130	2	-1219.20847275	0.05500000
11	131	2	-1214.82031499	0.05500000
11	132	2	-1219.92956809	0.05500000
11	133	2	-1217.41574332	0.05500000
11	134	2	-1223.74742062	0.05500000
11	135	2	-1219.30943809	0.05500000
11	136	2	-1222.18171043	0.05500000
11	137	2	-1217.09305496	0.05500000
11	138	2	-1222.68903521	0.05500000
11	139	2	-1218.18467562	0.05500000
11	140	2	-1222.84414375	0.05500000
11	141	2	-1217.64086859	0.05500000
11	142	2	-1223.35863541	0.05500000
11	143	2	-1220.14069540	0.05500000
11	144	2	-1226.95928609	0.05500000
11	145	2	-1221.97813037	0.05500000
11	146	2	-1225.41556180	0.05500000
11	147	2	-1221.99318164	0.05500000
11	148	2	-1227.07147492	0.05500000
11	149	2	-1221.67071784	0.05500000
11	150	2	-1228.19439403	0.05500000
11	151	2	-1226.27506955	0.05500000
11	152	2	-1231.28702775	0.05500000
11	153	2	-1225.67261296	0.05500000
11	154	2	-1232.41393858	0.05500000
11	155	2	-1223.40296800	0.05500000
11	156	2	-1228.42043901	0.05500000
11	157	2	-1222.51606036	0.05500000
11	158	2	-1223.47280396	0.05500000
11	159	2	-1212.30253843	0.05500000
11	160	2	-1214.78026881	0.05500000
11	161	2	-1210.02527004	0.05500000
11	162	2	0.00000000	0.05500000
11	163	2	0.00000000	0.05500000
11	164	2	0.00000000	0.05500000
11	165	2	0.00000000	0.05500000
11	166	2	0.00000000	0.05500000
11	167	2	0.00000000	0.05500000
11	168	2	0.00000000	0.05500000
11	169	2	0.00000000	0.05500000
11	170	2	0.00000000	0.05500000
11	171	2	0.00000000	0.05500000
11	172	2	0.00000000	0.05500000
11	173	2	0.00000000	0.05500000
11	174	2	0.00000000	0.05500000
11	175	2	0.00000000	0.05500000
11	176	2	-1210.63700253	0.05500000
11	177	2	-1217.56798568	0.05500000
11	178	2	-1215.35584345	0.05500000
11	179	2	-1203.10256268	0.05500000
11	180	2	-1217.17952913	0.05500000
11	181	2	-1216.64953384	0.05500000
11	182	2	-1212.96462769	0.05500000
11	183	2	-1206.49230511	0.05500000
11	184	2	-1207.52604009	0.05500000
11	185	2	-1207.47511331	0.05500000
11	186	2	-1200.57750031	0.05500000
11	187	2	-1201.64666539	0.05500000
11	188	2	-1207.05035581	0.05500000
11	189	2	-1202.55207866	0.05500000
11	190	2	-1207.87557931	0.05500000
11	191	2	-1195.12723945	0.05500000
11	192	2	-1201.06829257	0.05500000
11	193	2	-1206.07546502	0.05500000
11	194	2	-1208.70349196	0.05500000
11	195	2	-1203.82612026	0.05500000
11	196	2	-1203.22099757	0.05500000
11	197	2	-1203.89186732	0.05500000
11	198	2	-1200.55790234	0.05500000
11	199	2	-1196.23930613	0.05500000
11	200	2	-1194.28333540	0.05500000
11	201	2	-1191.58866429	0.05500000
11	202	2	-1198.61972031	0.05500000
11	203	2	-1197.63402283	0.05500000
11	204	2	-1196.50923251	0.05500000
11	205	2	-1200.38473766	0.05500000
11	206	2	-1202.91498591	0.05500000
11	207	2	-1195.24670427	0.05500000
11	208	2	-1202.34448971	0.05500000
11	209	2	-1196.12716511	0.05500000
11	210	2	-1201.56299035	0.05500000
11	211	2	-1194.32649228	0.05500000
11	212	2	-1197.73347287	0.05500000
11	213	2	-1196.37712902	0.05500000
11	214	2	-1200.44800541	0.05500000
11	215	2	-1196.00454834	0.05500000
11	216	2	-1198.35672573	0.05500000
11	217	2	-1193.31251252	0.05500000
12	0	2	-1151.12571130	0.05500000
12	1	2	-1174.30245742	0.05500000
12	2	2	-1163.81332989	0.05500000
12	3	2	-1188.43781819	0.05500000
12	4	2	-1162.62998640	0.05500000
12	5	2	-1217.57934336	0.05500000
12	6	2	-1161.96809474	0.05500000
12	7	2	-1211.03529037	0.05500000
12	8	2	-1210.34596248	0.05500000
12	9	2	-1209.46498679	0.05500000
12	10	2	-1200.34799164	0.05500000
12	11	2	-1226.00132467	0.05500000
12	12	2	-1215.21868722	0.05500000
12	13	2	-1234.83331422	0.05500000
12	14	2	-1216.76684784	0.05500000
12	15	2	-1240.34594957	0.05500000
12	16	2	-1226.21166631	0.05500000
12	17	2	-1228.45616475	0.05500000
12	18	2	-1235.55129533	0.05500000
12	19	2	-1229.51755329	0.05500000
12	20	2	-1235.37076922	0.05500000
12	21	2	-1241.87867871	0.05500000
12	22	2	-1216.08740703	0.05500000
12	23	2	-1260.72559077	0.05500000
12	24	2	-1221.44151426	0.05500000
12	25	2	-1243.43116496	0.05500000
12	26	2	-1246.67552551	0.05500000
12	27	2	-1256.17176657	0.05500000
12	28	2	-1244.17493694	0.05500000
12	29	2	-1250.46121938	0.05500000
12	30	2	-1237.55219675	0.05500000
12	31	2	-1253.79958607	0.05500000
12	32	2	-1245.07567292	0.05500000
12	33	2	-1241.96018950	0.05500000
12	34	2	-1245.68479158	0.05500000
12	35	2	-1247.43589104	0.05500000
12	36	2	0.00000000	0.05500000
12	37	2	0.00000000	0.05500000
12	38	2	0.00000000	0.05500000
12	39	2	0.00000000	0.05500000
12	40	2	0.00000000	0.05500000
12	41	2	0.00000000	0.05500000
12	42	2	0.00000000	0.05500000
12	43	2	0.00000000	0.05500000
12	44	2	0.00000000	0.05500000
12	45	2	0.00000000	0.05500000
12	46	2	0.00000000	0.05500000
12	47	2	0.00000000	0.05500000
12	48	2	-1249.79819387	0.05500000
12	49	2	-1245.15023711	0.05500000
12	50	2	-1239.54416234	0.05500000
12	51	2	-1242.47803297	0.05500000
12	52	2	-1248.51242627	0.05500000
12	53	2	-1250.86517957	0.05500000
12	54	2	-1245.59763848	0.05500000
12	55	2	-1245.21196331	0.05500000
12	56	2	-1245.61180756	0.05500000
12	57	2	-1254.60258302	0.05500000
12	58	2	-1249.48076399	0.05500000
12	59	2	-1247.16891413	0.05500000
12	60	2	-1251.06615392	0.05500000
12	61	2	-1255.33873330	0.05500000
12	62	2	-1247.58902545	0.05500000
12	63	2	-1254.21745380	0.05500000
12	64	2	-1251.13515938	0.05500000
12	65	2	-1258.66475766	0.05500000
12	66	2	-1245.92820040	0.05500000
12	67	2	-1264.68970063	0.05500000
12	68	2	-1246.60328195	0.05500000
12	69	2	-1262.74969222	0.05500000
12	70	2	-1246.76016088	0.05500000
12	71	2	-1256.86513179	0.05500000
12	72	2	-1254.43537941	0.05500000
12	73	2	-1253.68709928	0.05500000
12	74	2	-1249.85660018	0.05500000
12	75	2	-1257.31733768	0.05500000
12	76	2	-1243.09811953	0.05500000
12	77	2	-1260.04963397	0.05500000
12	78	2	-1244.11124319	0.05500000
12	79	2	-1253.03208721	0.05500000
12	80	2	-1247.00395840	0.05500000
12	81	2	-1258.74999857	0.05500000
12	82	2	-1239.19021475	0.05500000
12	83	2	-1254.23616829	0.05500000
12	84	2	-1241.18065281	0.05500000
12	85	2	-1252.54953288	0.05500000
12	86	2	-1240.70158089	0.05500000
12	87	2	-1250.31410702	0.05500000
12	88	2	-1243.28239361	0.05500000
12	89	2	-1251.73854928	0.05500000
12	90	2	-1241.64615028	0.05500000
12	91	2	-1249.87939388	0.05500000
12	92	2	-1237.71919975	0.05500000
12	93	2	-1249.32126658	0.05500000
12	94	2	-1232.35722733	0.05500000
12	95	2	-1251.48329559	0.05500000
12	96	2	-1237.23260098	0.05500000
12	97	2	-1247.36115807	0.05500000
12	98	2	-1237.25000443	0.05500000
12	99	2	-1244.56013657	0.05500000
12	100	2	-1235.85689706	0.05500000
12	101	2	-1245.13791208	0.05500000
12	102	2	-1234.45930991	0.05500000
12	103	2	-1237.17727030	0.05500000
12	104	2	-1243.35655730	0.05500000
12	105	2	-1222.41233921	0.05500000
12	106	2	0.00000000	0.05500000
12	107	2	0.00000000	0.05500000
12	108	2	0.00000000	0.05500000
12	109	2	0.00000000	0.05500000
12	110	2	0.00000000	0.05500000
12	111	2	0.00000000	0.05500000
12	112	2	0.00000000	0.05500000
12	113	2	0.00000000	0.05500000
12	114	2	0.00000000	0.05500000
12	115	2	0.00000000	0.05500000
12	116	2	0.00000000	0.05500000
12	117	2	0.00000000	0.05500000
12	118	2	0.00000000	0.05500000
12	119	2	0.00000000	0.05500000
12	120	2	0.00000000	0.05500000
12	121	2	0.00000000	0.05500000
12	122	2	0.00000000	0.05500000
12	123	2	0.00000000	0.05500000
12	124	2	-1227.56109256	0.05500000
12	125	2	-1250.59326539	0.05500000
12	126	2	-1246.65434437	0.05500000
12	127	2	-1245.39670590	0.05500000
12	128	2	-1244.10351182	0.05500000
12	129	2	-1249.25865487	0.05500000
12	130	2	-1245.32735081	0.05500000
12	131	2	-1249.34562004	0.05500000
12	132	2	-1246.55188647	0.05500000
12	133	2	-1248.91224370	0.05500000
12	134	2	-1246.82980681	0.05500000
12	135	2	-1251.63590653	0.05500000
12	136	2	-1250.12720501	0.05500000
12	137	2	-1253.38571095	0.05500000
12	138	2	-1250.61470642	0.05500000
12	139	2	-1255.90263942	0.05500000
12	140	2	-1255.15605726	0.05500000
12	141	2	-1255.89791280	0.05500000
12	142	2	-1258.10623871	0.05500000
12	143	2	-1257.77628295	0.05500000
12	144	2	-1257.55004548	0.05500000
12	145	2	-1258.54126138	0.05500000
12	146	2	-1257.92818370	0.05500000
12	147	2	-1260.07852935	0.05500000
12	148	2	-1256.63189369	0.05500000
12	149	2	-1258.94155183	0.05500000
12	150	2	-1258.83937102	0.05500000
12	151	2	-1261.20207484	0.05500000
12	152	2	-1262.32555949	0.05500000
12	153	2	-1261.86452402	0.05500000
12	154	2	-1262.28191804	0.05500000
12	155	2	-1264.24001188	0.05500000
12	156	2	-1263.30990753	0.05500000
12	157	2	-1266.35589069	0.05500000
12	158	2	-1267.61158610	0.05500000
12	159	2	-1269.21156163	0.05500000
12	160	2	-1268.51801979	0.05500000
12	161	2	-1271.12969149	0.05500000
12	162	2	-1269.24683719	0.05500000
12	163	2	-1272.92550557	0.05500000
12	164	2	-1270.55691945	0.05500000
12	165	2	-1274.66125959	0.05500000
12	166	2	-1270.95431809	0.05500000
12	167	2	-1270.86086742	0.05500000
12	168	2	-1264.62544917	0.05500000
12	169	2	-1267.58330006	0.05500000
12	170	2	-1263.92132924	0.05500000
12	171	2	-1264.78606151	0.05500000
12	172	2	-1262.73930152	0.05500000
12	173	2	-1261.78310704	0.05500000
12	174	2	-1263.14008168	0.05500000
12	175	2	-1263.94201441	0.05500000
12	176	2	-1257.41663015	0.05500000
12	177	2	-1257.42047762	0.05500000
12	178	2	-1259.21067957	0.05500000
12	179	2	-1252.53528433	0.05500000
12	180	2	-1252.85457444	0.05500000
12	181	2	-1258.97092069	0.05500000
12	182	2	0.00000000	0.05500000
12	183	2	0.00000000	0.05500000
12	184	2	0.00000000	0.05500000
12	185	2	0.00000000	0.05500000
12	186	2	0.00000000	0.05500000
12	187	2	0.00000000	0.05500000
12	188	2	0.00000000	0.05500000
12	189	2	0.00000000	0.05500000
12	190	2	0.00000000	0.05500000
12	191	2	0.00000000	0.05500000
12	192	2	0.00000000	0.05500000
12	193	2	0.00000000	0.05500000
12	194	2	-1238.53904684	0.05500000
12	195	2	-1244.23074080	0.05500000
12	196	2	-1233.38872754	0.05500000
12	197	2	-1235.68795438	0.05500000
12	198	2	-1225.30416172	0.05500000
12	199	2	-1226.78242885	0.05500000
12	200	2	-1225.82574058	0.05500000
12	201	2	-1225.55097685	0.05500000
12	202	2	-1216.43703318	0.05500000
12	203	2	-1217.92993540	0.05500000
12	204	2	-1218.01346985	0.05500000
12	205	2	-1222.27696509	0.05500000
12	206	2	-1212.98844091	0.05500000
12	207	2	-1218.36550602	0.05500000
12	208	2	-1217.57895966	0.05500000
12	209	2	-1226.16609774	0.05500000
12	210	2	-1214.35614154	0.05500000
12	211	2	-1217.86778018	0.05500000
12	212	2	-1212.01519238	0.05500000
12	213	2	-1198.56402747	0.05500000
12	214	2	-1198.57100793	0.05500000
12	215	2	-1200.53613678	0.05500000
12	216	2	-1200.00008989	0.05500000
12	217	2	-1205.50771042	0.05500000
12	218	2	-1199.68320459	0.05500000
12	219	2	-1206.08809807	0.05500000
12	220	2	-1197.94246945	0.05500000
12	221	2	-1208.92045523	0.05500000
12	222	2	-1204.69097175	0.05500000
12	223	2	-1209.10510010	0.05500000
12	224	2	-1211.05578004	0.05500000
12	225	2	-1220.25295925	0.05500000
12	226	2	-1210.68161094	0.05500000
12	227	2	-1218.19840801	0.05500000
12	228	2	-1215.21145126	0.05500000
12	229	2	-1224.53170819	0.05500000
13	0	2	-1239.00925578	0.05500000
13	1	2	-1216.73158741	0.05500000
13	2	2	-1241.21725418	0.05500000
13	3	2	-1213.61070065	0.05500000
13	4	2	-1245.12268092	0.05500000
13	5	2	-1211.31751685	0.05500000
13	6	2	-1241.11266421	0.05500000
13	7	2	-1235.52822312	0.05500000
13	8	2	-1232.13654783	0.05500000
13	9	2	-1236.03555814	0.05500000
13	10	2	-1273.34590979	0.05500000
13	11	2	-1227.58162083	0.05500000
13	12	2	-1270.46578621	0.05500000
13	13	2	-1223.64909715	0.05500000
13	14	2	-1270.96047140	0.05500000
13	15	2	-1241.59370313	0.05500000
13	16	2	-1251.82565318	0.05500000
13	17	2	0.00000000	0.05500000
13	18	2	0.00000000	0.05500000
13	19	2	0.00000000	0.05500000
13	20	2	0.00000000	0.05500000
13	21	2	0.00000000	0.05500000
13	22	2	0.00000000	0.05500000
13	23	2	0.00000000	0.05500000
13	24	2	0.00000000	0.05500000
13	25	2	0.00000000	0.05500000
13	26	2	0.00000000	0.05500000
13	27	2	0.00000000	0.05500000
13	28	2	-1272.01106718	0.05500000
13	29	2	-1247.28232273	0.05500000
13	30	2	-1278.24518624	0.05500000
13	31	2	-1241.50492172	0.05500000
13	32	2	-1270.73199370	0.05500000
13	33	2	-1245.94842305	0.05500000
13	34	2	-1257.59229764	0.05500000
13	35	2	-1258.23299769	0.05500000
13	36	2	-1267.39473643	0.05500000
13	37	2	-1243.42791945	0.05500000
13	38	2	-1265.19407119	0.05500000
13	39	2	-1246.86404866	0.05500000
13	40	2	-1267.34124213	0.05500000
13	41	2	-1245.16869215	0.05500000
13	42	2	-1266.48897059	0.05500000
13	43	2	-1248.65453864	0.05500000
13	44	2	-1266.64196999	0.05500000
13	45	2	-1257.04158893	0.05500000
13	46	2	-1258.02451822	0.05500000
13	47	2	-1259.06854484	0.05500000
13	48	2	-1256.14270655	0.05500000
13	49	2	-1257.02639774	0.05500000
13	50	2	-1262.59671537	0.05500000
13	51	2	-1252.91987919	0.05500000
13	52	2	-1268.64314182	0.05500000
13	53	2	-1252.37419470	0.05500000
13	54	2	-1264.55315895	0.05500000
13	55	2	-1260.59689526	0.05500000
13	56	2	-1260.19825409	0.05500000
13	57	2	-1261.84036442	0.05500000
13	58	2	-1261.17015067	0.05500000
13	59	2	-1257.53126012	0.05500000
13	60	2	-1267.35847207	0.05500000
13	61	2	-1247.19228864	0.05500000
13	62	2	-1276.54110899	0.05500000
13	63	2	-1237.12397923	0.05500000
13	64	2	-1274.76313422	0.05500000
13	65	2	-1238.20014202	0.05500000
13	66	2	-1268.23048624	0.05500000
13	67	2	-1247.00101006	0.05500000
13	68	2	-1259.32330228	0.05500000
13	69	2	-1257.88039189	0.05500000
13	70	2	-1260.09293965	0.05500000
13	71	2	-1248.09475390	0.05500000
13	72	2	-1260.75199957	0.05500000
13	73	2	-1251.81532715	0.05500000
13	74	2	-1261.32622421	0.05500000
13	75	2	-1246.42506559	0.05500000
13	76	2	-1266.62586186	0.05500000
13	77	2	-1249.35703223	0.05500000
13	78	2	-1260.73790848	0.05500000
13	79	2	-1250.66663579	0.05500000
13	80	2	-1255.60047789	0.05500000
13	81	2	-1250.97810720	0.05500000
13	82	2	-1254.23369252	0.05500000
13	83	2	-1249.03868213	0.05500000
13	84	2	-1259.02669747	0.05500000
13	85	2	-1244.58200394	0.05500000
13	86	2	-1257.28948496	0.05500000
13	87	2	-1243.48872202	0.05500000
13	88	2	-1254.69573289	0.05500000
13	89	2	-1243.21844735	0.05500000
13	90	2	-1256.50079529	0.05500000
13	91	2	-1242.33727034	0.05500000
13	92	2	-1254.20114101	0.05500000
13	93	2	-1245.02309905	0.05500000
13	94	2	-1250.57988482	0.05500000
13	95	2	-1245.01350722	0.05500000
13	96	2	-1248.87559979	0.05500000
13	97	2	-1241.94086398	0.05500000
13	98	2	-1243.01487920	0.05500000
13	99	2	0.00000000	0.05500000
13	100	2	0.00000000	0.05500000
13	101	2	0.00000000	0.05500000
13	102	2	0.00000000	0.05500000
13	103	2	0.00000000	0.05500000
13	104	2	0.00000000	0.05500000
13	105	2	0.00000000	0.05500000
13	106	2	0.00000000	0.05500000
13	107	2	0.00000000	0.05500000
13	108	2	0.00000000	0.05500000
13	109	2	0.00000000	0.05500000
13	110	2	0.00000000	0.05500000
13	111	2	0.00000000	0.05500000
13	112	2	0.00000000	0.05500000
13	113	2	0.00000000	0.05500000
13	114	2	0.00000000	0.05500000
13	115	2	-1234.65458224	0.05500000
13	116	2	-1238.41629440	0.05500000
13	117	2	-1240.90141700	0.05500000
13	118	2	-1236.83737295	0.05500000
13	119	2	-1237.30068534	0.05500000
13	120	2	-1238.60973241	0.05500000
13	121	2	-1236.78848082	0.05500000
13	122	2	-1238.42170680	0.05500000
13	123	2	-1236.90338961	0.05500000
13	124	2	-1237.66249764	0.05500000
13	125	2	-1236.14231368	0.05500000
13	126	2	-1236.11467097	0.05500000
13	127	2	-1235.34889392	0.05500000
13	128	2	-1237.71809144	0.05500000
13	129	2	-1238.72585205	0.05500000
13	130	2	-1239.45880703	0.05500000
13	131	2	-1240.39787218	0.05500000
13	132	2	-1244.08096170	0.05500000
13	133	2	-1243.90201013	0.05500000
13	134	2	-1244.54366780	0.05500000
13	135	2	-1244.95457400	0.05500000
13	136	2	-1244.64661832	0.05500000
13	137	2	-1245.69946404	0.05500000
13	138	2	-1246.32539214	0.05500000
13	139	2	-1244.23646220	0.05500000
13	140	2	-1245.99338071	0.05500000
13	141	2	-1245.92927916	0.05500000
13	142	2	-1248.13296936	0.05500000
13	143	2	-1246.32404856	0.05500000
13	144	2	-1252.96095993	0.05500000
13	145	2	-1253.55269554	0.05500000
13	146	2	-1256.76106383	0.05500000
13	147	2	-1256.27774357	0.05500000
13	148	2	-1258.75537472	0.05500000
13	149	2	-1260.03427929	0.05500000
13	150	2	-1262.51109335	0.05500000
13	151	2	-1261.42246023	0.05500000
13	152	2	-1263.62897938	0.05500000
13	153	2	-1263.00474322	0.05500000
13	154	2	-1264.46897858	0.05500000
13	155	2	-1263.91132097	0.05500000
13	156	2	-1265.66749385	0.05500000
13	157	2	-1264.64575921	0.05500000
13	158	2	-1267.04042287	0.05500000
13	159	2	-1267.65513164	0.05500000
13	160	2	-1269.09605711	0.05500000
13	161	2	-1270.38697074	0.05500000
13	162	2	-1269.94740159	0.05500000
13	163	2	-1270.86737462	0.05500000
13	164	2	-1269.00073945	0.05500000
13	165	2	-1270.28263658	0.05500000
13	166	2	-1272.01410458	0.05500000
13	167	2	-1272.12607495	0.05500000
13	168	2	-1271.00011242	0.05500000
13	169	2	-1272.99222966	0.05500000
13	170	2	-1274.70289177	0.05500000
13	171	2	-1268.51997406	0.05500000
13	172	2	-1274.33985460	0.05500000
13	173	2	-1270.45013344	0.05500000
13	174	2	-1272.36567992	0.05500000
13	175	2	-1270.63421619	0.05500000
13	176	2	-1270.68605998	0.05500000
13	177	2	-1268.58909547	0.05500000
13	178	2	-1271.87984449	0.05500000
13	179	2	-1268.54532366	0.05500000
13	180	2	-1268.90780468	0.05500000
13	181	2	-1265.43904441	0.05500000
13	182	2	-1265.76934768	0.05500000
13	183	2	-1259.59026061	0.05500000
13	184	2	-1266.54665126	0.05500000
13	185	2	-1260.69726875	0.05500000
13	186	2	0.00000000	0.05500000
13	187	2	0.00000000	0.05500000
13	188	2	0.00000000	0.05500000
13	189	2	0.00000000	0.05500000
13	190	2	0.00000000	0.05500000
13	191	2	0.00000000	0.05500000
13	192	2	0.00000000	0.05500000
13	193	2	0.00000000	0.05500000
13	194	2	0.00000000	0.05500000
13	195	2	0.00000000	0.05500000
13	196	2	0.00000000	0.05500000
13	197	2	-1206.23297644	0.05500000
13	198	2	-1200.53363538	0.05500000
13	199	2	-1201.38828065	0.05500000
13	200	2	-1187.05956877	0.05500000
13	201	2	-1186.42528381	0.05500000
13	202	2	-1177.39151896	0.05500000
13	203	2	-1168.25555579	0.05500000
13	204	2	-1152.51016709	0.05500000
13	205	2	-1152.20833178	0.05500000
13	206	2	-1134.72002017	0.05500000
13	207	2	-1165.32996939	0.05500000
13	208	2	-1105.39225050	0.05500000
13	209	2	-1105.96926808	0.05500000
13	210	2	-1108.23316767	0.05500000
13	211	2	-1120.23836751	0.05500000
13	212	2	-1124.77214818	0.05500000
13	213	2	-1104.64571922	0.05500000
14	0	2	-1154.88475430	0.05500000
14	1	2	-1174.30061609	0.05500000
14	2	2	-1157.45787023	0.05500000
14	3	2	-1211.97601623	0.05500000
14	4	2	0.00000000	0.05500000
14	5	2	0.00000000	0.05500000
14	6	2	0.00000000	0.05500000
14	7	2	0.00000000	0.05500000
14	8	2	0.00000000	0.05500000
14	9	2	0.00000000	0.05500000
14	10	2	0.00000000	0.05500000
14	11	2	0.00000000	0.05500000
14	12	2	0.00000000	0.05500000
14	13	2	0.00000000	0.05500000
14	14	2	-1206.25555359	0.05500000
14	15	2	-1217.90114617	0.05500000
14	16	2	-1217.29615133	0.05500000
14	17	2	-1220.67667778	0.05500000
14	18	2	-1214.98235249	0.05500000
14	19	2	-1224.60799321	0.05500000
14	20	2	-1217.11371282	0.05500000
14	21	2	-1224.19975680	0.05500000
14	22	2	-1217.01556625	0.05500000
14	23	2	-1224.84247446	0.05500000
14	24	2	-1215.24091618	0.05500000
14	25	2	-1222.72918124	0.05500000
14	26	2	-1218.75563856	0.05500000
14	27	2	-1221.28068276	0.05500000
14	28	2	-1218.82549090	0.05500000
14	29	2	-1224.90512505	0.05500000
14	30	2	-1217.64098338	0.05500000
14	31	2	-1228.74518951	0.05500000
14	32	2	-1212.79952106	0.05500000
14	33	2	-1224.40823574	0.05500000
14	34	2	-1214.50419628	0.05500000
14	35	2	-1221.21248571	0.05500000
14	36	2	-1216.24154515	0.05500000
14	37	2	-1220.53589359	0.05500000
14	38	2	-1214.55861497	0.05500000
14	39	2	-1222.27009165	0.05500000
14	40	2	-1220.55036364	0.05500000
14	41	2	-1217.57019310	0.05500000
14	42	2	-1215.24998484	0.05500000
14	43	2	-1221.94074692	0.05500000
14	44	2	-1218.67284999	0.05500000
14	45	2	-1223.21579357	0.05500000
14	46	2	-1217.36391238	0.05500000
14	47	2	-1221.69090446	0.05500000
14	48	2	-1221.13977025	0.05500000
14	49	2	-1222.54882839	0.05500000
14	50	2	-1217.18010939	0.05500000
14	51	2	-1220.41684803	0.05500000
14	52	2	-1217.23371452	0.05500000
14	53	2	-1220.63102140	0.05500000
14	54	2	-1213.39609003	0.05500000
14	55	2	-1221.21353674	0.05500000
14	56	2	-1213.55554990	0.05500000
14	57	2	-1224.72855061	0.05500000
14	58	2	-1212.22207911	0.05500000
14	59	2	-1220.90384905	0.05500000
14	60	2	-1216.66556363	0.05500000
14	61	2	-1220.91753871	0.05500000
14	62	2	-1211.90843898	0.05500000
14	63	2	-1221.50081256	0.05500000
14	64	2	-1199.71819302	0.05500000
14	65	2	-1218.20123792	0.05500000
14	66	2	-1208.51111259	0.05500000
14	67	2	-1208.68923554	0.05500000
14	68	2	-1206.20952702	0.05500000
14	69	2	-1211.57594251	0.05500000
14	70	2	-1201.65371339	0.05500000
14	71	2	-1214.85213116	0.05500000
14	72	2	-1203.00444944	0.05500000
14	73	2	-1210.03963387	0.05500000
14	74	2	-1205.20625481	0.05500000
14	75	2	-1209.87951335	0.05500000
14	76	2	-1204.93716418	0.05500000
14	77	2	-1208.16775559	0.05500000
14	78	2	-1206.63506626	0.05500000
14	79	2	-1215.56891764	0.05500000
14	80	2	-1202.83848382	0.05500000
14	81	2	-1210.06787676	0.05500000
14	82	2	-1203.82671695	0.05500000
14	83	2	-1207.79999506	0.05500000
14	84	2	-1202.31141731	0.05500000
14	85	2	-1206.31741481	0.05500000
14	86	2	-1201.75892730	0.05500000
14	87	2	-1210.28213432	0.05500000
14	88	2	-1201.34303833	0.05500000
14	89	2	-1205.31916622	0.05500000
14	90	2	-1201.12247226	0.05500000
14	91	2	-1204.76645746	0.05500000
14	92	2	-1197.43673990	0.05500000
14	93	2	-1205.49117946	0.05500000
14	94	2	0.00000000	0.05500000
14	95	2	0.00000000	0.05500000
14	96	2	0.00000000	0.05500000
14	97	2	0.00000000	0.05500000
14	98	2	0.00000000	0.05500000
14	99	2	0.00000000	0.05500000
14	100	2	0.00000000	0.05500000
14	101	2	0.00000000	0.05500000
14	102	2	0.00000000	0.05500000
14	103	2	0.00000000	0.05500000
14	104	2	-1188.57897479	0.05500000
14	105	2	-1197.24506940	0.05500000
14	106	2	-1209.54140091	0.05500000
14	107	2	-1200.34524150	0.05500000
14	108	2	0.00000000	0.05500000
14	109	2	0.00000000	0.05500000
14	110	2	0.00000000	0.05500000
14	111	2	0.00000000	0.05500000
14	112	2	0.00000000	0.05500000
14	113	2	0.00000000	0.05500000
14	114	2	0.00000000	0.05500000
14	115	2	0.00000000	0.05500000
14	116	2	0.00000000	0.05500000
14	117	2	0.00000000	0.05500000
14	118	2	-1208.64233070	0.05500000
14	119	2	-1205.66103525	0.05500000
14	120	2	-1208.28517941	0.05500000
14	121	2	-1204.01737641	0.05500000
14	122	2	-1206.13975635	0.05500000
14	123	2	-1203.66888393	0.05500000
14	124	2	-1206.85107751	0.05500000
14	125	2	-1201.98553197	0.05500000
14	126	2	-1204.74900471	0.05500000
14	127	2	-1199.22557074	0.05500000
14	128	2	-1206.11018924	0.05500000
14	129	2	-1202.68670711	0.05500000
14	130	2	-1205.64145574	0.05500000
14	131	2	-1202.69835823	0.05500000
14	132	2	-1206.35688607	0.05500000
14	133	2	-1204.86528646	0.05500000
14	134	2	-1208.41076972	0.05500000
14	135	2	-1205.87632107	0.05500000
14	136	2	-1207.22408369	0.05500000
14	137	2	-1206.82009692	0.05500000
14	138	2	-1208.93883271	0.05500000
14	139	2	-1207.16015753	0.05500000
14	140	2	-1213.06909221	0.05500000
14	141	2	-1210.76521164	0.05500000
14	142	2	-1212.69372655	0.05500000
14	143	2	-1210.94815766	0.05500000
14	144	2	-1213.46904580	0.05500000
14	145	2	-1212.73172391	0.05500000
14	146	2	-1215.53758545	0.05500000
14	147	2	-1214.90470659	0.05500000
14	148	2	-1217.02940586	0.05500000
14	149	2	-1217.96132786	0.05500000
14	150	2	-1220.91602490	0.05500000
14	151	2	-1222.05671620	0.05500000
14	152	2	-1222.01213562	0.05500000
14	153	2	-1222.08647434	0.05500000
14	154	2	-1225.10826209	0.05500000
14	155	2	-1225.69728257	0.05500000
14	156	2	-1226.68186799	0.05500000
14	157	2	-1225.34677664	0.05500000
14	158	2	-1227.67178360	0.05500000
14	159	2	-1225.74753448	0.05500000
14	160	2	-1226.98137155	0.05500000
14	161	2	-1226.58371431	0.05500000
14	162	2	-1224.07362334	0.05500000
14	163	2	-1223.13562059	0.05500000
14	164	2	-1225.89593025	0.05500000
14	165	2	-1224.51815192	0.05500000
14	166	2	-1227.19811714	0.05500000
14	167	2	-1226.75466684	0.05500000
14	168	2	-1231.33072828	0.05500000
14	169	2	-1228.75189122	0.05500000
14	170	2	-1228.37008172	0.05500000
14	171	2	-1221.34993897	0.05500000
14	172	2	-1226.59812337	0.05500000
14	173	2	-1226.22910261	0.05500000
14	174	2	-1228.94281932	0.05500000
14	175	2	-1225.05785551	0.05500000
14	176	2	-1226.02523062	0.05500000
14	177	2	-1224.77672851	0.05500000
14	178	2	-1228.82915354	0.05500000
14	179	2	-1225.63740634	0.05500000
14	180	2	-1229.25121965	0.05500000
14	181	2	-1228.33933470	0.05500000
14	182	2	-1230.00802596	0.05500000
14	183	2	-1227.34388087	0.05500000
14	184	2	-1229.09247458	0.05500000
14	185	2	-1228.13201841	0.05500000
14	186	2	-1230.42193415	0.05500000
14	187	2	-1226.39471240	0.05500000
14	188	2	-1226.74355105	0.05500000
14	189	2	-1221.86726355	0.05500000
14	190	2	-1223.45957395	0.05500000
14	191	2	-1218.19550355	0.05500000
14	192	2	-1219.62558932	0.05500000
14	193	2	-1211.48759742	0.05500000
14	194	2	-1210.61783072	0.05500000
14	195	2	-1206.22843162	0.05500000
14	196	2	-1200.78917877	0.05500000
14	197	2	-1191.75375724	0.05500000
14	198	2	0.00000000	0.05500000
14	199	2	0.00000000	0.05500000
14	200	2	0.00000000	0.05500000
14	201	2	0.00000000	0.05500000
14	202	2	0.00000000	0.05500000
14	203	2	0.00000000	0.05500000
14	204	2	0.00000000	0.05500000
14	205	2	0.00000000	0.05500000
14	206	2	0.00000000	0.05500000
14	207	2	0.00000000	0.05500000
14	208	2	-1006.30004554	0.05500000
14	209	2	-1014.03839443	0.05500000
14	210	2	-974.38597483	0.05500000
14	211	2	-1209.36297558	0.05500000
15	0	2	0.00000000	0.05500000
15	1	2	0.00000000	0.05500000
15	2	2	0.00000000	0.05500000
15	3	2	0.00000000	0.05500000
15	4	2	-1159.93429712	0.05500000
15	5	2	-1170.42809622	0.05500000
15	6	2	-1180.47347055	0.05500000
15	7	2	-1180.95645271	0.05500000
15	8	2	-1182.85361232	0.05500000
15	9	2	-1191.62109603	0.05500000
15	10	2	-1195.25197658	0.05500000
15	11	2	-1196.41577837	0.05500000
15	12	2	-1202.42982700	0.05500000
15	13	2	-1200.78939715	0.05500000
15	14	2	-1210.59013297	0.05500000
15	15	2	-1205.59238931	0.05500000
15	16	2	-1210.07987579	0.05500000
15	17	2	-1207.31910867	0.05500000
15	18	2	-1211.32374438	0.05500000
15	19	2	-1206.72745159	0.05500000
15	20	2	-1217.68869748	0.05500000
15	21	2	-1207.28713386	0.05500000
15	22	2	-1211.74578652	0.05500000
15	23	2	-1208.60383032	0.05500000
15	24	2	-1208.85671083	0.05500000
15	25	2	-1210.36837455	0.05500000
15	26	2	-1210.28276599	0.05500000
15	27	2	-1205.64488088	0.05500000
15	28	2	-1215.76301681	0.05500000
15	29	2	-1205.82075647	0.05500000
15	30	2	-1211.30118943	0.05500000
15	31	2	-1208.01529295	0.05500000
15	32	2	-1209.39982143	0.05500000
15	33	2	-1208.15981587	0.05500000
15	34	2	-1209.58845442	0.05500000
15	35	2	-1207.18760749	0.05500000
15	36	2	-1209.51940472	0.05500000
15	37	2	-1211.08858316	0.05500000
15	38	2	-1209.60251994	0.05500000
15	39	2	-1203.66019691	0.05500000
15	40	2	-1211.59710464	0.05500000
15	41	2	-1207.58410122	0.05500000
15	42	2	-1212.81712201	0.05500000
15	43	2	-1203.07127009	0.05500000
15	44	2	-1212.80127144	0.05500000
15	45	2	-1210.99133269	0.05500000
15	46	2	-1212.06393739	0.05500000
15	47	2	-1211.87341183	0.05500000
15	48	2	-1212.58654726	0.05500000
15	49	2	-1211.50966886	0.05500000
15	50	2	-1214.01232981	0.05500000
15	51	2	-1211.37669283	0.05500000
15	52	2	-1219.67190522	0.05500000
15	53	2	-1213.67933687	0.05500000
15	54	2	-1220.87418787	0.05500000
15	55	2	-1213.15379179	0.05500000
15	56	2	-1221.20178819	0.05500000
15	57	2	-1219.41009017	0.05500000
15	58	2	-1223.92172280	0.05500000
15	59	2	-1215.90208560	0.05500000
15	60	2	-1221.84681884	0.05500000
15	61	2	-1207.41093977	0.05500000
15	62	2	-1225.71164612	0.05500000
15	63	2	-1215.30309124	0.05500000
15	64	2	-1220.04021730	0.05500000
15	65	2	-1213.82178738	0.05500000
15	66	2	-1220.84280752	0.05500000
15	67	2	-1208.92153982	0.05500000
15	68	2	-1220.81908865	0.05500000
15	69	2	-1211.88057399	0.05500000
15	70	2	-1217.97821193	0.05500000
15	71	2	-1213.89616796	0.05500000
15	72	2	-1216.79138086	0.05500000
15	73	2	-1213.59259801	0.05500000
15	74	2	-1216.36716783	0.05500000
15	75	2	-1207.26790543	0.05500000
15	76	2	-1220.01888905	0.05500000
15	77	2	-1211.98096968	0.05500000
15	78	2	-1213.84243934	0.05500000
15	79	2	-1210.42044899	0.05500000
15	80	2	-1213.20369322	0.05500000
15	81	2	-1208.86099264	0.05500000
15	82	2	-1213.15031550	0.05500000
15	83	2	-1206.33757535	0.05500000
15	84	2	-1211.47576086	0.05500000
15	85	2	-1206.51000433	0.05500000
15	86	2	-1208.43213271	0.05500000
15	87	2	-1205.20284484	0.05500000
15	88	2	-1209.82818020	0.05500000
15	89	2	-1202.66185099	0.05500000
15	90	2	-1208.79709436	0.05500000
15	91	2	0.00000000	0.05500000
15	92	2	0.00000000	0.05500000
15	93	2	0.00000000	0.05500000
15	94	2	0.00000000	0.05500000
15	95	2	0.00000000	0.05500000
15	96	2	0.00000000	0.05500000
15	97	2	0.00000000	0.05500000
15	98	2	0.00000000	0.05500000
15	99	2	0.00000000	0.05500000
15	100	2	0.00000000	0.05500000
15	101	2	-1193.90897493	0.05500000
15	102	2	-1204.86451988	0.05500000
15	103	2	-1198.06351744	0.05500000
15	104	2	-1205.23613570	0.05500000
15	105	2	-1196.98708841	0.05500000
15	106	2	-1204.62608229	0.05500000
15	107	2	-1199.19261595	0.05500000
15	108	2	-1202.52388388	0.05500000
15	109	2	-1195.89548980	0.05500000
15	110	2	-1201.21677662	0.05500000
15	111	2	-1193.05707618	0.05500000
15	112	2	-1194.31478731	0.05500000
15	113	2	0.00000000	0.05500000
15	114	2	0.00000000	0.05500000
15	115	2	0.00000000	0.05500000
15	116	2	0.00000000	0.05500000
15	117	2	0.00000000	0.05500000
15	118	2	0.00000000	0.05500000
15	119	2	0.00000000	0.05500000
15	120	2	0.00000000	0.05500000
15	121	2	0.00000000	0.05500000
15	122	2	0.00000000	0.05500000
15	123	2	-1195.99365290	0.05500000
15	124	2	-1201.26009116	0.05500000
15	125	2	-1199.89717139	0.05500000
15	126	2	-1199.63730089	0.05500000
15	127	2	-1197.17432235	0.05500000
15	128	2	-1196.72407840	0.05500000
15	129	2	-1195.73529645	0.05500000
15	130	2	-1197.36429123	0.05500000
15	131	2	-1195.78876679	0.05500000
15	132	2	-1196.91667450	0.05500000
15	133	2	-1196.52312862	0.05500000
15	134	2	-1196.52445532	0.05500000
15	135	2	-1195.43281908	0.05500000
15	136	2	-1196.92900653	0.05500000
15	137	2	-1196.61042012	0.05500000
15	138	2	-1197.93656548	0.05500000
15	139	2	-1195.58640057	0.05500000
15	140	2	-1196.66320213	0.05500000
15	141	2	-1197.04225451	0.05500000
15	142	2	-1198.79639299	0.05500000
15	143	2	-1199.50456484	0.05500000
15	144	2	-1201.58978925	0.05500000
15	145	2	-1202.28221244	0.05500000
15	146	2	-1205.08101697	0.05500000
15	147	2	-1202.76066116	0.05500000
15	148	2	-1205.17904101	0.05500000
15	149	2	-1203.48144830	0.05500000
15	150	2	-1207.36456741	0.05500000
15	151	2	-1206.90339916	0.05500000
15	152	2	-1209.09018359	0.05500000
15	153	2	-1209.16829159	0.05500000
15	154	2	-1212.67510499	0.05500000
15	155	2	-1211.09395549	0.05500000
15	156	2	-1212.33851438	0.05500000
15	157	2	-1208.45179289	0.05500000
15	158	2	-1211.37178575	0.05500000
15	159	2	-1211.14189696	0.05500000
15	160	2	-1216.05721856	0.05500000
15	161	2	-1214.57088806	0.05500000
15	162	2	-1218.96335329	0.05500000
15	163	2	-1216.54995053	0.05500000
15	164	2	-1218.63875981	0.05500000
15	165	2	-1216.90995875	0.05500000
15	166	2	-1220.13623454	0.05500000
15	167	2	-1216.96106146	0.05500000
15	168	2	-1219.56909374	0.05500000
15	169	2	-1218.27187258	0.05500000
15	170	2	-1221.58468513	0.05500000
15	171	2	-1218.24249134	0.05500000
15	172	2	-1221.60942518	0.05500000
15	173	2	-1218.40567465	0.05500000
15	174	2	-1221.36415644	0.05500000
15	175	2	-1218.48712480	0.05500000
15	176	2	-1221.93728882	0.05500000
15	177	2	-1219.97087680	0.05500000
15	178	2	-1223.51793733	0.05500000
15	179	2	-1221.89208749	0.05500000
15	180	2	-1224.97646314	0.05500000
15	181	2	-1220.91157555	0.05500000
15	182	2	-1224.14407680	0.05500000
15	183	2	-1225.55881494	0.05500000
15	184	2	-1225.71236544	0.05500000
15	185	2	-1225.39859333	0.05500000
15	186	2	-1229.22625638	0.05500000
15	187	2	-1227.38645674	0.05500000
15	188	2	-1226.13557483	0.05500000
15	189	2	-1221.96441691	0.05500000
15	190	2	-1224.68239720	0.05500000
15	191	2	-1219.66689448	0.05500000
15	192	2	-1224.09196196	0.05500000
15	193	2	-1221.37893066	0.05500000
15	194	2	-1222.14691806	0.05500000
15	195	2	-1218.04959006	0.05500000
15	196	2	-1216.91606798	0.05500000
15	197	2	-1217.32561870	0.05500000
15	198	2	-1213.42578211	0.05500000
15	199	2	-1209.42611116	0.05500000
15	200	2	-1207.82689180	0.05500000
15	201	2	-1196.84465318	0.05500000
15	202	2	-1204.21469347	0.05500000
15	203	2	-1187.59586856	0.05500000
15	204	2	-1186.13532600	0.05500000
15	205	2	-1163.77307962	0.05500000
15	206	2	-1157.06577366	0.05500000
15	207	2	-1140.18591244	0.05500000
15	208	2	-1118.62724670	0.05500000
15	209	2	-1082.01291076	0.05500000
15	210	2	0.00000000	0.05500000
15	211	2	0.00000000	0.05500000
15	212	2	0.00000000	0.05500000
15	213	2	0.00000000	0.05500000
16	0	2	-1146.95174486	0.05500000
16	1	2	-1182.99900441	0.05500000
16	2	2	-1184.69113826	0.05500000
16	3	2	-1202.96117742	0.05500000
16	4	2	-1210.08513367	0.05500000
16	5	2	-1218.48198329	0.05500000
16	6	2	-1235.58489187	0.05500000
16	7	2	-1236.33148742	0.05500000
16	8	2	-1246.95169453	0.05500000
16	9	2	-1253.31041040	0.05500000
16	10	2	-1259.94868569	0.05500000
16	11	2	-1265.40552231	0.05500000
16	12	2	-1267.85363129	0.05500000
16	13	2	-1272.67610728	0.05500000
16	14	2	-1272.21004525	0.05500000
16	15	2	-1276.75482228	0.05500000
16	16	2	-1277.20381713	0.05500000
16	17	2	-1273.68977381	0.05500000
16	18	2	-1274.21003706	0.05500000
16	19	2	-1283.38332075	0.05500000
16	20	2	-1275.92441998	0.05500000
16	21	2	-1275.08350614	0.05500000
16	22	2	-1280.80997532	0.05500000
16	23	2	-1276.86895847	0.05500000
16	24	2	-1279.95625114	0.05500000
16	25	2	-1277.57343923	0.05500000
16	26	2	-1274.99737106	0.05500000
16	27	2	-1281.54929670	0.05500000
16	28	2	-1279.32928769	0.05500000
16	29	2	-1274.12547565	0.05500000
16	30	2	-1274.93880820	0.05500000
16	31	2	-1276.15339390	0.05500000
16	32	2	-1277.57536673	0.05500000
16	33	2	-1274.41382475	0.05500000
16	34	2	-1273.17154074	0.05500000
16	35	2	-1277.47585945	0.05500000
16	36	2	-1275.31642729	0.05500000
16	37	2	-1278.11538556	0.05500000
16	38	2	-1271.24209535	0.05500000
16	39	2	-1274.25533660	0.05500000
16	40	2	-1276.99782863	0.05500000
16	41	2	-1277.19911825	0.05500000
16	42	2	-1275.15640476	0.05500000
16	43	2	-1273.66322278	0.05500000
16	44	2	-1281.80465197	0.05500000
16	45	2	-1275.07858492	0.05500000
16	46	2	-1279.76029022	0.05500000
16	47	2	-1280.49486186	0.05500000
16	48	2	-1281.14354104	0.05500000
16	49	2	-1279.87119763	0.05500000
16	50	2	-1282.84042734	0.05500000
16	51	2	-1281.63546565	0.05500000
16	52	2	-1287.56041221	0.05500000
16	53	2	-1278.01327509	0.05500000
16	54	2	-1285.03302082	0.05500000
16	55	2	-1283.97153243	0.05500000
16	56	2	-1285.67122603	0.05500000
16	57	2	-1283.85865754	0.05500000
16	58	2	-1286.75968755	0.05500000
16	59	2	-1281.57498135	0.05500000
16	60	2	-1285.92207439	0.05500000
16	61	2	-1289.75473866	0.05500000
16	62	2	-1287.22225834	0.05500000
16	63	2	-1284.32064571	0.05500000
16	64	2	-1287.11298612	0.05500000
16	65	2	-1285.93680927	0.05500000
16	66	2	-1281.82140217	0.05500000
16	67	2	-1285.21808845	0.05500000
16	68	2	-1288.09300407	0.05500000
16	69	2	-1280.56432605	0.05500000
16	70	2	-1287.06226518	0.05500000
16	71	2	-1282.94495573	0.05500000
16	72	2	-1283.41037221	0.05500000
16	73	2	-1278.80489692	0.05500000
16	74	2	-1278.03370695	0.05500000
16	75	2	-1279.48262465	0.05500000
16	76	2	-1280.11096453	0.05500000
16	77	2	-1277.17033580	0.05500000
16	78	2	-1276.57727671	0.05500000
16	79	2	-1275.33554809	0.05500000
16	80	2	-1276.69354890	0.05500000
16	81	2	-1273.22475653	0.05500000
16	82	2	-1273.25926736	0.05500000
16	83	2	-1272.73813464	0.05500000
16	84	2	-1274.34392614	0.05500000
16	85	2	-1270.13471649	0.05500000
16	86	2	-1270.40108375	0.05500000
16	87	2	-1271.57881633	0.05500000
16	88	2	-1269.05911995	0.05500000
16	89	2	-1266.06098819	0.05500000
16	90	2	-1269.71691331	0.05500000
16	91	2	0.00000000	0.05500000
16	92	2	0.00000000	0.05500000
16	93	2	0.00000000	0.05500000
16	94	2	0.00000000	0.05500000
16	95	2	0.00000000	0.05500000
16	96	2	0.00000000	0.05500000
16	97	2	0.00000000	0.05500000
16	98	2	0.00000000	0.05500000
16	99	2	0.00000000	0.05500000
16	100	2	-1264.49466188	0.05500000
16	101	2	-1262.97477581	0.05500000
16	102	2	-1264.09627246	0.05500000
16	103	2	-1262.83342053	0.05500000
16	104	2	-1264.03933818	0.05500000
16	105	2	-1260.99813332	0.05500000
16	106	2	-1269.07736466	0.05500000
16	107	2	-1265.03892961	0.05500000
16	108	2	-1266.54503941	0.05500000
16	109	2	-1265.55895622	0.05500000
16	110	2	-1275.72927639	0.05500000
16	111	2	-1274.25750669	0.05500000
16	112	2	-1275.18894102	0.05500000
16	113	2	-1274.31466080	0.05500000
16	114	2	-1274.08586550	0.05500000
16	115	2	-1273.92040919	0.05500000
16	116	2	-1275.92241373	0.05500000
16	117	2	-1274.25547950	0.05500000
16	118	2	-1275.08112603	0.05500000
16	119	2	-1271.08839457	0.05500000
16	120	2	0.00000000	0.05500000
16	121	2	0.00000000	0.05500000
16	122	2	0.00000000	0.05500000
16	123	2	0.00000000	0.05500000
16	124	2	0.00000000	0.05500000
16	125	2	0.00000000	0.05500000
16	126	2	0.00000000	0.05500000
16	127	2	0.00000000	0.05500000
16	128	2	0.00000000	0.05500000
16	129	2	-1271.61874325	0.05500000
16	130	2	-1272.27218765	0.05500000
16	131	2	-1272.06166798	0.05500000
16	132	2	-1273.21693492	0.05500000
16	133	2	-1271.28451900	0.05500000
16	134	2	-1272.91329117	0.05500000
16	135	2	-1271.21896606	0.05500000
16	136	2	-1271.34043415	0.05500000
16	137	2	-1273.47202009	0.05500000
16	138	2	-1272.34989684	0.05500000
16	139	2	-1271.91268313	0.05500000
16	140	2	-1269.62795319	0.05500000
16	141	2	-1268.30985094	0.05500000
16	142	2	-1268.41430625	0.05500000
16	143	2	-1270.15631182	0.05500000
16	144	2	-1270.30257290	0.05500000
16	145	2	-1270.66763414	0.05500000
16	146	2	-1271.65325003	0.05500000
16	147	2	-1271.10106684	0.05500000
16	148	2	-1271.49362058	0.05500000
16	149	2	-1272.97988847	0.05500000
16	150	2	-1273.36521786	0.05500000
16	151	2	-1274.18072852	0.05500000
16	152	2	-1275.34215477	0.05500000
16	153	2	-1275.70232506	0.05500000
16	154	2	-1276.01682242	0.05500000
16	155	2	-1277.00986168	0.05500000
16	156	2	-1275.16504285	0.05500000
16	157	2	-1278.78085605	0.05500000
16	158	2	-1274.94489483	0.05500000
16	159	2	-1279.15484787	0.05500000
16	160	2	-1278.02393877	0.05500000
16	161	2	-1278.85788288	0.05500000
16	162	2	-1275.83836003	0.05500000
16	163	2	-1265.51844458	0.05500000
16	164	2	-1275.20176496	0.05500000
16	165	2	-1277.19585545	0.05500000
16	166	2	-1277.02597946	0.05500000
16	167	2	-1278.23119001	0.05500000
16	168	2	-1279.18141069	0.05500000
16	169	2	-1279.78177572	0.05500000
16	170	2	-1278.96755132	0.05500000
16	171	2	-1265.51844458	0.05500000
16	172	2	-1279.80094846	0.05500000
16	173	2	-1282.12228765	0.05500000
16	174	2	-1278.67157689	0.05500000
16	175	2	-1279.34548186	0.05500000
16	176	2	-1280.08481251	0.05500000
16	177	2	-1282.93218068	0.05500000
16	178	2	-1281.55691634	0.05500000
16	179	2	-1280.15061855	0.05500000
16	180	2	-1279.70639380	0.05500000
16	181	2	-1279.32174515	0.05500000
16	182	2	-1277.60257373	0.05500000
16	183	2	-1280.52894869	0.05500000
16	184	2	-1279.86936514	0.05500000
16	185	2	-1282.19446245	0.05500000
16	186	2	-1281.59140138	0.05500000
16	187	2	-1283.34177092	0.05500000
16	188	2	-1281.82947677	0.05500000
16	189	2	-1283.51087190	0.05500000
16	190	2	-1280.96240927	0.05500000
16	191	2	-1283.08660210	0.05500000
16	192	2	-1282.12533991	0.05500000
16	193	2	-1280.76660197	0.05500000
16	194	2	-1281.19730871	0.05500000
16	195	2	-1281.47939059	0.05500000
16	196	2	-1281.32492517	0.05500000
16	197	2	-1278.87299291	0.05500000
16	198	2	-1281.22354324	0.05500000
16	199	2	-1277.44479145	0.05500000
16	200	2	-1275.11735932	0.05500000
16	201	2	-1275.10597206	0.05500000
16	202	2	-1274.81640588	0.05500000
16	203	2	-1274.62018579	0.05500000
16	204	2	-1271.51654892	0.05500000
16	205	2	-1266.45660385	0.05500000
16	206	2	-1269.17756410	0.05500000
16	207	2	-1259.92623624	0.05500000
16	208	2	-1256.68986247	0.05500000
16	209	2	-1252.00126580	0.05500000
16	210	2	-1238.05355099	0.05500000
16	211	2	-1232.25272522	0.05500000
16	212	2	-1225.34318427	0.05500000
16	213	2	-1199.23605185	0.05500000
16	214	2	-1170.75963579	0.05500000
16	215	2	-1123.14717277	0.05500000
16	216	2	-1175.04772767	0.05500000
16	217	2	-1046.19956400	0.05500000
16	218	2	-1092.51387988	0.05500000
16	219	2	-1265.51844458	0.05500000
17	0	2	-1141.23623086	0.05500000
17	1	2	-1150.18359669	0.05500000
17	2	2	-1185.00374527	0.05500000
17	3	2	-1202.93595278	0.05500000
17	4	2	-1220.16837694	0.05500000
17	5	2	-1232.51627719	0.05500000
17	6	2	-1238.35449586	0.05500000
17	7	2	-1247.30296635	0.05500000
17	8	2	-1254.53873815	0.05500000
17	9	2	-1264.13180056	0.05500000
17	10	2	-1254.41259217	0.05500000
17	11	2	-1267.57889276	0.05500000
17	12	2	-1266.50461957	0.05500000
17	13	2	-1266.82762816	0.05500000
17	14	2	-1268.87776981	0.05500000
17	15	2	-1269.19112303	0.05500000
17	16	2	-1269.79537615	0.05500000
17	17	2	-1270.44061055	0.05500000
17	18	2	-1269.39220587	0.05500000
17	19	2	-1271.22433803	0.05500000
17	20	2	-1273.72246061	0.05500000
17	21	2	-1275.82482291	0.05500000
17	22	2	-1267.99503142	0.05500000
17	23	2	-1272.51582029	0.05500000
17	24	2	-1269.82608671	0.05500000
17	25	2	-1275.25850459	0.05500000
17	26	2	-1270.12580563	0.05500000
17	27	2	-1273.10950331	0.05500000
17	28	2	-1271.96603980	0.05500000
17	29	2	-1275.87376106	0.05500000
17	30	2	-1270.84550110	0.05500000
17	31	2	-1274.66473298	0.05500000
17	32	2	-1270.28034337	0.05500000
17	33	2	-1269.54272911	0.05500000
17	34	2	-1273.25406638	0.05500000
17	35	2	-1272.76855283	0.05500000
17	36	2	-1272.40845407	0.05500000
17	37	2	-1276.64013746	0.05500000
17	38	2	-1275.75399717	0.05500000
17	39	2	-1275.97841549	0.05500000
17	40	2	-1275.58697234	0.05500000
17	41	2	-1273.75944853	0.05500000
17	42	2	-1271.72347270	0.05500000
17	43	2	-1278.39675001	0.05500000
17	44	2	-1274.49806929	0.05500000
17	45	2	-1277.80327401	0.05500000
17	46	2	-1280.11162884	0.05500000
17	47	2	-1280.05987651	0.05500000
17	48	2	-1278.17243691	0.05500000
17	49	2	-1283.44254187	0.05500000
17	50	2	-1284.16714121	0.05500000
17	51	2	-1280.81468888	0.05500000
17	52	2	-1286.49074621	0.05500000
17	53	2	-1285.01843762	0.05500000
17	54	2	-1286.11816662	0.05500000
17	55	2	-1290.82540340	0.05500000
17	56	2	-1283.96180490	0.05500000
17	57	2	-1271.17123887	0.05500000
17	58	2	-1285.49282674	0.05500000
17	59	2	-1283.53751838	0.05500000
17	60	2	-1285.27232070	0.05500000
17	61	2	-1287.68136807	0.05500000
17	62	2	-1291.48979926	0.05500000
17	63	2	-1287.38430253	0.05500000
17	64	2	-1289.61017512	0.05500000
17	65	2	-1285.90573002	0.05500000
17	66	2	-1291.13728761	0.05500000
17	67	2	-1290.24681114	0.05500000
17	68	2	-1286.92409876	0.05500000
17	69	2	-1292.91386960	0.05500000
17	70	2	-1284.45877214	0.05500000
17	71	2	-1291.30257373	0.05500000
17	72	2	-1280.62298205	0.05500000
17	73	2	-1285.80831357	0.05500000
17	74	2	-1287.38741099	0.05500000
17	75	2	-1287.12965986	0.05500000
17	76	2	-1283.39922866	0.05500000
17	77	2	-1283.92703444	0.05500000
17	78	2	-1282.56425276	0.05500000
17	79	2	-1283.74182996	0.05500000
17	80	2	-1278.25848440	0.05500000
17	81	2	-1279.84178634	0.05500000
17	82	2	-1284.75182444	0.05500000
17	83	2	-1281.36469817	0.05500000
17	84	2	-1275.56099695	0.05500000
17	85	2	-1279.87780791	0.05500000
17	86	2	-1279.58097533	0.05500000
17	87	2	-1274.43118574	0.05500000
17	88	2	-1273.89343854	0.05500000
17	89	2	0.00000000	0.05500000
17	90	2	0.00000000	0.05500000
17	91	2	0.00000000	0.05500000
17	92	2	0.00000000	0.05500000
17	93	2	0.00000000	0.05500000
17	94	2	0.00000000	0.05500000
17	95	2	0.00000000	0.05500000
17	96	2	0.00000000	0.05500000
17	97	2	0.00000000	0.05500000
17	98	2	-1267.79606557	0.05500000
17	99	2	-1270.72799037	0.05500000
17	100	2	-1271.83051715	0.05500000
17	101	2	-1270.49719638	0.05500000
17	102	2	-1271.55618505	0.05500000
17	103	2	-1271.00126260	0.05500000
17	104	2	-1271.54294872	0.05500000
17	105	2	-1268.65635304	0.05500000
17	106	2	-1272.39023807	0.05500000
17	107	2	-1272.57714693	0.05500000
17	108	2	-1273.55621504	0.05500000
17	109	2	-1271.93640151	0.05500000
17	110	2	-1275.76432940	0.05500000
17	111	2	-1274.21118765	0.05500000
17	112	2	-1269.78298198	0.05500000
17	113	2	-1268.49729991	0.05500000
17	114	2	-1270.60470052	0.05500000
17	115	2	-1270.41308202	0.05500000
17	116	2	-1270.48795641	0.05500000
17	117	2	-1268.98987391	0.05500000
17	118	2	-1269.31598031	0.05500000
17	119	2	-1270.19686728	0.05500000
17	120	2	-1267.64560502	0.05500000
17	121	2	-1265.80564950	0.05500000
17	122	2	-1268.58619155	0.05500000
17	123	2	-1270.57555244	0.05500000
17	124	2	-1267.48410780	0.05500000
17	125	2	-1265.43865101	0.05500000
17	126	2	0.00000000	0.05500000
17	127	2	0.00000000	0.05500000
17	128	2	0.00000000	0.05500000
17	129	2	0.00000000	0.05500000
17	130	2	0.00000000	0.05500000
17	131	2	0.00000000	0.05500000
17	132	2	0.00000000	0.05500000
17	133	2	0.00000000	0.05500000
17	134	2	0.00000000	0.05500000
17	135	2	-1288.89139569	0.05500000
17	136	2	-1270.92578915	0.05500000
17	137	2	-1268.76227867	0.05500000
17	138	2	-1270.44639785	0.05500000
17	139	2	-1271.96030755	0.05500000
17	140	2	-1272.12012396	0.05500000
17	141	2	-1268.47690997	0.05500000
17	142	2	-1269.32457914	0.05500000
17	143	2	-1267.61137159	0.05500000
17	144	2	-1266.88657240	0.05500000
17	145	2	-1265.26277580	0.05500000
17	146	2	-1265.83140387	0.05500000
17	147	2	-1265.88238664	0.05500000
17	148	2	-1269.54229932	0.05500000
17	149	2	-1270.22654852	0.05500000
17	150	2	-1274.25767394	0.05500000
17	151	2	-1274.40474332	0.05500000
17	152	2	-1274.22399783	0.05500000
17	153	2	-1277.54422089	0.05500000
17	154	2	-1277.92201849	0.05500000
17	155	2	-1275.02856523	0.05500000
17	156	2	-1279.16779539	0.05500000
17	157	2	-1277.95044085	0.05500000
17	158	2	-1277.72235317	0.05500000
17	159	2	-1277.29825877	0.05500000
17	160	2	-1278.44482510	0.05500000
17	161	2	-1278.20749953	0.05500000
17	162	2	-1279.82042780	0.05500000
17	163	2	-1278.85107387	0.05500000
17	164	2	-1281.87978900	0.05500000
17	165	2	-1279.90538633	0.05500000
17	166	2	-1280.76778519	0.05500000
17	167	2	-1279.05054809	0.05500000
17	168	2	-1279.53928637	0.05500000
17	169	2	-1278.21547484	0.05500000
17	170	2	-1279.53186962	0.05500000
17	171	2	-1281.92230866	0.05500000
17	172	2	-1281.37829423	0.05500000
17	173	2	-1282.00380479	0.05500000
17	174	2	-1283.86859160	0.05500000
17	175	2	-1283.10998255	0.05500000
17	176	2	-1282.08378559	0.05500000
17	177	2	-1282.22391354	0.05500000
17	178	2	-1282.09636131	0.05500000
17	179	2	-1282.40988998	0.05500000
17	180	2	-1279.89825212	0.05500000
17	181	2	-1285.03045857	0.05500000
17	182	2	-1282.42733307	0.05500000
17	183	2	-1285.70715074	0.05500000
17	184	2	-1282.37514799	0.05500000
17	185	2	-1287.91522097	0.05500000
17	186	2	-1281.76897492	0.05500000
17	187	2	-1280.38254485	0.05500000
17	188	2	-1281.53506833	0.05500000
17	189	2	-1282.68260465	0.05500000
17	190	2	-1279.01181846	0.05500000
17	191	2	-1282.35904815	0.05500000
17	192	2	-1282.25354011	0.05500000
17	193	2	-1283.71674215	0.05500000
17	194	2	-1284.21055387	0.05500000
17	195	2	-1283.75518569	0.05500000
17	196	2	-1285.95894853	0.05500000
17	197	2	-1284.18457958	0.05500000
17	198	2	-1283.06436573	0.05500000
17	199	2	-1283.28440130	0.05500000
17	200	2	-1288.01399351	0.05500000
17	201	2	-1287.44644215	0.05500000
17	202	2	-1287.52311565	0.05500000
17	203	2	-1285.53218611	0.05500000
17	204	2	-1286.06418245	0.05500000
17	205	2	-1288.07657192	0.05500000
17	206	2	-1284.26060032	0.05500000
17	207	2	-1280.04172737	0.05500000
17	208	2	-1282.93551207	0.05500000
17	209	2	-1279.75996512	0.05500000
17	210	2	-1278.50772283	0.05500000
17	211	2	-1280.18854465	0.05500000
17	212	2	-1270.68210020	0.05500000
17	213	2	-1275.85752446	0.05500000
17	214	2	-1265.65218320	0.05500000
17	215	2	-1256.87672970	0.05500000
17	216	2	-1247.88429226	0.05500000
17	217	2	-1237.91001209	0.05500000
17	218	2	-1222.56976515	0.05500000
17	219	2	-1201.24265117	0.05500000
17	220	2	-1238.59185878	0.05500000
17	221	2	-1137.66424915	0.05500000
17	222	2	-1122.88932110	0.05500000
17	223	2	-1073.47828927	0.05500000
18	0	2	-1203.73010246	0.05500000
18	1	2	-1181.68389083	0.05500000
18	2	2	-1145.01931875	0.05500000
18	3	2	-1177.58808126	0.05500000
18	4	2	-1186.66503778	0.05500000
18	5	2	-1196.76243717	0.05500000
18	6	2	-1210.54348125	0.05500000
18	7	2	-1222.32965624	0.05500000
18	8	2	-1219.94050595	0.05500000
18	9	2	-1221.76500409	0.05500000
18	10	2	-1227.76334088	0.05500000
18	11	2	-1225.98304404	0.05500000
18	12	2	-1229.70792821	0.05500000
18	13	2	-1232.29020930	0.05500000
18	14	2	-1227.73980465	0.05500000
18	15	2	-1229.50524359	0.05500000
18	16	2	-1231.04944430	0.05500000
18	17	2	-1224.88500184	0.05500000
18	18	2	-1234.67265800	0.05500000
18	19	2	-1226.11048988	0.05500000
18	20	2	-1230.87519406	0.05500000
18	21	2	-1233.82953525	0.05500000
18	22	2	-1233.25469871	0.05500000
18	23	2	-1236.16649072	0.05500000
18	24	2	-1232.57174065	0.05500000
18	25	2	-1232.24666685	0.05500000
18	26	2	-1235.39488807	0.05500000
18	27	2	-1228.60524363	0.05500000
18	28	2	-1229.51477359	0.05500000
18	29	2	-1233.24131708	0.05500000
18	30	2	-1233.24292192	0.05500000
18	31	2	-1236.98038788	0.05500000
18	32	2	-1238.75035122	0.05500000
18	33	2	-1237.62403281	0.05500000
18	34	2	-1238.55283266	0.05500000
18	35	2	-1240.54406752	0.05500000
18	36	2	-1234.25589291	0.05500000
18	37	2	-1237.14619297	0.05500000
18	38	2	-1237.77195104	0.05500000
18	39	2	-1239.19970570	0.05500000
18	40	2	-1240.75537052	0.05500000
18	41	2	-1236.59474398	0.05500000
18	42	2	-1238.79213757	0.05500000
18	43	2	-1244.95133660	0.05500000
18	44	2	-1237.44068362	0.05500000
18	45	2	-1243.30781480	0.05500000
18	46	2	-1244.90924480	0.05500000
18	47	2	-1243.14612138	0.05500000
18	48	2	-1246.41692975	0.05500000
18	49	2	-1242.41752926	0.05500000
18	50	2	-1245.30173901	0.05500000
18	51	2	-1245.49940033	0.05500000
18	52	2	-1246.35294522	0.05500000
18	53	2	-1244.21824456	0.05500000
18	54	2	-1246.65115990	0.05500000
18	55	2	-1246.74208579	0.05500000
18	56	2	-1247.13427376	0.05500000
18	57	2	-1250.07556028	0.05500000
18	58	2	-1257.99506976	0.05500000
18	59	2	-1224.43121899	0.05500000
18	60	2	-1251.11743945	0.05500000
18	61	2	-1249.41902868	0.05500000
18	62	2	-1254.48018326	0.05500000
18	63	2	-1247.51258838	0.05500000
18	64	2	-1252.14076842	0.05500000
18	65	2	-1250.88727016	0.05500000
18	66	2	-1256.00768175	0.05500000
18	67	2	-1254.65362964	0.05500000
18	68	2	-1248.91524481	0.05500000
18	69	2	-1252.97024924	0.05500000
18	70	2	-1250.66217469	0.05500000
18	71	2	-1252.53645282	0.05500000
18	72	2	-1251.17784972	0.05500000
18	73	2	-1247.04749746	0.05500000
18	74	2	-1254.02465881	0.05500000
18	75	2	-1250.56485204	0.05500000
18	76	2	-1242.77232996	0.05500000
18	77	2	-1247.65461445	0.05500000
18	78	2	-1242.76716765	0.05500000
18	79	2	-1241.49482681	0.05500000
18	80	2	-1235.31405356	0.05500000
18	81	2	-1236.66930249	0.05500000
18	82	2	-1238.01072008	0.05500000
18	83	2	-1240.42770815	0.05500000
18	84	2	-1231.82642534	0.05500000
18	85	2	-1234.90200855	0.05500000
18	86	2	-1235.34233927	0.05500000
18	87	2	-1234.09858751	0.05500000
18	88	2	-1231.37374816	0.05500000
18	89	2	0.00000000	0.05500000
18	90	2	0.00000000	0.05500000
18	91	2	0.00000000	0.05500000
18	92	2	0.00000000	0.05500000
18	93	2	0.00000000	0.05500000
18	94	2	0.00000000	0.05500000
18	95	2	0.00000000	0.05500000
18	96	2	0.00000000	0.05500000
18	97	2	0.00000000	0.05500000
18	98	2	-1224.28043880	0.05500000
18	99	2	-1233.37692937	0.05500000
18	100	2	-1226.21296297	0.05500000
18	101	2	-1232.50220208	0.05500000
18	102	2	-1228.31413880	0.05500000
18	103	2	-1231.54611149	0.05500000
18	104	2	-1222.75063487	0.05500000
18	105	2	-1227.26540942	0.05500000
18	106	2	-1224.96949972	0.05500000
18	107	2	-1231.88548652	0.05500000
18	108	2	-1225.16519784	0.05500000
18	109	2	-1232.44698719	0.05500000
18	110	2	-1228.57625616	0.05500000
18	111	2	-1238.75958638	0.05500000
18	112	2	-1228.52775143	0.05500000
18	113	2	-1237.43823961	0.05500000
18	114	2	-1230.95726504	0.05500000
18	115	2	-1239.50787460	0.05500000
18	116	2	-1217.19612475	0.05500000
18	117	2	-1238.58688654	0.05500000
18	118	2	-1217.95149145	0.05500000
18	119	2	-1239.10521451	0.05500000
18	120	2	-1218.44765291	0.05500000
18	121	2	-1235.50104204	0.05500000
18	122	2	-1218.82319624	0.05500000
18	123	2	-1236.84665217	0.05500000
18	124	2	-1217.20643563	0.05500000
18	125	2	-1234.35371579	0.05500000
18	126	2	-1217.64674461	0.05500000
18	127	2	-1234.19234055	0.05500000
18	128	2	-1217.46385287	0.05500000
18	129	2	-1234.06147500	0.05500000
18	130	2	-1217.92855069	0.05500000
18	131	2	-1234.28048193	0.05500000
18	132	2	-1217.42367190	0.05500000
18	133	2	-1236.05501532	0.05500000
18	134	2	0.00000000	0.05500000
18	135	2	0.00000000	0.05500000
18	136	2	0.00000000	0.05500000
18	137	2	0.00000000	0.05500000
18	138	2	0.00000000	0.05500000
18	139	2	0.00000000	0.05500000
18	140	2	0.00000000	0.05500000
18	141	2	0.00000000	0.05500000
18	142	2	0.00000000	0.05500000
18	143	2	-1239.36279880	0.05500000
18	144	2	-1220.12903565	0.05500000
18	145	2	-1237.06866444	0.05500000
18	146	2	-1219.64908708	0.05500000
18	147	2	-1234.36207804	0.05500000
18	148	2	-1219.08661641	0.05500000
18	149	2	-1233.64314271	0.05500000
18	150	2	-1220.49885375	0.05500000
18	151	2	-1232.72544012	0.05500000
18	152	2	-1218.42021566	0.05500000
18	153	2	-1233.27773418	0.05500000
18	154	2	-1217.75743864	0.05500000
18	155	2	-1235.54792573	0.05500000
18	156	2	-1216.57139888	0.05500000
18	157	2	-1235.57479271	0.05500000
18	158	2	-1219.88086446	0.05500000
18	159	2	-1238.82656017	0.05500000
18	160	2	-1220.97706935	0.05500000
18	161	2	-1234.93629567	0.05500000
18	162	2	-1219.13844400	0.05500000
18	163	2	-1234.57978083	0.05500000
18	164	2	-1217.84305521	0.05500000
18	165	2	-1235.85423275	0.05500000
18	166	2	-1218.84949625	0.05500000
18	167	2	-1237.51487362	0.05500000
18	168	2	-1221.86917766	0.05500000
18	169	2	-1239.47170668	0.05500000
18	170	2	-1220.80254887	0.05500000
18	171	2	-1239.35514204	0.05500000
18	172	2	-1221.28697084	0.05500000
18	173	2	-1237.41141932	0.05500000
18	174	2	-1221.62200077	0.05500000
18	175	2	-1234.74163853	0.05500000
18	176	2	-1220.34891109	0.05500000
18	177	2	-1232.21570021	0.05500000
18	178	2	-1219.10720795	0.05500000
18	179	2	-1233.24347429	0.05500000
18	180	2	-1216.99860450	0.05500000
18	181	2	-1228.34836382	0.05500000
18	182	2	-1221.04192697	0.05500000
18	183	2	-1230.90235590	0.05500000
18	184	2	-1219.01207229	0.05500000
18	185	2	-1228.41007773	0.05500000
18	186	2	-1219.75727877	0.05500000
18	187	2	-1232.78294119	0.05500000
18	188	2	-1217.34290931	0.05500000
18	189	2	-1230.94240457	0.05500000
18	190	2	-1216.84373695	0.05500000
18	191	2	-1228.79150157	0.05500000
18	192	2	-1216.50001956	0.05500000
18	193	2	-1227.10585578	0.05500000
18	194	2	-1218.47906509	0.05500000
18	195	2	-1226.29810237	0.05500000
18	196	2	-1218.41586525	0.05500000
18	197	2	-1224.86010611	0.05500000
18	198	2	-1216.80619543	0.05500000
18	199	2	-1228.29888015	0.05500000
18	200	2	-1217.26958283	0.05500000
18	201	2	-1223.26559536	0.05500000
18	202	2	-1215.16100744	0.05500000
18	203	2	-1226.72618137	0.05500000
18	204	2	-1219.15585263	0.05500000
18	205	2	-1228.47518593	0.05500000
18	206	2	-1222.75188335	0.05500000
18	207	2	-1236.36841104	0.05500000
18	208	2	-1228.32617510	0.05500000
18	209	2	-1237.55601665	0.05500000
18	210	2	-1226.45879174	0.05500000
18	211	2	-1233.92207578	0.05500000
18	212	2	-1229.58468771	0.05500000
18	213	2	-1234.53686405	0.05500000
18	214	2	-1224.12374068	0.05500000
18	215	2	-1231.01213703	0.05500000
18	216	2	-1223.93365247	0.05500000
18	217	2	-1226.67445556	0.05500000
18	218	2	-1223.28652922	0.05500000
18	219	2	-1226.55239033	0.05500000
18	220	2	-1221.08909404	0.05500000
18	221	2	-1225.39775800	0.05500000
18	222	2	-1216.32334231	0.05500000
18	223	2	-1216.38550106	0.05500000
18	224	2	-1206.00970614	0.05500000
18	225	2	-1202.16257754	0.05500000
18	226	2	-1177.79679040	0.05500000
18	227	2	-1194.83233434	0.05500000
18	228	2	-1144.91806434	0.05500000
18	229	2	-1118.74961911	0.05500000
18	230	2	-1087.60363604	0.05500000
18	231	2	-1063.62586591	0.05500000
19	0	2	-1172.13735057	0.05500000
19	1	2	-1158.72489361	0.05500000
19	2	2	-1203.20432457	0.05500000
19	3	2	-1218.00064844	0.05500000
19	4	2	-1218.72736753	0.05500000
19	5	2	-1228.18622683	0.05500000
19	6	2	-1221.07271388	0.05500000
19	7	2	-1228.32210156	0.05500000
19	8	2	-1233.47447440	0.05500000
19	9	2	-1233.90935769	0.05500000
19	10	2	-1224.44105995	0.05500000
19	11	2	-1234.77168167	0.05500000
19	12	2	-1233.86383524	0.05500000
19	13	2	-1233.05428962	0.05500000
19	14	2	-1230.38795467	0.05500000
19	15	2	-1231.27176570	0.05500000
19	16	2	-1230.82512468	0.05500000
19	17	2	-1231.31852780	0.05500000
19	18	2	-1236.45581051	0.05500000
19	19	2	-1227.77770023	0.05500000
19	20	2	-1231.18762862	0.05500000
19	21	2	-1233.05469001	0.05500000
19	22	2	-1235.41509598	0.05500000
19	23	2	-1232.02865304	0.05500000
19	24	2	-1232.91745012	0.05500000
19	25	2	-1237.40993639	0.05500000
19	26	2	-1233.99663941	0.05500000
19	27	2	-1227.58464345	0.05500000
19	28	2	-1236.01774310	0.05500000
19	29	2	-1239.60761315	0.05500000
19	30	2	-1239.33264263	0.05500000
19	31	2	-1244.10296150	0.05500000
19	32	2	-1239.72327401	0.05500000
19	33	2	-1240.22510816	0.05500000
19	34	2	-1242.68884534	0.05500000
19	35	2	-1232.73541142	0.05500000
19	36	2	-1242.36911352	0.05500000
19	37	2	-1242.19410910	0.05500000
19	38	2	-1241.57021604	0.05500000
19	39	2	-1243.71082610	0.05500000
19	40	2	-1241.32336340	0.05500000
19	41	2	-1242.90155482	0.05500000
19	42	2	-1246.56558752	0.05500000
19	43	2	-1242.39175689	0.05500000
19	44	2	-1246.43922962	0.05500000
19	45	2	-1246.26691547	0.05500000
19	46	2	-1247.41016125	0.05500000
19	47	2	-1246.24372877	0.05500000
19	48	2	-1245.20673341	0.05500000
19	49	2	-1249.63743388	0.05500000
19	50	2	-1248.57763585	0.05500000
19	51	2	-1248.98952450	0.05500000
19	52	2	-1247.15631955	0.05500000
19	53	2	-1248.80785535	0.05500000
19	54	2	-1245.92351153	0.05500000
19	55	2	-1251.20264330	0.05500000
19	56	2	-1251.26160237	0.05500000
19	57	2	-1252.33571623	0.05500000
19	58	2	-1224.27659656	0.05500000
19	59	2	-1259.78141527	0.05500000
19	60	2	-1255.57220390	0.05500000
19	61	2	-1259.30408078	0.05500000
19	62	2	-1259.35248938	0.05500000
19	63	2	-1256.34646451	0.05500000
19	64	2	-1255.87758868	0.05500000
19	65	2	-1259.99810663	0.05500000
19	66	2	-1255.40388835	0.05500000
19	67	2	-1255.79033809	0.05500000
19	68	2	-1255.60425559	0.05500000
19	69	2	-1254.16160749	0.05500000
19	70	2	-1255.11113934	0.05500000
19	71	2	-1254.14646083	0.05500000
19	72	2	-1254.09882541	0.05500000
19	73	2	-1260.86360158	0.05500000
19	74	2	-1256.64624792	0.05500000
19	75	2	-1251.21931074	0.05500000
19	76	2	-1251.14210515	0.05500000
19	77	2	-1249.29387264	0.05500000
19	78	2	-1248.80586858	0.05500000
19	79	2	-1249.88018359	0.05500000
19	80	2	-1245.76869800	0.05500000
19	81	2	-1243.02201416	0.05500000
19	82	2	-1246.31696421	0.05500000
19	83	2	-1243.47402738	0.05500000
19	84	2	-1240.11669411	0.05500000
19	85	2	-1241.86963873	0.05500000
19	86	2	-1238.26740534	0.05500000
19	87	2	-1241.98548526	0.05500000
19	88	2	0.00000000	0.05500000
19	89	2	0.00000000	0.05500000
19	90	2	0.00000000	0.05500000
19	91	2	0.00000000	0.05500000
19	92	2	0.00000000	0.05500000
19	93	2	0.00000000	0.05500000
19	94	2	0.00000000	0.05500000
19	95	2	0.00000000	0.05500000
19	96	2	0.00000000	0.05500000
19	97	2	-1236.11183167	0.05500000
19	98	2	-1233.93274448	0.05500000
19	99	2	-1236.08710449	0.05500000
19	100	2	-1233.01513035	0.05500000
19	101	2	-1233.25992443	0.05500000
19	102	2	-1233.02471788	0.05500000
19	103	2	-1234.95122036	0.05500000
19	104	2	-1231.46927711	0.05500000
19	105	2	-1234.41274116	0.05500000
19	106	2	-1232.99823237	0.05500000
19	107	2	-1235.21460334	0.05500000
19	108	2	-1231.41928240	0.05500000
19	109	2	-1236.84839699	0.05500000
19	110	2	-1237.36864394	0.05500000
19	111	2	-1242.31239777	0.05500000
19	112	2	-1235.57004100	0.05500000
19	113	2	-1240.55001872	0.05500000
19	114	2	-1236.71654745	0.05500000
19	115	2	-1245.82646171	0.05500000
19	116	2	-1237.62941281	0.05500000
19	117	2	-1242.82120556	0.05500000
19	118	2	-1239.97545756	0.05500000
19	119	2	-1238.87708779	0.05500000
19	120	2	-1231.76481953	0.05500000
19	121	2	-1237.74168243	0.05500000
19	122	2	-1233.52856398	0.05500000
19	123	2	-1238.31310225	0.05500000
19	124	2	-1233.25513169	0.05500000
19	125	2	-1239.46664270	0.05500000
19	126	2	-1235.67945124	0.05500000
19	127	2	-1237.84474942	0.05500000
19	128	2	-1233.00609255	0.05500000
19	129	2	-1238.31475151	0.05500000
19	130	2	-1235.08155000	0.05500000
19	131	2	-1239.10297351	0.05500000
19	132	2	-1233.94560633	0.05500000
19	133	2	-1239.03238120	0.05500000
19	134	2	-1230.68589640	0.05500000
19	135	2	-1236.92816926	0.05500000
19	136	2	-1231.17072510	0.05500000
19	137	2	-1237.47004478	0.05500000
19	138	2	-1230.94520827	0.05500000
19	139	2	-1235.14111010	0.05500000
19	140	2	-1230.30396617	0.05500000
19	141	2	0.00000000	0.05500000
19	142	2	0.00000000	0.05500000
19	143	2	0.00000000	0.05500000
19	144	2	0.00000000	0.05500000
19	145	2	0.00000000	0.05500000
19	146	2	0.00000000	0.05500000
19	147	2	0.00000000	0.05500000
19	148	2	0.00000000	0.05500000
19	149	2	0.00000000	0.05500000
19	150	2	-1233.51557380	0.05500000
19	151	2	-1239.11814036	0.05500000
19	152	2	-1234.07524375	0.05500000
19	153	2	-1240.36301372	0.05500000
19	154	2	-1234.90638282	0.05500000
19	155	2	-1239.93833635	0.05500000
19	156	2	-1238.63982704	0.05500000
19	157	2	-1245.06439689	0.05500000
19	158	2	-1239.15393625	0.05500000
19	159	2	-1246.67271676	0.05500000
19	160	2	-1238.02552771	0.05500000
19	161	2	-1245.86331783	0.05500000
19	162	2	-1240.35733761	0.05500000
19	163	2	-1246.28246095	0.05500000
19	164	2	-1239.68118059	0.05500000
19	165	2	-1248.08850805	0.05500000
19	166	2	-1241.90669290	0.05500000
19	167	2	-1245.85965830	0.05500000
19	168	2	-1241.85021591	0.05500000
19	169	2	-1245.71296402	0.05500000
19	170	2	-1243.02656792	0.05500000
19	171	2	-1248.79323084	0.05500000
19	172	2	-1244.80921821	0.05500000
19	173	2	-1248.41607545	0.05500000
19	174	2	-1243.91012738	0.05500000
19	175	2	-1249.32061618	0.05500000
19	176	2	-1242.70990127	0.05500000
19	177	2	-1248.86065802	0.05500000
19	178	2	-1244.17713797	0.05500000
19	179	2	-1246.77595412	0.05500000
19	180	2	-1244.84433236	0.05500000
19	181	2	-1250.96518048	0.05500000
19	182	2	-1245.40337629	0.05500000
19	183	2	-1247.14989905	0.05500000
19	184	2	-1245.01179923	0.05500000
19	185	2	-1245.64160081	0.05500000
19	186	2	-1245.47890912	0.05500000
19	187	2	-1246.22520997	0.05500000
19	188	2	-1245.09932419	0.05500000
19	189	2	-1247.48749388	0.05500000
19	190	2	-1244.03193335	0.05500000
19	191	2	-1245.28954675	0.05500000
19	192	2	-1244.45746143	0.05500000
19	193	2	-1245.06516230	0.05500000
19	194	2	-1244.21800473	0.05500000
19	195	2	-1243.05752969	0.05500000
19	196	2	-1242.73270040	0.05500000
19	197	2	-1241.09860759	0.05500000
19	198	2	-1240.91883073	0.05500000
19	199	2	-1239.73553124	0.05500000
19	200	2	-1238.66386862	0.05500000
19	201	2	-1238.68255546	0.05500000
19	202	2	-1236.22836072	0.05500000
19	203	2	-1237.55498812	0.05500000
19	204	2	-1234.70580541	0.05500000
19	205	2	-1236.41683395	0.05500000
19	206	2	-1233.25133695	0.05500000
19	207	2	-1235.27995274	0.05500000
19	208	2	-1232.50650531	0.05500000
19	209	2	-1229.28354822	0.05500000
19	210	2	-1227.58188034	0.05500000
19	211	2	-1230.23111972	0.05500000
19	212	2	-1233.78123547	0.05500000
19	213	2	-1233.65267433	0.05500000
19	214	2	-1243.27866443	0.05500000
19	215	2	-1240.51531351	0.05500000
19	216	2	-1241.01377921	0.05500000
19	217	2	-1241.70453264	0.05500000
19	218	2	-1242.23811291	0.05500000
19	219	2	-1237.18523490	0.05500000
19	220	2	-1239.59480937	0.05500000
19	221	2	-1239.50352289	0.05500000
19	222	2	-1237.83229672	0.05500000
19	223	2	-1232.76277035	0.05500000
19	224	2	-1228.76802469	0.05500000
19	225	2	-1233.16909093	0.05500000
19	226	2	-1234.46811945	0.05500000
19	227	2	-1228.73289606	0.05500000
19	228	2	-1232.91869685	0.05500000
19	229	2	-1236.25203623	0.05500000
19	230	2	-1229.54700896	0.05500000
19	231	2	-1225.92400197	0.05500000
19	232	2	-1223.79431674	0.05500000
19	233	2	-1208.79095576	0.05500000
19	234	2	-1208.13136280	0.05500000
19	235	2	-1195.87981587	0.05500000
19	236	2	-1160.91082739	0.05500000
19	237	2	-1139.41293883	0.05500000
20	0	2	-1231.72407022	0.05500000
20	1	2	-1225.86492878	0.05500000
20	2	2	-1243.81172552	0.05500000
20	3	2	-1239.44428293	0.05500000
20	4	2	-1246.48042202	0.05500000
20	5	2	-1247.96327462	0.05500000
20	6	2	-1252.23601406	0.05500000
20	7	2	-1243.71383216	0.05500000
20	8	2	-1251.33385905	0.05500000
20	9	2	-1242.49083698	0.05500000
20	10	2	-1249.50824902	0.05500000
20	11	2	-1251.50559155	0.05500000
20	12	2	-1254.14760792	0.05500000
20	13	2	-1248.57336014	0.05500000
20	14	2	-1252.81782428	0.05500000
20	15	2	-1247.75411060	0.05500000
20	16	2	-1251.64040633	0.05500000
20	17	2	-1254.10792345	0.05500000
20	18	2	-1252.27282225	0.05500000
20	19	2	-1246.69812326	0.05500000
20	20	2	-1254.04221055	0.05500000
20	21	2	-1251.50525658	0.05500000
20	22	2	-1251.14633066	0.05500000
20	23	2	-1249.52248081	0.05500000
20	24	2	-1255.48382292	0.05500000
20	25	2	-1252.63408403	0.05500000
20	26	2	-1251.21006768	0.05500000
20	27	2	-1252.71366832	0.05500000
20	28	2	-1257.47150827	0.05500000
20	29	2	-1255.13753887	0.05500000
20	30	2	-1258.77556421	0.05500000
20	31	2	-1254.53298584	0.05500000
20	32	2	-1258.67686309	0.05500000
20	33	2	-1256.22123083	0.05500000
20	34	2	-1262.52941306	0.05500000
20	35	2	-1251.88334448	0.05500000
20	36	2	-1261.91510934	0.05500000
20	37	2	-1258.52256442	0.05500000
20	38	2	-1262.72631425	0.05500000
20	39	2	-1256.12534993	0.05500000
20	40	2	-1262.70000992	0.05500000
20	41	2	-1258.74204229	0.05500000
20	42	2	-1261.30193786	0.05500000
20	43	2	-1252.87354173	0.05500000
20	44	2	-1257.05112242	0.05500000
20	45	2	-1256.65738677	0.05500000
20	46	2	-1262.00726437	0.05500000
20	47	2	-1258.05239028	0.05500000
20	48	2	-1271.02652171	0.05500000
20	49	2	-1263.60894678	0.05500000
20	50	2	-1272.13908438	0.05500000
20	51	2	-1264.51494302	0.05500000
20	52	2	-1271.27439111	0.05500000
20	53	2	-1264.39428061	0.05500000
20	54	2	-1271.62881106	0.05500000
20	55	2	-1267.29118095	0.05500000
20	56	2	-1278.31838745	0.05500000
20	57	2	-1285.04638538	0.05500000
20	58	2	-1276.75543022	0.05500000
20	59	2	-1270.79497459	0.05500000
20	60	2	-1276.39141763	0.05500000
20	61	2	-1274.21051397	0.05500000
20	62	2	-1281.36833685	0.05500000
20	63	2	-1269.77921246	0.05500000
20	64	2	-1275.47511411	0.05500000
20	65	2	-1274.58513944	0.05500000
20	66	2	-1279.85476442	0.05500000
20	67	2	-1268.92165450	0.05500000
20	68	2	-1278.52425950	0.05500000
20	69	2	-1269.90255001	0.05500000
20	70	2	-1279.88424277	0.05500000
20	71	2	-1261.43598183	0.05500000
20	72	2	-1276.12487733	0.05500000
20	73	2	-1269.53826339	0.05500000
20	74	2	-1281.99852365	0.05500000
20	75	2	-1266.54087476	0.05500000
20	76	2	-1271.27531861	0.05500000
20	77	2	-1265.44428709	0.05500000
20	78	2	-1272.82927409	0.05500000
20	79	2	-1259.03981850	0.05500000
20	80	2	-1265.64129028	0.05500000
20	81	2	-1263.72970519	0.05500000
20	82	2	-1269.02346995	0.05500000
20	83	2	-1253.41413022	0.05500000
20	84	2	-1261.34105567	0.05500000
20	85	2	-1247.01019888	0.05500000
20	86	2	-1267.82445592	0.05500000
20	87	2	0.00000000	0.05500000
20	88	2	0.00000000	0.05500000
20	89	2	0.00000000	0.05500000
20	90	2	0.00000000	0.05500000
20	91	2	0.00000000	0.05500000
20	92	2	0.00000000	0.05500000
20	93	2	0.00000000	0.05500000
20	94	2	0.00000000	0.05500000
20	95	2	0.00000000	0.05500000
20	96	2	-1258.32173387	0.05500000
20	97	2	-1239.81931344	0.05500000
20	98	2	-1251.85492586	0.05500000
20	99	2	-1242.48002523	0.05500000
20	100	2	-1250.32428627	0.05500000
20	101	2	-1241.73293433	0.05500000
20	102	2	-1250.65322399	0.05500000
20	103	2	-1240.05840688	0.05500000
20	104	2	-1249.23745848	0.05500000
20	105	2	-1236.39311255	0.05500000
20	106	2	-1251.63656454	0.05500000
20	107	2	-1237.65277629	0.05500000
20	108	2	-1250.63725850	0.05500000
20	109	2	-1231.52166547	0.05500000
20	110	2	-1251.64443298	0.05500000
20	111	2	-1235.56309022	0.05500000
20	112	2	-1251.46980786	0.05500000
20	113	2	-1235.52927783	0.05500000
20	114	2	-1254.00725394	0.05500000
20	115	2	-1236.60556175	0.05500000
20	116	2	-1255.16250885	0.05500000
20	117	2	-1235.52616654	0.05500000
20	118	2	-1263.22981648	0.05500000
20	119	2	-1239.65083835	0.05500000
20	120	2	-1261.23003949	0.05500000
20	121	2	-1235.93239821	0.05500000
20	122	2	-1272.64387556	0.05500000
20	123	2	-1264.36731567	0.05500000
20	124	2	-1271.00011527	0.05500000
20	125	2	-1264.06137070	0.05500000
20	126	2	-1270.41792544	0.05500000
20	127	2	-1262.31759443	0.05500000
20	128	2	-1270.27240831	0.05500000
20	129	2	-1265.63522774	0.05500000
20	130	2	-1271.55517626	0.05500000
20	131	2	-1265.26327369	0.05500000
20	132	2	-1274.86194176	0.05500000
20	133	2	-1263.23359908	0.05500000
20	134	2	-1272.76179903	0.05500000
20	135	2	-1267.39202626	0.05500000
20	136	2	-1271.10898533	0.05500000
20	137	2	-1266.42491120	0.05500000
20	138	2	-1270.30870322	0.05500000
20	139	2	-1268.79539804	0.05500000
20	140	2	-1270.60125101	0.05500000
20	141	2	-1267.48893310	0.05500000
20	142	2	-1268.36678888	0.05500000
20	143	2	-1266.46201171	0.05500000
20	144	2	-1267.03190352	0.05500000
20	145	2	-1265.56488905	0.05500000
20	146	2	-1267.12639255	0.05500000
20	147	2	-1264.32549348	0.05500000
20	148	2	0.00000000	0.05500000
20	149	2	0.00000000	0.05500000
20	150	2	0.00000000	0.05500000
20	151	2	0.00000000	0.05500000
20	152	2	0.00000000	0.05500000
20	153	2	0.00000000	0.05500000
20	154	2	0.00000000	0.05500000
20	155	2	0.00000000	0.05500000
20	156	2	0.00000000	0.05500000
20	157	2	-1269.57041006	0.05500000
20	158	2	-1271.63083124	0.05500000
20	159	2	-1272.85213385	0.05500000
20	160	2	-1272.76507090	0.05500000
20	161	2	-1273.72414855	0.05500000
20	162	2	-1274.19745132	0.05500000
20	163	2	-1271.85450724	0.05500000
20	164	2	-1272.20868698	0.05500000
20	165	2	-1268.85585516	0.05500000
20	166	2	-1270.31423018	0.05500000
20	167	2	-1270.14517512	0.05500000
20	168	2	-1273.01170925	0.05500000
20	169	2	-1271.98493359	0.05500000
20	170	2	-1275.73916255	0.05500000
20	171	2	-1267.17161853	0.05500000
20	172	2	-1272.08011248	0.05500000
20	173	2	-1268.48406845	0.05500000
20	174	2	-1269.10634379	0.05500000
20	175	2	-1270.20718424	0.05500000
20	176	2	-1272.34892631	0.05500000
20	177	2	-1272.52482449	0.05500000
20	178	2	-1271.90425947	0.05500000
20	179	2	-1273.62000320	0.05500000
20	180	2	-1272.71928504	0.05500000
20	181	2	-1275.23931750	0.05500000
20	182	2	-1278.76024579	0.05500000
20	183	2	-1276.38597660	0.05500000
20	184	2	-1274.41753790	0.05500000
20	185	2	-1275.08964120	0.05500000
20	186	2	-1271.22351879	0.05500000
20	187	2	-1273.00675629	0.05500000
20	188	2	-1271.42911249	0.05500000
20	189	2	-1269.88822870	0.05500000
20	190	2	-1270.18463555	0.05500000
20	191	2	-1269.94249409	0.05500000
20	192	2	-1272.63573628	0.05500000
20	193	2	-1269.01170474	0.05500000
20	194	2	-1266.56932709	0.05500000
20	195	2	-1270.90143474	0.05500000
20	196	2	-1267.80679878	0.05500000
20	197	2	-1266.33263414	0.05500000
20	198	2	-1261.40329470	0.05500000
20	199	2	-1260.98172981	0.05500000
20	200	2	-1263.84043761	0.05500000
20	201	2	-1260.31321542	0.05500000
20	202	2	-1261.69470570	0.05500000
20	203	2	-1260.24669559	0.05500000
20	204	2	-1259.87469192	0.05500000
20	205	2	-1257.71465550	0.05500000
20	206	2	-1258.73633371	0.05500000
20	207	2	-1254.90172594	0.05500000
20	208	2	-1252.29517018	0.05500000
20	209	2	-1255.70049016	0.05500000
20	210	2	-1250.41642666	0.05500000
20	211	2	-1252.04404638	0.05500000
20	212	2	-1251.19108264	0.05500000
20	213	2	-1250.22008524	0.05500000
20	214	2	-1251.05867148	0.05500000
20	215	2	-1246.44081527	0.05500000
20	216	2	-1247.30502446	0.05500000
20	217	2	-1245.57761691	0.05500000
20	218	2	-1242.64137019	0.05500000
20	219	2	-1242.51302208	0.05500000
20	220	2	-1236.86158182	0.05500000
20	221	2	-1236.84219693	0.05500000
20	222	2	-1236.98648238	0.05500000
20	223	2	-1239.40102273	0.05500000
20	224	2	-1237.49232480	0.05500000
20	225	2	-1235.01170169	0.05500000
20	226	2	-1228.80996460	0.05500000
20	227	2	-1231.60409078	0.05500000
20	228	2	-1227.94547441	0.05500000
20	229	2	-1230.15765218	0.05500000
20	230	2	-1228.83633000	0.05500000
20	231	2	-1236.92655743	0.05500000
20	232	2	-1236.29995853	0.05500000
20	233	2	-1222.83007849	0.05500000
20	234	2	-1219.70005011	0.05500000
20	235	2	-1219.20500672	0.05500000
20	236	2	-1221.55637924	0.05500000
20	237	2	-1224.68613300	0.05500000
20	238	2	-1210.22346840	0.05500000
20	239	2	-1199.78053742	0.05500000
20	240	2	-1204.16419156	0.05500000
20	241	2	-1151.21542489	0.05500000
20	242	2	-1217.21387200	0.05500000
20	243	2	-1257.39372438	0.05500000
21	0	2	-1249.53098414	0.05500000
21	1	2	-1264.02004183	0.05500000
21	2	2	-1257.83917192	0.05500000
21	3	2	-1262.72325436	0.05500000
21	4	2	-1259.26343316	0.05500000
21	5	2	-1260.17763325	0.05500000
21	6	2	-1256.53545767	0.05500000
21	7	2	-1263.23863401	0.05500000
21	8	2	-1261.52486662	0.05500000
21	9	2	-1262.19299026	0.05500000
21	10	2	-1260.90475123	0.05500000
21	11	2	-1261.82576365	0.05500000
21	12	2	-1260.79790516	0.05500000
21	13	2	-1260.84872614	0.05500000
21	14	2	-1259.74601401	0.05500000
21	15	2	-1267.65947593	0.05500000
21	16	2	-1258.53498305	0.05500000
21	17	2	-1261.11664687	0.05500000
21	18	2	-1267.20440980	0.05500000
21	19	2	-1266.17044469	0.05500000
21	20	2	-1267.70934627	0.05500000
21	21	2	-1268.81847625	0.05500000
21	22	2	-1268.01565675	0.05500000
21	23	2	-1271.82154861	0.05500000
21	24	2	-1269.70466239	0.05500000
21	25	2	-1267.65243941	0.05500000
21	26	2	-1272.39598186	0.05500000
21	27	2	-1270.37047944	0.05500000
21	28	2	-1273.27460423	0.05500000
21	29	2	-1273.68825214	0.05500000
21	30	2	-1271.54211263	0.05500000
21	31	2	-1272.31446439	0.05500000
21	32	2	-1266.72979915	0.05500000
21	33	2	-1272.56911975	0.05500000
21	34	2	-1271.84989303	0.05500000
21	35	2	-1273.44316817	0.05500000
21	36	2	-1274.49173183	0.05500000
21	37	2	-1269.95030807	0.05500000
21	38	2	-1270.76939227	0.05500000
21	39	2	-1270.49069200	0.05500000
21	40	2	-1272.82132462	0.05500000
21	41	2	-1272.51259265	0.05500000
21	42	2	-1271.31701655	0.05500000
21	43	2	-1273.85842197	0.05500000
21	44	2	-1273.66720913	0.05500000
21	45	2	-1274.49631496	0.05500000
21	46	2	-1282.71310545	0.05500000
21	47	2	-1280.66195144	0.05500000
21	48	2	-1259.95649892	0.05500000
21	49	2	-1289.16519392	0.05500000
21	50	2	-1280.01646903	0.05500000
21	51	2	-1285.80202379	0.05500000
21	52	2	-1286.96740307	0.05500000
21	53	2	-1286.05136660	0.05500000
21	54	2	-1284.59822603	0.05500000
21	55	2	-1287.45802238	0.05500000
21	56	2	-1286.67673005	0.05500000
21	57	2	-1283.71015124	0.05500000
21	58	2	-1287.32799842	0.05500000
21	59	2	-1284.65699192	0.05500000
21	60	2	-1283.86392107	0.05500000
21	61	2	-1284.05978866	0.05500000
21	62	2	-1283.07882637	0.05500000
21	63	2	-1290.86581559	0.05500000
21	64	2	-1285.72182368	0.05500000
21	65	2	-1286.78676485	0.05500000
21	66	2	-1284.00847109	0.05500000
21	67	2	-1284.26312268	0.05500000
21	68	2	-1280.43862304	0.05500000
21	69	2	-1282.99249456	0.05500000
21	70	2	-1275.81989941	0.05500000
21	71	2	-1283.16911223	0.05500000
21	72	2	-1280.40488797	0.05500000
21	73	2	-1277.28369847	0.05500000
21	74	2	-1275.57556612	0.05500000
21	75	2	-1273.92843307	0.05500000
21	76	2	-1266.80016965	0.05500000
21	77	2	-1271.53396122	0.05500000
21	78	2	0.00000000	0.05500000
21	79	2	0.00000000	0.05500000
21	80	2	0.00000000	0.05500000
21	81	2	0.00000000	0.05500000
21	82	2	0.00000000	0.05500000
21	83	2	0.00000000	0.05500000
21	84	2	0.00000000	0.05500000
21	85	2	0.00000000	0.05500000
21	86	2	-1259.91911997	0.05500000
21	87	2	-1262.63248421	0.05500000
21	88	2	-1262.35931494	0.05500000
21	89	2	-1264.32569148	0.05500000
21	90	2	-1262.23651869	0.05500000
21	91	2	-1264.77225401	0.05500000
21	92	2	-1263.27700218	0.05500000
21	93	2	-1260.28335086	0.05500000
21	94	2	-1259.28966165	0.05500000
21	95	2	-1260.86069507	0.05500000
21	96	2	-1257.32075927	0.05500000
21	97	2	-1260.83119457	0.05500000
21	98	2	-1256.14483631	0.05500000
21	99	2	-1259.35886122	0.05500000
21	100	2	-1257.09872049	0.05500000
21	101	2	-1257.31863329	0.05500000
21	102	2	-1257.12463499	0.05500000
21	103	2	-1258.48744313	0.05500000
21	104	2	-1256.38677987	0.05500000
21	105	2	-1257.72577710	0.05500000
21	106	2	-1261.93210507	0.05500000
21	107	2	-1261.05864841	0.05500000
21	108	2	-1266.48731594	0.05500000
21	109	2	-1259.38726673	0.05500000
21	110	2	-1260.75802890	0.05500000
21	111	2	-1264.24428149	0.05500000
21	112	2	-1265.47683439	0.05500000
21	113	2	-1264.67512337	0.05500000
21	114	2	-1264.90134416	0.05500000
21	115	2	-1265.45385843	0.05500000
21	116	2	-1264.83271843	0.05500000
21	117	2	-1256.03890677	0.05500000
21	118	2	-1265.41799267	0.05500000
21	119	2	-1255.54727261	0.05500000
21	120	2	-1264.07952461	0.05500000
21	121	2	-1254.23918288	0.05500000
21	122	2	-1263.84913722	0.05500000
21	123	2	-1258.51724993	0.05500000
21	124	2	-1262.21395522	0.05500000
21	125	2	-1255.45854578	0.05500000
21	126	2	-1263.92220134	0.05500000
21	127	2	-1260.88020197	0.05500000
21	128	2	-1266.74617496	0.05500000
21	129	2	-1261.67564778	0.05500000
21	130	2	-1267.45707878	0.05500000
21	131	2	-1260.97484524	0.05500000
21	132	2	-1272.14728051	0.05500000
21	133	2	-1265.30653557	0.05500000
21	134	2	-1271.99153903	0.05500000
21	135	2	-1264.80238272	0.05500000
21	136	2	-1270.57450893	0.05500000
21	137	2	-1264.87266158	0.05500000
21	138	2	-1270.21599973	0.05500000
21	139	2	-1260.26491707	0.05500000
21	140	2	-1268.15337110	0.05500000
21	141	2	-1262.44548529	0.05500000
21	142	2	-1268.71278535	0.05500000
21	143	2	-1263.03185086	0.05500000
21	144	2	-1269.91146832	0.05500000
21	145	2	-1264.54648933	0.05500000
21	146	2	0.00000000	0.05500000
21	147	2	0.00000000	0.05500000
21	148	2	0.00000000	0.05500000
21	149	2	0.00000000	0.05500000
21	150	2	0.00000000	0.05500000
21	151	2	0.00000000	0.05500000
21	152	2	0.00000000	0.05500000
21	153	2	0.00000000	0.05500000
21	154	2	-1275.55988128	0.05500000
21	155	2	-1269.31156840	0.05500000
21	156	2	-1276.86556667	0.05500000
21	157	2	-1273.44472814	0.05500000
21	158	2	-1279.52756469	0.05500000
21	159	2	-1272.49777529	0.05500000
21	160	2	-1278.19323124	0.05500000
21	161	2	-1273.61819869	0.05500000
21	162	2	-1279.24821019	0.05500000
21	163	2	-1273.18477207	0.05500000
21	164	2	-1279.75071966	0.05500000
21	165	2	-1277.40142124	0.05500000
21	166	2	-1284.14523506	0.05500000
21	167	2	-1275.71408816	0.05500000
21	168	2	-1282.20780853	0.05500000
21	169	2	-1276.00151763	0.05500000
21	170	2	-1280.01647465	0.05500000
21	171	2	-1275.55767781	0.05500000
21	172	2	-1280.65776708	0.05500000
21	173	2	-1277.71955633	0.05500000
21	174	2	-1281.80184320	0.05500000
21	175	2	-1277.71583496	0.05500000
21	176	2	-1281.94389630	0.05500000
21	177	2	-1279.76817889	0.05500000
21	178	2	-1284.39179055	0.05500000
21	179	2	-1283.83958980	0.05500000
21	180	2	-1281.74836171	0.05500000
21	181	2	-1277.37292474	0.05500000
21	182	2	-1279.69469411	0.05500000
21	183	2	-1274.97666891	0.05500000
21	184	2	-1277.25563755	0.05500000
21	185	2	-1276.54891395	0.05500000
21	186	2	-1276.07296002	0.05500000
21	187	2	-1275.04911993	0.05500000
21	188	2	-1276.92265343	0.05500000
21	189	2	-1275.91119055	0.05500000
21	190	2	-1276.03819232	0.05500000
21	191	2	-1274.39350285	0.05500000
21	192	2	-1276.26196536	0.05500000
21	193	2	-1268.38298957	0.05500000
21	194	2	-1275.92946255	0.05500000
21	195	2	-1271.18812491	0.05500000
21	196	2	-1272.57044087	0.05500000
21	197	2	-1268.97382747	0.05500000
21	198	2	-1268.28512500	0.05500000
21	199	2	-1264.44456822	0.05500000
21	200	2	-1261.70467640	0.05500000
21	201	2	-1258.67087932	0.05500000
21	202	2	-1259.64878840	0.05500000
21	203	2	-1253.66884529	0.05500000
21	204	2	-1253.11600539	0.05500000
21	205	2	-1251.93713568	0.05500000
21	206	2	-1248.86189942	0.05500000
21	207	2	-1244.03145843	0.05500000
21	208	2	-1244.30937073	0.05500000
21	209	2	-1231.66424955	0.05500000
21	210	2	-1232.19260202	0.05500000
21	211	2	-1227.63397388	0.05500000
21	212	2	-1221.07536487	0.05500000
21	213	2	-1217.82638992	0.05500000
21	214	2	-1208.83931685	0.05500000
21	215	2	-1198.00430200	0.05500000
21	216	2	-1189.24383903	0.05500000
21	217	2	-1179.11195582	0.05500000
21	218	2	-1166.70137418	0.05500000
21	219	2	-1159.75623709	0.05500000
21	220	2	-1146.67419983	0.05500000
21	221	2	-1138.58914286	0.05500000
21	222	2	-1135.67778983	0.05500000
21	223	2	-1191.55812655	0.05500000
21	224	2	-1253.13582154	0.05500000
21	225	2	-1079.98317625	0.05500000
21	226	2	-1197.27558695	0.05500000
21	227	2	-1253.13582154	0.05500000
21	228	2	-1253.13582154	0.05500000
21	229	2	-1205.51122933	0.05500000
21	230	2	-1253.13582154	0.05500000
21	231	2	-1085.92339232	0.05500000
22	0	2	-1217.11594857	0.05500000
22	1	2	-1225.04272686	0.05500000
22	2	2	-1223.29323666	0.05500000
22	3	2	-1215.56740296	0.05500000
22	4	2	-1221.92439341	0.05500000
22	5	2	-1209.32621893	0.05500000
22	6	2	-1213.77203420	0.05500000
22	7	2	-1220.97989357	0.05500000
22	8	2	-1220.97295707	0.05500000
22	9	2	-1223.33499674	0.05500000
22	10	2	-1224.72794250	0.05500000
22	11	2	-1227.64333946	0.05500000
22	12	2	-1227.91976997	0.05500000
22	13	2	-1226.96240126	0.05500000
22	14	2	-1229.45262062	0.05500000
22	15	2	-1231.17902674	0.05500000
22	16	2	-1230.88832607	0.05500000
22	17	2	-1231.92641146	0.05500000
22	18	2	-1229.21305673	0.05500000
22	19	2	-1228.86178880	0.05500000
22	20	2	-1232.78451605	0.05500000
22	21	2	-1234.57237013	0.05500000
22	22	2	-1232.30347753	0.05500000
22	23	2	-1231.37486163	0.05500000
22	24	2	-1234.16469016	0.05500000
22	25	2	-1236.84842011	0.05500000
22	26	2	-1233.62049210	0.05500000
22	27	2	-1236.47925006	0.05500000
22	28	2	-1236.35125217	0.05500000
22	29	2	-1233.34274422	0.05500000
22	30	2	-1236.35305163	0.05500000
22	31	2	-1235.47834249	0.05500000
22	32	2	-1236.45123334	0.05500000
22	33	2	-1236.70198959	0.05500000
22	34	2	-1235.20171916	0.05500000
22	35	2	-1239.33838448	0.05500000
22	36	2	-1237.23205031	0.05500000
22	37	2	-1207.49660299	0.05500000
22	38	2	-1237.18882153	0.05500000
22	39	2	-1239.64003018	0.05500000
22	40	2	-1244.76283375	0.05500000
22	41	2	-1242.89811208	0.05500000
22	42	2	-1244.76663685	0.05500000
22	43	2	-1242.05088900	0.05500000
22	44	2	-1250.16865809	0.05500000
22	45	2	-1244.37585524	0.05500000
22	46	2	-1244.59789775	0.05500000
22	47	2	-1244.02170812	0.05500000
22	48	2	-1244.50617931	0.05500000
22	49	2	-1244.98244620	0.05500000
22	50	2	-1239.87937391	0.05500000
22	51	2	-1241.21881961	0.05500000
22	52	2	-1252.55081890	0.05500000
22	53	2	-1244.72801216	0.05500000
22	54	2	-1240.80290246	0.05500000
22	55	2	-1243.21718074	0.05500000
22	56	2	-1242.02945078	0.05500000
22	57	2	-1244.09612102	0.05500000
22	58	2	-1240.25050292	0.05500000
22	59	2	-1242.61722131	0.05500000
22	60	2	-1241.99869617	0.05500000
22	61	2	-1242.24988430	0.05500000
22	62	2	-1235.31464937	0.05500000
22	63	2	-1236.31762279	0.05500000
22	64	2	-1229.47563431	0.05500000
22	65	2	-1231.61381523	0.05500000
22	66	2	-1227.28587592	0.05500000
22	67	2	0.00000000	0.05500000
22	68	2	0.00000000	0.05500000
22	69	2	0.00000000	0.05500000
22	70	2	0.00000000	0.05500000
22	71	2	0.00000000	0.05500000
22	72	2	0.00000000	0.05500000
22	73	2	0.00000000	0.05500000
22	74	2	0.00000000	0.05500000
22	75	2	-1234.64790289	0.05500000
22	76	2	-1224.60649391	0.05500000
22	77	2	-1223.14044014	0.05500000
22	78	2	-1224.49887873	0.05500000
22	79	2	-1222.25899776	0.05500000
22	80	2	-1220.74279357	0.05500000
22	81	2	-1220.04950369	0.05500000
22	82	2	-1216.74251051	0.05500000
22	83	2	-1219.92737715	0.05500000
22	84	2	-1214.12626751	0.05500000
22	85	2	-1214.79769379	0.05500000
22	86	2	-1215.07036334	0.05500000
22	87	2	-1215.14945649	0.05500000
22	88	2	-1213.29254012	0.05500000
22	89	2	-1214.07173442	0.05500000
22	90	2	-1211.07231289	0.05500000
22	91	2	-1215.00685245	0.05500000
22	92	2	-1211.60206022	0.05500000
22	93	2	-1209.95056527	0.05500000
22	94	2	-1206.89047728	0.05500000
22	95	2	-1210.11936063	0.05500000
22	96	2	-1208.15935274	0.05500000
22	97	2	-1210.20880752	0.05500000
22	98	2	-1211.25318196	0.05500000
22	99	2	-1215.25823225	0.05500000
22	100	2	-1211.95170571	0.05500000
22	101	2	-1215.97004575	0.05500000
22	102	2	-1212.78012822	0.05500000
22	103	2	-1216.50788700	0.05500000
22	104	2	-1210.24650952	0.05500000
22	105	2	-1215.88449309	0.05500000
22	106	2	-1212.69437449	0.05500000
22	107	2	-1219.26591083	0.05500000
22	108	2	-1214.46101637	0.05500000
22	109	2	-1237.31599831	0.05500000
22	110	2	-1220.28434580	0.05500000
22	111	2	-1235.70640239	0.05500000
22	112	2	-1221.12718405	0.05500000
22	113	2	-1231.90396563	0.05500000
22	114	2	-1217.74607517	0.05500000
22	115	2	-1236.53188583	0.05500000
22	116	2	-1220.80185741	0.05500000
22	117	2	-1233.50339221	0.05500000
22	118	2	-1218.27272455	0.05500000
22	119	2	-1233.26952200	0.05500000
22	120	2	-1223.56223771	0.05500000
22	121	2	-1235.65608812	0.05500000
22	122	2	-1224.58653325	0.05500000
22	123	2	-1235.15409795	0.05500000
22	124	2	-1224.26335628	0.05500000
22	125	2	-1235.87933815	0.05500000
22	126	2	-1228.06786863	0.05500000
22	127	2	-1238.30549789	0.05500000
22	128	2	-1230.21528976	0.05500000
22	129	2	-1238.49196786	0.05500000
22	130	2	-1232.38808371	0.05500000
22	131	2	-1237.31688139	0.05500000
22	132	2	-1231.99538546	0.05500000
22	133	2	-1238.88501869	0.05500000
22	134	2	-1234.52098985	0.05500000
22	135	2	-1238.91763192	0.05500000
22	136	2	-1231.39982733	0.05500000
22	137	2	-1236.67917173	0.05500000
22	138	2	-1230.32047064	0.05500000
22	139	2	-1236.34585664	0.05500000
22	140	2	-1230.08140295	0.05500000
22	141	2	-1230.21673669	0.05500000
22	142	2	-1227.66218783	0.05500000
22	143	2	0.00000000	0.05500000
22	144	2	0.00000000	0.05500000
22	145	2	0.00000000	0.05500000
22	146	2	0.00000000	0.05500000
22	147	2	0.00000000	0.05500000
22	148	2	0.00000000	0.05500000
22	149	2	0.00000000	0.05500000
22	150	2	0.00000000	0.05500000
22	151	2	-1232.47309279	0.05500000
22	152	2	-1229.48365059	0.05500000
22	153	2	-1231.97873673	0.05500000
22	154	2	-1229.06672295	0.05500000
22	155	2	-1233.73914046	0.05500000
22	156	2	-1231.56369206	0.05500000
22	157	2	-1235.36932615	0.05500000
22	158	2	-1233.05195464	0.05500000
22	159	2	-1238.09567175	0.05500000
22	160	2	-1234.38641312	0.05500000
22	161	2	-1236.59099811	0.05500000
22	162	2	-1232.10144487	0.05500000
22	163	2	-1237.88582952	0.05500000
22	164	2	-1234.53104268	0.05500000
22	165	2	-1236.57368249	0.05500000
22	166	2	-1233.46714617	0.05500000
22	167	2	-1236.72210648	0.05500000
22	168	2	-1236.70611932	0.05500000
22	169	2	-1239.74939743	0.05500000
22	170	2	-1237.32104168	0.05500000
22	171	2	-1240.13973465	0.05500000
22	172	2	-1238.51600345	0.05500000
22	173	2	-1240.96185175	0.05500000
22	174	2	-1238.84954168	0.05500000
22	175	2	-1241.73308735	0.05500000
22	176	2	-1238.41830642	0.05500000
22	177	2	-1238.74760880	0.05500000
22	178	2	-1234.21036953	0.05500000
22	179	2	-1239.32600767	0.05500000
22	180	2	-1235.43315488	0.05500000
22	181	2	-1236.93888067	0.05500000
22	182	2	-1232.31272476	0.05500000
22	183	2	-1235.96028136	0.05500000
22	184	2	-1232.72980981	0.05500000
22	185	2	-1234.91537699	0.05500000
22	186	2	-1229.76322867	0.05500000
22	187	2	-1232.18382527	0.05500000
22	188	2	-1227.51823494	0.05500000
22	189	2	-1229.68113852	0.05500000
22	190	2	-1224.16447143	0.05500000
22	191	2	-1229.00935324	0.05500000
22	192	2	-1223.80365664	0.05500000
22	193	2	-1225.96817874	0.05500000
22	194	2	-1217.52427715	0.05500000
22	195	2	-1222.32156653	0.05500000
22	196	2	-1215.32165437	0.05500000
22	197	2	-1216.85192579	0.05500000
22	198	2	-1206.85659031	0.05500000
22	199	2	-1209.80632901	0.05500000
22	200	2	-1203.16378886	0.05500000
22	201	2	-1201.35046556	0.05500000
22	202	2	-1194.61967134	0.05500000
22	203	2	-1187.79126368	0.05500000
22	204	2	-1177.71925127	0.05500000
22	205	2	-1173.40655008	0.05500000
22	206	2	-1161.02588569	0.05500000
22	207	2	-1158.84216494	0.05500000
22	208	2	-1141.58897701	0.05500000
22	209	2	-1136.70453856	0.05500000
22	210	2	-1119.54720327	0.05500000
22	211	2	-1085.75310504	0.05500000
22	212	2	-1050.98622939	0.05500000
22	213	2	-1144.98840954	0.05500000
22	214	2	-1018.37144537	0.05500000
22	215	2	-1216.51243126	0.05500000
22	216	2	-1090.05526554	0.05500000
22	217	2	-1187.12925690	0.05500000
23	0	2	-1190.45959851	0.05500000
23	1	2	-1210.59622140	0.05500000
23	2	2	-1206.20586733	0.05500000
23	3	2	-1210.60929681	0.05500000
23	4	2	-1204.37032933	0.05500000
23	5	2	-1213.98910747	0.05500000
23	6	2	-1205.96384332	0.05500000
23	7	2	-1217.44946749	0.05500000
23	8	2	-1216.02003556	0.05500000
23	9	2	-1222.12672741	0.05500000
23	10	2	-1217.67043167	0.05500000
23	11	2	-1221.37419302	0.05500000
23	12	2	-1222.45631322	0.05500000
23	13	2	-1229.08643279	0.05500000
23	14	2	-1221.49269781	0.05500000
23	15	2	-1229.29168080	0.05500000
23	16	2	-1224.72470943	0.05500000
23	17	2	-1229.87599510	0.05500000
23	18	2	-1224.88803306	0.05500000
23	19	2	-1231.28521341	0.05500000
23	20	2	-1222.16185142	0.05500000
23	21	2	-1230.41450984	0.05500000
23	22	2	-1219.38318253	0.05500000
23	23	2	-1225.56769681	0.05500000
23	24	2	-1224.53887665	0.05500000
23	25	2	-1225.76750094	0.05500000
23	26	2	-1225.47918888	0.05500000
23	27	2	-1227.92280714	0.05500000
23	28	2	-1222.16503753	0.05500000
23	29	2	-1225.68390865	0.05500000
23	30	2	-1226.09768874	0.05500000
23	31	2	-1232.35213793	0.05500000
23	32	2	-1224.86271304	0.05500000
23	33	2	-1233.40565248	0.05500000
23	34	2	-1232.19579512	0.05500000
23	35	2	-1231.48845516	0.05500000
23	36	2	-1235.99964016	0.05500000
23	37	2	-1236.60016151	0.05500000
23	38	2	-1232.66527699	0.05500000
23	39	2	-1233.38966427	0.05500000
23	40	2	-1230.15701295	0.05500000
23	41	2	-1237.56457740	0.05500000
23	42	2	-1231.74767505	0.05500000
23	43	2	-1233.47387463	0.05500000
23	44	2	-1240.00987767	0.05500000
23	45	2	-1239.88012446	0.05500000
23	46	2	-1230.32865801	0.05500000
23	47	2	-1235.55100111	0.05500000
23	48	2	-1233.74890140	0.05500000
23	49	2	-1235.63919459	0.05500000
23	50	2	-1228.74548918	0.05500000
23	51	2	-1239.05036587	0.05500000
23	52	2	-1235.99423521	0.05500000
23	53	2	-1244.71003124	0.05500000
23	54	2	-1228.64626861	0.05500000
23	55	2	-1233.16361726	0.05500000
23	56	2	-1228.86285748	0.05500000
23	57	2	-1229.06821527	0.05500000
23	58	2	-1218.88263138	0.05500000
23	59	2	0.00000000	0.05500000
23	60	2	0.00000000	0.05500000
23	61	2	0.00000000	0.05500000
23	62	2	0.00000000	0.05500000
23	63	2	0.00000000	0.05500000
23	64	2	0.00000000	0.05500000
23	65	2	0.00000000	0.05500000
23	66	2	0.00000000	0.05500000
23	67	2	0.00000000	0.05500000
23	68	2	-1208.70118812	0.05500000
23	69	2	-1223.03337465	0.05500000
23	70	2	-1220.81621198	0.05500000
23	71	2	-1228.03667866	0.05500000
23	72	2	-1220.01954408	0.05500000
23	73	2	-1225.55168099	0.05500000
23	74	2	-1218.28881855	0.05500000
23	75	2	-1224.92409944	0.05500000
23	76	2	-1214.64325427	0.05500000
23	77	2	-1221.76943003	0.05500000
23	78	2	-1215.52119468	0.05500000
23	79	2	-1226.48447467	0.05500000
23	80	2	-1215.80202570	0.05500000
23	81	2	-1222.53078663	0.05500000
23	82	2	-1211.77714752	0.05500000
23	83	2	-1221.72936868	0.05500000
23	84	2	-1209.40223638	0.05500000
23	85	2	-1219.11596962	0.05500000
23	86	2	-1210.75393579	0.05500000
23	87	2	-1219.72560911	0.05500000
23	88	2	-1207.93452035	0.05500000
23	89	2	-1218.93522293	0.05500000
23	90	2	-1206.62791310	0.05500000
23	91	2	-1222.07874972	0.05500000
23	92	2	-1209.02224776	0.05500000
23	93	2	-1222.65436545	0.05500000
23	94	2	-1209.18210023	0.05500000
23	95	2	-1222.51674318	0.05500000
23	96	2	-1209.44693216	0.05500000
23	97	2	-1224.48086207	0.05500000
23	98	2	-1211.00285093	0.05500000
23	99	2	-1225.52799105	0.05500000
23	100	2	-1208.97356194	0.05500000
23	101	2	-1226.99320764	0.05500000
23	102	2	-1209.93778823	0.05500000
23	103	2	-1226.26215969	0.05500000
23	104	2	-1206.31601591	0.05500000
23	105	2	-1213.71825519	0.05500000
23	106	2	-1220.33023025	0.05500000
23	107	2	-1213.11077704	0.05500000
23	108	2	-1220.15224100	0.05500000
23	109	2	-1213.68168505	0.05500000
23	110	2	-1218.61636437	0.05500000
23	111	2	-1212.27317046	0.05500000
23	112	2	-1195.43789222	0.05500000
23	113	2	-1210.33018948	0.05500000
23	114	2	-1215.62525947	0.05500000
23	115	2	-1212.26511469	0.05500000
23	116	2	-1199.32127869	0.05500000
23	117	2	-1211.82690178	0.05500000
23	118	2	-1221.38572010	0.05500000
23	119	2	-1215.55529363	0.05500000
23	120	2	-1220.18053236	0.05500000
23	121	2	-1216.08185017	0.05500000
23	122	2	-1220.77057533	0.05500000
23	123	2	-1219.94913858	0.05500000
23	124	2	-1224.51994347	0.05500000
23	125	2	-1220.85421911	0.05500000
23	126	2	-1222.75227004	0.05500000
23	127	2	-1221.79529184	0.05500000
23	128	2	-1228.22646687	0.05500000
23	129	2	-1224.72425790	0.05500000
23	130	2	-1230.57566064	0.05500000
23	131	2	-1229.02887653	0.05500000
23	132	2	-1233.54906414	0.05500000
23	133	2	-1229.15190248	0.05500000
23	134	2	-1233.68034654	0.05500000
23	135	2	-1230.46280405	0.05500000
23	136	2	-1229.99053479	0.05500000
23	137	2	-1225.05687931	0.05500000
23	138	2	-1229.04436964	0.05500000
23	139	2	-1223.32187812	0.05500000
23	140	2	-1224.86312917	0.05500000
23	141	2	-1222.64863607	0.05500000
23	142	2	0.00000000	0.05500000
23	143	2	0.00000000	0.05500000
23	144	2	0.00000000	0.05500000
23	145	2	0.00000000	0.05500000
23	146	2	0.00000000	0.05500000
23	147	2	0.00000000	0.05500000
23	148	2	0.00000000	0.05500000
23	149	2	0.00000000	0.05500000
23	150	2	0.00000000	0.05500000
23	151	2	-1227.99277088	0.05500000
23	152	2	-1231.07033453	0.05500000
23	153	2	-1230.75400126	0.05500000
23	154	2	-1230.69917813	0.05500000
23	155	2	-1232.21755126	0.05500000
23	156	2	-1235.10163592	0.05500000
23	157	2	-1231.97590953	0.05500000
23	158	2	-1233.66521799	0.05500000
23	159	2	-1231.89486102	0.05500000
23	160	2	-1234.50352573	0.05500000
23	161	2	-1231.68798735	0.05500000
23	162	2	-1237.41586591	0.05500000
23	163	2	-1231.67345308	0.05500000
23	164	2	-1237.78062232	0.05500000
23	165	2	-1234.40228365	0.05500000
23	166	2	-1236.03327315	0.05500000
23	167	2	-1238.71381243	0.05500000
23	168	2	-1241.30774406	0.05500000
23	169	2	-1236.16940746	0.05500000
23	170	2	-1238.09287276	0.05500000
23	171	2	-1233.71470181	0.05500000
23	172	2	-1239.00012461	0.05500000
23	173	2	-1232.39098426	0.05500000
23	174	2	-1240.57819364	0.05500000
23	175	2	-1231.04996108	0.05500000
23	176	2	-1234.89700837	0.05500000
23	177	2	-1231.77279358	0.05500000
23	178	2	-1236.74705252	0.05500000
23	179	2	-1231.80580869	0.05500000
23	180	2	-1234.26964217	0.05500000
23	181	2	-1228.15742229	0.05500000
23	182	2	-1232.12027675	0.05500000
23	183	2	-1225.64941875	0.05500000
23	184	2	-1230.64073598	0.05500000
23	185	2	-1225.01163665	0.05500000
23	186	2	-1225.37400440	0.05500000
23	187	2	-1221.20519508	0.05500000
23	188	2	-1225.59654163	0.05500000
23	189	2	-1215.43576548	0.05500000
23	190	2	-1222.28645106	0.05500000
23	191	2	-1216.22543286	0.05500000
23	192	2	-1218.84811439	0.05500000
23	193	2	-1209.66149421	0.05500000
23	194	2	-1215.11828619	0.05500000
23	195	2	-1207.79921878	0.05500000
23	196	2	-1214.75663310	0.05500000
23	197	2	-1204.34956642	0.05500000
23	198	2	-1205.76957138	0.05500000
23	199	2	-1194.22778837	0.05500000
23	200	2	-1194.78821276	0.05500000
23	201	2	-1184.33442790	0.05500000
23	202	2	-1179.36913383	0.05500000
23	203	2	-1169.05764116	0.05500000
23	204	2	-1152.80934154	0.05500000
23	205	2	-1139.98898881	0.05500000
23	206	2	-1133.84566561	0.05500000
23	207	2	-1109.15078140	0.05500000
23	208	2	-1079.53160994	0.05500000
23	209	2	-1051.05547342	0.05500000
24	0	2	-1253.64994375	0.05500000
24	1	2	-1236.06824193	0.05500000
24	2	2	-1246.11465271	0.05500000
24	3	2	-1250.26724358	0.05500000
24	4	2	-1248.93029755	0.05500000
24	5	2	-1251.64950113	0.05500000
24	6	2	-1250.98662877	0.05500000
24	7	2	-1254.61461694	0.05500000
24	8	2	-1254.51425520	0.05500000
24	9	2	-1256.38334756	0.05500000
24	10	2	-1261.34479923	0.05500000
24	11	2	-1261.61983388	0.05500000
24	12	2	-1259.34161155	0.05500000
24	13	2	-1261.93986078	0.05500000
24	14	2	-1260.38184847	0.05500000
24	15	2	-1262.48586133	0.05500000
24	16	2	-1253.51452422	0.05500000
24	17	2	-1264.48813995	0.05500000
24	18	2	-1261.14784065	0.05500000
24	19	2	-1261.40739748	0.05500000
24	20	2	-1260.50115727	0.05500000
24	21	2	-1261.76945879	0.05500000
24	22	2	-1252.82897243	0.05500000
24	23	2	-1261.67211478	0.05500000
24	24	2	-1257.10089573	0.05500000
24	25	2	-1264.65569593	0.05500000
24	26	2	-1260.36883166	0.05500000
24	27	2	-1262.47302360	0.05500000
24	28	2	-1261.30153084	0.05500000
24	29	2	-1266.26422911	0.05500000
24	30	2	-1258.25906706	0.05500000
24	31	2	-1273.80717618	0.05500000
24	32	2	-1260.45923197	0.05500000
24	33	2	-1267.59918188	0.05500000
24	34	2	-1264.82427832	0.05500000
24	35	2	-1267.92518604	0.05500000
24	36	2	-1264.94869450	0.05500000
24	37	2	-1265.24409048	0.05500000
24	38	2	-1272.66423426	0.05500000
24	39	2	-1271.00607774	0.05500000
24	40	2	-1264.30031978	0.05500000
24	41	2	-1264.89051758	0.05500000
24	42	2	-1262.68685746	0.05500000
24	43	2	-1267.26901399	0.05500000
24	44	2	-1260.23297365	0.05500000
24	45	2	-1263.36010314	0.05500000
24	46	2	-1262.32058110	0.05500000
24	47	2	-1270.22099293	0.05500000
24	48	2	-1260.85605301	0.05500000
24	49	2	-1262.05832370	0.05500000
24	50	2	-1254.60410573	0.05500000
24	51	2	-1254.33677856	0.05500000
24	52	2	-1244.45680442	0.05500000
24	53	2	0.00000000	0.05500000
24	54	2	0.00000000	0.05500000
24	55	2	0.00000000	0.05500000
24	56	2	0.00000000	0.05500000
24	57	2	0.00000000	0.05500000
24	58	2	0.00000000	0.05500000
24	59	2	0.00000000	0.05500000
24	60	2	0.00000000	0.05500000
24	61	2	0.00000000	0.05500000
24	62	2	-1250.67407621	0.05500000
24	63	2	-1248.40368218	0.05500000
24	64	2	-1246.67225042	0.05500000
24	65	2	-1247.18234314	0.05500000
24	66	2	-1246.52898352	0.05500000
24	67	2	-1253.77565127	0.05500000
24	68	2	-1246.64520418	0.05500000
24	69	2	-1248.35199981	0.05500000
24	70	2	-1246.12590448	0.05500000
24	71	2	-1247.40872426	0.05500000
24	72	2	-1243.39541249	0.05500000
24	73	2	-1247.16897564	0.05500000
24	74	2	-1243.68775754	0.05500000
24	75	2	-1245.54180156	0.05500000
24	76	2	-1244.47385686	0.05500000
24	77	2	-1249.63152121	0.05500000
24	78	2	-1246.59174288	0.05500000
24	79	2	-1246.74406587	0.05500000
24	80	2	-1244.65396878	0.05500000
24	81	2	-1247.47339099	0.05500000
24	82	2	-1243.25120115	0.05500000
24	83	2	-1249.01779575	0.05500000
24	84	2	-1244.64161080	0.05500000
24	85	2	-1244.19876291	0.05500000
24	86	2	-1240.41129118	0.05500000
24	87	2	-1247.44620515	0.05500000
24	88	2	-1240.44850706	0.05500000
24	89	2	-1246.17918970	0.05500000
24	90	2	-1241.71384086	0.05500000
24	91	2	-1246.40142890	0.05500000
24	92	2	-1241.09497291	0.05500000
24	93	2	-1244.86203484	0.05500000
24	94	2	-1241.29534505	0.05500000
24	95	2	-1247.61937152	0.05500000
24	96	2	-1242.72834404	0.05500000
24	97	2	-1243.68303736	0.05500000
24	98	2	-1242.46857226	0.05500000
24	99	2	-1248.02618268	0.05500000
24	100	2	-1241.18878933	0.05500000
24	101	2	-1246.43440405	0.05500000
24	102	2	-1240.73551122	0.05500000
24	103	2	-1262.74933321	0.05500000
24	104	2	-1257.29117469	0.05500000
24	105	2	-1261.62011193	0.05500000
24	106	2	-1255.32673482	0.05500000
24	107	2	-1259.78370622	0.05500000
24	108	2	-1255.22471006	0.05500000
24	109	2	-1261.36538198	0.05500000
24	110	2	-1259.61182873	0.05500000
24	111	2	-1259.03351890	0.05500000
24	112	2	-1257.96806046	0.05500000
24	113	2	-1256.67802772	0.05500000
24	114	2	-1259.08682852	0.05500000
24	115	2	-1260.61052991	0.05500000
24	116	2	-1259.03775017	0.05500000
24	117	2	-1261.92250426	0.05500000
24	118	2	-1261.72012483	0.05500000
24	119	2	-1262.05827529	0.05500000
24	120	2	-1258.62514769	0.05500000
24	121	2	-1261.53200672	0.05500000
24	122	2	-1261.65716339	0.05500000
24	123	2	-1262.18842855	0.05500000
24	124	2	-1263.16422209	0.05500000
24	125	2	-1262.44919496	0.05500000
24	126	2	-1263.21633180	0.05500000
24	127	2	-1267.91230620	0.05500000
24	128	2	-1269.55743207	0.05500000
24	129	2	-1267.30172040	0.05500000
24	130	2	-1269.87679547	0.05500000
24	131	2	-1268.15209242	0.05500000
24	132	2	-1271.75217833	0.05500000
24	133	2	-1271.24487331	0.05500000
24	134	2	-1273.06553811	0.05500000
24	135	2	-1271.63278990	0.05500000
24	136	2	-1274.30432314	0.05500000
24	137	2	-1272.81876985	0.05500000
24	138	2	-1272.18547464	0.05500000
24	139	2	-1267.68810934	0.05500000
24	140	2	-1257.65319070	0.05500000
24	141	2	-1253.83537218	0.05500000
24	142	2	-1256.61444976	0.05500000
24	143	2	-1256.17466904	0.05500000
24	144	2	0.00000000	0.05500000
24	145	2	0.00000000	0.05500000
24	146	2	0.00000000	0.05500000
24	147	2	0.00000000	0.05500000
24	148	2	0.00000000	0.05500000
24	149	2	0.00000000	0.05500000
24	150	2	0.00000000	0.05500000
24	151	2	0.00000000	0.05500000
24	152	2	0.00000000	0.05500000
24	153	2	-1252.14651885	0.05500000
24	154	2	-1256.35753059	0.05500000
24	155	2	-1254.38495061	0.05500000
24	156	2	-1256.44923989	0.05500000
24	157	2	-1258.03368536	0.05500000
24	158	2	-1260.27630999	0.05500000
24	159	2	-1265.03793977	0.05500000
24	160	2	-1261.97301927	0.05500000
24	161	2	-1265.04726628	0.05500000
24	162	2	-1267.88589072	0.05500000
24	163	2	-1265.32139000	0.05500000
24	164	2	-1267.96820847	0.05500000
24	165	2	-1271.39713762	0.05500000
24	166	2	-1272.06697809	0.05500000
24	167	2	-1266.98737262	0.05500000
24	168	2	-1268.86612544	0.05500000
24	169	2	-1268.40985965	0.05500000
24	170	2	-1268.93468836	0.05500000
24	171	2	-1267.24961477	0.05500000
24	172	2	-1269.15135193	0.05500000
24	173	2	-1265.27245976	0.05500000
24	174	2	-1267.55304231	0.05500000
24	175	2	-1265.54624928	0.05500000
24	176	2	-1263.82386141	0.05500000
24	177	2	-1262.81998033	0.05500000
24	178	2	-1262.45819513	0.05500000
24	179	2	-1261.00263625	0.05500000
24	180	2	-1260.27459273	0.05500000
24	181	2	-1257.05113051	0.05500000
24	182	2	-1257.82220732	0.05500000
24	183	2	-1253.30393716	0.05500000
24	184	2	-1256.62603843	0.05500000
24	185	2	-1253.21070139	0.05500000
24	186	2	-1254.34314169	0.05500000
24	187	2	-1249.84284317	0.05500000
24	188	2	-1253.34974586	0.05500000
24	189	2	-1252.26893109	0.05500000
24	190	2	-1252.91469169	0.05500000
24	191	2	-1250.76290400	0.05500000
24	192	2	-1254.68973730	0.05500000
24	193	2	-1252.33150466	0.05500000
24	194	2	-1250.12385714	0.05500000
24	195	2	-1252.93245165	0.05500000
24	196	2	-1252.55826192	0.05500000
24	197	2	-1245.05828962	0.05500000
24	198	2	-1249.16069915	0.05500000
24	199	2	-1250.84038413	0.05500000
24	200	2	-1240.09509434	0.05500000
24	201	2	-1236.35892581	0.05500000
24	202	2	-1236.19573595	0.05500000
24	203	2	-1220.06708385	0.05500000
24	204	2	-1201.94959741	0.05500000
24	205	2	-1188.29218057	0.05500000
25	0	2	-1234.18218234	0.05500000
25	1	2	-1203.31494786	0.05500000
25	2	2	-1209.82293403	0.05500000
25	3	2	-1213.67932129	0.05500000
25	4	2	-1222.02848563	0.05500000
25	5	2	-1221.39468254	0.05500000
25	6	2	-1223.05993562	0.05500000
25	7	2	-1223.07168264	0.05500000
25	8	2	-1228.53485492	0.05500000
25	9	2	-1229.08613834	0.05500000
25	10	2	-1225.45945364	0.05500000
25	11	2	-1221.67948430	0.05500000
25	12	2	-1234.06440530	0.05500000
25	13	2	-1230.91805365	0.05500000
25	14	2	-1231.16574437	0.05500000
25	15	2	-1229.98297352	0.05500000
25	16	2	-1227.30010115	0.05500000
25	17	2	-1237.17026986	0.05500000
25	18	2	-1231.93760683	0.05500000
25	19	2	-1219.41725661	0.05500000
25	20	2	-1233.13995115	0.05500000
25	21	2	-1227.42072961	0.05500000
25	22	2	-1230.11349958	0.05500000
25	23	2	-1227.73352911	0.05500000
25	24	2	-1229.86196431	0.05500000
25	25	2	-1240.94346244	0.05500000
25	26	2	-1232.99896426	0.05500000
25	27	2	-1231.81799432	0.05500000
25	28	2	-1233.30783661	0.05500000
25	29	2	-1226.27907784	0.05500000
25	30	2	-1237.60108771	0.05500000
25	31	2	-1220.23800549	0.05500000
25	32	2	-1233.89195913	0.05500000
25	33	2	-1237.67135339	0.05500000
25	34	2	-1234.13414173	0.05500000
25	35	2	-1236.38576960	0.05500000
25	36	2	-1241.59364716	0.05500000
25	37	2	-1239.71014561	0.05500000
25	38	2	-1244.70299222	0.05500000
25	39	2	-1233.42887800	0.05500000
25	40	2	-1242.04842009	0.05500000
25	41	2	-1246.82669669	0.05500000
25	42	2	-1245.46935601	0.05500000
25	43	2	-1238.44535587	0.05500000
25	44	2	-1241.66025896	0.05500000
25	45	2	-1233.40228182	0.05500000
25	46	2	-1236.44889958	0.05500000
25	47	2	-1221.14739457	0.05500000
25	48	2	0.00000000	0.05500000
25	49	2	0.00000000	0.05500000
25	50	2	0.00000000	0.05500000
25	51	2	0.00000000	0.05500000
25	52	2	0.00000000	0.05500000
25	53	2	0.00000000	0.05500000
25	54	2	0.00000000	0.05500000
25	55	2	0.00000000	0.05500000
25	56	2	-1235.19230067	0.05500000
25	57	2	-1227.08687910	0.05500000
25	58	2	-1237.59654737	0.05500000
25	59	2	-1226.58030088	0.05500000
25	60	2	-1229.46728800	0.05500000
25	61	2	-1223.08907157	0.05500000
25	62	2	-1239.38647053	0.05500000
25	63	2	-1236.89404214	0.05500000
25	64	2	-1239.77824759	0.05500000
25	65	2	-1236.43642670	0.05500000
25	66	2	-1240.04193020	0.05500000
25	67	2	-1236.62678977	0.05500000
25	68	2	-1242.80364771	0.05500000
25	69	2	-1237.24854651	0.05500000
25	70	2	-1241.55623159	0.05500000
25	71	2	-1239.51524827	0.05500000
25	72	2	-1239.65049942	0.05500000
25	73	2	-1237.90390326	0.05500000
25	74	2	-1244.65853398	0.05500000
25	75	2	-1239.59266666	0.05500000
25	76	2	-1245.51922076	0.05500000
25	77	2	-1238.32481480	0.05500000
25	78	2	-1243.71247624	0.05500000
25	79	2	-1236.81596210	0.05500000
25	80	2	-1242.85978323	0.05500000
25	81	2	-1239.03387207	0.05500000
25	82	2	-1242.72826644	0.05500000
25	83	2	-1235.93566248	0.05500000
25	84	2	-1242.34096215	0.05500000
25	85	2	-1235.53099969	0.05500000
25	86	2	-1242.36008387	0.05500000
25	87	2	-1237.74186973	0.05500000
25	88	2	-1238.21857686	0.05500000
25	89	2	-1234.91807517	0.05500000
25	90	2	-1238.76344077	0.05500000
25	91	2	-1233.81247192	0.05500000
25	92	2	-1236.72086194	0.05500000
25	93	2	-1235.78514911	0.05500000
25	94	2	-1242.07259992	0.05500000
25	95	2	-1234.60153515	0.05500000
25	96	2	-1240.16805704	0.05500000
25	97	2	-1236.54595854	0.05500000
25	98	2	-1243.05695946	0.05500000
25	99	2	-1236.74024825	0.05500000
25	100	2	-1237.83531116	0.05500000
25	101	2	-1247.13851269	0.05500000
25	102	2	-1247.75806934	0.05500000
25	103	2	-1250.07657506	0.05500000
25	104	2	-1246.95802583	0.05500000
25	105	2	-1248.13497750	0.05500000
25	106	2	-1244.06361188	0.05500000
25	107	2	-1249.00283652	0.05500000
25	108	2	-1246.74907175	0.05500000
25	109	2	-1244.99553489	0.05500000
25	110	2	-1242.65827345	0.05500000
25	111	2	-1251.08271674	0.05500000
25	112	2	-1244.80432509	0.05500000
25	113	2	-1247.55860065	0.05500000
25	114	2	-1246.38555461	0.05500000
25	115	2	-1247.65256704	0.05500000
25	116	2	-1248.15626993	0.05500000
25	117	2	-1247.92427143	0.05500000
25	118	2	-1244.92195947	0.05500000
25	119	2	-1250.58396670	0.05500000
25	120	2	-1248.65968509	0.05500000
25	121	2	-1250.26764301	0.05500000
25	122	2	-1246.14095354	0.05500000
25	123	2	-1251.12774210	0.05500000
25	124	2	-1249.43085680	0.05500000
25	125	2	-1254.26625002	0.05500000
25	126	2	-1254.33566165	0.05500000
25	127	2	-1252.80009909	0.05500000
25	128	2	-1252.79456523	0.05500000
25	129	2	-1255.99531359	0.05500000
25	130	2	-1251.93430698	0.05500000
25	131	2	-1255.90611355	0.05500000
25	132	2	-1256.45095620	0.05500000
25	133	2	-1258.72616466	0.05500000
25	134	2	-1257.47495004	0.05500000
25	135	2	-1259.11586985	0.05500000
25	136	2	-1258.40505817	0.05500000
25	137	2	-1258.30436599	0.05500000
25	138	2	-1261.29354095	0.05500000
25	139	2	-1257.36291811	0.05500000
25	140	2	-1255.12788722	0.05500000
25	141	2	-1255.51221190	0.05500000
25	142	2	-1257.08573177	0.05500000
25	143	2	-1255.66168609	0.05500000
25	144	2	-1257.16315159	0.05500000
25	145	2	-1251.67890278	0.05500000
25	146	2	0.00000000	0.05500000
25	147	2	0.00000000	0.05500000
25	148	2	0.00000000	0.05500000
25	149	2	0.00000000	0.05500000
25	150	2	0.00000000	0.05500000
25	151	2	0.00000000	0.05500000
25	152	2	0.00000000	0.05500000
25	153	2	0.00000000	0.05500000
25	154	2	-1250.91020959	0.05500000
25	155	2	-1256.28539897	0.05500000
25	156	2	-1254.14091169	0.05500000
25	157	2	-1257.11606259	0.05500000
25	158	2	-1256.71682729	0.05500000
25	159	2	-1257.47174481	0.05500000
25	160	2	-1260.74539905	0.05500000
25	161	2	-1260.45908818	0.05500000
25	162	2	-1259.35190652	0.05500000
25	163	2	-1262.88686456	0.05500000
25	164	2	-1263.14845041	0.05500000
25	165	2	-1261.58340609	0.05500000
25	166	2	-1265.79451607	0.05500000
25	167	2	-1261.72644007	0.05500000
25	168	2	-1260.86320637	0.05500000
25	169	2	-1256.24992639	0.05500000
25	170	2	-1259.17739764	0.05500000
25	171	2	-1259.73481831	0.05500000
25	172	2	-1259.66217199	0.05500000
25	173	2	-1257.97661274	0.05500000
25	174	2	-1260.11008692	0.05500000
25	175	2	-1256.14298523	0.05500000
25	176	2	-1259.71640467	0.05500000
25	177	2	-1256.75459713	0.05500000
25	178	2	-1260.67657165	0.05500000
25	179	2	-1256.05748858	0.05500000
25	180	2	-1257.78954778	0.05500000
25	181	2	-1254.70310847	0.05500000
25	182	2	-1260.33263941	0.05500000
25	183	2	-1259.15847550	0.05500000
25	184	2	-1257.92842310	0.05500000
25	185	2	-1265.73575656	0.05500000
25	186	2	-1259.03695034	0.05500000
25	187	2	-1261.11002661	0.05500000
25	188	2	-1261.01522515	0.05500000
25	189	2	-1263.89684724	0.05500000
25	190	2	-1267.34616988	0.05500000
25	191	2	-1266.91854123	0.05500000
25	192	2	-1267.60363965	0.05500000
25	193	2	-1271.82885400	0.05500000
25	194	2	-1274.15246109	0.05500000
25	195	2	-1269.39198065	0.05500000
25	196	2	-1272.24677963	0.05500000
25	197	2	-1273.16288541	0.05500000
25	198	2	-1272.71224210	0.05500000
25	199	2	-1267.40883042	0.05500000
25	200	2	-1262.47745537	0.05500000
25	201	2	-1259.44666619	0.05500000
26	0	2	-1144.08327377	0.05500000
26	1	2	-1166.77952127	0.05500000
26	2	2	-1165.44771228	0.05500000
26	3	2	-1161.94737522	0.05500000
26	4	2	-1160.87493216	0.05500000
26	5	2	-1165.12892367	0.05500000
26	6	2	-1148.94141393	0.05500000
26	7	2	-1167.11450896	0.05500000
26	8	2	-1168.64767266	0.05500000
26	9	2	-1168.30308302	0.05500000
26	10	2	-1169.33624599	0.05500000
26	11	2	-1169.57130736	0.05500000
26	12	2	-1160.29407701	0.05500000
26	13	2	-1185.29439435	0.05500000
26	14	2	-1154.58129297	0.05500000
26	15	2	-1172.65657834	0.05500000
26	16	2	-1170.73677924	0.05500000
26	17	2	-1173.07763502	0.05500000
26	18	2	-1173.63180600	0.05500000
26	19	2	-1169.29978354	0.05500000
26	20	2	-1170.90043304	0.05500000
26	21	2	-1167.65036196	0.05500000
26	22	2	-1171.19119453	0.05500000
26	23	2	-1179.15793221	0.05500000
26	24	2	-1167.82068103	0.05500000
26	25	2	-1183.81291118	0.05500000
26	26	2	-1169.32628653	0.05500000
26	27	2	-1167.94907496	0.05500000
26	28	2	-1163.15254174	0.05500000
26	29	2	-1177.92176279	0.05500000
26	30	2	-1188.81220744	0.05500000
26	31	2	-1188.74955042	0.05500000
26	32	2	-1184.46790148	0.05500000
26	33	2	-1192.81832623	0.05500000
26	34	2	-1194.80633130	0.05500000
26	35	2	-1184.68511897	0.05500000
26	36	2	-1203.06007358	0.05500000
26	37	2	-1193.43093691	0.05500000
26	38	2	-1199.19114817	0.05500000
26	39	2	-1202.55064772	0.05500000
26	40	2	-1196.42830942	0.05500000
26	41	2	-1195.57181987	0.05500000
26	42	2	-1179.42684981	0.05500000
26	43	2	0.00000000	0.05500000
26	44	2	0.00000000	0.05500000
26	45	2	0.00000000	0.05500000
26	46	2	0.00000000	0.05500000
26	47	2	0.00000000	0.05500000
26	48	2	0.00000000	0.05500000
26	49	2	0.00000000	0.05500000
26	50	2	0.00000000	0.05500000
26	51	2	-1203.97076048	0.05500000
26	52	2	-1210.14027620	0.05500000
26	53	2	-1214.04703580	0.05500000
26	54	2	-1213.35467424	0.05500000
26	55	2	-1215.25616175	0.05500000
26	56	2	-1210.86090693	0.05500000
26	57	2	-1215.71354216	0.05500000
26	58	2	-1215.37956048	0.05500000
26	59	2	-1214.29848484	0.05500000
26	60	2	-1213.95767298	0.05500000
26	61	2	-1217.09035148	0.05500000
26	62	2	-1212.01246633	0.05500000
26	63	2	-1219.08425924	0.05500000
26	64	2	-1211.86291826	0.05500000
26	65	2	-1216.78321792	0.05500000
26	66	2	-1210.88647826	0.05500000
26	67	2	-1214.34223318	0.05500000
26	68	2	-1210.69768786	0.05500000
26	69	2	-1212.78962961	0.05500000
26	70	2	-1211.37088657	0.05500000
26	71	2	-1212.55677914	0.05500000
26	72	2	-1210.87800102	0.05500000
26	73	2	-1214.86347730	0.05500000
26	74	2	-1217.23119314	0.05500000
26	75	2	-1219.92857061	0.05500000
26	76	2	-1213.99292562	0.05500000
26	77	2	-1216.63015556	0.05500000
26	78	2	-1217.06714022	0.05500000
26	79	2	-1201.93868006	0.05500000
26	80	2	-1210.71863328	0.05500000
26	81	2	-1215.16113594	0.05500000
26	82	2	-1214.14004477	0.05500000
26	83	2	-1210.58132007	0.05500000
26	84	2	-1211.80437372	0.05500000
26	85	2	-1210.96624988	0.05500000
26	86	2	-1212.61193309	0.05500000
26	87	2	-1214.17368612	0.05500000
26	88	2	-1213.45232891	0.05500000
26	89	2	-1212.21496985	0.05500000
26	90	2	-1215.94470883	0.05500000
26	91	2	-1214.92050117	0.05500000
26	92	2	-1218.18037023	0.05500000
26	93	2	-1211.59584851	0.05500000
26	94	2	-1215.66551166	0.05500000
26	95	2	-1214.31149181	0.05500000
26	96	2	-1217.57240461	0.05500000
26	97	2	-1211.59556739	0.05500000
26	98	2	-1217.33301559	0.05500000
26	99	2	-1212.13944016	0.05500000
26	100	2	-1227.95462045	0.05500000
26	101	2	-1224.55143639	0.05500000
26	102	2	-1224.92914716	0.05500000
26	103	2	-1222.87072323	0.05500000
26	104	2	-1220.58201233	0.05500000
26	105	2	-1219.94588964	0.05500000
26	106	2	-1222.04392557	0.05500000
26	107	2	-1219.32510065	0.05500000
26	108	2	-1222.50959638	0.05500000
26	109	2	-1216.99626470	0.05500000
26	110	2	-1221.49912234	0.05500000
26	111	2	-1222.78325720	0.05500000
26	112	2	-1222.81093482	0.05500000
26	113	2	-1220.47916409	0.05500000
26	114	2	-1222.07477456	0.05500000
26	115	2	-1219.45203143	0.05500000
26	116	2	-1218.29648140	0.05500000
26	117	2	-1216.71939405	0.05500000
26	118	2	-1217.00031349	0.05500000
26	119	2	-1216.59441486	0.05500000
26	120	2	-1218.51687514	0.05500000
26	121	2	-1215.00756474	0.05500000
26	122	2	-1214.61983347	0.05500000
26	123	2	-1214.17495383	0.05500000
26	124	2	-1217.72449590	0.05500000
26	125	2	-1215.66511756	0.05500000
26	126	2	-1214.04390371	0.05500000
26	127	2	-1209.02909911	0.05500000
26	128	2	-1209.22595062	0.05500000
26	129	2	-1209.71846015	0.05500000
26	130	2	-1211.95941404	0.05500000
26	131	2	-1213.75520448	0.05500000
26	132	2	-1215.75707535	0.05500000
26	133	2	-1212.63542353	0.05500000
26	134	2	-1216.66348125	0.05500000
26	135	2	-1220.14883660	0.05500000
26	136	2	-1218.54991578	0.05500000
26	137	2	-1221.10213778	0.05500000
26	138	2	-1219.61822910	0.05500000
26	139	2	-1221.03767802	0.05500000
26	140	2	-1223.52033065	0.05500000
26	141	2	-1225.74935037	0.05500000
26	142	2	-1221.73465660	0.05500000
26	143	2	-1223.64064336	0.05500000
26	144	2	-1221.91029236	0.05500000
26	145	2	-1221.06679934	0.05500000
26	146	2	-1216.27070348	0.05500000
26	147	2	-1214.53841988	0.05500000
26	148	2	-1208.46543824	0.05500000
26	149	2	0.00000000	0.05500000
26	150	2	0.00000000	0.05500000
26	151	2	0.00000000	0.05500000
26	152	2	0.00000000	0.05500000
26	153	2	0.00000000	0.05500000
26	154	2	0.00000000	0.05500000
26	155	2	0.00000000	0.05500000
26	156	2	0.00000000	0.05500000
26	157	2	-1198.16639817	0.05500000
26	158	2	-1202.23939364	0.05500000
26	159	2	-1202.52903548	0.05500000
26	160	2	-1200.33549970	0.05500000
26	161	2	-1203.78523264	0.05500000
26	162	2	-1206.02298274	0.05500000
26	163	2	-1204.05809691	0.05500000
26	164	2	-1202.29085983	0.05500000
26	165	2	-1202.06602304	0.05500000
26	166	2	-1205.62560366	0.05500000
26	167	2	-1202.20650218	0.05500000
26	168	2	-1203.10739732	0.05500000
26	169	2	-1201.36623564	0.05500000
26	170	2	-1201.89750161	0.05500000
26	171	2	-1202.18205775	0.05500000
26	172	2	-1195.42139048	0.05500000
26	173	2	-1200.04814120	0.05500000
26	174	2	-1196.46737674	0.05500000
26	175	2	-1198.65225567	0.05500000
26	176	2	-1196.51447914	0.05500000
26	177	2	-1199.44271904	0.05500000
26	178	2	-1201.65956803	0.05500000
26	179	2	-1205.70170115	0.05500000
26	180	2	-1203.51353490	0.05500000
26	181	2	-1202.80458763	0.05500000
26	182	2	-1203.16643556	0.05500000
26	183	2	-1209.77115207	0.05500000
26	184	2	-1211.01120755	0.05500000
26	185	2	-1211.74809751	0.05500000
26	186	2	-1213.66377243	0.05500000
26	187	2	-1216.64757759	0.05500000
26	188	2	-1220.24741591	0.05500000
26	189	2	-1223.51635250	0.05500000
26	190	2	-1224.07064141	0.05500000
26	191	2	-1232.37704417	0.05500000
26	192	2	-1232.91828503	0.05500000
26	193	2	-1236.15612157	0.05500000
26	194	2	-1235.51618413	0.05500000
26	195	2	-1239.69178629	0.05500000
26	196	2	-1239.93079352	0.05500000
26	197	2	-1238.27170444	0.05500000
26	198	2	-1236.20790589	0.05500000
26	199	2	-1226.79932573	0.05500000
27	0	2	-1039.99608414	0.05500000
27	1	2	-1087.88561924	0.05500000
27	2	2	-1054.06619718	0.05500000
27	3	2	-1063.25360258	0.05500000
27	4	2	-1068.87510807	0.05500000
27	5	2	-1089.23384321	0.05500000
27	6	2	-1054.31046485	0.05500000
27	7	2	-1174.68001960	0.05500000
27	8	2	-1044.92393289	0.05500000
27	9	2	-1082.56913131	0.05500000
27	10	2	-1081.64581262	0.05500000
27	11	2	-1081.05185844	0.05500000
27	12	2	-1095.84822948	0.05500000
27	13	2	-1083.50500096	0.05500000
27	14	2	-1074.02497432	0.05500000
27	15	2	-1107.86176185	0.05500000
27	16	2	-1080.18784019	0.05500000
27	17	2	-1092.54371790	0.05500000
27	18	2	-1101.37705159	0.05500000
27	19	2	-1108.41051611	0.05500000
27	20	2	-1090.69705417	0.05500000
27	21	2	-1098.41334262	0.05500000
27	22	2	-1123.61508053	0.05500000
27	23	2	-1089.99163670	0.05500000
27	24	2	-1096.16136539	0.05500000
27	25	2	-1114.18856664	0.05500000
27	26	2	-1134.39674703	0.05500000
27	27	2	-1111.31938281	0.05500000
27	28	2	-1127.30247402	0.05500000
27	29	2	-1115.28508275	0.05500000
27	30	2	-1165.44265679	0.05500000
27	31	2	-1117.69873106	0.05500000
27	32	2	-1139.53944443	0.05500000
27	33	2	-1151.34371699	0.05500000
27	34	2	-1141.24150194	0.05500000
27	35	2	-1147.83898214	0.05500000
27	36	2	-1120.17828992	0.05500000
27	37	2	0.00000000	0.05500000
27	38	2	0.00000000	0.05500000
27	39	2	0.00000000	0.05500000
27	40	2	0.00000000	0.05500000
27	41	2	0.00000000	0.05500000
27	42	2	0.00000000	0.05500000
27	43	2	0.00000000	0.05500000
27	44	2	0.00000000	0.05500000
27	45	2	0.00000000	0.05500000
27	46	2	-1175.84877481	0.05500000
27	47	2	-1186.61896155	0.05500000
27	48	2	-1190.58527065	0.05500000
27	49	2	-1192.64194480	0.05500000
27	50	2	-1187.40028024	0.05500000
27	51	2	-1193.23698730	0.05500000
27	52	2	-1194.68478411	0.05500000
27	53	2	-1196.20628776	0.05500000
27	54	2	-1199.99992865	0.05500000
27	55	2	-1201.77745589	0.05500000
27	56	2	-1201.34691540	0.05500000
27	57	2	-1203.14428601	0.05500000
27	58	2	-1202.75247494	0.05500000
27	59	2	-1204.68781969	0.05500000
27	60	2	-1204.05578368	0.05500000
27	61	2	-1208.14482851	0.05500000
27	62	2	-1209.07470272	0.05500000
27	63	2	-1208.15918032	0.05500000
27	64	2	-1206.02881241	0.05500000
27	65	2	-1205.16283480	0.05500000
27	66	2	-1206.31018763	0.05500000
27	67	2	-1208.72950498	0.05500000
27	68	2	-1208.16204862	0.05500000
27	69	2	-1207.82872823	0.05500000
27	70	2	-1204.53441938	0.05500000
27	71	2	-1208.17365961	0.05500000
27	72	2	-1205.72879010	0.05500000
27	73	2	-1207.45777198	0.05500000
27	74	2	-1201.59349069	0.05500000
27	75	2	-1207.71006281	0.05500000
27	76	2	-1203.42210777	0.05500000
27	77	2	-1203.20083587	0.05500000
27	78	2	-1199.78015926	0.05500000
27	79	2	-1204.90372208	0.05500000
27	80	2	-1199.36580027	0.05500000
27	81	2	-1204.23675688	0.05500000
27	82	2	-1199.97538884	0.05500000
27	83	2	-1204.69235368	0.05500000
27	84	2	-1196.45383744	0.05500000
27	85	2	-1201.64035546	0.05500000
27	86	2	-1199.69140987	0.05500000
27	87	2	-1204.15828236	0.05500000
27	88	2	-1203.53201001	0.05500000
27	89	2	-1203.83876368	0.05500000
27	90	2	-1203.00598503	0.05500000
27	91	2	-1209.27517811	0.05500000
27	92	2	-1203.35788942	0.05500000
27	93	2	-1209.29601683	0.05500000
27	94	2	-1204.99777230	0.05500000
27	95	2	-1211.00866275	0.05500000
27	96	2	-1202.68023713	0.05500000
27	97	2	-1208.67609336	0.05500000
27	98	2	-1221.02064372	0.05500000
27	99	2	-1208.37099724	0.05500000
27	100	2	-1218.62077447	0.05500000
27	101	2	-1207.98044047	0.05500000
27	102	2	-1216.62556326	0.05500000
27	103	2	-1206.12361525	0.05500000
27	104	2	-1218.98141566	0.05500000
27	105	2	-1207.34489664	0.05500000
27	106	2	-1214.96313276	0.05500000
27	107	2	-1204.84245308	0.05500000
27	108	2	-1215.43297533	0.05500000
27	109	2	-1208.21078018	0.05500000
27	110	2	-1217.38155981	0.05500000
27	111	2	-1210.76383226	0.05500000
27	112	2	-1216.09960432	0.05500000
27	113	2	-1208.85497575	0.05500000
27	114	2	-1215.09903283	0.05500000
27	115	2	-1207.72191453	0.05500000
27	116	2	-1213.49773015	0.05500000
27	117	2	-1214.09278222	0.05500000
27	118	2	-1210.63521105	0.05500000
27	119	2	-1210.57597184	0.05500000
27	120	2	-1214.62725896	0.05500000
27	121	2	-1209.67253001	0.05500000
27	122	2	-1214.86474987	0.05500000
27	123	2	-1211.49690094	0.05500000
27	124	2	-1213.81175825	0.05500000
27	125	2	-1211.96431479	0.05500000
27	126	2	-1211.03134514	0.05500000
27	127	2	-1206.55978246	0.05500000
27	128	2	-1207.31324691	0.05500000
27	129	2	-1203.90076597	0.05500000
27	130	2	-1205.63570093	0.05500000
27	131	2	-1203.00145746	0.05500000
27	132	2	-1206.44651544	0.05500000
27	133	2	-1204.29820915	0.05500000
27	134	2	-1209.80497864	0.05500000
27	135	2	-1200.86798775	0.05500000
27	136	2	-1207.63181878	0.05500000
27	137	2	-1206.30166177	0.05500000
27	138	2	-1209.75840918	0.05500000
27	139	2	-1205.38425643	0.05500000
27	140	2	-1209.01637913	0.05500000
27	141	2	-1206.55313688	0.05500000
27	142	2	-1208.73577035	0.05500000
27	143	2	-1202.70621442	0.05500000
27	144	2	-1205.23369038	0.05500000
27	145	2	-1200.74281267	0.05500000
27	146	2	-1202.28945519	0.05500000
27	147	2	-1197.20720424	0.05500000
27	148	2	-1196.09267501	0.05500000
27	149	2	-1184.06412412	0.05500000
27	150	2	0.00000000	0.05500000
27	151	2	0.00000000	0.05500000
27	152	2	0.00000000	0.05500000
27	153	2	0.00000000	0.05500000
27	154	2	0.00000000	0.05500000
27	155	2	0.00000000	0.05500000
27	156	2	0.00000000	0.05500000
27	157	2	0.00000000	0.05500000
27	158	2	0.00000000	0.05500000
27	159	2	-1150.26632487	0.05500000
27	160	2	-1172.03219359	0.05500000
27	161	2	-1154.14105571	0.05500000
27	162	2	-1160.78044237	0.05500000
27	163	2	-1158.89656029	0.05500000
27	164	2	-1158.52578999	0.05500000
27	165	2	-1151.01095623	0.05500000
27	166	2	-1155.82860984	0.05500000
27	167	2	-1148.62938648	0.05500000
27	168	2	-1153.86004417	0.05500000
27	169	2	-1149.79169730	0.05500000
27	170	2	-1148.66010585	0.05500000
27	171	2	-1140.03280935	0.05500000
27	172	2	-1146.05993386	0.05500000
27	173	2	-1145.22438295	0.05500000
27	174	2	-1149.67751944	0.05500000
27	175	2	-1150.43734435	0.05500000
27	176	2	-1154.99766839	0.05500000
27	177	2	-1161.60404408	0.05500000
27	178	2	-1164.88981303	0.05500000
27	179	2	-1171.11518787	0.05500000
27	180	2	-1175.93948246	0.05500000
27	181	2	-1178.03302420	0.05500000
27	182	2	-1183.19321137	0.05500000
27	183	2	-1191.18378571	0.05500000
27	184	2	-1198.64636635	0.05500000
27	185	2	-1200.16751045	0.05500000
27	186	2	-1204.57317700	0.05500000
27	187	2	-1210.87052466	0.05500000
27	188	2	-1219.51407591	0.05500000
27	189	2	-1217.46060664	0.05500000
27	190	2	-1224.18216131	0.05500000
27	191	2	-1231.84535499	0.05500000
27	192	2	-1234.83697692	0.05500000
27	193	2	-1236.86033776	0.05500000
27	194	2	-1234.87290165	0.05500000
27	195	2	-1228.65206256	0.05500000
28	0	2	-1219.88762102	0.05500000
28	1	2	-1219.88762102	0.05500000
28	2	2	-1219.88762102	0.05500000
28	3	2	-1219.88762102	0.05500000
28	4	2	-1219.88762102	0.05500000
28	5	2	-1219.88762102	0.05500000
28	6	2	-1219.88762102	0.05500000
28	7	2	-1219.88762102	0.05500000
28	8	2	-1219.88762102	0.05500000
28	9	2	-1219.88762102	0.05500000
28	10	2	-1219.88762102	0.05500000
28	11	2	-1219.88762102	0.05500000
28	12	2	-1219.88762102	0.05500000
28	13	2	-1219.88762102	0.05500000
28	14	2	-1219.88762102	0.05500000
28	15	2	-1053.19753517	0.05500000
28	16	2	-1219.88762102	0.05500000
28	17	2	-1219.88762102	0.05500000
28	18	2	-1219.88762102	0.05500000
28	19	2	-1118.14812530	0.05500000
28	20	2	-1219.88762102	0.05500000
28	21	2	-1219.88762102	0.05500000
28	22	2	-1156.25078379	0.05500000
28	23	2	-1139.86526789	0.05500000
28	24	2	0.00000000	0.05500000
28	25	2	0.00000000	0.05500000
28	26	2	0.00000000	0.05500000
28	27	2	0.00000000	0.05500000
28	28	2	0.00000000	0.05500000
28	29	2	0.00000000	0.05500000
28	30	2	0.00000000	0.05500000
28	31	2	0.00000000	0.05500000
28	32	2	0.00000000	0.05500000
28	33	2	-1149.65690186	0.05500000
28	34	2	-1178.77197625	0.05500000
28	35	2	-1169.71454861	0.05500000
28	36	2	-1185.10755680	0.05500000
28	37	2	-1191.62583466	0.05500000
28	38	2	-1194.90725630	0.05500000
28	39	2	-1200.69182668	0.05500000
28	40	2	-1202.65680735	0.05500000
28	41	2	-1210.73965486	0.05500000
28	42	2	-1216.55862819	0.05500000
28	43	2	-1219.36003581	0.05500000
28	44	2	-1225.32126972	0.05500000
28	45	2	-1226.48924708	0.05500000
28	46	2	-1230.08594660	0.05500000
28	47	2	-1233.68358380	0.05500000
28	48	2	-1236.64625325	0.05500000
28	49	2	-1238.78143680	0.05500000
28	50	2	-1238.27238650	0.05500000
28	51	2	-1241.17280774	0.05500000
28	52	2	-1240.22240198	0.05500000
28	53	2	-1242.25072579	0.05500000
28	54	2	-1236.86666336	0.05500000
28	55	2	-1240.31076897	0.05500000
28	56	2	-1239.32807379	0.05500000
28	57	2	-1242.44457128	0.05500000
28	58	2	-1242.71195761	0.05500000
28	59	2	-1240.91366552	0.05500000
28	60	2	-1239.09660548	0.05500000
28	61	2	-1240.36312401	0.05500000
28	62	2	-1236.91948767	0.05500000
28	63	2	-1236.21504369	0.05500000
28	64	2	-1235.65933668	0.05500000
28	65	2	-1239.97010930	0.05500000
28	66	2	-1236.54696218	0.05500000
28	67	2	-1236.22594491	0.05500000
28	68	2	-1233.37983528	0.05500000
28	69	2	-1235.52026152	0.05500000
28	70	2	-1233.36794012	0.05500000
28	71	2	-1233.72357349	0.05500000
28	72	2	-1230.59832135	0.05500000
28	73	2	-1236.71388389	0.05500000
28	74	2	-1229.82032343	0.05500000
28	75	2	-1238.95030577	0.05500000
28	76	2	-1230.20769283	0.05500000
28	77	2	-1238.32902590	0.05500000
28	78	2	-1228.60479265	0.05500000
28	79	2	-1240.73763463	0.05500000
28	80	2	-1230.52947462	0.05500000
28	81	2	-1239.09669813	0.05500000
28	82	2	-1228.23507530	0.05500000
28	83	2	-1238.99925767	0.05500000
28	84	2	-1224.76625413	0.05500000
28	85	2	-1241.67358588	0.05500000
28	86	2	-1227.98321115	0.05500000
28	87	2	-1242.90290038	0.05500000
28	88	2	-1225.36609985	0.05500000
28	89	2	-1240.97548416	0.05500000
28	90	2	-1251.34245191	0.05500000
28	91	2	-1238.70676130	0.05500000
28	92	2	-1249.15289712	0.05500000
28	93	2	-1239.92603471	0.05500000
28	94	2	-1247.03194241	0.05500000
28	95	2	-1238.00775222	0.05500000
28	96	2	-1249.45909369	0.05500000
28	97	2	-1236.89551319	0.05500000
28	98	2	-1245.69619325	0.05500000
28	99	2	-1236.49435307	0.05500000
28	100	2	-1250.36103934	0.05500000
28	101	2	-1239.96554873	0.05500000
28	102	2	-1249.68070382	0.05500000
28	103	2	-1243.91968990	0.05500000
28	104	2	-1251.00689285	0.05500000
28	105	2	-1241.81026656	0.05500000
28	106	2	-1249.33306940	0.05500000
28	107	2	-1240.62770237	0.05500000
28	108	2	-1248.78881849	0.05500000
28	109	2	-1239.28593407	0.05500000
28	110	2	-1248.94766041	0.05500000
28	111	2	-1240.91010970	0.05500000
28	112	2	-1252.04161423	0.05500000
28	113	2	-1240.57675100	0.05500000
28	114	2	-1252.15314373	0.05500000
28	115	2	-1243.60514905	0.05500000
28	116	2	-1251.63154816	0.05500000
28	117	2	-1244.98426334	0.05500000
28	118	2	-1250.80695944	0.05500000
28	119	2	-1241.90494223	0.05500000
28	120	2	-1249.84582577	0.05500000
28	121	2	-1241.01972035	0.05500000
28	122	2	-1243.04509883	0.05500000
28	123	2	-1237.52480514	0.05500000
28	124	2	-1241.17198844	0.05500000
28	125	2	-1235.08388792	0.05500000
28	126	2	-1240.98166865	0.05500000
28	127	2	-1231.87351158	0.05500000
28	128	2	-1239.75959903	0.05500000
28	129	2	-1227.74878202	0.05500000
28	130	2	-1230.92267858	0.05500000
28	131	2	-1224.86210371	0.05500000
28	132	2	-1231.17714148	0.05500000
28	133	2	-1220.19533006	0.05500000
28	134	2	-1224.49876185	0.05500000
28	135	2	-1218.26157405	0.05500000
28	136	2	-1217.97460562	0.05500000
28	137	2	-1209.90217396	0.05500000
28	138	2	-1213.63020247	0.05500000
28	139	2	-1198.19247961	0.05500000
28	140	2	-1205.18536485	0.05500000
28	141	2	-1185.08950856	0.05500000
28	142	2	-1195.22842918	0.05500000
28	143	2	-1188.64505249	0.05500000
28	144	2	-1184.25648317	0.05500000
28	145	2	0.00000000	0.05500000
28	146	2	0.00000000	0.05500000
28	147	2	0.00000000	0.05500000
28	148	2	0.00000000	0.05500000
28	149	2	0.00000000	0.05500000
28	150	2	0.00000000	0.05500000
28	151	2	0.00000000	0.05500000
28	152	2	0.00000000	0.05500000
28	153	2	0.00000000	0.05500000
28	154	2	-1098.36158744	0.05500000
28	155	2	-1103.77158318	0.05500000
28	156	2	-1085.54296300	0.05500000
28	157	2	-1115.98422586	0.05500000
28	158	2	-1100.61309666	0.05500000
28	159	2	-1201.75190676	0.05500000
28	160	2	-1128.71081756	0.05500000
28	161	2	-1047.03933052	0.05500000
28	162	2	-1156.99506705	0.05500000
28	163	2	-1066.54837719	0.05500000
28	164	2	-1069.24274188	0.05500000
28	165	2	-1157.37222167	0.05500000
28	166	2	-1152.68163614	0.05500000
28	167	2	-1078.85948605	0.05500000
28	168	2	-1108.05923841	0.05500000
28	169	2	-1115.85332854	0.05500000
28	170	2	-1128.32976493	0.05500000
28	171	2	-1123.48410093	0.05500000
28	172	2	-1149.29193514	0.05500000
28	173	2	-1139.41223657	0.05500000
28	174	2	-1162.50322054	0.05500000
28	175	2	-1159.87795576	0.05500000
28	176	2	-1184.91252901	0.05500000
28	177	2	-1172.84612889	0.05500000
29	0	2	0.00000000	0.05500000
29	1	2	0.00000000	0.05500000
29	2	2	0.00000000	0.05500000
29	3	2	0.00000000	0.05500000
29	4	2	0.00000000	0.05500000
29	5	2	-1221.08507328	0.05500000
29	6	2	-1221.08507328	0.05500000
29	7	2	-1128.54799454	0.05500000
29	8	2	-1221.08507328	0.05500000
29	9	2	-1090.71352592	0.05500000
29	10	2	-1070.68048663	0.05500000
29	11	2	-1109.83889006	0.05500000
29	12	2	-1146.18106047	0.05500000
29	13	2	-1136.52281850	0.05500000
29	14	2	-1159.07771610	0.05500000
29	15	2	-1174.59248750	0.05500000
29	16	2	-1188.31375586	0.05500000
29	17	2	-1184.68529699	0.05500000
29	18	2	-1202.12423862	0.05500000
29	19	2	-1209.64667249	0.05500000
29	20	2	-1213.92852994	0.05500000
29	21	2	-1218.02239750	0.05500000
29	22	2	-1222.94533802	0.05500000
29	23	2	-1228.47803327	0.05500000
29	24	2	-1228.46569240	0.05500000
29	25	2	-1234.35485781	0.05500000
29	26	2	-1238.61574750	0.05500000
29	27	2	-1236.53609958	0.05500000
29	28	2	-1240.10077392	0.05500000
29	29	2	-1239.24501123	0.05500000
29	30	2	-1239.34201674	0.05500000
29	31	2	-1242.94991496	0.05500000
29	32	2	-1239.54134557	0.05500000
29	33	2	-1243.23110087	0.05500000
29	34	2	-1244.31280701	0.05500000
29	35	2	-1243.27824741	0.05500000
29	36	2	-1240.77104236	0.05500000
29	37	2	-1242.07521644	0.05500000
29	38	2	-1240.92601658	0.05500000
29	39	2	-1243.19741494	0.05500000
29	40	2	-1241.72955022	0.05500000
29	41	2	-1243.95350518	0.05500000
29	42	2	-1241.66864046	0.05500000
29	43	2	-1243.36540296	0.05500000
29	44	2	-1240.85322945	0.05500000
29	45	2	-1242.66969377	0.05500000
29	46	2	-1240.39752214	0.05500000
29	47	2	-1246.56923624	0.05500000
29	48	2	-1241.38114012	0.05500000
29	49	2	-1242.33867608	0.05500000
29	50	2	-1246.28260057	0.05500000
29	51	2	-1245.81813358	0.05500000
29	52	2	-1242.02488380	0.05500000
29	53	2	-1245.11874075	0.05500000
29	54	2	-1242.89421469	0.05500000
29	55	2	-1244.53286533	0.05500000
29	56	2	-1241.57146787	0.05500000
29	57	2	-1246.82607435	0.05500000
29	58	2	-1245.38045531	0.05500000
29	59	2	-1244.15188801	0.05500000
29	60	2	-1242.30593597	0.05500000
29	61	2	-1244.54296969	0.05500000
29	62	2	-1240.45597710	0.05500000
29	63	2	-1244.08704047	0.05500000
29	64	2	-1239.68678493	0.05500000
29	65	2	-1248.74415582	0.05500000
29	66	2	-1236.77667993	0.05500000
29	67	2	-1246.86097595	0.05500000
29	68	2	-1236.05389674	0.05500000
29	69	2	-1243.90496049	0.05500000
29	70	2	-1232.72497784	0.05500000
29	71	2	-1245.88778983	0.05500000
29	72	2	-1234.92755723	0.05500000
29	73	2	-1242.47940052	0.05500000
29	74	2	-1231.54577358	0.05500000
29	75	2	-1240.55363814	0.05500000
29	76	2	-1234.69940862	0.05500000
29	77	2	-1243.84406230	0.05500000
29	78	2	-1236.07269281	0.05500000
29	79	2	-1244.36894732	0.05500000
29	80	2	-1238.15705615	0.05500000
29	81	2	-1240.51591751	0.05500000
29	82	2	-1237.95868858	0.05500000
29	83	2	-1240.19127571	0.05500000
29	84	2	-1238.56861610	0.05500000
29	85	2	-1241.70661990	0.05500000
29	86	2	-1242.82186928	0.05500000
29	87	2	-1241.13344005	0.05500000
29	88	2	-1241.50405678	0.05500000
29	89	2	-1243.13460976	0.05500000
29	90	2	-1238.84221030	0.05500000
29	91	2	-1241.13542947	0.05500000
29	92	2	-1246.01626174	0.05500000
29	93	2	-1238.21548163	0.05500000
29	94	2	-1243.30308013	0.05500000
29	95	2	-1243.84351621	0.05500000
29	96	2	-1240.77762017	0.05500000
29	97	2	-1243.02524495	0.05500000
29	98	2	-1238.29871878	0.05500000
29	99	2	-1239.61866582	0.05500000
29	100	2	-1237.51681984	0.05500000
29	101	2	-1236.10070480	0.05500000
29	102	2	-1234.52008014	0.05500000
29	103	2	-1234.76614202	0.05500000
29	104	2	-1229.93392389	0.05500000
29	105	2	-1232.11896449	0.05500000
29	106	2	-1223.70934598	0.05500000
29	107	2	-1223.32724165	0.05500000
29	108	2	-1214.41694978	0.05500000
29	109	2	-1216.75618780	0.05500000
29	110	2	-1209.67718917	0.05500000
29	111	2	-1200.81864360	0.05500000
29	112	2	-1193.19352423	0.05500000
29	113	2	-1190.30184270	0.05500000
29	114	2	-1181.01531617	0.05500000
29	115	2	-1180.31879747	0.05500000
29	116	2	-1158.50678474	0.05500000
29	117	2	-1141.79676585	0.05500000
29	118	2	-1157.59527331	0.05500000
29	119	2	-1123.62803149	0.05500000
29	120	2	-1100.23412388	0.05500000
29	121	2	-1102.02084080	0.05500000
29	122	2	-1076.53799618	0.05500000
29	123	2	-1056.21731760	0.05500000
29	124	2	-1160.07527113	0.05500000
29	125	2	0.00000000	0.05500000
29	126	2	0.00000000	0.05500000
29	127	2	0.00000000	0.05500000
29	128	2	0.00000000	0.05500000
29	129	2	0.00000000	0.05500000
30	0	2	-1169.61920943	0.05500000
30	1	2	-1170.71197646	0.05500000
30	2	2	-1169.61920943	0.05500000
30	3	2	-1051.84172915	0.05500000
30	4	2	-1059.28121513	0.05500000
30	5	2	-1103.01007742	0.05500000
30	6	2	-1100.23769632	0.05500000
30	7	2	-1111.81026464	0.05500000
30	8	2	-1129.91663760	0.05500000
30	9	2	-1133.83024086	0.05500000
30	10	2	-1156.53028320	0.05500000
30	11	2	-1156.64410187	0.05500000
30	12	2	-1165.60654223	0.05500000
30	13	2	-1170.95425660	0.05500000
30	14	2	-1174.42227304	0.05500000
30	15	2	-1180.16156082	0.05500000
30	16	2	-1182.39374053	0.05500000
30	17	2	-1184.32071068	0.05500000
30	18	2	-1190.12192770	0.05500000
30	19	2	-1190.58891790	0.05500000
30	20	2	-1198.95595083	0.05500000
30	21	2	-1190.93993284	0.05500000
30	22	2	-1199.65128627	0.05500000
30	23	2	-1199.16042094	0.05500000
30	24	2	-1199.69726968	0.05500000
30	25	2	-1200.01509064	0.05500000
30	26	2	-1200.66225380	0.05500000
30	27	2	-1201.36849205	0.05500000
30	28	2	-1207.08776856	0.05500000
30	29	2	-1202.97403575	0.05500000
30	30	2	-1204.82479263	0.05500000
30	31	2	-1203.65617762	0.05500000
30	32	2	-1205.72750713	0.05500000
30	33	2	-1198.22791400	0.05500000
30	34	2	-1205.50867602	0.05500000
30	35	2	-1201.68848289	0.05500000
30	36	2	-1203.91054474	0.05500000
30	37	2	-1201.16388000	0.05500000
30	38	2	-1201.42263266	0.05500000
30	39	2	-1198.08611672	0.05500000
30	40	2	-1205.21364588	0.05500000
30	41	2	-1200.47496005	0.05500000
30	42	2	-1204.62684710	0.05500000
30	43	2	-1196.97186407	0.05500000
30	44	2	-1199.91462039	0.05500000
30	45	2	-1194.83770799	0.05500000
30	46	2	-1202.13056587	0.05500000
30	47	2	-1195.22001586	0.05500000
30	48	2	-1199.77681535	0.05500000
30	49	2	-1192.62126158	0.05500000
30	50	2	-1199.22094470	0.05500000
30	51	2	-1191.16107052	0.05500000
30	52	2	-1198.39705467	0.05500000
30	53	2	-1187.78467026	0.05500000
30	54	2	-1197.34049536	0.05500000
30	55	2	-1187.29299984	0.05500000
30	56	2	-1193.85391930	0.05500000
30	57	2	-1186.56306668	0.05500000
30	58	2	-1193.22043544	0.05500000
30	59	2	-1182.79237672	0.05500000
30	60	2	-1190.42931429	0.05500000
30	61	2	-1184.79941350	0.05500000
30	62	2	-1189.09577203	0.05500000
30	63	2	-1179.60730523	0.05500000
30	64	2	-1185.90128111	0.05500000
30	65	2	-1182.12930067	0.05500000
30	66	2	-1189.90502156	0.05500000
30	67	2	-1185.44578078	0.05500000
30	68	2	-1191.04102293	0.05500000
30	69	2	-1178.71961344	0.05500000
30	70	2	-1185.69490837	0.05500000
30	71	2	-1179.29236309	0.05500000
30	72	2	-1185.99432308	0.05500000
30	73	2	-1180.30425181	0.05500000
30	74	2	-1187.04622930	0.05500000
30	75	2	-1179.65301592	0.05500000
30	76	2	-1186.38428715	0.05500000
30	77	2	-1180.50429090	0.05500000
30	78	2	-1185.03081920	0.05500000
30	79	2	-1177.38436940	0.05500000
30	80	2	-1181.57817064	0.05500000
30	81	2	-1176.57811528	0.05500000
30	82	2	-1180.70614720	0.05500000
30	83	2	-1172.25339571	0.05500000
30	84	2	-1175.20087570	0.05500000
30	85	2	-1173.10826753	0.05500000
30	86	2	-1173.29714764	0.05500000
30	87	2	-1163.81540204	0.05500000
30	88	2	-1172.98600220	0.05500000
30	89	2	-1165.37202360	0.05500000
30	90	2	-1168.40793591	0.05500000
30	91	2	-1161.16427623	0.05500000
30	92	2	-1164.09019750	0.05500000
30	93	2	-1151.20383468	0.05500000
30	94	2	-1156.17342240	0.05500000
30	95	2	-1147.57868838	0.05500000
30	96	2	-1149.15512860	0.05500000
30	97	2	-1137.73200538	0.05500000
30	98	2	-1135.26321569	0.05500000
30	99	2	-1116.43672795	0.05500000
30	100	2	-1122.78839420	0.05500000
30	101	2	-1087.05038151	0.05500000
30	102	2	-1091.69470305	0.05500000
30	103	2	-1072.21531223	0.05500000
30	104	2	-1052.97580264	0.05500000
30	105	2	-1039.74484061	0.05500000
30	106	2	-1040.83082871	0.05500000
30	107	2	-1019.34355679	0.05500000
31	0	2	-1078.77100446	0.05500000
31	1	2	-1117.53299768	0.05500000
31	2	2	-1120.61360718	0.05500000
31	3	2	-1129.60082062	0.05500000
31	4	2	-1142.60148394	0.05500000
31	5	2	-1144.87990496	0.05500000
31	6	2	-1154.71036816	0.05500000
31	7	2	-1161.16747444	0.05500000
31	8	2	-1169.64514030	0.05500000
31	9	2	-1173.46233673	0.05500000
31	10	2	-1180.29442956	0.05500000
31	11	2	-1182.60144539	0.05500000
31	12	2	-1189.38995015	0.05500000
31	13	2	-1187.60102205	0.05500000
31	14	2	-1191.48396711	0.05500000
31	15	2	-1191.87147281	0.05500000
31	16	2	-1194.10629450	0.05500000
31	17	2	-1195.07859712	0.05500000
31	18	2	-1196.27691509	0.05500000
31	19	2	-1194.55167130	0.05500000
31	20	2	-1197.53902571	0.05500000
31	21	2	-1198.29930249	0.05500000
31	22	2	-1199.86224194	0.05500000
31	23	2	-1199.53609102	0.05500000
31	24	2	-1196.99905046	0.05500000
31	25	2	-1199.61306788	0.05500000
31	26	2	-1196.52088955	0.05500000
31	27	2	-1195.80713997	0.05500000
31	28	2	-1190.19872315	0.05500000
31	29	2	-1193.25828149	0.05500000
31	30	2	-1197.83706639	0.05500000
31	31	2	-1192.57467427	0.05500000
31	32	2	-1190.41135772	0.05500000
31	33	2	-1189.81742737	0.05500000
31	34	2	-1187.65195979	0.05500000
31	35	2	-1185.29198001	0.05500000
31	36	2	-1186.22452509	0.05500000
31	37	2	-1185.11803943	0.05500000
31	38	2	-1179.72773100	0.05500000
31	39	2	-1168.07720162	0.05500000
31	40	2	-1175.72124944	0.05500000
31	41	2	-1168.75262738	0.05500000
31	42	2	-1170.11601948	0.05500000
31	43	2	-1162.44420560	0.05500000
31	44	2	-1163.52281529	0.05500000
31	45	2	-1164.80703811	0.05500000
31	46	2	-1164.72183844	0.05500000
31	47	2	-1161.79051443	0.05500000
31	48	2	-1161.27051617	0.05500000
31	49	2	-1153.58414732	0.05500000
31	50	2	-1156.19516779	0.05500000
31	51	2	-1157.18057219	0.05500000
31	52	2	-1169.30143044	0.05500000
31	53	2	-1160.98951777	0.05500000
31	54	2	-1159.61859291	0.05500000
31	55	2	-1157.09462300	0.05500000
31	56	2	-1163.50874137	0.05500000
31	57	2	-1163.21127469	0.05500000
31	58	2	-1167.18909551	0.05500000
31	59	2	-1162.90644944	0.05500000
31	60	2	-1165.39543259	0.05500000
31	61	2	-1166.17202573	0.05500000
31	62	2	-1169.98956097	0.05500000
31	63	2	-1168.67787022	0.05500000
31	64	2	-1164.07223487	0.05500000
31	65	2	-1171.09817862	0.05500000
31	66	2	-1165.74546527	0.05500000
31	67	2	-1166.88000008	0.05500000
31	68	2	-1162.39193595	0.05500000
31	69	2	-1164.09819109	0.05500000
31	70	2	-1159.03818462	0.05500000
31	71	2	-1162.43581192	0.05500000
31	72	2	-1158.01267437	0.05500000
31	73	2	-1157.97853362	0.05500000
31	74	2	-1153.42291700	0.05500000
31	75	2	-1153.76240289	0.05500000
31	76	2	-1147.57767265	0.05500000
31	77	2	-1145.35554388	0.05500000
31	78	2	-1136.63630412	0.05500000
31	79	2	-1133.14621176	0.05500000
31	80	2	-1122.21910291	0.05500000
31	81	2	-1130.49190129	0.05500000
31	82	2	-1117.38135842	0.05500000
31	83	2	-1118.26689098	0.05500000
31	84	2	-1110.47455274	0.05500000
31	85	2	-1106.00961333	0.05500000
31	86	2	-1092.81931609	0.05500000
31	87	2	-1087.66310254	0.05500000
31	88	2	-1084.13059450	0.05500000
31	89	2	-1081.47191811	0.05500000
########################################
# Coboparameter                        #
# no parameter corresponds to be 50.   #
########################################
#Cobo 	dummy	ATY	p0	p1     p2
0	0	3	-82.33952206	23.37438966	0.01000000
1	0	3	-86.93142905	22.12350478	0.01000000
2	0	3	-84.28752740	21.87409453	0.01000000
3	0	3	-75.12147708	23.12425548	0.01000000
4	0	3	-90.66337721	21.37397047	0.01000000
5	0	3	-81.39833630	21.12832654	0.01000000
6	0	3	-83.06760093	21.12612956	0.01000000
7	0	3	-78.37406363	21.12679610	0.01000000
#####################################################################
# TPC Resolution Parameter (L : p0)			            #
# res_xz^2 = p0^2 + p2^2/(exp(-p1*y)/p3*y + p4^2/12*tan(alpha)^2/p5 #
# res_y^2 = p6^2 + p7^2/(exp(-p1*y)/p8*y                            #
#####################################################################
#B    INorOUt  ATY	p0	p1	p2	p3	p4	p5	p6	p7	p8
#
0	0	4	0.75030000	0.00000000	0.35560000	100.00000000	9.00000000	1.69080000	1.00000000	0.00000000	1.00000000
0	1	4	0.38710000	0.00000000	0.35560000	100.00000000	12.50000000	3.65020000	1.00000000	0.00000000	1.00000000
1	0	4	0.75030000	0.00000000	0.09530000	100.00000000	9.00000000	1.69080000	1.00000000	0.00000000	1.00000000
1	1	4	0.38710000	0.00000000	0.09530000	100.00000000	12.50000000	3.65020000	1.00000000	0.00000000	1.00000000
