#
#  TPCParam_0
#______________________________________________________________________________
#
# Layer	Row	ATY	p0	p1
#
########################################
# TPC ADC : cde = (de-p0)*p1           #
########################################
0	0	0	0	1
0	1	0	0	1
0	2	0	0	1
0	3	0	0	1
0	4	0	0	1
0	5	0	0	1
0	6	0	0	1
0	7	0	0	1
0	8	0	0	1
0	9	0	0	1
0	10	0	0	1
0	11	0	0	1
0	12	0	0	1
0	13	0	0	1
0	14	0	0	1
0	15	0	0	1
0	16	0	0	1
0	17	0	0	1
0	18	0	0	1
0	19	0	0	1
0	20	0	0	1
0	21	0	0	1
0	22	0	0	1
0	23	0	0	1
0	24	0	0	1
0	25	0	0	1
0	26	0	0	1
0	27	0	0	1
0	28	0	0	1
0	29	0	0	1
0	30	0	0	1
0	31	0	0	1
0	32	0	0	1
0	33	0	0	1
0	34	0	0	1
0	35	0	0	1
0	36	0	0	1
0	37	0	0	1
0	38	0	0	1
0	39	0	0	1
0	40	0	0	1
0	41	0	0	1
0	42	0	0	1
0	43	0	0	1
0	44	0	0	1
0	45	0	0	1
0	46	0	0	1
0	47	0	0	1
1	0	0	0	1
1	1	0	0	1
1	2	0	0	1
1	3	0	0	1
1	4	0	0	1
1	5	0	0	1
1	6	0	0	1
1	7	0	0	1
1	8	0	0	1
1	9	0	0	1
1	10	0	0	1
1	11	0	0	1
1	12	0	0	1
1	13	0	0	1
1	14	0	0	1
1	15	0	0	1
1	16	0	0	1
1	17	0	0	1
1	18	0	0	1
1	19	0	0	1
1	20	0	0	1
1	21	0	0	1
1	22	0	0	1
1	23	0	0	1
1	24	0	0	1
1	25	0	0	1
1	26	0	0	1
1	27	0	0	1
1	28	0	0	1
1	29	0	0	1
1	30	0	0	1
1	31	0	0	1
1	32	0	0	1
1	33	0	0	1
1	34	0	0	1
1	35	0	0	1
1	36	0	0	1
1	37	0	0	1
1	38	0	0	1
1	39	0	0	1
1	40	0	0	1
1	41	0	0	1
1	42	0	0	1
1	43	0	0	1
1	44	0	0	1
1	45	0	0	1
1	46	0	0	1
1	47	0	0	1
2	0	0	0	1
2	1	0	0	1
2	2	0	0	1
2	3	0	0	1
2	4	0	0	1
2	5	0	0	1
2	6	0	0	1
2	7	0	0	1
2	8	0	0	1
2	9	0	0	1
2	10	0	0	1
2	11	0	0	1
2	12	0	0	1
2	13	0	0	1
2	14	0	0	1
2	15	0	0	1
2	16	0	0	1
2	17	0	0	1
2	18	0	0	1
2	19	0	0	1
2	20	0	0	1
2	21	0	0	1
2	22	0	0	1
2	23	0	0	1
2	24	0	0	1
2	25	0	0	1
2	26	0	0	1
2	27	0	0	1
2	28	0	0	1
2	29	0	0	1
2	30	0	0	1
2	31	0	0	1
2	32	0	0	1
2	33	0	0	1
2	34	0	0	1
2	35	0	0	1
2	36	0	0	1
2	37	0	0	1
2	38	0	0	1
2	39	0	0	1
2	40	0	0	1
2	41	0	0	1
2	42	0	0	1
2	43	0	0	1
2	44	0	0	1
2	45	0	0	1
2	46	0	0	1
2	47	0	0	1
2	48	0	0	1
2	49	0	0	1
2	50	0	0	1
2	51	0	0	1
2	52	0	0	1
2	53	0	0	1
2	54	0	0	1
2	55	0	0	1
2	56	0	0	1
2	57	0	0	1
2	58	0	0	1
2	59	0	0	1
2	60	0	0	1
2	61	0	0	1
2	62	0	0	1
2	63	0	0	1
2	64	0	0	1
2	65	0	0	1
2	66	0	0	1
2	67	0	0	1
2	68	0	0	1
2	69	0	0	1
2	70	0	0	1
2	71	0	0	1
3	0	0	0	1
3	1	0	0	1
3	2	0	0	1
3	3	0	0	1
3	4	0	0	1
3	5	0	0	1
3	6	0	0	1
3	7	0	0	1
3	8	0	0	1
3	9	0	0	1
3	10	0	0	1
3	11	0	0	1
3	12	0	0	1
3	13	0	0	1
3	14	0	0	1
3	15	0	0	1
3	16	0	0	1
3	17	0	0	1
3	18	0	0	1
3	19	0	0	1
3	20	0	0	1
3	21	0	0	1
3	22	0	0	1
3	23	0	0	1
3	24	0	0	1
3	25	0	0	1
3	26	0	0	1
3	27	0	0	1
3	28	0	0	1
3	29	0	0	1
3	30	0	0	1
3	31	0	0	1
3	32	0	0	1
3	33	0	0	1
3	34	0	0	1
3	35	0	0	1
3	36	0	0	1
3	37	0	0	1
3	38	0	0	1
3	39	0	0	1
3	40	0	0	1
3	41	0	0	1
3	42	0	0	1
3	43	0	0	1
3	44	0	0	1
3	45	0	0	1
3	46	0	0	1
3	47	0	0	1
3	48	0	0	1
3	49	0	0	1
3	50	0	0	1
3	51	0	0	1
3	52	0	0	1
3	53	0	0	1
3	54	0	0	1
3	55	0	0	1
3	56	0	0	1
3	57	0	0	1
3	58	0	0	1
3	59	0	0	1
3	60	0	0	1
3	61	0	0	1
3	62	0	0	1
3	63	0	0	1
3	64	0	0	1
3	65	0	0	1
3	66	0	0	1
3	67	0	0	1
3	68	0	0	1
3	69	0	0	1
3	70	0	0	1
3	71	0	0	1
3	72	0	0	1
3	73	0	0	1
3	74	0	0	1
3	75	0	0	1
3	76	0	0	1
3	77	0	0	1
3	78	0	0	1
3	79	0	0	1
3	80	0	0	1
3	81	0	0	1
3	82	0	0	1
3	83	0	0	1
3	84	0	0	1
3	85	0	0	1
3	86	0	0	1
3	87	0	0	1
3	88	0	0	1
3	89	0	0	1
3	90	0	0	1
3	91	0	0	1
3	92	0	0	1
3	93	0	0	1
3	94	0	0	1
3	95	0	0	1
4	0	0	0	1
4	1	0	0	1
4	2	0	0	1
4	3	0	0	1
4	4	0	0	1
4	5	0	0	1
4	6	0	0	1
4	7	0	0	1
4	8	0	0	1
4	9	0	0	1
4	10	0	0	1
4	11	0	0	1
4	12	0	0	1
4	13	0	0	1
4	14	0	0	1
4	15	0	0	1
4	16	0	0	1
4	17	0	0	1
4	18	0	0	1
4	19	0	0	1
4	20	0	0	1
4	21	0	0	1
4	22	0	0	1
4	23	0	0	1
4	24	0	0	1
4	25	0	0	1
4	26	0	0	1
4	27	0	0	1
4	28	0	0	1
4	29	0	0	1
4	30	0	0	1
4	31	0	0	1
4	32	0	0	1
4	33	0	0	1
4	34	0	0	1
4	35	0	0	1
4	36	0	0	1
4	37	0	0	1
4	38	0	0	1
4	39	0	0	1
4	40	0	0	1
4	41	0	0	1
4	42	0	0	1
4	43	0	0	1
4	44	0	0	1
4	45	0	0	1
4	46	0	0	1
4	47	0	0	1
4	48	0	0	1
4	49	0	0	1
4	50	0	0	1
4	51	0	0	1
4	52	0	0	1
4	53	0	0	1
4	54	0	0	1
4	55	0	0	1
4	56	0	0	1
4	57	0	0	1
4	58	0	0	1
4	59	0	0	1
4	60	0	0	1
4	61	0	0	1
4	62	0	0	1
4	63	0	0	1
4	64	0	0	1
4	65	0	0	1
4	66	0	0	1
4	67	0	0	1
4	68	0	0	1
4	69	0	0	1
4	70	0	0	1
4	71	0	0	1
4	72	0	0	1
4	73	0	0	1
4	74	0	0	1
4	75	0	0	1
4	76	0	0	1
4	77	0	0	1
4	78	0	0	1
4	79	0	0	1
4	80	0	0	1
4	81	0	0	1
4	82	0	0	1
4	83	0	0	1
4	84	0	0	1
4	85	0	0	1
4	86	0	0	1
4	87	0	0	1
4	88	0	0	1
4	89	0	0	1
4	90	0	0	1
4	91	0	0	1
4	92	0	0	1
4	93	0	0	1
4	94	0	0	1
4	95	0	0	1
4	96	0	0	1
4	97	0	0	1
4	98	0	0	1
4	99	0	0	1
4	100	0	0	1
4	101	0	0	1
4	102	0	0	1
4	103	0	0	1
4	104	0	0	1
4	105	0	0	1
4	106	0	0	1
4	107	0	0	1
4	108	0	0	1
4	109	0	0	1
4	110	0	0	1
4	111	0	0	1
4	112	0	0	1
4	113	0	0	1
4	114	0	0	1
4	115	0	0	1
4	116	0	0	1
4	117	0	0	1
4	118	0	0	1
4	119	0	0	1
5	0	0	0	1
5	1	0	0	1
5	2	0	0	1
5	3	0	0	1
5	4	0	0	1
5	5	0	0	1
5	6	0	0	1
5	7	0	0	1
5	8	0	0	1
5	9	0	0	1
5	10	0	0	1
5	11	0	0	1
5	12	0	0	1
5	13	0	0	1
5	14	0	0	1
5	15	0	0	1
5	16	0	0	1
5	17	0	0	1
5	18	0	0	1
5	19	0	0	1
5	20	0	0	1
5	21	0	0	1
5	22	0	0	1
5	23	0	0	1
5	24	0	0	1
5	25	0	0	1
5	26	0	0	1
5	27	0	0	1
5	28	0	0	1
5	29	0	0	1
5	30	0	0	1
5	31	0	0	1
5	32	0	0	1
5	33	0	0	1
5	34	0	0	1
5	35	0	0	1
5	36	0	0	1
5	37	0	0	1
5	38	0	0	1
5	39	0	0	1
5	40	0	0	1
5	41	0	0	1
5	42	0	0	1
5	43	0	0	1
5	44	0	0	1
5	45	0	0	1
5	46	0	0	1
5	47	0	0	1
5	48	0	0	1
5	49	0	0	1
5	50	0	0	1
5	51	0	0	1
5	52	0	0	1
5	53	0	0	1
5	54	0	0	1
5	55	0	0	1
5	56	0	0	1
5	57	0	0	1
5	58	0	0	1
5	59	0	0	1
5	60	0	0	1
5	61	0	0	1
5	62	0	0	1
5	63	0	0	1
5	64	0	0	1
5	65	0	0	1
5	66	0	0	1
5	67	0	0	1
5	68	0	0	1
5	69	0	0	1
5	70	0	0	1
5	71	0	0	1
5	72	0	0	1
5	73	0	0	1
5	74	0	0	1
5	75	0	0	1
5	76	0	0	1
5	77	0	0	1
5	78	0	0	1
5	79	0	0	1
5	80	0	0	1
5	81	0	0	1
5	82	0	0	1
5	83	0	0	1
5	84	0	0	1
5	85	0	0	1
5	86	0	0	1
5	87	0	0	1
5	88	0	0	1
5	89	0	0	1
5	90	0	0	1
5	91	0	0	1
5	92	0	0	1
5	93	0	0	1
5	94	0	0	1
5	95	0	0	1
5	96	0	0	1
5	97	0	0	1
5	98	0	0	1
5	99	0	0	1
5	100	0	0	1
5	101	0	0	1
5	102	0	0	1
5	103	0	0	1
5	104	0	0	1
5	105	0	0	1
5	106	0	0	1
5	107	0	0	1
5	108	0	0	1
5	109	0	0	1
5	110	0	0	1
5	111	0	0	1
5	112	0	0	1
5	113	0	0	1
5	114	0	0	1
5	115	0	0	1
5	116	0	0	1
5	117	0	0	1
5	118	0	0	1
5	119	0	0	1
5	120	0	0	1
5	121	0	0	1
5	122	0	0	1
5	123	0	0	1
5	124	0	0	1
5	125	0	0	1
5	126	0	0	1
5	127	0	0	1
5	128	0	0	1
5	129	0	0	1
5	130	0	0	1
5	131	0	0	1
5	132	0	0	1
5	133	0	0	1
5	134	0	0	1
5	135	0	0	1
5	136	0	0	1
5	137	0	0	1
5	138	0	0	1
5	139	0	0	1
5	140	0	0	1
5	141	0	0	1
5	142	0	0	1
5	143	0	0	1
6	0	0	0	1
6	1	0	0	1
6	2	0	0	1
6	3	0	0	1
6	4	0	0	1
6	5	0	0	1
6	6	0	0	1
6	7	0	0	1
6	8	0	0	1
6	9	0	0	1
6	10	0	0	1
6	11	0	0	1
6	12	0	0	1
6	13	0	0	1
6	14	0	0	1
6	15	0	0	1
6	16	0	0	1
6	17	0	0	1
6	18	0	0	1
6	19	0	0	1
6	20	0	0	1
6	21	0	0	1
6	22	0	0	1
6	23	0	0	1
6	24	0	0	1
6	25	0	0	1
6	26	0	0	1
6	27	0	0	1
6	28	0	0	1
6	29	0	0	1
6	30	0	0	1
6	31	0	0	1
6	32	0	0	1
6	33	0	0	1
6	34	0	0	1
6	35	0	0	1
6	36	0	0	1
6	37	0	0	1
6	38	0	0	1
6	39	0	0	1
6	40	0	0	1
6	41	0	0	1
6	42	0	0	1
6	43	0	0	1
6	44	0	0	1
6	45	0	0	1
6	46	0	0	1
6	47	0	0	1
6	48	0	0	1
6	49	0	0	1
6	50	0	0	1
6	51	0	0	1
6	52	0	0	1
6	53	0	0	1
6	54	0	0	1
6	55	0	0	1
6	56	0	0	1
6	57	0	0	1
6	58	0	0	1
6	59	0	0	1
6	60	0	0	1
6	61	0	0	1
6	62	0	0	1
6	63	0	0	1
6	64	0	0	1
6	65	0	0	1
6	66	0	0	1
6	67	0	0	1
6	68	0	0	1
6	69	0	0	1
6	70	0	0	1
6	71	0	0	1
6	72	0	0	1
6	73	0	0	1
6	74	0	0	1
6	75	0	0	1
6	76	0	0	1
6	77	0	0	1
6	78	0	0	1
6	79	0	0	1
6	80	0	0	1
6	81	0	0	1
6	82	0	0	1
6	83	0	0	1
6	84	0	0	1
6	85	0	0	1
6	86	0	0	1
6	87	0	0	1
6	88	0	0	1
6	89	0	0	1
6	90	0	0	1
6	91	0	0	1
6	92	0	0	1
6	93	0	0	1
6	94	0	0	1
6	95	0	0	1
6	96	0	0	1
6	97	0	0	1
6	98	0	0	1
6	99	0	0	1
6	100	0	0	1
6	101	0	0	1
6	102	0	0	1
6	103	0	0	1
6	104	0	0	1
6	105	0	0	1
6	106	0	0	1
6	107	0	0	1
6	108	0	0	1
6	109	0	0	1
6	110	0	0	1
6	111	0	0	1
6	112	0	0	1
6	113	0	0	1
6	114	0	0	1
6	115	0	0	1
6	116	0	0	1
6	117	0	0	1
6	118	0	0	1
6	119	0	0	1
6	120	0	0	1
6	121	0	0	1
6	122	0	0	1
6	123	0	0	1
6	124	0	0	1
6	125	0	0	1
6	126	0	0	1
6	127	0	0	1
6	128	0	0	1
6	129	0	0	1
6	130	0	0	1
6	131	0	0	1
6	132	0	0	1
6	133	0	0	1
6	134	0	0	1
6	135	0	0	1
6	136	0	0	1
6	137	0	0	1
6	138	0	0	1
6	139	0	0	1
6	140	0	0	1
6	141	0	0	1
6	142	0	0	1
6	143	0	0	1
6	144	0	0	1
6	145	0	0	1
6	146	0	0	1
6	147	0	0	1
6	148	0	0	1
6	149	0	0	1
6	150	0	0	1
6	151	0	0	1
6	152	0	0	1
6	153	0	0	1
6	154	0	0	1
6	155	0	0	1
6	156	0	0	1
6	157	0	0	1
6	158	0	0	1
6	159	0	0	1
6	160	0	0	1
6	161	0	0	1
6	162	0	0	1
6	163	0	0	1
6	164	0	0	1
6	165	0	0	1
6	166	0	0	1
6	167	0	0	1
7	0	0	0	1
7	1	0	0	1
7	2	0	0	1
7	3	0	0	1
7	4	0	0	1
7	5	0	0	1
7	6	0	0	1
7	7	0	0	1
7	8	0	0	1
7	9	0	0	1
7	10	0	0	1
7	11	0	0	1
7	12	0	0	1
7	13	0	0	1
7	14	0	0	1
7	15	0	0	1
7	16	0	0	1
7	17	0	0	1
7	18	0	0	1
7	19	0	0	1
7	20	0	0	1
7	21	0	0	1
7	22	0	0	1
7	23	0	0	1
7	24	0	0	1
7	25	0	0	1
7	26	0	0	1
7	27	0	0	1
7	28	0	0	1
7	29	0	0	1
7	30	0	0	1
7	31	0	0	1
7	32	0	0	1
7	33	0	0	1
7	34	0	0	1
7	35	0	0	1
7	36	0	0	1
7	37	0	0	1
7	38	0	0	1
7	39	0	0	1
7	40	0	0	1
7	41	0	0	1
7	42	0	0	1
7	43	0	0	1
7	44	0	0	1
7	45	0	0	1
7	46	0	0	1
7	47	0	0	1
7	48	0	0	1
7	49	0	0	1
7	50	0	0	1
7	51	0	0	1
7	52	0	0	1
7	53	0	0	1
7	54	0	0	1
7	55	0	0	1
7	56	0	0	1
7	57	0	0	1
7	58	0	0	1
7	59	0	0	1
7	60	0	0	1
7	61	0	0	1
7	62	0	0	1
7	63	0	0	1
7	64	0	0	1
7	65	0	0	1
7	66	0	0	1
7	67	0	0	1
7	68	0	0	1
7	69	0	0	1
7	70	0	0	1
7	71	0	0	1
7	72	0	0	1
7	73	0	0	1
7	74	0	0	1
7	75	0	0	1
7	76	0	0	1
7	77	0	0	1
7	78	0	0	1
7	79	0	0	1
7	80	0	0	1
7	81	0	0	1
7	82	0	0	1
7	83	0	0	1
7	84	0	0	1
7	85	0	0	1
7	86	0	0	1
7	87	0	0	1
7	88	0	0	1
7	89	0	0	1
7	90	0	0	1
7	91	0	0	1
7	92	0	0	1
7	93	0	0	1
7	94	0	0	1
7	95	0	0	1
7	96	0	0	1
7	97	0	0	1
7	98	0	0	1
7	99	0	0	1
7	100	0	0	1
7	101	0	0	1
7	102	0	0	1
7	103	0	0	1
7	104	0	0	1
7	105	0	0	1
7	106	0	0	1
7	107	0	0	1
7	108	0	0	1
7	109	0	0	1
7	110	0	0	1
7	111	0	0	1
7	112	0	0	1
7	113	0	0	1
7	114	0	0	1
7	115	0	0	1
7	116	0	0	1
7	117	0	0	1
7	118	0	0	1
7	119	0	0	1
7	120	0	0	1
7	121	0	0	1
7	122	0	0	1
7	123	0	0	1
7	124	0	0	1
7	125	0	0	1
7	126	0	0	1
7	127	0	0	1
7	128	0	0	1
7	129	0	0	1
7	130	0	0	1
7	131	0	0	1
7	132	0	0	1
7	133	0	0	1
7	134	0	0	1
7	135	0	0	1
7	136	0	0	1
7	137	0	0	1
7	138	0	0	1
7	139	0	0	1
7	140	0	0	1
7	141	0	0	1
7	142	0	0	1
7	143	0	0	1
7	144	0	0	1
7	145	0	0	1
7	146	0	0	1
7	147	0	0	1
7	148	0	0	1
7	149	0	0	1
7	150	0	0	1
7	151	0	0	1
7	152	0	0	1
7	153	0	0	1
7	154	0	0	1
7	155	0	0	1
7	156	0	0	1
7	157	0	0	1
7	158	0	0	1
7	159	0	0	1
7	160	0	0	1
7	161	0	0	1
7	162	0	0	1
7	163	0	0	1
7	164	0	0	1
7	165	0	0	1
7	166	0	0	1
7	167	0	0	1
7	168	0	0	1
7	169	0	0	1
7	170	0	0	1
7	171	0	0	1
7	172	0	0	1
7	173	0	0	1
7	174	0	0	1
7	175	0	0	1
7	176	0	0	1
7	177	0	0	1
7	178	0	0	1
7	179	0	0	1
7	180	0	0	1
7	181	0	0	1
7	182	0	0	1
7	183	0	0	1
7	184	0	0	1
7	185	0	0	1
7	186	0	0	1
7	187	0	0	1
7	188	0	0	1
7	189	0	0	1
7	190	0	0	1
7	191	0	0	1
8	0	0	0	1
8	1	0	0	1
8	2	0	0	1
8	3	0	0	1
8	4	0	0	1
8	5	0	0	1
8	6	0	0	1
8	7	0	0	1
8	8	0	0	1
8	9	0	0	1
8	10	0	0	1
8	11	0	0	1
8	12	0	0	1
8	13	0	0	1
8	14	0	0	1
8	15	0	0	1
8	16	0	0	1
8	17	0	0	1
8	18	0	0	1
8	19	0	0	1
8	20	0	0	1
8	21	0	0	1
8	22	0	0	1
8	23	0	0	1
8	24	0	0	1
8	25	0	0	1
8	26	0	0	1
8	27	0	0	1
8	28	0	0	1
8	29	0	0	1
8	30	0	0	1
8	31	0	0	1
8	32	0	0	1
8	33	0	0	1
8	34	0	0	1
8	35	0	0	1
8	36	0	0	1
8	37	0	0	1
8	38	0	0	1
8	39	0	0	1
8	40	0	0	1
8	41	0	0	1
8	42	0	0	1
8	43	0	0	1
8	44	0	0	1
8	45	0	0	1
8	46	0	0	1
8	47	0	0	1
8	48	0	0	1
8	49	0	0	1
8	50	0	0	1
8	51	0	0	1
8	52	0	0	1
8	53	0	0	1
8	54	0	0	1
8	55	0	0	1
8	56	0	0	1
8	57	0	0	1
8	58	0	0	1
8	59	0	0	1
8	60	0	0	1
8	61	0	0	1
8	62	0	0	1
8	63	0	0	1
8	64	0	0	1
8	65	0	0	1
8	66	0	0	1
8	67	0	0	1
8	68	0	0	1
8	69	0	0	1
8	70	0	0	1
8	71	0	0	1
8	72	0	0	1
8	73	0	0	1
8	74	0	0	1
8	75	0	0	1
8	76	0	0	1
8	77	0	0	1
8	78	0	0	1
8	79	0	0	1
8	80	0	0	1
8	81	0	0	1
8	82	0	0	1
8	83	0	0	1
8	84	0	0	1
8	85	0	0	1
8	86	0	0	1
8	87	0	0	1
8	88	0	0	1
8	89	0	0	1
8	90	0	0	1
8	91	0	0	1
8	92	0	0	1
8	93	0	0	1
8	94	0	0	1
8	95	0	0	1
8	96	0	0	1
8	97	0	0	1
8	98	0	0	1
8	99	0	0	1
8	100	0	0	1
8	101	0	0	1
8	102	0	0	1
8	103	0	0	1
8	104	0	0	1
8	105	0	0	1
8	106	0	0	1
8	107	0	0	1
8	108	0	0	1
8	109	0	0	1
8	110	0	0	1
8	111	0	0	1
8	112	0	0	1
8	113	0	0	1
8	114	0	0	1
8	115	0	0	1
8	116	0	0	1
8	117	0	0	1
8	118	0	0	1
8	119	0	0	1
8	120	0	0	1
8	121	0	0	1
8	122	0	0	1
8	123	0	0	1
8	124	0	0	1
8	125	0	0	1
8	126	0	0	1
8	127	0	0	1
8	128	0	0	1
8	129	0	0	1
8	130	0	0	1
8	131	0	0	1
8	132	0	0	1
8	133	0	0	1
8	134	0	0	1
8	135	0	0	1
8	136	0	0	1
8	137	0	0	1
8	138	0	0	1
8	139	0	0	1
8	140	0	0	1
8	141	0	0	1
8	142	0	0	1
8	143	0	0	1
8	144	0	0	1
8	145	0	0	1
8	146	0	0	1
8	147	0	0	1
8	148	0	0	1
8	149	0	0	1
8	150	0	0	1
8	151	0	0	1
8	152	0	0	1
8	153	0	0	1
8	154	0	0	1
8	155	0	0	1
8	156	0	0	1
8	157	0	0	1
8	158	0	0	1
8	159	0	0	1
8	160	0	0	1
8	161	0	0	1
8	162	0	0	1
8	163	0	0	1
8	164	0	0	1
8	165	0	0	1
8	166	0	0	1
8	167	0	0	1
8	168	0	0	1
8	169	0	0	1
8	170	0	0	1
8	171	0	0	1
8	172	0	0	1
8	173	0	0	1
8	174	0	0	1
8	175	0	0	1
8	176	0	0	1
8	177	0	0	1
8	178	0	0	1
8	179	0	0	1
8	180	0	0	1
8	181	0	0	1
8	182	0	0	1
8	183	0	0	1
8	184	0	0	1
8	185	0	0	1
8	186	0	0	1
8	187	0	0	1
8	188	0	0	1
8	189	0	0	1
8	190	0	0	1
8	191	0	0	1
8	192	0	0	1
8	193	0	0	1
8	194	0	0	1
8	195	0	0	1
8	196	0	0	1
8	197	0	0	1
8	198	0	0	1
8	199	0	0	1
8	200	0	0	1
8	201	0	0	1
8	202	0	0	1
8	203	0	0	1
8	204	0	0	1
8	205	0	0	1
8	206	0	0	1
8	207	0	0	1
8	208	0	0	1
8	209	0	0	1
8	210	0	0	1
8	211	0	0	1
8	212	0	0	1
8	213	0	0	1
8	214	0	0	1
8	215	0	0	1
9	0	0	0	1
9	1	0	0	1
9	2	0	0	1
9	3	0	0	1
9	4	0	0	1
9	5	0	0	1
9	6	0	0	1
9	7	0	0	1
9	8	0	0	1
9	9	0	0	1
9	10	0	0	1
9	11	0	0	1
9	12	0	0	1
9	13	0	0	1
9	14	0	0	1
9	15	0	0	1
9	16	0	0	1
9	17	0	0	1
9	18	0	0	1
9	19	0	0	1
9	20	0	0	1
9	21	0	0	1
9	22	0	0	1
9	23	0	0	1
9	24	0	0	1
9	25	0	0	1
9	26	0	0	1
9	27	0	0	1
9	28	0	0	1
9	29	0	0	1
9	30	0	0	1
9	31	0	0	1
9	32	0	0	1
9	33	0	0	1
9	34	0	0	1
9	35	0	0	1
9	36	0	0	1
9	37	0	0	1
9	38	0	0	1
9	39	0	0	1
9	40	0	0	1
9	41	0	0	1
9	42	0	0	1
9	43	0	0	1
9	44	0	0	1
9	45	0	0	1
9	46	0	0	1
9	47	0	0	1
9	48	0	0	1
9	49	0	0	1
9	50	0	0	1
9	51	0	0	1
9	52	0	0	1
9	53	0	0	1
9	54	0	0	1
9	55	0	0	1
9	56	0	0	1
9	57	0	0	1
9	58	0	0	1
9	59	0	0	1
9	60	0	0	1
9	61	0	0	1
9	62	0	0	1
9	63	0	0	1
9	64	0	0	1
9	65	0	0	1
9	66	0	0	1
9	67	0	0	1
9	68	0	0	1
9	69	0	0	1
9	70	0	0	1
9	71	0	0	1
9	72	0	0	1
9	73	0	0	1
9	74	0	0	1
9	75	0	0	1
9	76	0	0	1
9	77	0	0	1
9	78	0	0	1
9	79	0	0	1
9	80	0	0	1
9	81	0	0	1
9	82	0	0	1
9	83	0	0	1
9	84	0	0	1
9	85	0	0	1
9	86	0	0	1
9	87	0	0	1
9	88	0	0	1
9	89	0	0	1
9	90	0	0	1
9	91	0	0	1
9	92	0	0	1
9	93	0	0	1
9	94	0	0	1
9	95	0	0	1
9	96	0	0	1
9	97	0	0	1
9	98	0	0	1
9	99	0	0	1
9	100	0	0	1
9	101	0	0	1
9	102	0	0	1
9	103	0	0	1
9	104	0	0	1
9	105	0	0	1
9	106	0	0	1
9	107	0	0	1
9	108	0	0	1
9	109	0	0	1
9	110	0	0	1
9	111	0	0	1
9	112	0	0	1
9	113	0	0	1
9	114	0	0	1
9	115	0	0	1
9	116	0	0	1
9	117	0	0	1
9	118	0	0	1
9	119	0	0	1
9	120	0	0	1
9	121	0	0	1
9	122	0	0	1
9	123	0	0	1
9	124	0	0	1
9	125	0	0	1
9	126	0	0	1
9	127	0	0	1
9	128	0	0	1
9	129	0	0	1
9	130	0	0	1
9	131	0	0	1
9	132	0	0	1
9	133	0	0	1
9	134	0	0	1
9	135	0	0	1
9	136	0	0	1
9	137	0	0	1
9	138	0	0	1
9	139	0	0	1
9	140	0	0	1
9	141	0	0	1
9	142	0	0	1
9	143	0	0	1
9	144	0	0	1
9	145	0	0	1
9	146	0	0	1
9	147	0	0	1
9	148	0	0	1
9	149	0	0	1
9	150	0	0	1
9	151	0	0	1
9	152	0	0	1
9	153	0	0	1
9	154	0	0	1
9	155	0	0	1
9	156	0	0	1
9	157	0	0	1
9	158	0	0	1
9	159	0	0	1
9	160	0	0	1
9	161	0	0	1
9	162	0	0	1
9	163	0	0	1
9	164	0	0	1
9	165	0	0	1
9	166	0	0	1
9	167	0	0	1
9	168	0	0	1
9	169	0	0	1
9	170	0	0	1
9	171	0	0	1
9	172	0	0	1
9	173	0	0	1
9	174	0	0	1
9	175	0	0	1
9	176	0	0	1
9	177	0	0	1
9	178	0	0	1
9	179	0	0	1
9	180	0	0	1
9	181	0	0	1
9	182	0	0	1
9	183	0	0	1
9	184	0	0	1
9	185	0	0	1
9	186	0	0	1
9	187	0	0	1
9	188	0	0	1
9	189	0	0	1
9	190	0	0	1
9	191	0	0	1
9	192	0	0	1
9	193	0	0	1
9	194	0	0	1
9	195	0	0	1
9	196	0	0	1
9	197	0	0	1
9	198	0	0	1
9	199	0	0	1
9	200	0	0	1
9	201	0	0	1
9	202	0	0	1
9	203	0	0	1
9	204	0	0	1
9	205	0	0	1
9	206	0	0	1
9	207	0	0	1
9	208	0	0	1
9	209	0	0	1
9	210	0	0	1
9	211	0	0	1
9	212	0	0	1
9	213	0	0	1
9	214	0	0	1
9	215	0	0	1
9	216	0	0	1
9	217	0	0	1
9	218	0	0	1
9	219	0	0	1
9	220	0	0	1
9	221	0	0	1
9	222	0	0	1
9	223	0	0	1
9	224	0	0	1
9	225	0	0	1
9	226	0	0	1
9	227	0	0	1
9	228	0	0	1
9	229	0	0	1
9	230	0	0	1
9	231	0	0	1
9	232	0	0	1
9	233	0	0	1
9	234	0	0	1
9	235	0	0	1
9	236	0	0	1
9	237	0	0	1
9	238	0	0	1
9	239	0	0	1
10	0	0	0	1
10	1	0	0	1
10	2	0	0	1
10	3	0	0	1
10	4	0	0	1
10	5	0	0	1
10	6	0	0	1
10	7	0	0	1
10	8	0	0	1
10	9	0	0	1
10	10	0	0	1
10	11	0	0	1
10	12	0	0	1
10	13	0	0	1
10	14	0	0	1
10	15	0	0	1
10	16	0	0	1
10	17	0	0	1
10	18	0	0	1
10	19	0	0	1
10	20	0	0	1
10	21	0	0	1
10	22	0	0	1
10	23	0	0	1
10	24	0	0	1
10	25	0	0	1
10	26	0	0	1
10	27	0	0	1
10	28	0	0	1
10	29	0	0	1
10	30	0	0	1
10	31	0	0	1
10	32	0	0	1
10	33	0	0	1
10	34	0	0	1
10	35	0	0	1
10	36	0	0	1
10	37	0	0	1
10	38	0	0	1
10	39	0	0	1
10	40	0	0	1
10	41	0	0	1
10	42	0	0	1
10	43	0	0	1
10	44	0	0	1
10	45	0	0	1
10	46	0	0	1
10	47	0	0	1
10	48	0	0	1
10	49	0	0	1
10	50	0	0	1
10	51	0	0	1
10	52	0	0	1
10	53	0	0	1
10	54	0	0	1
10	55	0	0	1
10	56	0	0	1
10	57	0	0	1
10	58	0	0	1
10	59	0	0	1
10	60	0	0	1
10	61	0	0	1
10	62	0	0	1
10	63	0	0	1
10	64	0	0	1
10	65	0	0	1
10	66	0	0	1
10	67	0	0	1
10	68	0	0	1
10	69	0	0	1
10	70	0	0	1
10	71	0	0	1
10	72	0	0	1
10	73	0	0	1
10	74	0	0	1
10	75	0	0	1
10	76	0	0	1
10	77	0	0	1
10	78	0	0	1
10	79	0	0	1
10	80	0	0	1
10	81	0	0	1
10	82	0	0	1
10	83	0	0	1
10	84	0	0	1
10	85	0	0	1
10	86	0	0	1
10	87	0	0	1
10	88	0	0	1
10	89	0	0	1
10	90	0	0	1
10	91	0	0	1
10	92	0	0	1
10	93	0	0	1
10	94	0	0	1
10	95	0	0	1
10	96	0	0	1
10	97	0	0	1
10	98	0	0	1
10	99	0	0	1
10	100	0	0	1
10	101	0	0	1
10	102	0	0	1
10	103	0	0	1
10	104	0	0	1
10	105	0	0	1
10	106	0	0	1
10	107	0	0	1
10	108	0	0	1
10	109	0	0	1
10	110	0	0	1
10	111	0	0	1
10	112	0	0	1
10	113	0	0	1
10	114	0	0	1
10	115	0	0	1
10	116	0	0	1
10	117	0	0	1
10	118	0	0	1
10	119	0	0	1
10	120	0	0	1
10	121	0	0	1
10	122	0	0	1
10	123	0	0	1
10	124	0	0	1
10	125	0	0	1
10	126	0	0	1
10	127	0	0	1
10	128	0	0	1
10	129	0	0	1
10	130	0	0	1
10	131	0	0	1
10	132	0	0	1
10	133	0	0	1
10	134	0	0	1
10	135	0	0	1
10	136	0	0	1
10	137	0	0	1
10	138	0	0	1
10	139	0	0	1
10	140	0	0	1
10	141	0	0	1
10	142	0	0	1
10	143	0	0	1
10	144	0	0	1
10	145	0	0	1
10	146	0	0	1
10	147	0	0	1
10	148	0	0	1
10	149	0	0	1
10	150	0	0	1
10	151	0	0	1
10	152	0	0	1
10	153	0	0	1
10	154	0	0	1
10	155	0	0	1
10	156	0	0	1
10	157	0	0	1
10	158	0	0	1
10	159	0	0	1
10	160	0	0	1
10	161	0	0	1
10	162	0	0	1
10	163	0	0	1
10	164	0	0	1
10	165	0	0	1
10	166	0	0	1
10	167	0	0	1
10	168	0	0	1
10	169	0	0	1
10	170	0	0	1
10	171	0	0	1
10	172	0	0	1
10	173	0	0	1
10	174	0	0	1
10	175	0	0	1
10	176	0	0	1
10	177	0	0	1
10	178	0	0	1
10	179	0	0	1
10	180	0	0	1
10	181	0	0	1
10	182	0	0	1
10	183	0	0	1
10	184	0	0	1
10	185	0	0	1
10	186	0	0	1
10	187	0	0	1
10	188	0	0	1
10	189	0	0	1
10	190	0	0	1
10	191	0	0	1
10	192	0	0	1
10	193	0	0	1
10	194	0	0	1
10	195	0	0	1
10	196	0	0	1
10	197	0	0	1
10	198	0	0	1
10	199	0	0	1
10	200	0	0	1
10	201	0	0	1
10	202	0	0	1
10	203	0	0	1
10	204	0	0	1
10	205	0	0	1
10	206	0	0	1
10	207	0	0	1
11	0	0	0	1
11	1	0	0	1
11	2	0	0	1
11	3	0	0	1
11	4	0	0	1
11	5	0	0	1
11	6	0	0	1
11	7	0	0	1
11	8	0	0	1
11	9	0	0	1
11	10	0	0	1
11	11	0	0	1
11	12	0	0	1
11	13	0	0	1
11	14	0	0	1
11	15	0	0	1
11	16	0	0	1
11	17	0	0	1
11	18	0	0	1
11	19	0	0	1
11	20	0	0	1
11	21	0	0	1
11	22	0	0	1
11	23	0	0	1
11	24	0	0	1
11	25	0	0	1
11	26	0	0	1
11	27	0	0	1
11	28	0	0	1
11	29	0	0	1
11	30	0	0	1
11	31	0	0	1
11	32	0	0	1
11	33	0	0	1
11	34	0	0	1
11	35	0	0	1
11	36	0	0	1
11	37	0	0	1
11	38	0	0	1
11	39	0	0	1
11	40	0	0	1
11	41	0	0	1
11	42	0	0	1
11	43	0	0	1
11	44	0	0	1
11	45	0	0	1
11	46	0	0	1
11	47	0	0	1
11	48	0	0	1
11	49	0	0	1
11	50	0	0	1
11	51	0	0	1
11	52	0	0	1
11	53	0	0	1
11	54	0	0	1
11	55	0	0	1
11	56	0	0	1
11	57	0	0	1
11	58	0	0	1
11	59	0	0	1
11	60	0	0	1
11	61	0	0	1
11	62	0	0	1
11	63	0	0	1
11	64	0	0	1
11	65	0	0	1
11	66	0	0	1
11	67	0	0	1
11	68	0	0	1
11	69	0	0	1
11	70	0	0	1
11	71	0	0	1
11	72	0	0	1
11	73	0	0	1
11	74	0	0	1
11	75	0	0	1
11	76	0	0	1
11	77	0	0	1
11	78	0	0	1
11	79	0	0	1
11	80	0	0	1
11	81	0	0	1
11	82	0	0	1
11	83	0	0	1
11	84	0	0	1
11	85	0	0	1
11	86	0	0	1
11	87	0	0	1
11	88	0	0	1
11	89	0	0	1
11	90	0	0	1
11	91	0	0	1
11	92	0	0	1
11	93	0	0	1
11	94	0	0	1
11	95	0	0	1
11	96	0	0	1
11	97	0	0	1
11	98	0	0	1
11	99	0	0	1
11	100	0	0	1
11	101	0	0	1
11	102	0	0	1
11	103	0	0	1
11	104	0	0	1
11	105	0	0	1
11	106	0	0	1
11	107	0	0	1
11	108	0	0	1
11	109	0	0	1
11	110	0	0	1
11	111	0	0	1
11	112	0	0	1
11	113	0	0	1
11	114	0	0	1
11	115	0	0	1
11	116	0	0	1
11	117	0	0	1
11	118	0	0	1
11	119	0	0	1
11	120	0	0	1
11	121	0	0	1
11	122	0	0	1
11	123	0	0	1
11	124	0	0	1
11	125	0	0	1
11	126	0	0	1
11	127	0	0	1
11	128	0	0	1
11	129	0	0	1
11	130	0	0	1
11	131	0	0	1
11	132	0	0	1
11	133	0	0	1
11	134	0	0	1
11	135	0	0	1
11	136	0	0	1
11	137	0	0	1
11	138	0	0	1
11	139	0	0	1
11	140	0	0	1
11	141	0	0	1
11	142	0	0	1
11	143	0	0	1
11	144	0	0	1
11	145	0	0	1
11	146	0	0	1
11	147	0	0	1
11	148	0	0	1
11	149	0	0	1
11	150	0	0	1
11	151	0	0	1
11	152	0	0	1
11	153	0	0	1
11	154	0	0	1
11	155	0	0	1
11	156	0	0	1
11	157	0	0	1
11	158	0	0	1
11	159	0	0	1
11	160	0	0	1
11	161	0	0	1
11	162	0	0	1
11	163	0	0	1
11	164	0	0	1
11	165	0	0	1
11	166	0	0	1
11	167	0	0	1
11	168	0	0	1
11	169	0	0	1
11	170	0	0	1
11	171	0	0	1
11	172	0	0	1
11	173	0	0	1
11	174	0	0	1
11	175	0	0	1
11	176	0	0	1
11	177	0	0	1
11	178	0	0	1
11	179	0	0	1
11	180	0	0	1
11	181	0	0	1
11	182	0	0	1
11	183	0	0	1
11	184	0	0	1
11	185	0	0	1
11	186	0	0	1
11	187	0	0	1
11	188	0	0	1
11	189	0	0	1
11	190	0	0	1
11	191	0	0	1
11	192	0	0	1
11	193	0	0	1
11	194	0	0	1
11	195	0	0	1
11	196	0	0	1
11	197	0	0	1
11	198	0	0	1
11	199	0	0	1
11	200	0	0	1
11	201	0	0	1
11	202	0	0	1
11	203	0	0	1
11	204	0	0	1
11	205	0	0	1
11	206	0	0	1
11	207	0	0	1
11	208	0	0	1
11	209	0	0	1
11	210	0	0	1
11	211	0	0	1
11	212	0	0	1
11	213	0	0	1
11	214	0	0	1
11	215	0	0	1
11	216	0	0	1
11	217	0	0	1
12	0	0	0	1
12	1	0	0	1
12	2	0	0	1
12	3	0	0	1
12	4	0	0	1
12	5	0	0	1
12	6	0	0	1
12	7	0	0	1
12	8	0	0	1
12	9	0	0	1
12	10	0	0	1
12	11	0	0	1
12	12	0	0	1
12	13	0	0	1
12	14	0	0	1
12	15	0	0	1
12	16	0	0	1
12	17	0	0	1
12	18	0	0	1
12	19	0	0	1
12	20	0	0	1
12	21	0	0	1
12	22	0	0	1
12	23	0	0	1
12	24	0	0	1
12	25	0	0	1
12	26	0	0	1
12	27	0	0	1
12	28	0	0	1
12	29	0	0	1
12	30	0	0	1
12	31	0	0	1
12	32	0	0	1
12	33	0	0	1
12	34	0	0	1
12	35	0	0	1
12	36	0	0	1
12	37	0	0	1
12	38	0	0	1
12	39	0	0	1
12	40	0	0	1
12	41	0	0	1
12	42	0	0	1
12	43	0	0	1
12	44	0	0	1
12	45	0	0	1
12	46	0	0	1
12	47	0	0	1
12	48	0	0	1
12	49	0	0	1
12	50	0	0	1
12	51	0	0	1
12	52	0	0	1
12	53	0	0	1
12	54	0	0	1
12	55	0	0	1
12	56	0	0	1
12	57	0	0	1
12	58	0	0	1
12	59	0	0	1
12	60	0	0	1
12	61	0	0	1
12	62	0	0	1
12	63	0	0	1
12	64	0	0	1
12	65	0	0	1
12	66	0	0	1
12	67	0	0	1
12	68	0	0	1
12	69	0	0	1
12	70	0	0	1
12	71	0	0	1
12	72	0	0	1
12	73	0	0	1
12	74	0	0	1
12	75	0	0	1
12	76	0	0	1
12	77	0	0	1
12	78	0	0	1
12	79	0	0	1
12	80	0	0	1
12	81	0	0	1
12	82	0	0	1
12	83	0	0	1
12	84	0	0	1
12	85	0	0	1
12	86	0	0	1
12	87	0	0	1
12	88	0	0	1
12	89	0	0	1
12	90	0	0	1
12	91	0	0	1
12	92	0	0	1
12	93	0	0	1
12	94	0	0	1
12	95	0	0	1
12	96	0	0	1
12	97	0	0	1
12	98	0	0	1
12	99	0	0	1
12	100	0	0	1
12	101	0	0	1
12	102	0	0	1
12	103	0	0	1
12	104	0	0	1
12	105	0	0	1
12	106	0	0	1
12	107	0	0	1
12	108	0	0	1
12	109	0	0	1
12	110	0	0	1
12	111	0	0	1
12	112	0	0	1
12	113	0	0	1
12	114	0	0	1
12	115	0	0	1
12	116	0	0	1
12	117	0	0	1
12	118	0	0	1
12	119	0	0	1
12	120	0	0	1
12	121	0	0	1
12	122	0	0	1
12	123	0	0	1
12	124	0	0	1
12	125	0	0	1
12	126	0	0	1
12	127	0	0	1
12	128	0	0	1
12	129	0	0	1
12	130	0	0	1
12	131	0	0	1
12	132	0	0	1
12	133	0	0	1
12	134	0	0	1
12	135	0	0	1
12	136	0	0	1
12	137	0	0	1
12	138	0	0	1
12	139	0	0	1
12	140	0	0	1
12	141	0	0	1
12	142	0	0	1
12	143	0	0	1
12	144	0	0	1
12	145	0	0	1
12	146	0	0	1
12	147	0	0	1
12	148	0	0	1
12	149	0	0	1
12	150	0	0	1
12	151	0	0	1
12	152	0	0	1
12	153	0	0	1
12	154	0	0	1
12	155	0	0	1
12	156	0	0	1
12	157	0	0	1
12	158	0	0	1
12	159	0	0	1
12	160	0	0	1
12	161	0	0	1
12	162	0	0	1
12	163	0	0	1
12	164	0	0	1
12	165	0	0	1
12	166	0	0	1
12	167	0	0	1
12	168	0	0	1
12	169	0	0	1
12	170	0	0	1
12	171	0	0	1
12	172	0	0	1
12	173	0	0	1
12	174	0	0	1
12	175	0	0	1
12	176	0	0	1
12	177	0	0	1
12	178	0	0	1
12	179	0	0	1
12	180	0	0	1
12	181	0	0	1
12	182	0	0	1
12	183	0	0	1
12	184	0	0	1
12	185	0	0	1
12	186	0	0	1
12	187	0	0	1
12	188	0	0	1
12	189	0	0	1
12	190	0	0	1
12	191	0	0	1
12	192	0	0	1
12	193	0	0	1
12	194	0	0	1
12	195	0	0	1
12	196	0	0	1
12	197	0	0	1
12	198	0	0	1
12	199	0	0	1
12	200	0	0	1
12	201	0	0	1
12	202	0	0	1
12	203	0	0	1
12	204	0	0	1
12	205	0	0	1
12	206	0	0	1
12	207	0	0	1
12	208	0	0	1
12	209	0	0	1
12	210	0	0	1
12	211	0	0	1
12	212	0	0	1
12	213	0	0	1
12	214	0	0	1
12	215	0	0	1
12	216	0	0	1
12	217	0	0	1
12	218	0	0	1
12	219	0	0	1
12	220	0	0	1
12	221	0	0	1
12	222	0	0	1
12	223	0	0	1
12	224	0	0	1
12	225	0	0	1
12	226	0	0	1
12	227	0	0	1
12	228	0	0	1
12	229	0	0	1
13	0	0	0	1
13	1	0	0	1
13	2	0	0	1
13	3	0	0	1
13	4	0	0	1
13	5	0	0	1
13	6	0	0	1
13	7	0	0	1
13	8	0	0	1
13	9	0	0	1
13	10	0	0	1
13	11	0	0	1
13	12	0	0	1
13	13	0	0	1
13	14	0	0	1
13	15	0	0	1
13	16	0	0	1
13	17	0	0	1
13	18	0	0	1
13	19	0	0	1
13	20	0	0	1
13	21	0	0	1
13	22	0	0	1
13	23	0	0	1
13	24	0	0	1
13	25	0	0	1
13	26	0	0	1
13	27	0	0	1
13	28	0	0	1
13	29	0	0	1
13	30	0	0	1
13	31	0	0	1
13	32	0	0	1
13	33	0	0	1
13	34	0	0	1
13	35	0	0	1
13	36	0	0	1
13	37	0	0	1
13	38	0	0	1
13	39	0	0	1
13	40	0	0	1
13	41	0	0	1
13	42	0	0	1
13	43	0	0	1
13	44	0	0	1
13	45	0	0	1
13	46	0	0	1
13	47	0	0	1
13	48	0	0	1
13	49	0	0	1
13	50	0	0	1
13	51	0	0	1
13	52	0	0	1
13	53	0	0	1
13	54	0	0	1
13	55	0	0	1
13	56	0	0	1
13	57	0	0	1
13	58	0	0	1
13	59	0	0	1
13	60	0	0	1
13	61	0	0	1
13	62	0	0	1
13	63	0	0	1
13	64	0	0	1
13	65	0	0	1
13	66	0	0	1
13	67	0	0	1
13	68	0	0	1
13	69	0	0	1
13	70	0	0	1
13	71	0	0	1
13	72	0	0	1
13	73	0	0	1
13	74	0	0	1
13	75	0	0	1
13	76	0	0	1
13	77	0	0	1
13	78	0	0	1
13	79	0	0	1
13	80	0	0	1
13	81	0	0	1
13	82	0	0	1
13	83	0	0	1
13	84	0	0	1
13	85	0	0	1
13	86	0	0	1
13	87	0	0	1
13	88	0	0	1
13	89	0	0	1
13	90	0	0	1
13	91	0	0	1
13	92	0	0	1
13	93	0	0	1
13	94	0	0	1
13	95	0	0	1
13	96	0	0	1
13	97	0	0	1
13	98	0	0	1
13	99	0	0	1
13	100	0	0	1
13	101	0	0	1
13	102	0	0	1
13	103	0	0	1
13	104	0	0	1
13	105	0	0	1
13	106	0	0	1
13	107	0	0	1
13	108	0	0	1
13	109	0	0	1
13	110	0	0	1
13	111	0	0	1
13	112	0	0	1
13	113	0	0	1
13	114	0	0	1
13	115	0	0	1
13	116	0	0	1
13	117	0	0	1
13	118	0	0	1
13	119	0	0	1
13	120	0	0	1
13	121	0	0	1
13	122	0	0	1
13	123	0	0	1
13	124	0	0	1
13	125	0	0	1
13	126	0	0	1
13	127	0	0	1
13	128	0	0	1
13	129	0	0	1
13	130	0	0	1
13	131	0	0	1
13	132	0	0	1
13	133	0	0	1
13	134	0	0	1
13	135	0	0	1
13	136	0	0	1
13	137	0	0	1
13	138	0	0	1
13	139	0	0	1
13	140	0	0	1
13	141	0	0	1
13	142	0	0	1
13	143	0	0	1
13	144	0	0	1
13	145	0	0	1
13	146	0	0	1
13	147	0	0	1
13	148	0	0	1
13	149	0	0	1
13	150	0	0	1
13	151	0	0	1
13	152	0	0	1
13	153	0	0	1
13	154	0	0	1
13	155	0	0	1
13	156	0	0	1
13	157	0	0	1
13	158	0	0	1
13	159	0	0	1
13	160	0	0	1
13	161	0	0	1
13	162	0	0	1
13	163	0	0	1
13	164	0	0	1
13	165	0	0	1
13	166	0	0	1
13	167	0	0	1
13	168	0	0	1
13	169	0	0	1
13	170	0	0	1
13	171	0	0	1
13	172	0	0	1
13	173	0	0	1
13	174	0	0	1
13	175	0	0	1
13	176	0	0	1
13	177	0	0	1
13	178	0	0	1
13	179	0	0	1
13	180	0	0	1
13	181	0	0	1
13	182	0	0	1
13	183	0	0	1
13	184	0	0	1
13	185	0	0	1
13	186	0	0	1
13	187	0	0	1
13	188	0	0	1
13	189	0	0	1
13	190	0	0	1
13	191	0	0	1
13	192	0	0	1
13	193	0	0	1
13	194	0	0	1
13	195	0	0	1
13	196	0	0	1
13	197	0	0	1
13	198	0	0	1
13	199	0	0	1
13	200	0	0	1
13	201	0	0	1
13	202	0	0	1
13	203	0	0	1
13	204	0	0	1
13	205	0	0	1
13	206	0	0	1
13	207	0	0	1
13	208	0	0	1
13	209	0	0	1
13	210	0	0	1
13	211	0	0	1
13	212	0	0	1
13	213	0	0	1
14	0	0	0	1
14	1	0	0	1
14	2	0	0	1
14	3	0	0	1
14	4	0	0	1
14	5	0	0	1
14	6	0	0	1
14	7	0	0	1
14	8	0	0	1
14	9	0	0	1
14	10	0	0	1
14	11	0	0	1
14	12	0	0	1
14	13	0	0	1
14	14	0	0	1
14	15	0	0	1
14	16	0	0	1
14	17	0	0	1
14	18	0	0	1
14	19	0	0	1
14	20	0	0	1
14	21	0	0	1
14	22	0	0	1
14	23	0	0	1
14	24	0	0	1
14	25	0	0	1
14	26	0	0	1
14	27	0	0	1
14	28	0	0	1
14	29	0	0	1
14	30	0	0	1
14	31	0	0	1
14	32	0	0	1
14	33	0	0	1
14	34	0	0	1
14	35	0	0	1
14	36	0	0	1
14	37	0	0	1
14	38	0	0	1
14	39	0	0	1
14	40	0	0	1
14	41	0	0	1
14	42	0	0	1
14	43	0	0	1
14	44	0	0	1
14	45	0	0	1
14	46	0	0	1
14	47	0	0	1
14	48	0	0	1
14	49	0	0	1
14	50	0	0	1
14	51	0	0	1
14	52	0	0	1
14	53	0	0	1
14	54	0	0	1
14	55	0	0	1
14	56	0	0	1
14	57	0	0	1
14	58	0	0	1
14	59	0	0	1
14	60	0	0	1
14	61	0	0	1
14	62	0	0	1
14	63	0	0	1
14	64	0	0	1
14	65	0	0	1
14	66	0	0	1
14	67	0	0	1
14	68	0	0	1
14	69	0	0	1
14	70	0	0	1
14	71	0	0	1
14	72	0	0	1
14	73	0	0	1
14	74	0	0	1
14	75	0	0	1
14	76	0	0	1
14	77	0	0	1
14	78	0	0	1
14	79	0	0	1
14	80	0	0	1
14	81	0	0	1
14	82	0	0	1
14	83	0	0	1
14	84	0	0	1
14	85	0	0	1
14	86	0	0	1
14	87	0	0	1
14	88	0	0	1
14	89	0	0	1
14	90	0	0	1
14	91	0	0	1
14	92	0	0	1
14	93	0	0	1
14	94	0	0	1
14	95	0	0	1
14	96	0	0	1
14	97	0	0	1
14	98	0	0	1
14	99	0	0	1
14	100	0	0	1
14	101	0	0	1
14	102	0	0	1
14	103	0	0	1
14	104	0	0	1
14	105	0	0	1
14	106	0	0	1
14	107	0	0	1
14	108	0	0	1
14	109	0	0	1
14	110	0	0	1
14	111	0	0	1
14	112	0	0	1
14	113	0	0	1
14	114	0	0	1
14	115	0	0	1
14	116	0	0	1
14	117	0	0	1
14	118	0	0	1
14	119	0	0	1
14	120	0	0	1
14	121	0	0	1
14	122	0	0	1
14	123	0	0	1
14	124	0	0	1
14	125	0	0	1
14	126	0	0	1
14	127	0	0	1
14	128	0	0	1
14	129	0	0	1
14	130	0	0	1
14	131	0	0	1
14	132	0	0	1
14	133	0	0	1
14	134	0	0	1
14	135	0	0	1
14	136	0	0	1
14	137	0	0	1
14	138	0	0	1
14	139	0	0	1
14	140	0	0	1
14	141	0	0	1
14	142	0	0	1
14	143	0	0	1
14	144	0	0	1
14	145	0	0	1
14	146	0	0	1
14	147	0	0	1
14	148	0	0	1
14	149	0	0	1
14	150	0	0	1
14	151	0	0	1
14	152	0	0	1
14	153	0	0	1
14	154	0	0	1
14	155	0	0	1
14	156	0	0	1
14	157	0	0	1
14	158	0	0	1
14	159	0	0	1
14	160	0	0	1
14	161	0	0	1
14	162	0	0	1
14	163	0	0	1
14	164	0	0	1
14	165	0	0	1
14	166	0	0	1
14	167	0	0	1
14	168	0	0	1
14	169	0	0	1
14	170	0	0	1
14	171	0	0	1
14	172	0	0	1
14	173	0	0	1
14	174	0	0	1
14	175	0	0	1
14	176	0	0	1
14	177	0	0	1
14	178	0	0	1
14	179	0	0	1
14	180	0	0	1
14	181	0	0	1
14	182	0	0	1
14	183	0	0	1
14	184	0	0	1
14	185	0	0	1
14	186	0	0	1
14	187	0	0	1
14	188	0	0	1
14	189	0	0	1
14	190	0	0	1
14	191	0	0	1
14	192	0	0	1
14	193	0	0	1
14	194	0	0	1
14	195	0	0	1
14	196	0	0	1
14	197	0	0	1
14	198	0	0	1
14	199	0	0	1
14	200	0	0	1
14	201	0	0	1
14	202	0	0	1
14	203	0	0	1
14	204	0	0	1
14	205	0	0	1
14	206	0	0	1
14	207	0	0	1
14	208	0	0	1
14	209	0	0	1
14	210	0	0	1
14	211	0	0	1
15	0	0	0	1
15	1	0	0	1
15	2	0	0	1
15	3	0	0	1
15	4	0	0	1
15	5	0	0	1
15	6	0	0	1
15	7	0	0	1
15	8	0	0	1
15	9	0	0	1
15	10	0	0	1
15	11	0	0	1
15	12	0	0	1
15	13	0	0	1
15	14	0	0	1
15	15	0	0	1
15	16	0	0	1
15	17	0	0	1
15	18	0	0	1
15	19	0	0	1
15	20	0	0	1
15	21	0	0	1
15	22	0	0	1
15	23	0	0	1
15	24	0	0	1
15	25	0	0	1
15	26	0	0	1
15	27	0	0	1
15	28	0	0	1
15	29	0	0	1
15	30	0	0	1
15	31	0	0	1
15	32	0	0	1
15	33	0	0	1
15	34	0	0	1
15	35	0	0	1
15	36	0	0	1
15	37	0	0	1
15	38	0	0	1
15	39	0	0	1
15	40	0	0	1
15	41	0	0	1
15	42	0	0	1
15	43	0	0	1
15	44	0	0	1
15	45	0	0	1
15	46	0	0	1
15	47	0	0	1
15	48	0	0	1
15	49	0	0	1
15	50	0	0	1
15	51	0	0	1
15	52	0	0	1
15	53	0	0	1
15	54	0	0	1
15	55	0	0	1
15	56	0	0	1
15	57	0	0	1
15	58	0	0	1
15	59	0	0	1
15	60	0	0	1
15	61	0	0	1
15	62	0	0	1
15	63	0	0	1
15	64	0	0	1
15	65	0	0	1
15	66	0	0	1
15	67	0	0	1
15	68	0	0	1
15	69	0	0	1
15	70	0	0	1
15	71	0	0	1
15	72	0	0	1
15	73	0	0	1
15	74	0	0	1
15	75	0	0	1
15	76	0	0	1
15	77	0	0	1
15	78	0	0	1
15	79	0	0	1
15	80	0	0	1
15	81	0	0	1
15	82	0	0	1
15	83	0	0	1
15	84	0	0	1
15	85	0	0	1
15	86	0	0	1
15	87	0	0	1
15	88	0	0	1
15	89	0	0	1
15	90	0	0	1
15	91	0	0	1
15	92	0	0	1
15	93	0	0	1
15	94	0	0	1
15	95	0	0	1
15	96	0	0	1
15	97	0	0	1
15	98	0	0	1
15	99	0	0	1
15	100	0	0	1
15	101	0	0	1
15	102	0	0	1
15	103	0	0	1
15	104	0	0	1
15	105	0	0	1
15	106	0	0	1
15	107	0	0	1
15	108	0	0	1
15	109	0	0	1
15	110	0	0	1
15	111	0	0	1
15	112	0	0	1
15	113	0	0	1
15	114	0	0	1
15	115	0	0	1
15	116	0	0	1
15	117	0	0	1
15	118	0	0	1
15	119	0	0	1
15	120	0	0	1
15	121	0	0	1
15	122	0	0	1
15	123	0	0	1
15	124	0	0	1
15	125	0	0	1
15	126	0	0	1
15	127	0	0	1
15	128	0	0	1
15	129	0	0	1
15	130	0	0	1
15	131	0	0	1
15	132	0	0	1
15	133	0	0	1
15	134	0	0	1
15	135	0	0	1
15	136	0	0	1
15	137	0	0	1
15	138	0	0	1
15	139	0	0	1
15	140	0	0	1
15	141	0	0	1
15	142	0	0	1
15	143	0	0	1
15	144	0	0	1
15	145	0	0	1
15	146	0	0	1
15	147	0	0	1
15	148	0	0	1
15	149	0	0	1
15	150	0	0	1
15	151	0	0	1
15	152	0	0	1
15	153	0	0	1
15	154	0	0	1
15	155	0	0	1
15	156	0	0	1
15	157	0	0	1
15	158	0	0	1
15	159	0	0	1
15	160	0	0	1
15	161	0	0	1
15	162	0	0	1
15	163	0	0	1
15	164	0	0	1
15	165	0	0	1
15	166	0	0	1
15	167	0	0	1
15	168	0	0	1
15	169	0	0	1
15	170	0	0	1
15	171	0	0	1
15	172	0	0	1
15	173	0	0	1
15	174	0	0	1
15	175	0	0	1
15	176	0	0	1
15	177	0	0	1
15	178	0	0	1
15	179	0	0	1
15	180	0	0	1
15	181	0	0	1
15	182	0	0	1
15	183	0	0	1
15	184	0	0	1
15	185	0	0	1
15	186	0	0	1
15	187	0	0	1
15	188	0	0	1
15	189	0	0	1
15	190	0	0	1
15	191	0	0	1
15	192	0	0	1
15	193	0	0	1
15	194	0	0	1
15	195	0	0	1
15	196	0	0	1
15	197	0	0	1
15	198	0	0	1
15	199	0	0	1
15	200	0	0	1
15	201	0	0	1
15	202	0	0	1
15	203	0	0	1
15	204	0	0	1
15	205	0	0	1
15	206	0	0	1
15	207	0	0	1
15	208	0	0	1
15	209	0	0	1
15	210	0	0	1
15	211	0	0	1
15	212	0	0	1
15	213	0	0	1
16	0	0	0	1
16	1	0	0	1
16	2	0	0	1
16	3	0	0	1
16	4	0	0	1
16	5	0	0	1
16	6	0	0	1
16	7	0	0	1
16	8	0	0	1
16	9	0	0	1
16	10	0	0	1
16	11	0	0	1
16	12	0	0	1
16	13	0	0	1
16	14	0	0	1
16	15	0	0	1
16	16	0	0	1
16	17	0	0	1
16	18	0	0	1
16	19	0	0	1
16	20	0	0	1
16	21	0	0	1
16	22	0	0	1
16	23	0	0	1
16	24	0	0	1
16	25	0	0	1
16	26	0	0	1
16	27	0	0	1
16	28	0	0	1
16	29	0	0	1
16	30	0	0	1
16	31	0	0	1
16	32	0	0	1
16	33	0	0	1
16	34	0	0	1
16	35	0	0	1
16	36	0	0	1
16	37	0	0	1
16	38	0	0	1
16	39	0	0	1
16	40	0	0	1
16	41	0	0	1
16	42	0	0	1
16	43	0	0	1
16	44	0	0	1
16	45	0	0	1
16	46	0	0	1
16	47	0	0	1
16	48	0	0	1
16	49	0	0	1
16	50	0	0	1
16	51	0	0	1
16	52	0	0	1
16	53	0	0	1
16	54	0	0	1
16	55	0	0	1
16	56	0	0	1
16	57	0	0	1
16	58	0	0	1
16	59	0	0	1
16	60	0	0	1
16	61	0	0	1
16	62	0	0	1
16	63	0	0	1
16	64	0	0	1
16	65	0	0	1
16	66	0	0	1
16	67	0	0	1
16	68	0	0	1
16	69	0	0	1
16	70	0	0	1
16	71	0	0	1
16	72	0	0	1
16	73	0	0	1
16	74	0	0	1
16	75	0	0	1
16	76	0	0	1
16	77	0	0	1
16	78	0	0	1
16	79	0	0	1
16	80	0	0	1
16	81	0	0	1
16	82	0	0	1
16	83	0	0	1
16	84	0	0	1
16	85	0	0	1
16	86	0	0	1
16	87	0	0	1
16	88	0	0	1
16	89	0	0	1
16	90	0	0	1
16	91	0	0	1
16	92	0	0	1
16	93	0	0	1
16	94	0	0	1
16	95	0	0	1
16	96	0	0	1
16	97	0	0	1
16	98	0	0	1
16	99	0	0	1
16	100	0	0	1
16	101	0	0	1
16	102	0	0	1
16	103	0	0	1
16	104	0	0	1
16	105	0	0	1
16	106	0	0	1
16	107	0	0	1
16	108	0	0	1
16	109	0	0	1
16	110	0	0	1
16	111	0	0	1
16	112	0	0	1
16	113	0	0	1
16	114	0	0	1
16	115	0	0	1
16	116	0	0	1
16	117	0	0	1
16	118	0	0	1
16	119	0	0	1
16	120	0	0	1
16	121	0	0	1
16	122	0	0	1
16	123	0	0	1
16	124	0	0	1
16	125	0	0	1
16	126	0	0	1
16	127	0	0	1
16	128	0	0	1
16	129	0	0	1
16	130	0	0	1
16	131	0	0	1
16	132	0	0	1
16	133	0	0	1
16	134	0	0	1
16	135	0	0	1
16	136	0	0	1
16	137	0	0	1
16	138	0	0	1
16	139	0	0	1
16	140	0	0	1
16	141	0	0	1
16	142	0	0	1
16	143	0	0	1
16	144	0	0	1
16	145	0	0	1
16	146	0	0	1
16	147	0	0	1
16	148	0	0	1
16	149	0	0	1
16	150	0	0	1
16	151	0	0	1
16	152	0	0	1
16	153	0	0	1
16	154	0	0	1
16	155	0	0	1
16	156	0	0	1
16	157	0	0	1
16	158	0	0	1
16	159	0	0	1
16	160	0	0	1
16	161	0	0	1
16	162	0	0	1
16	163	0	0	1
16	164	0	0	1
16	165	0	0	1
16	166	0	0	1
16	167	0	0	1
16	168	0	0	1
16	169	0	0	1
16	170	0	0	1
16	171	0	0	1
16	172	0	0	1
16	173	0	0	1
16	174	0	0	1
16	175	0	0	1
16	176	0	0	1
16	177	0	0	1
16	178	0	0	1
16	179	0	0	1
16	180	0	0	1
16	181	0	0	1
16	182	0	0	1
16	183	0	0	1
16	184	0	0	1
16	185	0	0	1
16	186	0	0	1
16	187	0	0	1
16	188	0	0	1
16	189	0	0	1
16	190	0	0	1
16	191	0	0	1
16	192	0	0	1
16	193	0	0	1
16	194	0	0	1
16	195	0	0	1
16	196	0	0	1
16	197	0	0	1
16	198	0	0	1
16	199	0	0	1
16	200	0	0	1
16	201	0	0	1
16	202	0	0	1
16	203	0	0	1
16	204	0	0	1
16	205	0	0	1
16	206	0	0	1
16	207	0	0	1
16	208	0	0	1
16	209	0	0	1
16	210	0	0	1
16	211	0	0	1
16	212	0	0	1
16	213	0	0	1
16	214	0	0	1
16	215	0	0	1
16	216	0	0	1
16	217	0	0	1
16	218	0	0	1
16	219	0	0	1
17	0	0	0	1
17	1	0	0	1
17	2	0	0	1
17	3	0	0	1
17	4	0	0	1
17	5	0	0	1
17	6	0	0	1
17	7	0	0	1
17	8	0	0	1
17	9	0	0	1
17	10	0	0	1
17	11	0	0	1
17	12	0	0	1
17	13	0	0	1
17	14	0	0	1
17	15	0	0	1
17	16	0	0	1
17	17	0	0	1
17	18	0	0	1
17	19	0	0	1
17	20	0	0	1
17	21	0	0	1
17	22	0	0	1
17	23	0	0	1
17	24	0	0	1
17	25	0	0	1
17	26	0	0	1
17	27	0	0	1
17	28	0	0	1
17	29	0	0	1
17	30	0	0	1
17	31	0	0	1
17	32	0	0	1
17	33	0	0	1
17	34	0	0	1
17	35	0	0	1
17	36	0	0	1
17	37	0	0	1
17	38	0	0	1
17	39	0	0	1
17	40	0	0	1
17	41	0	0	1
17	42	0	0	1
17	43	0	0	1
17	44	0	0	1
17	45	0	0	1
17	46	0	0	1
17	47	0	0	1
17	48	0	0	1
17	49	0	0	1
17	50	0	0	1
17	51	0	0	1
17	52	0	0	1
17	53	0	0	1
17	54	0	0	1
17	55	0	0	1
17	56	0	0	1
17	57	0	0	1
17	58	0	0	1
17	59	0	0	1
17	60	0	0	1
17	61	0	0	1
17	62	0	0	1
17	63	0	0	1
17	64	0	0	1
17	65	0	0	1
17	66	0	0	1
17	67	0	0	1
17	68	0	0	1
17	69	0	0	1
17	70	0	0	1
17	71	0	0	1
17	72	0	0	1
17	73	0	0	1
17	74	0	0	1
17	75	0	0	1
17	76	0	0	1
17	77	0	0	1
17	78	0	0	1
17	79	0	0	1
17	80	0	0	1
17	81	0	0	1
17	82	0	0	1
17	83	0	0	1
17	84	0	0	1
17	85	0	0	1
17	86	0	0	1
17	87	0	0	1
17	88	0	0	1
17	89	0	0	1
17	90	0	0	1
17	91	0	0	1
17	92	0	0	1
17	93	0	0	1
17	94	0	0	1
17	95	0	0	1
17	96	0	0	1
17	97	0	0	1
17	98	0	0	1
17	99	0	0	1
17	100	0	0	1
17	101	0	0	1
17	102	0	0	1
17	103	0	0	1
17	104	0	0	1
17	105	0	0	1
17	106	0	0	1
17	107	0	0	1
17	108	0	0	1
17	109	0	0	1
17	110	0	0	1
17	111	0	0	1
17	112	0	0	1
17	113	0	0	1
17	114	0	0	1
17	115	0	0	1
17	116	0	0	1
17	117	0	0	1
17	118	0	0	1
17	119	0	0	1
17	120	0	0	1
17	121	0	0	1
17	122	0	0	1
17	123	0	0	1
17	124	0	0	1
17	125	0	0	1
17	126	0	0	1
17	127	0	0	1
17	128	0	0	1
17	129	0	0	1
17	130	0	0	1
17	131	0	0	1
17	132	0	0	1
17	133	0	0	1
17	134	0	0	1
17	135	0	0	1
17	136	0	0	1
17	137	0	0	1
17	138	0	0	1
17	139	0	0	1
17	140	0	0	1
17	141	0	0	1
17	142	0	0	1
17	143	0	0	1
17	144	0	0	1
17	145	0	0	1
17	146	0	0	1
17	147	0	0	1
17	148	0	0	1
17	149	0	0	1
17	150	0	0	1
17	151	0	0	1
17	152	0	0	1
17	153	0	0	1
17	154	0	0	1
17	155	0	0	1
17	156	0	0	1
17	157	0	0	1
17	158	0	0	1
17	159	0	0	1
17	160	0	0	1
17	161	0	0	1
17	162	0	0	1
17	163	0	0	1
17	164	0	0	1
17	165	0	0	1
17	166	0	0	1
17	167	0	0	1
17	168	0	0	1
17	169	0	0	1
17	170	0	0	1
17	171	0	0	1
17	172	0	0	1
17	173	0	0	1
17	174	0	0	1
17	175	0	0	1
17	176	0	0	1
17	177	0	0	1
17	178	0	0	1
17	179	0	0	1
17	180	0	0	1
17	181	0	0	1
17	182	0	0	1
17	183	0	0	1
17	184	0	0	1
17	185	0	0	1
17	186	0	0	1
17	187	0	0	1
17	188	0	0	1
17	189	0	0	1
17	190	0	0	1
17	191	0	0	1
17	192	0	0	1
17	193	0	0	1
17	194	0	0	1
17	195	0	0	1
17	196	0	0	1
17	197	0	0	1
17	198	0	0	1
17	199	0	0	1
17	200	0	0	1
17	201	0	0	1
17	202	0	0	1
17	203	0	0	1
17	204	0	0	1
17	205	0	0	1
17	206	0	0	1
17	207	0	0	1
17	208	0	0	1
17	209	0	0	1
17	210	0	0	1
17	211	0	0	1
17	212	0	0	1
17	213	0	0	1
17	214	0	0	1
17	215	0	0	1
17	216	0	0	1
17	217	0	0	1
17	218	0	0	1
17	219	0	0	1
17	220	0	0	1
17	221	0	0	1
17	222	0	0	1
17	223	0	0	1
18	0	0	0	1
18	1	0	0	1
18	2	0	0	1
18	3	0	0	1
18	4	0	0	1
18	5	0	0	1
18	6	0	0	1
18	7	0	0	1
18	8	0	0	1
18	9	0	0	1
18	10	0	0	1
18	11	0	0	1
18	12	0	0	1
18	13	0	0	1
18	14	0	0	1
18	15	0	0	1
18	16	0	0	1
18	17	0	0	1
18	18	0	0	1
18	19	0	0	1
18	20	0	0	1
18	21	0	0	1
18	22	0	0	1
18	23	0	0	1
18	24	0	0	1
18	25	0	0	1
18	26	0	0	1
18	27	0	0	1
18	28	0	0	1
18	29	0	0	1
18	30	0	0	1
18	31	0	0	1
18	32	0	0	1
18	33	0	0	1
18	34	0	0	1
18	35	0	0	1
18	36	0	0	1
18	37	0	0	1
18	38	0	0	1
18	39	0	0	1
18	40	0	0	1
18	41	0	0	1
18	42	0	0	1
18	43	0	0	1
18	44	0	0	1
18	45	0	0	1
18	46	0	0	1
18	47	0	0	1
18	48	0	0	1
18	49	0	0	1
18	50	0	0	1
18	51	0	0	1
18	52	0	0	1
18	53	0	0	1
18	54	0	0	1
18	55	0	0	1
18	56	0	0	1
18	57	0	0	1
18	58	0	0	1
18	59	0	0	1
18	60	0	0	1
18	61	0	0	1
18	62	0	0	1
18	63	0	0	1
18	64	0	0	1
18	65	0	0	1
18	66	0	0	1
18	67	0	0	1
18	68	0	0	1
18	69	0	0	1
18	70	0	0	1
18	71	0	0	1
18	72	0	0	1
18	73	0	0	1
18	74	0	0	1
18	75	0	0	1
18	76	0	0	1
18	77	0	0	1
18	78	0	0	1
18	79	0	0	1
18	80	0	0	1
18	81	0	0	1
18	82	0	0	1
18	83	0	0	1
18	84	0	0	1
18	85	0	0	1
18	86	0	0	1
18	87	0	0	1
18	88	0	0	1
18	89	0	0	1
18	90	0	0	1
18	91	0	0	1
18	92	0	0	1
18	93	0	0	1
18	94	0	0	1
18	95	0	0	1
18	96	0	0	1
18	97	0	0	1
18	98	0	0	1
18	99	0	0	1
18	100	0	0	1
18	101	0	0	1
18	102	0	0	1
18	103	0	0	1
18	104	0	0	1
18	105	0	0	1
18	106	0	0	1
18	107	0	0	1
18	108	0	0	1
18	109	0	0	1
18	110	0	0	1
18	111	0	0	1
18	112	0	0	1
18	113	0	0	1
18	114	0	0	1
18	115	0	0	1
18	116	0	0	1
18	117	0	0	1
18	118	0	0	1
18	119	0	0	1
18	120	0	0	1
18	121	0	0	1
18	122	0	0	1
18	123	0	0	1
18	124	0	0	1
18	125	0	0	1
18	126	0	0	1
18	127	0	0	1
18	128	0	0	1
18	129	0	0	1
18	130	0	0	1
18	131	0	0	1
18	132	0	0	1
18	133	0	0	1
18	134	0	0	1
18	135	0	0	1
18	136	0	0	1
18	137	0	0	1
18	138	0	0	1
18	139	0	0	1
18	140	0	0	1
18	141	0	0	1
18	142	0	0	1
18	143	0	0	1
18	144	0	0	1
18	145	0	0	1
18	146	0	0	1
18	147	0	0	1
18	148	0	0	1
18	149	0	0	1
18	150	0	0	1
18	151	0	0	1
18	152	0	0	1
18	153	0	0	1
18	154	0	0	1
18	155	0	0	1
18	156	0	0	1
18	157	0	0	1
18	158	0	0	1
18	159	0	0	1
18	160	0	0	1
18	161	0	0	1
18	162	0	0	1
18	163	0	0	1
18	164	0	0	1
18	165	0	0	1
18	166	0	0	1
18	167	0	0	1
18	168	0	0	1
18	169	0	0	1
18	170	0	0	1
18	171	0	0	1
18	172	0	0	1
18	173	0	0	1
18	174	0	0	1
18	175	0	0	1
18	176	0	0	1
18	177	0	0	1
18	178	0	0	1
18	179	0	0	1
18	180	0	0	1
18	181	0	0	1
18	182	0	0	1
18	183	0	0	1
18	184	0	0	1
18	185	0	0	1
18	186	0	0	1
18	187	0	0	1
18	188	0	0	1
18	189	0	0	1
18	190	0	0	1
18	191	0	0	1
18	192	0	0	1
18	193	0	0	1
18	194	0	0	1
18	195	0	0	1
18	196	0	0	1
18	197	0	0	1
18	198	0	0	1
18	199	0	0	1
18	200	0	0	1
18	201	0	0	1
18	202	0	0	1
18	203	0	0	1
18	204	0	0	1
18	205	0	0	1
18	206	0	0	1
18	207	0	0	1
18	208	0	0	1
18	209	0	0	1
18	210	0	0	1
18	211	0	0	1
18	212	0	0	1
18	213	0	0	1
18	214	0	0	1
18	215	0	0	1
18	216	0	0	1
18	217	0	0	1
18	218	0	0	1
18	219	0	0	1
18	220	0	0	1
18	221	0	0	1
18	222	0	0	1
18	223	0	0	1
18	224	0	0	1
18	225	0	0	1
18	226	0	0	1
18	227	0	0	1
18	228	0	0	1
18	229	0	0	1
18	230	0	0	1
18	231	0	0	1
19	0	0	0	1
19	1	0	0	1
19	2	0	0	1
19	3	0	0	1
19	4	0	0	1
19	5	0	0	1
19	6	0	0	1
19	7	0	0	1
19	8	0	0	1
19	9	0	0	1
19	10	0	0	1
19	11	0	0	1
19	12	0	0	1
19	13	0	0	1
19	14	0	0	1
19	15	0	0	1
19	16	0	0	1
19	17	0	0	1
19	18	0	0	1
19	19	0	0	1
19	20	0	0	1
19	21	0	0	1
19	22	0	0	1
19	23	0	0	1
19	24	0	0	1
19	25	0	0	1
19	26	0	0	1
19	27	0	0	1
19	28	0	0	1
19	29	0	0	1
19	30	0	0	1
19	31	0	0	1
19	32	0	0	1
19	33	0	0	1
19	34	0	0	1
19	35	0	0	1
19	36	0	0	1
19	37	0	0	1
19	38	0	0	1
19	39	0	0	1
19	40	0	0	1
19	41	0	0	1
19	42	0	0	1
19	43	0	0	1
19	44	0	0	1
19	45	0	0	1
19	46	0	0	1
19	47	0	0	1
19	48	0	0	1
19	49	0	0	1
19	50	0	0	1
19	51	0	0	1
19	52	0	0	1
19	53	0	0	1
19	54	0	0	1
19	55	0	0	1
19	56	0	0	1
19	57	0	0	1
19	58	0	0	1
19	59	0	0	1
19	60	0	0	1
19	61	0	0	1
19	62	0	0	1
19	63	0	0	1
19	64	0	0	1
19	65	0	0	1
19	66	0	0	1
19	67	0	0	1
19	68	0	0	1
19	69	0	0	1
19	70	0	0	1
19	71	0	0	1
19	72	0	0	1
19	73	0	0	1
19	74	0	0	1
19	75	0	0	1
19	76	0	0	1
19	77	0	0	1
19	78	0	0	1
19	79	0	0	1
19	80	0	0	1
19	81	0	0	1
19	82	0	0	1
19	83	0	0	1
19	84	0	0	1
19	85	0	0	1
19	86	0	0	1
19	87	0	0	1
19	88	0	0	1
19	89	0	0	1
19	90	0	0	1
19	91	0	0	1
19	92	0	0	1
19	93	0	0	1
19	94	0	0	1
19	95	0	0	1
19	96	0	0	1
19	97	0	0	1
19	98	0	0	1
19	99	0	0	1
19	100	0	0	1
19	101	0	0	1
19	102	0	0	1
19	103	0	0	1
19	104	0	0	1
19	105	0	0	1
19	106	0	0	1
19	107	0	0	1
19	108	0	0	1
19	109	0	0	1
19	110	0	0	1
19	111	0	0	1
19	112	0	0	1
19	113	0	0	1
19	114	0	0	1
19	115	0	0	1
19	116	0	0	1
19	117	0	0	1
19	118	0	0	1
19	119	0	0	1
19	120	0	0	1
19	121	0	0	1
19	122	0	0	1
19	123	0	0	1
19	124	0	0	1
19	125	0	0	1
19	126	0	0	1
19	127	0	0	1
19	128	0	0	1
19	129	0	0	1
19	130	0	0	1
19	131	0	0	1
19	132	0	0	1
19	133	0	0	1
19	134	0	0	1
19	135	0	0	1
19	136	0	0	1
19	137	0	0	1
19	138	0	0	1
19	139	0	0	1
19	140	0	0	1
19	141	0	0	1
19	142	0	0	1
19	143	0	0	1
19	144	0	0	1
19	145	0	0	1
19	146	0	0	1
19	147	0	0	1
19	148	0	0	1
19	149	0	0	1
19	150	0	0	1
19	151	0	0	1
19	152	0	0	1
19	153	0	0	1
19	154	0	0	1
19	155	0	0	1
19	156	0	0	1
19	157	0	0	1
19	158	0	0	1
19	159	0	0	1
19	160	0	0	1
19	161	0	0	1
19	162	0	0	1
19	163	0	0	1
19	164	0	0	1
19	165	0	0	1
19	166	0	0	1
19	167	0	0	1
19	168	0	0	1
19	169	0	0	1
19	170	0	0	1
19	171	0	0	1
19	172	0	0	1
19	173	0	0	1
19	174	0	0	1
19	175	0	0	1
19	176	0	0	1
19	177	0	0	1
19	178	0	0	1
19	179	0	0	1
19	180	0	0	1
19	181	0	0	1
19	182	0	0	1
19	183	0	0	1
19	184	0	0	1
19	185	0	0	1
19	186	0	0	1
19	187	0	0	1
19	188	0	0	1
19	189	0	0	1
19	190	0	0	1
19	191	0	0	1
19	192	0	0	1
19	193	0	0	1
19	194	0	0	1
19	195	0	0	1
19	196	0	0	1
19	197	0	0	1
19	198	0	0	1
19	199	0	0	1
19	200	0	0	1
19	201	0	0	1
19	202	0	0	1
19	203	0	0	1
19	204	0	0	1
19	205	0	0	1
19	206	0	0	1
19	207	0	0	1
19	208	0	0	1
19	209	0	0	1
19	210	0	0	1
19	211	0	0	1
19	212	0	0	1
19	213	0	0	1
19	214	0	0	1
19	215	0	0	1
19	216	0	0	1
19	217	0	0	1
19	218	0	0	1
19	219	0	0	1
19	220	0	0	1
19	221	0	0	1
19	222	0	0	1
19	223	0	0	1
19	224	0	0	1
19	225	0	0	1
19	226	0	0	1
19	227	0	0	1
19	228	0	0	1
19	229	0	0	1
19	230	0	0	1
19	231	0	0	1
19	232	0	0	1
19	233	0	0	1
19	234	0	0	1
19	235	0	0	1
19	236	0	0	1
19	237	0	0	1
20	0	0	0	1
20	1	0	0	1
20	2	0	0	1
20	3	0	0	1
20	4	0	0	1
20	5	0	0	1
20	6	0	0	1
20	7	0	0	1
20	8	0	0	1
20	9	0	0	1
20	10	0	0	1
20	11	0	0	1
20	12	0	0	1
20	13	0	0	1
20	14	0	0	1
20	15	0	0	1
20	16	0	0	1
20	17	0	0	1
20	18	0	0	1
20	19	0	0	1
20	20	0	0	1
20	21	0	0	1
20	22	0	0	1
20	23	0	0	1
20	24	0	0	1
20	25	0	0	1
20	26	0	0	1
20	27	0	0	1
20	28	0	0	1
20	29	0	0	1
20	30	0	0	1
20	31	0	0	1
20	32	0	0	1
20	33	0	0	1
20	34	0	0	1
20	35	0	0	1
20	36	0	0	1
20	37	0	0	1
20	38	0	0	1
20	39	0	0	1
20	40	0	0	1
20	41	0	0	1
20	42	0	0	1
20	43	0	0	1
20	44	0	0	1
20	45	0	0	1
20	46	0	0	1
20	47	0	0	1
20	48	0	0	1
20	49	0	0	1
20	50	0	0	1
20	51	0	0	1
20	52	0	0	1
20	53	0	0	1
20	54	0	0	1
20	55	0	0	1
20	56	0	0	1
20	57	0	0	1
20	58	0	0	1
20	59	0	0	1
20	60	0	0	1
20	61	0	0	1
20	62	0	0	1
20	63	0	0	1
20	64	0	0	1
20	65	0	0	1
20	66	0	0	1
20	67	0	0	1
20	68	0	0	1
20	69	0	0	1
20	70	0	0	1
20	71	0	0	1
20	72	0	0	1
20	73	0	0	1
20	74	0	0	1
20	75	0	0	1
20	76	0	0	1
20	77	0	0	1
20	78	0	0	1
20	79	0	0	1
20	80	0	0	1
20	81	0	0	1
20	82	0	0	1
20	83	0	0	1
20	84	0	0	1
20	85	0	0	1
20	86	0	0	1
20	87	0	0	1
20	88	0	0	1
20	89	0	0	1
20	90	0	0	1
20	91	0	0	1
20	92	0	0	1
20	93	0	0	1
20	94	0	0	1
20	95	0	0	1
20	96	0	0	1
20	97	0	0	1
20	98	0	0	1
20	99	0	0	1
20	100	0	0	1
20	101	0	0	1
20	102	0	0	1
20	103	0	0	1
20	104	0	0	1
20	105	0	0	1
20	106	0	0	1
20	107	0	0	1
20	108	0	0	1
20	109	0	0	1
20	110	0	0	1
20	111	0	0	1
20	112	0	0	1
20	113	0	0	1
20	114	0	0	1
20	115	0	0	1
20	116	0	0	1
20	117	0	0	1
20	118	0	0	1
20	119	0	0	1
20	120	0	0	1
20	121	0	0	1
20	122	0	0	1
20	123	0	0	1
20	124	0	0	1
20	125	0	0	1
20	126	0	0	1
20	127	0	0	1
20	128	0	0	1
20	129	0	0	1
20	130	0	0	1
20	131	0	0	1
20	132	0	0	1
20	133	0	0	1
20	134	0	0	1
20	135	0	0	1
20	136	0	0	1
20	137	0	0	1
20	138	0	0	1
20	139	0	0	1
20	140	0	0	1
20	141	0	0	1
20	142	0	0	1
20	143	0	0	1
20	144	0	0	1
20	145	0	0	1
20	146	0	0	1
20	147	0	0	1
20	148	0	0	1
20	149	0	0	1
20	150	0	0	1
20	151	0	0	1
20	152	0	0	1
20	153	0	0	1
20	154	0	0	1
20	155	0	0	1
20	156	0	0	1
20	157	0	0	1
20	158	0	0	1
20	159	0	0	1
20	160	0	0	1
20	161	0	0	1
20	162	0	0	1
20	163	0	0	1
20	164	0	0	1
20	165	0	0	1
20	166	0	0	1
20	167	0	0	1
20	168	0	0	1
20	169	0	0	1
20	170	0	0	1
20	171	0	0	1
20	172	0	0	1
20	173	0	0	1
20	174	0	0	1
20	175	0	0	1
20	176	0	0	1
20	177	0	0	1
20	178	0	0	1
20	179	0	0	1
20	180	0	0	1
20	181	0	0	1
20	182	0	0	1
20	183	0	0	1
20	184	0	0	1
20	185	0	0	1
20	186	0	0	1
20	187	0	0	1
20	188	0	0	1
20	189	0	0	1
20	190	0	0	1
20	191	0	0	1
20	192	0	0	1
20	193	0	0	1
20	194	0	0	1
20	195	0	0	1
20	196	0	0	1
20	197	0	0	1
20	198	0	0	1
20	199	0	0	1
20	200	0	0	1
20	201	0	0	1
20	202	0	0	1
20	203	0	0	1
20	204	0	0	1
20	205	0	0	1
20	206	0	0	1
20	207	0	0	1
20	208	0	0	1
20	209	0	0	1
20	210	0	0	1
20	211	0	0	1
20	212	0	0	1
20	213	0	0	1
20	214	0	0	1
20	215	0	0	1
20	216	0	0	1
20	217	0	0	1
20	218	0	0	1
20	219	0	0	1
20	220	0	0	1
20	221	0	0	1
20	222	0	0	1
20	223	0	0	1
20	224	0	0	1
20	225	0	0	1
20	226	0	0	1
20	227	0	0	1
20	228	0	0	1
20	229	0	0	1
20	230	0	0	1
20	231	0	0	1
20	232	0	0	1
20	233	0	0	1
20	234	0	0	1
20	235	0	0	1
20	236	0	0	1
20	237	0	0	1
20	238	0	0	1
20	239	0	0	1
20	240	0	0	1
20	241	0	0	1
20	242	0	0	1
20	243	0	0	1
21	0	0	0	1
21	1	0	0	1
21	2	0	0	1
21	3	0	0	1
21	4	0	0	1
21	5	0	0	1
21	6	0	0	1
21	7	0	0	1
21	8	0	0	1
21	9	0	0	1
21	10	0	0	1
21	11	0	0	1
21	12	0	0	1
21	13	0	0	1
21	14	0	0	1
21	15	0	0	1
21	16	0	0	1
21	17	0	0	1
21	18	0	0	1
21	19	0	0	1
21	20	0	0	1
21	21	0	0	1
21	22	0	0	1
21	23	0	0	1
21	24	0	0	1
21	25	0	0	1
21	26	0	0	1
21	27	0	0	1
21	28	0	0	1
21	29	0	0	1
21	30	0	0	1
21	31	0	0	1
21	32	0	0	1
21	33	0	0	1
21	34	0	0	1
21	35	0	0	1
21	36	0	0	1
21	37	0	0	1
21	38	0	0	1
21	39	0	0	1
21	40	0	0	1
21	41	0	0	1
21	42	0	0	1
21	43	0	0	1
21	44	0	0	1
21	45	0	0	1
21	46	0	0	1
21	47	0	0	1
21	48	0	0	1
21	49	0	0	1
21	50	0	0	1
21	51	0	0	1
21	52	0	0	1
21	53	0	0	1
21	54	0	0	1
21	55	0	0	1
21	56	0	0	1
21	57	0	0	1
21	58	0	0	1
21	59	0	0	1
21	60	0	0	1
21	61	0	0	1
21	62	0	0	1
21	63	0	0	1
21	64	0	0	1
21	65	0	0	1
21	66	0	0	1
21	67	0	0	1
21	68	0	0	1
21	69	0	0	1
21	70	0	0	1
21	71	0	0	1
21	72	0	0	1
21	73	0	0	1
21	74	0	0	1
21	75	0	0	1
21	76	0	0	1
21	77	0	0	1
21	78	0	0	1
21	79	0	0	1
21	80	0	0	1
21	81	0	0	1
21	82	0	0	1
21	83	0	0	1
21	84	0	0	1
21	85	0	0	1
21	86	0	0	1
21	87	0	0	1
21	88	0	0	1
21	89	0	0	1
21	90	0	0	1
21	91	0	0	1
21	92	0	0	1
21	93	0	0	1
21	94	0	0	1
21	95	0	0	1
21	96	0	0	1
21	97	0	0	1
21	98	0	0	1
21	99	0	0	1
21	100	0	0	1
21	101	0	0	1
21	102	0	0	1
21	103	0	0	1
21	104	0	0	1
21	105	0	0	1
21	106	0	0	1
21	107	0	0	1
21	108	0	0	1
21	109	0	0	1
21	110	0	0	1
21	111	0	0	1
21	112	0	0	1
21	113	0	0	1
21	114	0	0	1
21	115	0	0	1
21	116	0	0	1
21	117	0	0	1
21	118	0	0	1
21	119	0	0	1
21	120	0	0	1
21	121	0	0	1
21	122	0	0	1
21	123	0	0	1
21	124	0	0	1
21	125	0	0	1
21	126	0	0	1
21	127	0	0	1
21	128	0	0	1
21	129	0	0	1
21	130	0	0	1
21	131	0	0	1
21	132	0	0	1
21	133	0	0	1
21	134	0	0	1
21	135	0	0	1
21	136	0	0	1
21	137	0	0	1
21	138	0	0	1
21	139	0	0	1
21	140	0	0	1
21	141	0	0	1
21	142	0	0	1
21	143	0	0	1
21	144	0	0	1
21	145	0	0	1
21	146	0	0	1
21	147	0	0	1
21	148	0	0	1
21	149	0	0	1
21	150	0	0	1
21	151	0	0	1
21	152	0	0	1
21	153	0	0	1
21	154	0	0	1
21	155	0	0	1
21	156	0	0	1
21	157	0	0	1
21	158	0	0	1
21	159	0	0	1
21	160	0	0	1
21	161	0	0	1
21	162	0	0	1
21	163	0	0	1
21	164	0	0	1
21	165	0	0	1
21	166	0	0	1
21	167	0	0	1
21	168	0	0	1
21	169	0	0	1
21	170	0	0	1
21	171	0	0	1
21	172	0	0	1
21	173	0	0	1
21	174	0	0	1
21	175	0	0	1
21	176	0	0	1
21	177	0	0	1
21	178	0	0	1
21	179	0	0	1
21	180	0	0	1
21	181	0	0	1
21	182	0	0	1
21	183	0	0	1
21	184	0	0	1
21	185	0	0	1
21	186	0	0	1
21	187	0	0	1
21	188	0	0	1
21	189	0	0	1
21	190	0	0	1
21	191	0	0	1
21	192	0	0	1
21	193	0	0	1
21	194	0	0	1
21	195	0	0	1
21	196	0	0	1
21	197	0	0	1
21	198	0	0	1
21	199	0	0	1
21	200	0	0	1
21	201	0	0	1
21	202	0	0	1
21	203	0	0	1
21	204	0	0	1
21	205	0	0	1
21	206	0	0	1
21	207	0	0	1
21	208	0	0	1
21	209	0	0	1
21	210	0	0	1
21	211	0	0	1
21	212	0	0	1
21	213	0	0	1
21	214	0	0	1
21	215	0	0	1
21	216	0	0	1
21	217	0	0	1
21	218	0	0	1
21	219	0	0	1
21	220	0	0	1
21	221	0	0	1
21	222	0	0	1
21	223	0	0	1
21	224	0	0	1
21	225	0	0	1
21	226	0	0	1
21	227	0	0	1
21	228	0	0	1
21	229	0	0	1
21	230	0	0	1
21	231	0	0	1
22	0	0	0	1
22	1	0	0	1
22	2	0	0	1
22	3	0	0	1
22	4	0	0	1
22	5	0	0	1
22	6	0	0	1
22	7	0	0	1
22	8	0	0	1
22	9	0	0	1
22	10	0	0	1
22	11	0	0	1
22	12	0	0	1
22	13	0	0	1
22	14	0	0	1
22	15	0	0	1
22	16	0	0	1
22	17	0	0	1
22	18	0	0	1
22	19	0	0	1
22	20	0	0	1
22	21	0	0	1
22	22	0	0	1
22	23	0	0	1
22	24	0	0	1
22	25	0	0	1
22	26	0	0	1
22	27	0	0	1
22	28	0	0	1
22	29	0	0	1
22	30	0	0	1
22	31	0	0	1
22	32	0	0	1
22	33	0	0	1
22	34	0	0	1
22	35	0	0	1
22	36	0	0	1
22	37	0	0	1
22	38	0	0	1
22	39	0	0	1
22	40	0	0	1
22	41	0	0	1
22	42	0	0	1
22	43	0	0	1
22	44	0	0	1
22	45	0	0	1
22	46	0	0	1
22	47	0	0	1
22	48	0	0	1
22	49	0	0	1
22	50	0	0	1
22	51	0	0	1
22	52	0	0	1
22	53	0	0	1
22	54	0	0	1
22	55	0	0	1
22	56	0	0	1
22	57	0	0	1
22	58	0	0	1
22	59	0	0	1
22	60	0	0	1
22	61	0	0	1
22	62	0	0	1
22	63	0	0	1
22	64	0	0	1
22	65	0	0	1
22	66	0	0	1
22	67	0	0	1
22	68	0	0	1
22	69	0	0	1
22	70	0	0	1
22	71	0	0	1
22	72	0	0	1
22	73	0	0	1
22	74	0	0	1
22	75	0	0	1
22	76	0	0	1
22	77	0	0	1
22	78	0	0	1
22	79	0	0	1
22	80	0	0	1
22	81	0	0	1
22	82	0	0	1
22	83	0	0	1
22	84	0	0	1
22	85	0	0	1
22	86	0	0	1
22	87	0	0	1
22	88	0	0	1
22	89	0	0	1
22	90	0	0	1
22	91	0	0	1
22	92	0	0	1
22	93	0	0	1
22	94	0	0	1
22	95	0	0	1
22	96	0	0	1
22	97	0	0	1
22	98	0	0	1
22	99	0	0	1
22	100	0	0	1
22	101	0	0	1
22	102	0	0	1
22	103	0	0	1
22	104	0	0	1
22	105	0	0	1
22	106	0	0	1
22	107	0	0	1
22	108	0	0	1
22	109	0	0	1
22	110	0	0	1
22	111	0	0	1
22	112	0	0	1
22	113	0	0	1
22	114	0	0	1
22	115	0	0	1
22	116	0	0	1
22	117	0	0	1
22	118	0	0	1
22	119	0	0	1
22	120	0	0	1
22	121	0	0	1
22	122	0	0	1
22	123	0	0	1
22	124	0	0	1
22	125	0	0	1
22	126	0	0	1
22	127	0	0	1
22	128	0	0	1
22	129	0	0	1
22	130	0	0	1
22	131	0	0	1
22	132	0	0	1
22	133	0	0	1
22	134	0	0	1
22	135	0	0	1
22	136	0	0	1
22	137	0	0	1
22	138	0	0	1
22	139	0	0	1
22	140	0	0	1
22	141	0	0	1
22	142	0	0	1
22	143	0	0	1
22	144	0	0	1
22	145	0	0	1
22	146	0	0	1
22	147	0	0	1
22	148	0	0	1
22	149	0	0	1
22	150	0	0	1
22	151	0	0	1
22	152	0	0	1
22	153	0	0	1
22	154	0	0	1
22	155	0	0	1
22	156	0	0	1
22	157	0	0	1
22	158	0	0	1
22	159	0	0	1
22	160	0	0	1
22	161	0	0	1
22	162	0	0	1
22	163	0	0	1
22	164	0	0	1
22	165	0	0	1
22	166	0	0	1
22	167	0	0	1
22	168	0	0	1
22	169	0	0	1
22	170	0	0	1
22	171	0	0	1
22	172	0	0	1
22	173	0	0	1
22	174	0	0	1
22	175	0	0	1
22	176	0	0	1
22	177	0	0	1
22	178	0	0	1
22	179	0	0	1
22	180	0	0	1
22	181	0	0	1
22	182	0	0	1
22	183	0	0	1
22	184	0	0	1
22	185	0	0	1
22	186	0	0	1
22	187	0	0	1
22	188	0	0	1
22	189	0	0	1
22	190	0	0	1
22	191	0	0	1
22	192	0	0	1
22	193	0	0	1
22	194	0	0	1
22	195	0	0	1
22	196	0	0	1
22	197	0	0	1
22	198	0	0	1
22	199	0	0	1
22	200	0	0	1
22	201	0	0	1
22	202	0	0	1
22	203	0	0	1
22	204	0	0	1
22	205	0	0	1
22	206	0	0	1
22	207	0	0	1
22	208	0	0	1
22	209	0	0	1
22	210	0	0	1
22	211	0	0	1
22	212	0	0	1
22	213	0	0	1
22	214	0	0	1
22	215	0	0	1
22	216	0	0	1
22	217	0	0	1
23	0	0	0	1
23	1	0	0	1
23	2	0	0	1
23	3	0	0	1
23	4	0	0	1
23	5	0	0	1
23	6	0	0	1
23	7	0	0	1
23	8	0	0	1
23	9	0	0	1
23	10	0	0	1
23	11	0	0	1
23	12	0	0	1
23	13	0	0	1
23	14	0	0	1
23	15	0	0	1
23	16	0	0	1
23	17	0	0	1
23	18	0	0	1
23	19	0	0	1
23	20	0	0	1
23	21	0	0	1
23	22	0	0	1
23	23	0	0	1
23	24	0	0	1
23	25	0	0	1
23	26	0	0	1
23	27	0	0	1
23	28	0	0	1
23	29	0	0	1
23	30	0	0	1
23	31	0	0	1
23	32	0	0	1
23	33	0	0	1
23	34	0	0	1
23	35	0	0	1
23	36	0	0	1
23	37	0	0	1
23	38	0	0	1
23	39	0	0	1
23	40	0	0	1
23	41	0	0	1
23	42	0	0	1
23	43	0	0	1
23	44	0	0	1
23	45	0	0	1
23	46	0	0	1
23	47	0	0	1
23	48	0	0	1
23	49	0	0	1
23	50	0	0	1
23	51	0	0	1
23	52	0	0	1
23	53	0	0	1
23	54	0	0	1
23	55	0	0	1
23	56	0	0	1
23	57	0	0	1
23	58	0	0	1
23	59	0	0	1
23	60	0	0	1
23	61	0	0	1
23	62	0	0	1
23	63	0	0	1
23	64	0	0	1
23	65	0	0	1
23	66	0	0	1
23	67	0	0	1
23	68	0	0	1
23	69	0	0	1
23	70	0	0	1
23	71	0	0	1
23	72	0	0	1
23	73	0	0	1
23	74	0	0	1
23	75	0	0	1
23	76	0	0	1
23	77	0	0	1
23	78	0	0	1
23	79	0	0	1
23	80	0	0	1
23	81	0	0	1
23	82	0	0	1
23	83	0	0	1
23	84	0	0	1
23	85	0	0	1
23	86	0	0	1
23	87	0	0	1
23	88	0	0	1
23	89	0	0	1
23	90	0	0	1
23	91	0	0	1
23	92	0	0	1
23	93	0	0	1
23	94	0	0	1
23	95	0	0	1
23	96	0	0	1
23	97	0	0	1
23	98	0	0	1
23	99	0	0	1
23	100	0	0	1
23	101	0	0	1
23	102	0	0	1
23	103	0	0	1
23	104	0	0	1
23	105	0	0	1
23	106	0	0	1
23	107	0	0	1
23	108	0	0	1
23	109	0	0	1
23	110	0	0	1
23	111	0	0	1
23	112	0	0	1
23	113	0	0	1
23	114	0	0	1
23	115	0	0	1
23	116	0	0	1
23	117	0	0	1
23	118	0	0	1
23	119	0	0	1
23	120	0	0	1
23	121	0	0	1
23	122	0	0	1
23	123	0	0	1
23	124	0	0	1
23	125	0	0	1
23	126	0	0	1
23	127	0	0	1
23	128	0	0	1
23	129	0	0	1
23	130	0	0	1
23	131	0	0	1
23	132	0	0	1
23	133	0	0	1
23	134	0	0	1
23	135	0	0	1
23	136	0	0	1
23	137	0	0	1
23	138	0	0	1
23	139	0	0	1
23	140	0	0	1
23	141	0	0	1
23	142	0	0	1
23	143	0	0	1
23	144	0	0	1
23	145	0	0	1
23	146	0	0	1
23	147	0	0	1
23	148	0	0	1
23	149	0	0	1
23	150	0	0	1
23	151	0	0	1
23	152	0	0	1
23	153	0	0	1
23	154	0	0	1
23	155	0	0	1
23	156	0	0	1
23	157	0	0	1
23	158	0	0	1
23	159	0	0	1
23	160	0	0	1
23	161	0	0	1
23	162	0	0	1
23	163	0	0	1
23	164	0	0	1
23	165	0	0	1
23	166	0	0	1
23	167	0	0	1
23	168	0	0	1
23	169	0	0	1
23	170	0	0	1
23	171	0	0	1
23	172	0	0	1
23	173	0	0	1
23	174	0	0	1
23	175	0	0	1
23	176	0	0	1
23	177	0	0	1
23	178	0	0	1
23	179	0	0	1
23	180	0	0	1
23	181	0	0	1
23	182	0	0	1
23	183	0	0	1
23	184	0	0	1
23	185	0	0	1
23	186	0	0	1
23	187	0	0	1
23	188	0	0	1
23	189	0	0	1
23	190	0	0	1
23	191	0	0	1
23	192	0	0	1
23	193	0	0	1
23	194	0	0	1
23	195	0	0	1
23	196	0	0	1
23	197	0	0	1
23	198	0	0	1
23	199	0	0	1
23	200	0	0	1
23	201	0	0	1
23	202	0	0	1
23	203	0	0	1
23	204	0	0	1
23	205	0	0	1
23	206	0	0	1
23	207	0	0	1
23	208	0	0	1
23	209	0	0	1
24	0	0	0	1
24	1	0	0	1
24	2	0	0	1
24	3	0	0	1
24	4	0	0	1
24	5	0	0	1
24	6	0	0	1
24	7	0	0	1
24	8	0	0	1
24	9	0	0	1
24	10	0	0	1
24	11	0	0	1
24	12	0	0	1
24	13	0	0	1
24	14	0	0	1
24	15	0	0	1
24	16	0	0	1
24	17	0	0	1
24	18	0	0	1
24	19	0	0	1
24	20	0	0	1
24	21	0	0	1
24	22	0	0	1
24	23	0	0	1
24	24	0	0	1
24	25	0	0	1
24	26	0	0	1
24	27	0	0	1
24	28	0	0	1
24	29	0	0	1
24	30	0	0	1
24	31	0	0	1
24	32	0	0	1
24	33	0	0	1
24	34	0	0	1
24	35	0	0	1
24	36	0	0	1
24	37	0	0	1
24	38	0	0	1
24	39	0	0	1
24	40	0	0	1
24	41	0	0	1
24	42	0	0	1
24	43	0	0	1
24	44	0	0	1
24	45	0	0	1
24	46	0	0	1
24	47	0	0	1
24	48	0	0	1
24	49	0	0	1
24	50	0	0	1
24	51	0	0	1
24	52	0	0	1
24	53	0	0	1
24	54	0	0	1
24	55	0	0	1
24	56	0	0	1
24	57	0	0	1
24	58	0	0	1
24	59	0	0	1
24	60	0	0	1
24	61	0	0	1
24	62	0	0	1
24	63	0	0	1
24	64	0	0	1
24	65	0	0	1
24	66	0	0	1
24	67	0	0	1
24	68	0	0	1
24	69	0	0	1
24	70	0	0	1
24	71	0	0	1
24	72	0	0	1
24	73	0	0	1
24	74	0	0	1
24	75	0	0	1
24	76	0	0	1
24	77	0	0	1
24	78	0	0	1
24	79	0	0	1
24	80	0	0	1
24	81	0	0	1
24	82	0	0	1
24	83	0	0	1
24	84	0	0	1
24	85	0	0	1
24	86	0	0	1
24	87	0	0	1
24	88	0	0	1
24	89	0	0	1
24	90	0	0	1
24	91	0	0	1
24	92	0	0	1
24	93	0	0	1
24	94	0	0	1
24	95	0	0	1
24	96	0	0	1
24	97	0	0	1
24	98	0	0	1
24	99	0	0	1
24	100	0	0	1
24	101	0	0	1
24	102	0	0	1
24	103	0	0	1
24	104	0	0	1
24	105	0	0	1
24	106	0	0	1
24	107	0	0	1
24	108	0	0	1
24	109	0	0	1
24	110	0	0	1
24	111	0	0	1
24	112	0	0	1
24	113	0	0	1
24	114	0	0	1
24	115	0	0	1
24	116	0	0	1
24	117	0	0	1
24	118	0	0	1
24	119	0	0	1
24	120	0	0	1
24	121	0	0	1
24	122	0	0	1
24	123	0	0	1
24	124	0	0	1
24	125	0	0	1
24	126	0	0	1
24	127	0	0	1
24	128	0	0	1
24	129	0	0	1
24	130	0	0	1
24	131	0	0	1
24	132	0	0	1
24	133	0	0	1
24	134	0	0	1
24	135	0	0	1
24	136	0	0	1
24	137	0	0	1
24	138	0	0	1
24	139	0	0	1
24	140	0	0	1
24	141	0	0	1
24	142	0	0	1
24	143	0	0	1
24	144	0	0	1
24	145	0	0	1
24	146	0	0	1
24	147	0	0	1
24	148	0	0	1
24	149	0	0	1
24	150	0	0	1
24	151	0	0	1
24	152	0	0	1
24	153	0	0	1
24	154	0	0	1
24	155	0	0	1
24	156	0	0	1
24	157	0	0	1
24	158	0	0	1
24	159	0	0	1
24	160	0	0	1
24	161	0	0	1
24	162	0	0	1
24	163	0	0	1
24	164	0	0	1
24	165	0	0	1
24	166	0	0	1
24	167	0	0	1
24	168	0	0	1
24	169	0	0	1
24	170	0	0	1
24	171	0	0	1
24	172	0	0	1
24	173	0	0	1
24	174	0	0	1
24	175	0	0	1
24	176	0	0	1
24	177	0	0	1
24	178	0	0	1
24	179	0	0	1
24	180	0	0	1
24	181	0	0	1
24	182	0	0	1
24	183	0	0	1
24	184	0	0	1
24	185	0	0	1
24	186	0	0	1
24	187	0	0	1
24	188	0	0	1
24	189	0	0	1
24	190	0	0	1
24	191	0	0	1
24	192	0	0	1
24	193	0	0	1
24	194	0	0	1
24	195	0	0	1
24	196	0	0	1
24	197	0	0	1
24	198	0	0	1
24	199	0	0	1
24	200	0	0	1
24	201	0	0	1
24	202	0	0	1
24	203	0	0	1
24	204	0	0	1
24	205	0	0	1
25	0	0	0	1
25	1	0	0	1
25	2	0	0	1
25	3	0	0	1
25	4	0	0	1
25	5	0	0	1
25	6	0	0	1
25	7	0	0	1
25	8	0	0	1
25	9	0	0	1
25	10	0	0	1
25	11	0	0	1
25	12	0	0	1
25	13	0	0	1
25	14	0	0	1
25	15	0	0	1
25	16	0	0	1
25	17	0	0	1
25	18	0	0	1
25	19	0	0	1
25	20	0	0	1
25	21	0	0	1
25	22	0	0	1
25	23	0	0	1
25	24	0	0	1
25	25	0	0	1
25	26	0	0	1
25	27	0	0	1
25	28	0	0	1
25	29	0	0	1
25	30	0	0	1
25	31	0	0	1
25	32	0	0	1
25	33	0	0	1
25	34	0	0	1
25	35	0	0	1
25	36	0	0	1
25	37	0	0	1
25	38	0	0	1
25	39	0	0	1
25	40	0	0	1
25	41	0	0	1
25	42	0	0	1
25	43	0	0	1
25	44	0	0	1
25	45	0	0	1
25	46	0	0	1
25	47	0	0	1
25	48	0	0	1
25	49	0	0	1
25	50	0	0	1
25	51	0	0	1
25	52	0	0	1
25	53	0	0	1
25	54	0	0	1
25	55	0	0	1
25	56	0	0	1
25	57	0	0	1
25	58	0	0	1
25	59	0	0	1
25	60	0	0	1
25	61	0	0	1
25	62	0	0	1
25	63	0	0	1
25	64	0	0	1
25	65	0	0	1
25	66	0	0	1
25	67	0	0	1
25	68	0	0	1
25	69	0	0	1
25	70	0	0	1
25	71	0	0	1
25	72	0	0	1
25	73	0	0	1
25	74	0	0	1
25	75	0	0	1
25	76	0	0	1
25	77	0	0	1
25	78	0	0	1
25	79	0	0	1
25	80	0	0	1
25	81	0	0	1
25	82	0	0	1
25	83	0	0	1
25	84	0	0	1
25	85	0	0	1
25	86	0	0	1
25	87	0	0	1
25	88	0	0	1
25	89	0	0	1
25	90	0	0	1
25	91	0	0	1
25	92	0	0	1
25	93	0	0	1
25	94	0	0	1
25	95	0	0	1
25	96	0	0	1
25	97	0	0	1
25	98	0	0	1
25	99	0	0	1
25	100	0	0	1
25	101	0	0	1
25	102	0	0	1
25	103	0	0	1
25	104	0	0	1
25	105	0	0	1
25	106	0	0	1
25	107	0	0	1
25	108	0	0	1
25	109	0	0	1
25	110	0	0	1
25	111	0	0	1
25	112	0	0	1
25	113	0	0	1
25	114	0	0	1
25	115	0	0	1
25	116	0	0	1
25	117	0	0	1
25	118	0	0	1
25	119	0	0	1
25	120	0	0	1
25	121	0	0	1
25	122	0	0	1
25	123	0	0	1
25	124	0	0	1
25	125	0	0	1
25	126	0	0	1
25	127	0	0	1
25	128	0	0	1
25	129	0	0	1
25	130	0	0	1
25	131	0	0	1
25	132	0	0	1
25	133	0	0	1
25	134	0	0	1
25	135	0	0	1
25	136	0	0	1
25	137	0	0	1
25	138	0	0	1
25	139	0	0	1
25	140	0	0	1
25	141	0	0	1
25	142	0	0	1
25	143	0	0	1
25	144	0	0	1
25	145	0	0	1
25	146	0	0	1
25	147	0	0	1
25	148	0	0	1
25	149	0	0	1
25	150	0	0	1
25	151	0	0	1
25	152	0	0	1
25	153	0	0	1
25	154	0	0	1
25	155	0	0	1
25	156	0	0	1
25	157	0	0	1
25	158	0	0	1
25	159	0	0	1
25	160	0	0	1
25	161	0	0	1
25	162	0	0	1
25	163	0	0	1
25	164	0	0	1
25	165	0	0	1
25	166	0	0	1
25	167	0	0	1
25	168	0	0	1
25	169	0	0	1
25	170	0	0	1
25	171	0	0	1
25	172	0	0	1
25	173	0	0	1
25	174	0	0	1
25	175	0	0	1
25	176	0	0	1
25	177	0	0	1
25	178	0	0	1
25	179	0	0	1
25	180	0	0	1
25	181	0	0	1
25	182	0	0	1
25	183	0	0	1
25	184	0	0	1
25	185	0	0	1
25	186	0	0	1
25	187	0	0	1
25	188	0	0	1
25	189	0	0	1
25	190	0	0	1
25	191	0	0	1
25	192	0	0	1
25	193	0	0	1
25	194	0	0	1
25	195	0	0	1
25	196	0	0	1
25	197	0	0	1
25	198	0	0	1
25	199	0	0	1
25	200	0	0	1
25	201	0	0	1
26	0	0	0	1
26	1	0	0	1
26	2	0	0	1
26	3	0	0	1
26	4	0	0	1
26	5	0	0	1
26	6	0	0	1
26	7	0	0	1
26	8	0	0	1
26	9	0	0	1
26	10	0	0	1
26	11	0	0	1
26	12	0	0	1
26	13	0	0	1
26	14	0	0	1
26	15	0	0	1
26	16	0	0	1
26	17	0	0	1
26	18	0	0	1
26	19	0	0	1
26	20	0	0	1
26	21	0	0	1
26	22	0	0	1
26	23	0	0	1
26	24	0	0	1
26	25	0	0	1
26	26	0	0	1
26	27	0	0	1
26	28	0	0	1
26	29	0	0	1
26	30	0	0	1
26	31	0	0	1
26	32	0	0	1
26	33	0	0	1
26	34	0	0	1
26	35	0	0	1
26	36	0	0	1
26	37	0	0	1
26	38	0	0	1
26	39	0	0	1
26	40	0	0	1
26	41	0	0	1
26	42	0	0	1
26	43	0	0	1
26	44	0	0	1
26	45	0	0	1
26	46	0	0	1
26	47	0	0	1
26	48	0	0	1
26	49	0	0	1
26	50	0	0	1
26	51	0	0	1
26	52	0	0	1
26	53	0	0	1
26	54	0	0	1
26	55	0	0	1
26	56	0	0	1
26	57	0	0	1
26	58	0	0	1
26	59	0	0	1
26	60	0	0	1
26	61	0	0	1
26	62	0	0	1
26	63	0	0	1
26	64	0	0	1
26	65	0	0	1
26	66	0	0	1
26	67	0	0	1
26	68	0	0	1
26	69	0	0	1
26	70	0	0	1
26	71	0	0	1
26	72	0	0	1
26	73	0	0	1
26	74	0	0	1
26	75	0	0	1
26	76	0	0	1
26	77	0	0	1
26	78	0	0	1
26	79	0	0	1
26	80	0	0	1
26	81	0	0	1
26	82	0	0	1
26	83	0	0	1
26	84	0	0	1
26	85	0	0	1
26	86	0	0	1
26	87	0	0	1
26	88	0	0	1
26	89	0	0	1
26	90	0	0	1
26	91	0	0	1
26	92	0	0	1
26	93	0	0	1
26	94	0	0	1
26	95	0	0	1
26	96	0	0	1
26	97	0	0	1
26	98	0	0	1
26	99	0	0	1
26	100	0	0	1
26	101	0	0	1
26	102	0	0	1
26	103	0	0	1
26	104	0	0	1
26	105	0	0	1
26	106	0	0	1
26	107	0	0	1
26	108	0	0	1
26	109	0	0	1
26	110	0	0	1
26	111	0	0	1
26	112	0	0	1
26	113	0	0	1
26	114	0	0	1
26	115	0	0	1
26	116	0	0	1
26	117	0	0	1
26	118	0	0	1
26	119	0	0	1
26	120	0	0	1
26	121	0	0	1
26	122	0	0	1
26	123	0	0	1
26	124	0	0	1
26	125	0	0	1
26	126	0	0	1
26	127	0	0	1
26	128	0	0	1
26	129	0	0	1
26	130	0	0	1
26	131	0	0	1
26	132	0	0	1
26	133	0	0	1
26	134	0	0	1
26	135	0	0	1
26	136	0	0	1
26	137	0	0	1
26	138	0	0	1
26	139	0	0	1
26	140	0	0	1
26	141	0	0	1
26	142	0	0	1
26	143	0	0	1
26	144	0	0	1
26	145	0	0	1
26	146	0	0	1
26	147	0	0	1
26	148	0	0	1
26	149	0	0	1
26	150	0	0	1
26	151	0	0	1
26	152	0	0	1
26	153	0	0	1
26	154	0	0	1
26	155	0	0	1
26	156	0	0	1
26	157	0	0	1
26	158	0	0	1
26	159	0	0	1
26	160	0	0	1
26	161	0	0	1
26	162	0	0	1
26	163	0	0	1
26	164	0	0	1
26	165	0	0	1
26	166	0	0	1
26	167	0	0	1
26	168	0	0	1
26	169	0	0	1
26	170	0	0	1
26	171	0	0	1
26	172	0	0	1
26	173	0	0	1
26	174	0	0	1
26	175	0	0	1
26	176	0	0	1
26	177	0	0	1
26	178	0	0	1
26	179	0	0	1
26	180	0	0	1
26	181	0	0	1
26	182	0	0	1
26	183	0	0	1
26	184	0	0	1
26	185	0	0	1
26	186	0	0	1
26	187	0	0	1
26	188	0	0	1
26	189	0	0	1
26	190	0	0	1
26	191	0	0	1
26	192	0	0	1
26	193	0	0	1
26	194	0	0	1
26	195	0	0	1
26	196	0	0	1
26	197	0	0	1
26	198	0	0	1
26	199	0	0	1
27	0	0	0	1
27	1	0	0	1
27	2	0	0	1
27	3	0	0	1
27	4	0	0	1
27	5	0	0	1
27	6	0	0	1
27	7	0	0	1
27	8	0	0	1
27	9	0	0	1
27	10	0	0	1
27	11	0	0	1
27	12	0	0	1
27	13	0	0	1
27	14	0	0	1
27	15	0	0	1
27	16	0	0	1
27	17	0	0	1
27	18	0	0	1
27	19	0	0	1
27	20	0	0	1
27	21	0	0	1
27	22	0	0	1
27	23	0	0	1
27	24	0	0	1
27	25	0	0	1
27	26	0	0	1
27	27	0	0	1
27	28	0	0	1
27	29	0	0	1
27	30	0	0	1
27	31	0	0	1
27	32	0	0	1
27	33	0	0	1
27	34	0	0	1
27	35	0	0	1
27	36	0	0	1
27	37	0	0	1
27	38	0	0	1
27	39	0	0	1
27	40	0	0	1
27	41	0	0	1
27	42	0	0	1
27	43	0	0	1
27	44	0	0	1
27	45	0	0	1
27	46	0	0	1
27	47	0	0	1
27	48	0	0	1
27	49	0	0	1
27	50	0	0	1
27	51	0	0	1
27	52	0	0	1
27	53	0	0	1
27	54	0	0	1
27	55	0	0	1
27	56	0	0	1
27	57	0	0	1
27	58	0	0	1
27	59	0	0	1
27	60	0	0	1
27	61	0	0	1
27	62	0	0	1
27	63	0	0	1
27	64	0	0	1
27	65	0	0	1
27	66	0	0	1
27	67	0	0	1
27	68	0	0	1
27	69	0	0	1
27	70	0	0	1
27	71	0	0	1
27	72	0	0	1
27	73	0	0	1
27	74	0	0	1
27	75	0	0	1
27	76	0	0	1
27	77	0	0	1
27	78	0	0	1
27	79	0	0	1
27	80	0	0	1
27	81	0	0	1
27	82	0	0	1
27	83	0	0	1
27	84	0	0	1
27	85	0	0	1
27	86	0	0	1
27	87	0	0	1
27	88	0	0	1
27	89	0	0	1
27	90	0	0	1
27	91	0	0	1
27	92	0	0	1
27	93	0	0	1
27	94	0	0	1
27	95	0	0	1
27	96	0	0	1
27	97	0	0	1
27	98	0	0	1
27	99	0	0	1
27	100	0	0	1
27	101	0	0	1
27	102	0	0	1
27	103	0	0	1
27	104	0	0	1
27	105	0	0	1
27	106	0	0	1
27	107	0	0	1
27	108	0	0	1
27	109	0	0	1
27	110	0	0	1
27	111	0	0	1
27	112	0	0	1
27	113	0	0	1
27	114	0	0	1
27	115	0	0	1
27	116	0	0	1
27	117	0	0	1
27	118	0	0	1
27	119	0	0	1
27	120	0	0	1
27	121	0	0	1
27	122	0	0	1
27	123	0	0	1
27	124	0	0	1
27	125	0	0	1
27	126	0	0	1
27	127	0	0	1
27	128	0	0	1
27	129	0	0	1
27	130	0	0	1
27	131	0	0	1
27	132	0	0	1
27	133	0	0	1
27	134	0	0	1
27	135	0	0	1
27	136	0	0	1
27	137	0	0	1
27	138	0	0	1
27	139	0	0	1
27	140	0	0	1
27	141	0	0	1
27	142	0	0	1
27	143	0	0	1
27	144	0	0	1
27	145	0	0	1
27	146	0	0	1
27	147	0	0	1
27	148	0	0	1
27	149	0	0	1
27	150	0	0	1
27	151	0	0	1
27	152	0	0	1
27	153	0	0	1
27	154	0	0	1
27	155	0	0	1
27	156	0	0	1
27	157	0	0	1
27	158	0	0	1
27	159	0	0	1
27	160	0	0	1
27	161	0	0	1
27	162	0	0	1
27	163	0	0	1
27	164	0	0	1
27	165	0	0	1
27	166	0	0	1
27	167	0	0	1
27	168	0	0	1
27	169	0	0	1
27	170	0	0	1
27	171	0	0	1
27	172	0	0	1
27	173	0	0	1
27	174	0	0	1
27	175	0	0	1
27	176	0	0	1
27	177	0	0	1
27	178	0	0	1
27	179	0	0	1
27	180	0	0	1
27	181	0	0	1
27	182	0	0	1
27	183	0	0	1
27	184	0	0	1
27	185	0	0	1
27	186	0	0	1
27	187	0	0	1
27	188	0	0	1
27	189	0	0	1
27	190	0	0	1
27	191	0	0	1
27	192	0	0	1
27	193	0	0	1
27	194	0	0	1
27	195	0	0	1
28	0	0	0	1
28	1	0	0	1
28	2	0	0	1
28	3	0	0	1
28	4	0	0	1
28	5	0	0	1
28	6	0	0	1
28	7	0	0	1
28	8	0	0	1
28	9	0	0	1
28	10	0	0	1
28	11	0	0	1
28	12	0	0	1
28	13	0	0	1
28	14	0	0	1
28	15	0	0	1
28	16	0	0	1
28	17	0	0	1
28	18	0	0	1
28	19	0	0	1
28	20	0	0	1
28	21	0	0	1
28	22	0	0	1
28	23	0	0	1
28	24	0	0	1
28	25	0	0	1
28	26	0	0	1
28	27	0	0	1
28	28	0	0	1
28	29	0	0	1
28	30	0	0	1
28	31	0	0	1
28	32	0	0	1
28	33	0	0	1
28	34	0	0	1
28	35	0	0	1
28	36	0	0	1
28	37	0	0	1
28	38	0	0	1
28	39	0	0	1
28	40	0	0	1
28	41	0	0	1
28	42	0	0	1
28	43	0	0	1
28	44	0	0	1
28	45	0	0	1
28	46	0	0	1
28	47	0	0	1
28	48	0	0	1
28	49	0	0	1
28	50	0	0	1
28	51	0	0	1
28	52	0	0	1
28	53	0	0	1
28	54	0	0	1
28	55	0	0	1
28	56	0	0	1
28	57	0	0	1
28	58	0	0	1
28	59	0	0	1
28	60	0	0	1
28	61	0	0	1
28	62	0	0	1
28	63	0	0	1
28	64	0	0	1
28	65	0	0	1
28	66	0	0	1
28	67	0	0	1
28	68	0	0	1
28	69	0	0	1
28	70	0	0	1
28	71	0	0	1
28	72	0	0	1
28	73	0	0	1
28	74	0	0	1
28	75	0	0	1
28	76	0	0	1
28	77	0	0	1
28	78	0	0	1
28	79	0	0	1
28	80	0	0	1
28	81	0	0	1
28	82	0	0	1
28	83	0	0	1
28	84	0	0	1
28	85	0	0	1
28	86	0	0	1
28	87	0	0	1
28	88	0	0	1
28	89	0	0	1
28	90	0	0	1
28	91	0	0	1
28	92	0	0	1
28	93	0	0	1
28	94	0	0	1
28	95	0	0	1
28	96	0	0	1
28	97	0	0	1
28	98	0	0	1
28	99	0	0	1
28	100	0	0	1
28	101	0	0	1
28	102	0	0	1
28	103	0	0	1
28	104	0	0	1
28	105	0	0	1
28	106	0	0	1
28	107	0	0	1
28	108	0	0	1
28	109	0	0	1
28	110	0	0	1
28	111	0	0	1
28	112	0	0	1
28	113	0	0	1
28	114	0	0	1
28	115	0	0	1
28	116	0	0	1
28	117	0	0	1
28	118	0	0	1
28	119	0	0	1
28	120	0	0	1
28	121	0	0	1
28	122	0	0	1
28	123	0	0	1
28	124	0	0	1
28	125	0	0	1
28	126	0	0	1
28	127	0	0	1
28	128	0	0	1
28	129	0	0	1
28	130	0	0	1
28	131	0	0	1
28	132	0	0	1
28	133	0	0	1
28	134	0	0	1
28	135	0	0	1
28	136	0	0	1
28	137	0	0	1
28	138	0	0	1
28	139	0	0	1
28	140	0	0	1
28	141	0	0	1
28	142	0	0	1
28	143	0	0	1
28	144	0	0	1
28	145	0	0	1
28	146	0	0	1
28	147	0	0	1
28	148	0	0	1
28	149	0	0	1
28	150	0	0	1
28	151	0	0	1
28	152	0	0	1
28	153	0	0	1
28	154	0	0	1
28	155	0	0	1
28	156	0	0	1
28	157	0	0	1
28	158	0	0	1
28	159	0	0	1
28	160	0	0	1
28	161	0	0	1
28	162	0	0	1
28	163	0	0	1
28	164	0	0	1
28	165	0	0	1
28	166	0	0	1
28	167	0	0	1
28	168	0	0	1
28	169	0	0	1
28	170	0	0	1
28	171	0	0	1
28	172	0	0	1
28	173	0	0	1
28	174	0	0	1
28	175	0	0	1
28	176	0	0	1
28	177	0	0	1
29	0	0	0	1
29	1	0	0	1
29	2	0	0	1
29	3	0	0	1
29	4	0	0	1
29	5	0	0	1
29	6	0	0	1
29	7	0	0	1
29	8	0	0	1
29	9	0	0	1
29	10	0	0	1
29	11	0	0	1
29	12	0	0	1
29	13	0	0	1
29	14	0	0	1
29	15	0	0	1
29	16	0	0	1
29	17	0	0	1
29	18	0	0	1
29	19	0	0	1
29	20	0	0	1
29	21	0	0	1
29	22	0	0	1
29	23	0	0	1
29	24	0	0	1
29	25	0	0	1
29	26	0	0	1
29	27	0	0	1
29	28	0	0	1
29	29	0	0	1
29	30	0	0	1
29	31	0	0	1
29	32	0	0	1
29	33	0	0	1
29	34	0	0	1
29	35	0	0	1
29	36	0	0	1
29	37	0	0	1
29	38	0	0	1
29	39	0	0	1
29	40	0	0	1
29	41	0	0	1
29	42	0	0	1
29	43	0	0	1
29	44	0	0	1
29	45	0	0	1
29	46	0	0	1
29	47	0	0	1
29	48	0	0	1
29	49	0	0	1
29	50	0	0	1
29	51	0	0	1
29	52	0	0	1
29	53	0	0	1
29	54	0	0	1
29	55	0	0	1
29	56	0	0	1
29	57	0	0	1
29	58	0	0	1
29	59	0	0	1
29	60	0	0	1
29	61	0	0	1
29	62	0	0	1
29	63	0	0	1
29	64	0	0	1
29	65	0	0	1
29	66	0	0	1
29	67	0	0	1
29	68	0	0	1
29	69	0	0	1
29	70	0	0	1
29	71	0	0	1
29	72	0	0	1
29	73	0	0	1
29	74	0	0	1
29	75	0	0	1
29	76	0	0	1
29	77	0	0	1
29	78	0	0	1
29	79	0	0	1
29	80	0	0	1
29	81	0	0	1
29	82	0	0	1
29	83	0	0	1
29	84	0	0	1
29	85	0	0	1
29	86	0	0	1
29	87	0	0	1
29	88	0	0	1
29	89	0	0	1
29	90	0	0	1
29	91	0	0	1
29	92	0	0	1
29	93	0	0	1
29	94	0	0	1
29	95	0	0	1
29	96	0	0	1
29	97	0	0	1
29	98	0	0	1
29	99	0	0	1
29	100	0	0	1
29	101	0	0	1
29	102	0	0	1
29	103	0	0	1
29	104	0	0	1
29	105	0	0	1
29	106	0	0	1
29	107	0	0	1
29	108	0	0	1
29	109	0	0	1
29	110	0	0	1
29	111	0	0	1
29	112	0	0	1
29	113	0	0	1
29	114	0	0	1
29	115	0	0	1
29	116	0	0	1
29	117	0	0	1
29	118	0	0	1
29	119	0	0	1
29	120	0	0	1
29	121	0	0	1
29	122	0	0	1
29	123	0	0	1
29	124	0	0	1
29	125	0	0	1
29	126	0	0	1
29	127	0	0	1
29	128	0	0	1
29	129	0	0	1
30	0	0	0	1
30	1	0	0	1
30	2	0	0	1
30	3	0	0	1
30	4	0	0	1
30	5	0	0	1
30	6	0	0	1
30	7	0	0	1
30	8	0	0	1
30	9	0	0	1
30	10	0	0	1
30	11	0	0	1
30	12	0	0	1
30	13	0	0	1
30	14	0	0	1
30	15	0	0	1
30	16	0	0	1
30	17	0	0	1
30	18	0	0	1
30	19	0	0	1
30	20	0	0	1
30	21	0	0	1
30	22	0	0	1
30	23	0	0	1
30	24	0	0	1
30	25	0	0	1
30	26	0	0	1
30	27	0	0	1
30	28	0	0	1
30	29	0	0	1
30	30	0	0	1
30	31	0	0	1
30	32	0	0	1
30	33	0	0	1
30	34	0	0	1
30	35	0	0	1
30	36	0	0	1
30	37	0	0	1
30	38	0	0	1
30	39	0	0	1
30	40	0	0	1
30	41	0	0	1
30	42	0	0	1
30	43	0	0	1
30	44	0	0	1
30	45	0	0	1
30	46	0	0	1
30	47	0	0	1
30	48	0	0	1
30	49	0	0	1
30	50	0	0	1
30	51	0	0	1
30	52	0	0	1
30	53	0	0	1
30	54	0	0	1
30	55	0	0	1
30	56	0	0	1
30	57	0	0	1
30	58	0	0	1
30	59	0	0	1
30	60	0	0	1
30	61	0	0	1
30	62	0	0	1
30	63	0	0	1
30	64	0	0	1
30	65	0	0	1
30	66	0	0	1
30	67	0	0	1
30	68	0	0	1
30	69	0	0	1
30	70	0	0	1
30	71	0	0	1
30	72	0	0	1
30	73	0	0	1
30	74	0	0	1
30	75	0	0	1
30	76	0	0	1
30	77	0	0	1
30	78	0	0	1
30	79	0	0	1
30	80	0	0	1
30	81	0	0	1
30	82	0	0	1
30	83	0	0	1
30	84	0	0	1
30	85	0	0	1
30	86	0	0	1
30	87	0	0	1
30	88	0	0	1
30	89	0	0	1
30	90	0	0	1
30	91	0	0	1
30	92	0	0	1
30	93	0	0	1
30	94	0	0	1
30	95	0	0	1
30	96	0	0	1
30	97	0	0	1
30	98	0	0	1
30	99	0	0	1
30	100	0	0	1
30	101	0	0	1
30	102	0	0	1
30	103	0	0	1
30	104	0	0	1
30	105	0	0	1
30	106	0	0	1
30	107	0	0	1
31	0	0	0	1
31	1	0	0	1
31	2	0	0	1
31	3	0	0	1
31	4	0	0	1
31	5	0	0	1
31	6	0	0	1
31	7	0	0	1
31	8	0	0	1
31	9	0	0	1
31	10	0	0	1
31	11	0	0	1
31	12	0	0	1
31	13	0	0	1
31	14	0	0	1
31	15	0	0	1
31	16	0	0	1
31	17	0	0	1
31	18	0	0	1
31	19	0	0	1
31	20	0	0	1
31	21	0	0	1
31	22	0	0	1
31	23	0	0	1
31	24	0	0	1
31	25	0	0	1
31	26	0	0	1
31	27	0	0	1
31	28	0	0	1
31	29	0	0	1
31	30	0	0	1
31	31	0	0	1
31	32	0	0	1
31	33	0	0	1
31	34	0	0	1
31	35	0	0	1
31	36	0	0	1
31	37	0	0	1
31	38	0	0	1
31	39	0	0	1
31	40	0	0	1
31	41	0	0	1
31	42	0	0	1
31	43	0	0	1
31	44	0	0	1
31	45	0	0	1
31	46	0	0	1
31	47	0	0	1
31	48	0	0	1
31	49	0	0	1
31	50	0	0	1
31	51	0	0	1
31	52	0	0	1
31	53	0	0	1
31	54	0	0	1
31	55	0	0	1
31	56	0	0	1
31	57	0	0	1
31	58	0	0	1
31	59	0	0	1
31	60	0	0	1
31	61	0	0	1
31	62	0	0	1
31	63	0	0	1
31	64	0	0	1
31	65	0	0	1
31	66	0	0	1
31	67	0	0	1
31	68	0	0	1
31	69	0	0	1
31	70	0	0	1
31	71	0	0	1
31	72	0	0	1
31	73	0	0	1
31	74	0	0	1
31	75	0	0	1
31	76	0	0	1
31	77	0	0	1
31	78	0	0	1
31	79	0	0	1
31	80	0	0	1
31	81	0	0	1
31	82	0	0	1
31	83	0	0	1
31	84	0	0	1
31	85	0	0	1
31	86	0	0	1
31	87	0	0	1
31	88	0	0	1
31	89	0	0	1
########################################
# TPC TDC : ct = (t-p0)*p1             #
########################################
0	0	1	84.00	80
0	1	1	84.00	80
0	2	1	84.00	80
0	3	1	84.00	80
0	4	1	84.00	80
0	5	1	84.00	80
0	6	1	84.00	80
0	7	1	84.00	80
0	8	1	84.00	80
0	9	1	84.00	80
0	10	1	84.00	80
0	11	1	84.00	80
0	12	1	84.00	80
0	13	1	84.00	80
0	14	1	84.00	80
0	15	1	84.00	80
0	16	1	84.00	80
0	17	1	84.00	80
0	18	1	84.00	80
0	19	1	84.00	80
0	20	1	84.00	80
0	21	1	84.00	80
0	22	1	84.00	80
0	23	1	84.00	80
0	24	1	84.00	80
0	25	1	84.00	80
0	26	1	84.00	80
0	27	1	84.00	80
0	28	1	84.00	80
0	29	1	84.00	80
0	30	1	84.00	80
0	31	1	84.00	80
0	32	1	84.00	80
0	33	1	84.00	80
0	34	1	84.00	80
0	35	1	84.00	80
0	36	1	84.00	80
0	37	1	84.00	80
0	38	1	84.00	80
0	39	1	84.00	80
0	40	1	84.00	80
0	41	1	84.00	80
0	42	1	84.00	80
0	43	1	84.00	80
0	44	1	84.00	80
0	45	1	84.00	80
0	46	1	84.00	80
0	47	1	84.00	80
1	0	1	84.00	80
1	1	1	84.00	80
1	2	1	84.00	80
1	3	1	84.00	80
1	4	1	84.00	80
1	5	1	84.00	80
1	6	1	84.00	80
1	7	1	84.00	80
1	8	1	84.00	80
1	9	1	84.00	80
1	10	1	84.00	80
1	11	1	84.00	80
1	12	1	84.00	80
1	13	1	84.00	80
1	14	1	84.00	80
1	15	1	84.00	80
1	16	1	84.00	80
1	17	1	84.00	80
1	18	1	84.00	80
1	19	1	84.00	80
1	20	1	84.00	80
1	21	1	84.00	80
1	22	1	84.00	80
1	23	1	84.00	80
1	24	1	84.00	80
1	25	1	84.00	80
1	26	1	84.00	80
1	27	1	84.00	80
1	28	1	84.00	80
1	29	1	84.00	80
1	30	1	84.00	80
1	31	1	84.00	80
1	32	1	84.00	80
1	33	1	84.00	80
1	34	1	84.00	80
1	35	1	84.00	80
1	36	1	84.00	80
1	37	1	84.00	80
1	38	1	84.00	80
1	39	1	84.00	80
1	40	1	84.00	80
1	41	1	84.00	80
1	42	1	84.00	80
1	43	1	84.00	80
1	44	1	84.00	80
1	45	1	84.00	80
1	46	1	84.00	80
1	47	1	84.00	80
2	0	1	84.00	80
2	1	1	84.00	80
2	2	1	84.00	80
2	3	1	84.00	80
2	4	1	84.00	80
2	5	1	84.00	80
2	6	1	84.00	80
2	7	1	84.00	80
2	8	1	84.00	80
2	9	1	84.00	80
2	10	1	84.00	80
2	11	1	84.00	80
2	12	1	84.00	80
2	13	1	84.00	80
2	14	1	84.00	80
2	15	1	84.00	80
2	16	1	84.00	80
2	17	1	84.00	80
2	18	1	84.00	80
2	19	1	84.00	80
2	20	1	84.00	80
2	21	1	84.00	80
2	22	1	84.00	80
2	23	1	84.00	80
2	24	1	84.00	80
2	25	1	84.00	80
2	26	1	84.00	80
2	27	1	84.00	80
2	28	1	84.00	80
2	29	1	84.00	80
2	30	1	84.00	80
2	31	1	84.00	80
2	32	1	84.00	80
2	33	1	84.00	80
2	34	1	84.00	80
2	35	1	84.00	80
2	36	1	84.00	80
2	37	1	84.00	80
2	38	1	84.00	80
2	39	1	84.00	80
2	40	1	84.00	80
2	41	1	84.00	80
2	42	1	84.00	80
2	43	1	84.00	80
2	44	1	84.00	80
2	45	1	84.00	80
2	46	1	84.00	80
2	47	1	84.00	80
2	48	1	84.00	80
2	49	1	84.00	80
2	50	1	84.00	80
2	51	1	84.00	80
2	52	1	84.00	80
2	53	1	84.00	80
2	54	1	84.00	80
2	55	1	84.00	80
2	56	1	84.00	80
2	57	1	84.00	80
2	58	1	84.00	80
2	59	1	84.00	80
2	60	1	84.00	80
2	61	1	84.00	80
2	62	1	84.00	80
2	63	1	84.00	80
2	64	1	84.00	80
2	65	1	84.00	80
2	66	1	84.00	80
2	67	1	84.00	80
2	68	1	84.00	80
2	69	1	84.00	80
2	70	1	84.00	80
2	71	1	84.00	80
3	0	1	84.00	80
3	1	1	84.00	80
3	2	1	84.00	80
3	3	1	84.00	80
3	4	1	84.00	80
3	5	1	84.00	80
3	6	1	84.00	80
3	7	1	84.00	80
3	8	1	84.00	80
3	9	1	84.00	80
3	10	1	84.00	80
3	11	1	84.00	80
3	12	1	84.00	80
3	13	1	84.00	80
3	14	1	84.00	80
3	15	1	84.00	80
3	16	1	84.00	80
3	17	1	84.00	80
3	18	1	84.00	80
3	19	1	84.00	80
3	20	1	84.00	80
3	21	1	84.00	80
3	22	1	84.00	80
3	23	1	84.00	80
3	24	1	84.00	80
3	25	1	84.00	80
3	26	1	84.00	80
3	27	1	84.00	80
3	28	1	84.00	80
3	29	1	84.00	80
3	30	1	84.00	80
3	31	1	84.00	80
3	32	1	84.00	80
3	33	1	84.00	80
3	34	1	84.00	80
3	35	1	84.00	80
3	36	1	84.00	80
3	37	1	84.00	80
3	38	1	84.00	80
3	39	1	84.00	80
3	40	1	84.00	80
3	41	1	84.00	80
3	42	1	84.00	80
3	43	1	84.00	80
3	44	1	84.00	80
3	45	1	84.00	80
3	46	1	84.00	80
3	47	1	84.00	80
3	48	1	84.00	80
3	49	1	84.00	80
3	50	1	84.00	80
3	51	1	84.00	80
3	52	1	84.00	80
3	53	1	84.00	80
3	54	1	84.00	80
3	55	1	84.00	80
3	56	1	84.00	80
3	57	1	84.00	80
3	58	1	84.00	80
3	59	1	84.00	80
3	60	1	84.00	80
3	61	1	84.00	80
3	62	1	84.00	80
3	63	1	84.00	80
3	64	1	84.00	80
3	65	1	84.00	80
3	66	1	84.00	80
3	67	1	84.00	80
3	68	1	84.00	80
3	69	1	84.00	80
3	70	1	84.00	80
3	71	1	84.00	80
3	72	1	84.00	80
3	73	1	84.00	80
3	74	1	84.00	80
3	75	1	84.00	80
3	76	1	84.00	80
3	77	1	84.00	80
3	78	1	84.00	80
3	79	1	84.00	80
3	80	1	84.00	80
3	81	1	84.00	80
3	82	1	84.00	80
3	83	1	84.00	80
3	84	1	84.00	80
3	85	1	84.00	80
3	86	1	84.00	80
3	87	1	84.00	80
3	88	1	84.00	80
3	89	1	84.00	80
3	90	1	84.00	80
3	91	1	84.00	80
3	92	1	84.00	80
3	93	1	84.00	80
3	94	1	84.00	80
3	95	1	84.00	80
4	0	1	84.00	80
4	1	1	84.00	80
4	2	1	84.00	80
4	3	1	84.00	80
4	4	1	84.00	80
4	5	1	84.00	80
4	6	1	84.00	80
4	7	1	84.00	80
4	8	1	84.00	80
4	9	1	84.00	80
4	10	1	84.00	80
4	11	1	84.00	80
4	12	1	84.00	80
4	13	1	84.00	80
4	14	1	84.00	80
4	15	1	84.00	80
4	16	1	84.00	80
4	17	1	84.00	80
4	18	1	84.00	80
4	19	1	84.00	80
4	20	1	84.00	80
4	21	1	84.00	80
4	22	1	84.00	80
4	23	1	84.00	80
4	24	1	84.00	80
4	25	1	84.00	80
4	26	1	84.00	80
4	27	1	84.00	80
4	28	1	84.00	80
4	29	1	84.00	80
4	30	1	84.00	80
4	31	1	84.00	80
4	32	1	84.00	80
4	33	1	84.00	80
4	34	1	84.00	80
4	35	1	84.00	80
4	36	1	84.00	80
4	37	1	84.00	80
4	38	1	84.00	80
4	39	1	84.00	80
4	40	1	84.00	80
4	41	1	84.00	80
4	42	1	84.00	80
4	43	1	84.00	80
4	44	1	84.00	80
4	45	1	84.00	80
4	46	1	84.00	80
4	47	1	84.00	80
4	48	1	84.00	80
4	49	1	84.00	80
4	50	1	84.00	80
4	51	1	84.00	80
4	52	1	84.00	80
4	53	1	84.00	80
4	54	1	84.00	80
4	55	1	84.00	80
4	56	1	84.00	80
4	57	1	84.00	80
4	58	1	84.00	80
4	59	1	84.00	80
4	60	1	84.00	80
4	61	1	84.00	80
4	62	1	84.00	80
4	63	1	84.00	80
4	64	1	84.00	80
4	65	1	84.00	80
4	66	1	84.00	80
4	67	1	84.00	80
4	68	1	84.00	80
4	69	1	84.00	80
4	70	1	84.00	80
4	71	1	84.00	80
4	72	1	84.00	80
4	73	1	84.00	80
4	74	1	84.00	80
4	75	1	84.00	80
4	76	1	84.00	80
4	77	1	84.00	80
4	78	1	84.00	80
4	79	1	84.00	80
4	80	1	84.00	80
4	81	1	84.00	80
4	82	1	84.00	80
4	83	1	84.00	80
4	84	1	84.00	80
4	85	1	84.00	80
4	86	1	84.00	80
4	87	1	84.00	80
4	88	1	84.00	80
4	89	1	84.00	80
4	90	1	84.00	80
4	91	1	84.00	80
4	92	1	84.00	80
4	93	1	84.00	80
4	94	1	84.00	80
4	95	1	84.00	80
4	96	1	84.00	80
4	97	1	84.00	80
4	98	1	84.00	80
4	99	1	84.00	80
4	100	1	84.00	80
4	101	1	84.00	80
4	102	1	84.00	80
4	103	1	84.00	80
4	104	1	84.00	80
4	105	1	84.00	80
4	106	1	84.00	80
4	107	1	84.00	80
4	108	1	84.00	80
4	109	1	84.00	80
4	110	1	84.00	80
4	111	1	84.00	80
4	112	1	84.00	80
4	113	1	84.00	80
4	114	1	84.00	80
4	115	1	84.00	80
4	116	1	84.00	80
4	117	1	84.00	80
4	118	1	84.00	80
4	119	1	84.00	80
5	0	1	84.00	80
5	1	1	84.00	80
5	2	1	84.00	80
5	3	1	84.00	80
5	4	1	84.00	80
5	5	1	84.00	80
5	6	1	84.00	80
5	7	1	84.00	80
5	8	1	84.00	80
5	9	1	84.00	80
5	10	1	84.00	80
5	11	1	84.00	80
5	12	1	84.00	80
5	13	1	84.00	80
5	14	1	84.00	80
5	15	1	84.00	80
5	16	1	84.00	80
5	17	1	84.00	80
5	18	1	84.00	80
5	19	1	84.00	80
5	20	1	84.00	80
5	21	1	84.00	80
5	22	1	84.00	80
5	23	1	84.00	80
5	24	1	84.00	80
5	25	1	84.00	80
5	26	1	84.00	80
5	27	1	84.00	80
5	28	1	84.00	80
5	29	1	84.00	80
5	30	1	84.00	80
5	31	1	84.00	80
5	32	1	84.00	80
5	33	1	84.00	80
5	34	1	84.00	80
5	35	1	84.00	80
5	36	1	84.00	80
5	37	1	84.00	80
5	38	1	84.00	80
5	39	1	84.00	80
5	40	1	84.00	80
5	41	1	84.00	80
5	42	1	84.00	80
5	43	1	84.00	80
5	44	1	84.00	80
5	45	1	84.00	80
5	46	1	84.00	80
5	47	1	84.00	80
5	48	1	84.00	80
5	49	1	84.00	80
5	50	1	84.00	80
5	51	1	84.00	80
5	52	1	84.00	80
5	53	1	84.00	80
5	54	1	84.00	80
5	55	1	84.00	80
5	56	1	84.00	80
5	57	1	84.00	80
5	58	1	84.00	80
5	59	1	84.00	80
5	60	1	84.00	80
5	61	1	84.00	80
5	62	1	84.00	80
5	63	1	84.00	80
5	64	1	84.00	80
5	65	1	84.00	80
5	66	1	84.00	80
5	67	1	84.00	80
5	68	1	84.00	80
5	69	1	84.00	80
5	70	1	84.00	80
5	71	1	84.00	80
5	72	1	84.00	80
5	73	1	84.00	80
5	74	1	84.00	80
5	75	1	84.00	80
5	76	1	84.00	80
5	77	1	84.00	80
5	78	1	84.00	80
5	79	1	84.00	80
5	80	1	84.00	80
5	81	1	84.00	80
5	82	1	84.00	80
5	83	1	84.00	80
5	84	1	84.00	80
5	85	1	84.00	80
5	86	1	84.00	80
5	87	1	84.00	80
5	88	1	84.00	80
5	89	1	84.00	80
5	90	1	84.00	80
5	91	1	84.00	80
5	92	1	84.00	80
5	93	1	84.00	80
5	94	1	84.00	80
5	95	1	84.00	80
5	96	1	84.00	80
5	97	1	84.00	80
5	98	1	84.00	80
5	99	1	84.00	80
5	100	1	84.00	80
5	101	1	84.00	80
5	102	1	84.00	80
5	103	1	84.00	80
5	104	1	84.00	80
5	105	1	84.00	80
5	106	1	84.00	80
5	107	1	84.00	80
5	108	1	84.00	80
5	109	1	84.00	80
5	110	1	84.00	80
5	111	1	84.00	80
5	112	1	84.00	80
5	113	1	84.00	80
5	114	1	84.00	80
5	115	1	84.00	80
5	116	1	84.00	80
5	117	1	84.00	80
5	118	1	84.00	80
5	119	1	84.00	80
5	120	1	84.00	80
5	121	1	84.00	80
5	122	1	84.00	80
5	123	1	84.00	80
5	124	1	84.00	80
5	125	1	84.00	80
5	126	1	84.00	80
5	127	1	84.00	80
5	128	1	84.00	80
5	129	1	84.00	80
5	130	1	84.00	80
5	131	1	84.00	80
5	132	1	84.00	80
5	133	1	84.00	80
5	134	1	84.00	80
5	135	1	84.00	80
5	136	1	84.00	80
5	137	1	84.00	80
5	138	1	84.00	80
5	139	1	84.00	80
5	140	1	84.00	80
5	141	1	84.00	80
5	142	1	84.00	80
5	143	1	84.00	80
6	0	1	84.00	80
6	1	1	84.00	80
6	2	1	84.00	80
6	3	1	84.00	80
6	4	1	84.00	80
6	5	1	84.00	80
6	6	1	84.00	80
6	7	1	84.00	80
6	8	1	84.00	80
6	9	1	84.00	80
6	10	1	84.00	80
6	11	1	84.00	80
6	12	1	84.00	80
6	13	1	84.00	80
6	14	1	84.00	80
6	15	1	84.00	80
6	16	1	84.00	80
6	17	1	84.00	80
6	18	1	84.00	80
6	19	1	84.00	80
6	20	1	84.00	80
6	21	1	84.00	80
6	22	1	84.00	80
6	23	1	84.00	80
6	24	1	84.00	80
6	25	1	84.00	80
6	26	1	84.00	80
6	27	1	84.00	80
6	28	1	84.00	80
6	29	1	84.00	80
6	30	1	84.00	80
6	31	1	84.00	80
6	32	1	84.00	80
6	33	1	84.00	80
6	34	1	84.00	80
6	35	1	84.00	80
6	36	1	84.00	80
6	37	1	84.00	80
6	38	1	84.00	80
6	39	1	84.00	80
6	40	1	84.00	80
6	41	1	84.00	80
6	42	1	84.00	80
6	43	1	84.00	80
6	44	1	84.00	80
6	45	1	84.00	80
6	46	1	84.00	80
6	47	1	84.00	80
6	48	1	84.00	80
6	49	1	84.00	80
6	50	1	84.00	80
6	51	1	84.00	80
6	52	1	84.00	80
6	53	1	84.00	80
6	54	1	84.00	80
6	55	1	84.00	80
6	56	1	84.00	80
6	57	1	84.00	80
6	58	1	84.00	80
6	59	1	84.00	80
6	60	1	84.00	80
6	61	1	84.00	80
6	62	1	84.00	80
6	63	1	84.00	80
6	64	1	84.00	80
6	65	1	84.00	80
6	66	1	84.00	80
6	67	1	84.00	80
6	68	1	84.00	80
6	69	1	84.00	80
6	70	1	84.00	80
6	71	1	84.00	80
6	72	1	84.00	80
6	73	1	84.00	80
6	74	1	84.00	80
6	75	1	84.00	80
6	76	1	84.00	80
6	77	1	84.00	80
6	78	1	84.00	80
6	79	1	84.00	80
6	80	1	84.00	80
6	81	1	84.00	80
6	82	1	84.00	80
6	83	1	84.00	80
6	84	1	84.00	80
6	85	1	84.00	80
6	86	1	84.00	80
6	87	1	84.00	80
6	88	1	84.00	80
6	89	1	84.00	80
6	90	1	84.00	80
6	91	1	84.00	80
6	92	1	84.00	80
6	93	1	84.00	80
6	94	1	84.00	80
6	95	1	84.00	80
6	96	1	84.00	80
6	97	1	84.00	80
6	98	1	84.00	80
6	99	1	84.00	80
6	100	1	84.00	80
6	101	1	84.00	80
6	102	1	84.00	80
6	103	1	84.00	80
6	104	1	84.00	80
6	105	1	84.00	80
6	106	1	84.00	80
6	107	1	84.00	80
6	108	1	84.00	80
6	109	1	84.00	80
6	110	1	84.00	80
6	111	1	84.00	80
6	112	1	84.00	80
6	113	1	84.00	80
6	114	1	84.00	80
6	115	1	84.00	80
6	116	1	84.00	80
6	117	1	84.00	80
6	118	1	84.00	80
6	119	1	84.00	80
6	120	1	84.00	80
6	121	1	84.00	80
6	122	1	84.00	80
6	123	1	84.00	80
6	124	1	84.00	80
6	125	1	84.00	80
6	126	1	84.00	80
6	127	1	84.00	80
6	128	1	84.00	80
6	129	1	84.00	80
6	130	1	84.00	80
6	131	1	84.00	80
6	132	1	84.00	80
6	133	1	84.00	80
6	134	1	84.00	80
6	135	1	84.00	80
6	136	1	84.00	80
6	137	1	84.00	80
6	138	1	84.00	80
6	139	1	84.00	80
6	140	1	84.00	80
6	141	1	84.00	80
6	142	1	84.00	80
6	143	1	84.00	80
6	144	1	84.00	80
6	145	1	84.00	80
6	146	1	84.00	80
6	147	1	84.00	80
6	148	1	84.00	80
6	149	1	84.00	80
6	150	1	84.00	80
6	151	1	84.00	80
6	152	1	84.00	80
6	153	1	84.00	80
6	154	1	84.00	80
6	155	1	84.00	80
6	156	1	84.00	80
6	157	1	84.00	80
6	158	1	84.00	80
6	159	1	84.00	80
6	160	1	84.00	80
6	161	1	84.00	80
6	162	1	84.00	80
6	163	1	84.00	80
6	164	1	84.00	80
6	165	1	84.00	80
6	166	1	84.00	80
6	167	1	84.00	80
7	0	1	84.00	80
7	1	1	84.00	80
7	2	1	84.00	80
7	3	1	84.00	80
7	4	1	84.00	80
7	5	1	84.00	80
7	6	1	84.00	80
7	7	1	84.00	80
7	8	1	84.00	80
7	9	1	84.00	80
7	10	1	84.00	80
7	11	1	84.00	80
7	12	1	84.00	80
7	13	1	84.00	80
7	14	1	84.00	80
7	15	1	84.00	80
7	16	1	84.00	80
7	17	1	84.00	80
7	18	1	84.00	80
7	19	1	84.00	80
7	20	1	84.00	80
7	21	1	84.00	80
7	22	1	84.00	80
7	23	1	84.00	80
7	24	1	84.00	80
7	25	1	84.00	80
7	26	1	84.00	80
7	27	1	84.00	80
7	28	1	84.00	80
7	29	1	84.00	80
7	30	1	84.00	80
7	31	1	84.00	80
7	32	1	84.00	80
7	33	1	84.00	80
7	34	1	84.00	80
7	35	1	84.00	80
7	36	1	84.00	80
7	37	1	84.00	80
7	38	1	84.00	80
7	39	1	84.00	80
7	40	1	84.00	80
7	41	1	84.00	80
7	42	1	84.00	80
7	43	1	84.00	80
7	44	1	84.00	80
7	45	1	84.00	80
7	46	1	84.00	80
7	47	1	84.00	80
7	48	1	84.00	80
7	49	1	84.00	80
7	50	1	84.00	80
7	51	1	84.00	80
7	52	1	84.00	80
7	53	1	84.00	80
7	54	1	84.00	80
7	55	1	84.00	80
7	56	1	84.00	80
7	57	1	84.00	80
7	58	1	84.00	80
7	59	1	84.00	80
7	60	1	84.00	80
7	61	1	84.00	80
7	62	1	84.00	80
7	63	1	84.00	80
7	64	1	84.00	80
7	65	1	84.00	80
7	66	1	84.00	80
7	67	1	84.00	80
7	68	1	84.00	80
7	69	1	84.00	80
7	70	1	84.00	80
7	71	1	84.00	80
7	72	1	84.00	80
7	73	1	84.00	80
7	74	1	84.00	80
7	75	1	84.00	80
7	76	1	84.00	80
7	77	1	84.00	80
7	78	1	84.00	80
7	79	1	84.00	80
7	80	1	84.00	80
7	81	1	84.00	80
7	82	1	84.00	80
7	83	1	84.00	80
7	84	1	84.00	80
7	85	1	84.00	80
7	86	1	84.00	80
7	87	1	84.00	80
7	88	1	84.00	80
7	89	1	84.00	80
7	90	1	84.00	80
7	91	1	84.00	80
7	92	1	84.00	80
7	93	1	84.00	80
7	94	1	84.00	80
7	95	1	84.00	80
7	96	1	84.00	80
7	97	1	84.00	80
7	98	1	84.00	80
7	99	1	84.00	80
7	100	1	84.00	80
7	101	1	84.00	80
7	102	1	84.00	80
7	103	1	84.00	80
7	104	1	84.00	80
7	105	1	84.00	80
7	106	1	84.00	80
7	107	1	84.00	80
7	108	1	84.00	80
7	109	1	84.00	80
7	110	1	84.00	80
7	111	1	84.00	80
7	112	1	84.00	80
7	113	1	84.00	80
7	114	1	84.00	80
7	115	1	84.00	80
7	116	1	84.00	80
7	117	1	84.00	80
7	118	1	84.00	80
7	119	1	84.00	80
7	120	1	84.00	80
7	121	1	84.00	80
7	122	1	84.00	80
7	123	1	84.00	80
7	124	1	84.00	80
7	125	1	84.00	80
7	126	1	84.00	80
7	127	1	84.00	80
7	128	1	84.00	80
7	129	1	84.00	80
7	130	1	84.00	80
7	131	1	84.00	80
7	132	1	84.00	80
7	133	1	84.00	80
7	134	1	84.00	80
7	135	1	84.00	80
7	136	1	84.00	80
7	137	1	84.00	80
7	138	1	84.00	80
7	139	1	84.00	80
7	140	1	84.00	80
7	141	1	84.00	80
7	142	1	84.00	80
7	143	1	84.00	80
7	144	1	84.00	80
7	145	1	84.00	80
7	146	1	84.00	80
7	147	1	84.00	80
7	148	1	84.00	80
7	149	1	84.00	80
7	150	1	84.00	80
7	151	1	84.00	80
7	152	1	84.00	80
7	153	1	84.00	80
7	154	1	84.00	80
7	155	1	84.00	80
7	156	1	84.00	80
7	157	1	84.00	80
7	158	1	84.00	80
7	159	1	84.00	80
7	160	1	84.00	80
7	161	1	84.00	80
7	162	1	84.00	80
7	163	1	84.00	80
7	164	1	84.00	80
7	165	1	84.00	80
7	166	1	84.00	80
7	167	1	84.00	80
7	168	1	84.00	80
7	169	1	84.00	80
7	170	1	84.00	80
7	171	1	84.00	80
7	172	1	84.00	80
7	173	1	84.00	80
7	174	1	84.00	80
7	175	1	84.00	80
7	176	1	84.00	80
7	177	1	84.00	80
7	178	1	84.00	80
7	179	1	84.00	80
7	180	1	84.00	80
7	181	1	84.00	80
7	182	1	84.00	80
7	183	1	84.00	80
7	184	1	84.00	80
7	185	1	84.00	80
7	186	1	84.00	80
7	187	1	84.00	80
7	188	1	84.00	80
7	189	1	84.00	80
7	190	1	84.00	80
7	191	1	84.00	80
8	0	1	84.00	80
8	1	1	84.00	80
8	2	1	84.00	80
8	3	1	84.00	80
8	4	1	84.00	80
8	5	1	84.00	80
8	6	1	84.00	80
8	7	1	84.00	80
8	8	1	84.00	80
8	9	1	84.00	80
8	10	1	84.00	80
8	11	1	84.00	80
8	12	1	84.00	80
8	13	1	84.00	80
8	14	1	84.00	80
8	15	1	84.00	80
8	16	1	84.00	80
8	17	1	84.00	80
8	18	1	84.00	80
8	19	1	84.00	80
8	20	1	84.00	80
8	21	1	84.00	80
8	22	1	84.00	80
8	23	1	84.00	80
8	24	1	84.00	80
8	25	1	84.00	80
8	26	1	84.00	80
8	27	1	84.00	80
8	28	1	84.00	80
8	29	1	84.00	80
8	30	1	84.00	80
8	31	1	84.00	80
8	32	1	84.00	80
8	33	1	84.00	80
8	34	1	84.00	80
8	35	1	84.00	80
8	36	1	84.00	80
8	37	1	84.00	80
8	38	1	84.00	80
8	39	1	84.00	80
8	40	1	84.00	80
8	41	1	84.00	80
8	42	1	84.00	80
8	43	1	84.00	80
8	44	1	84.00	80
8	45	1	84.00	80
8	46	1	84.00	80
8	47	1	84.00	80
8	48	1	84.00	80
8	49	1	84.00	80
8	50	1	84.00	80
8	51	1	84.00	80
8	52	1	84.00	80
8	53	1	84.00	80
8	54	1	84.00	80
8	55	1	84.00	80
8	56	1	84.00	80
8	57	1	84.00	80
8	58	1	84.00	80
8	59	1	84.00	80
8	60	1	84.00	80
8	61	1	84.00	80
8	62	1	84.00	80
8	63	1	84.00	80
8	64	1	84.00	80
8	65	1	84.00	80
8	66	1	84.00	80
8	67	1	84.00	80
8	68	1	84.00	80
8	69	1	84.00	80
8	70	1	84.00	80
8	71	1	84.00	80
8	72	1	84.00	80
8	73	1	84.00	80
8	74	1	84.00	80
8	75	1	84.00	80
8	76	1	84.00	80
8	77	1	84.00	80
8	78	1	84.00	80
8	79	1	84.00	80
8	80	1	84.00	80
8	81	1	84.00	80
8	82	1	84.00	80
8	83	1	84.00	80
8	84	1	84.00	80
8	85	1	84.00	80
8	86	1	84.00	80
8	87	1	84.00	80
8	88	1	84.00	80
8	89	1	84.00	80
8	90	1	84.00	80
8	91	1	84.00	80
8	92	1	84.00	80
8	93	1	84.00	80
8	94	1	84.00	80
8	95	1	84.00	80
8	96	1	84.00	80
8	97	1	84.00	80
8	98	1	84.00	80
8	99	1	84.00	80
8	100	1	84.00	80
8	101	1	84.00	80
8	102	1	84.00	80
8	103	1	84.00	80
8	104	1	84.00	80
8	105	1	84.00	80
8	106	1	84.00	80
8	107	1	84.00	80
8	108	1	84.00	80
8	109	1	84.00	80
8	110	1	84.00	80
8	111	1	84.00	80
8	112	1	84.00	80
8	113	1	84.00	80
8	114	1	84.00	80
8	115	1	84.00	80
8	116	1	84.00	80
8	117	1	84.00	80
8	118	1	84.00	80
8	119	1	84.00	80
8	120	1	84.00	80
8	121	1	84.00	80
8	122	1	84.00	80
8	123	1	84.00	80
8	124	1	84.00	80
8	125	1	84.00	80
8	126	1	84.00	80
8	127	1	84.00	80
8	128	1	84.00	80
8	129	1	84.00	80
8	130	1	84.00	80
8	131	1	84.00	80
8	132	1	84.00	80
8	133	1	84.00	80
8	134	1	84.00	80
8	135	1	84.00	80
8	136	1	84.00	80
8	137	1	84.00	80
8	138	1	84.00	80
8	139	1	84.00	80
8	140	1	84.00	80
8	141	1	84.00	80
8	142	1	84.00	80
8	143	1	84.00	80
8	144	1	84.00	80
8	145	1	84.00	80
8	146	1	84.00	80
8	147	1	84.00	80
8	148	1	84.00	80
8	149	1	84.00	80
8	150	1	84.00	80
8	151	1	84.00	80
8	152	1	84.00	80
8	153	1	84.00	80
8	154	1	84.00	80
8	155	1	84.00	80
8	156	1	84.00	80
8	157	1	84.00	80
8	158	1	84.00	80
8	159	1	84.00	80
8	160	1	84.00	80
8	161	1	84.00	80
8	162	1	84.00	80
8	163	1	84.00	80
8	164	1	84.00	80
8	165	1	84.00	80
8	166	1	84.00	80
8	167	1	84.00	80
8	168	1	84.00	80
8	169	1	84.00	80
8	170	1	84.00	80
8	171	1	84.00	80
8	172	1	84.00	80
8	173	1	84.00	80
8	174	1	84.00	80
8	175	1	84.00	80
8	176	1	84.00	80
8	177	1	84.00	80
8	178	1	84.00	80
8	179	1	84.00	80
8	180	1	84.00	80
8	181	1	84.00	80
8	182	1	84.00	80
8	183	1	84.00	80
8	184	1	84.00	80
8	185	1	84.00	80
8	186	1	84.00	80
8	187	1	84.00	80
8	188	1	84.00	80
8	189	1	84.00	80
8	190	1	84.00	80
8	191	1	84.00	80
8	192	1	84.00	80
8	193	1	84.00	80
8	194	1	84.00	80
8	195	1	84.00	80
8	196	1	84.00	80
8	197	1	84.00	80
8	198	1	84.00	80
8	199	1	84.00	80
8	200	1	84.00	80
8	201	1	84.00	80
8	202	1	84.00	80
8	203	1	84.00	80
8	204	1	84.00	80
8	205	1	84.00	80
8	206	1	84.00	80
8	207	1	84.00	80
8	208	1	84.00	80
8	209	1	84.00	80
8	210	1	84.00	80
8	211	1	84.00	80
8	212	1	84.00	80
8	213	1	84.00	80
8	214	1	84.00	80
8	215	1	84.00	80
9	0	1	84.00	80
9	1	1	84.00	80
9	2	1	84.00	80
9	3	1	84.00	80
9	4	1	84.00	80
9	5	1	84.00	80
9	6	1	84.00	80
9	7	1	84.00	80
9	8	1	84.00	80
9	9	1	84.00	80
9	10	1	84.00	80
9	11	1	84.00	80
9	12	1	84.00	80
9	13	1	84.00	80
9	14	1	84.00	80
9	15	1	84.00	80
9	16	1	84.00	80
9	17	1	84.00	80
9	18	1	84.00	80
9	19	1	84.00	80
9	20	1	84.00	80
9	21	1	84.00	80
9	22	1	84.00	80
9	23	1	84.00	80
9	24	1	84.00	80
9	25	1	84.00	80
9	26	1	84.00	80
9	27	1	84.00	80
9	28	1	84.00	80
9	29	1	84.00	80
9	30	1	84.00	80
9	31	1	84.00	80
9	32	1	84.00	80
9	33	1	84.00	80
9	34	1	84.00	80
9	35	1	84.00	80
9	36	1	84.00	80
9	37	1	84.00	80
9	38	1	84.00	80
9	39	1	84.00	80
9	40	1	84.00	80
9	41	1	84.00	80
9	42	1	84.00	80
9	43	1	84.00	80
9	44	1	84.00	80
9	45	1	84.00	80
9	46	1	84.00	80
9	47	1	84.00	80
9	48	1	84.00	80
9	49	1	84.00	80
9	50	1	84.00	80
9	51	1	84.00	80
9	52	1	84.00	80
9	53	1	84.00	80
9	54	1	84.00	80
9	55	1	84.00	80
9	56	1	84.00	80
9	57	1	84.00	80
9	58	1	84.00	80
9	59	1	84.00	80
9	60	1	84.00	80
9	61	1	84.00	80
9	62	1	84.00	80
9	63	1	84.00	80
9	64	1	84.00	80
9	65	1	84.00	80
9	66	1	84.00	80
9	67	1	84.00	80
9	68	1	84.00	80
9	69	1	84.00	80
9	70	1	84.00	80
9	71	1	84.00	80
9	72	1	84.00	80
9	73	1	84.00	80
9	74	1	84.00	80
9	75	1	84.00	80
9	76	1	84.00	80
9	77	1	84.00	80
9	78	1	84.00	80
9	79	1	84.00	80
9	80	1	84.00	80
9	81	1	84.00	80
9	82	1	84.00	80
9	83	1	84.00	80
9	84	1	84.00	80
9	85	1	84.00	80
9	86	1	84.00	80
9	87	1	84.00	80
9	88	1	84.00	80
9	89	1	84.00	80
9	90	1	84.00	80
9	91	1	84.00	80
9	92	1	84.00	80
9	93	1	84.00	80
9	94	1	84.00	80
9	95	1	84.00	80
9	96	1	84.00	80
9	97	1	84.00	80
9	98	1	84.00	80
9	99	1	84.00	80
9	100	1	84.00	80
9	101	1	84.00	80
9	102	1	84.00	80
9	103	1	84.00	80
9	104	1	84.00	80
9	105	1	84.00	80
9	106	1	84.00	80
9	107	1	84.00	80
9	108	1	84.00	80
9	109	1	84.00	80
9	110	1	84.00	80
9	111	1	84.00	80
9	112	1	84.00	80
9	113	1	84.00	80
9	114	1	84.00	80
9	115	1	84.00	80
9	116	1	84.00	80
9	117	1	84.00	80
9	118	1	84.00	80
9	119	1	84.00	80
9	120	1	84.00	80
9	121	1	84.00	80
9	122	1	84.00	80
9	123	1	84.00	80
9	124	1	84.00	80
9	125	1	84.00	80
9	126	1	84.00	80
9	127	1	84.00	80
9	128	1	84.00	80
9	129	1	84.00	80
9	130	1	84.00	80
9	131	1	84.00	80
9	132	1	84.00	80
9	133	1	84.00	80
9	134	1	84.00	80
9	135	1	84.00	80
9	136	1	84.00	80
9	137	1	84.00	80
9	138	1	84.00	80
9	139	1	84.00	80
9	140	1	84.00	80
9	141	1	84.00	80
9	142	1	84.00	80
9	143	1	84.00	80
9	144	1	84.00	80
9	145	1	84.00	80
9	146	1	84.00	80
9	147	1	84.00	80
9	148	1	84.00	80
9	149	1	84.00	80
9	150	1	84.00	80
9	151	1	84.00	80
9	152	1	84.00	80
9	153	1	84.00	80
9	154	1	84.00	80
9	155	1	84.00	80
9	156	1	84.00	80
9	157	1	84.00	80
9	158	1	84.00	80
9	159	1	84.00	80
9	160	1	84.00	80
9	161	1	84.00	80
9	162	1	84.00	80
9	163	1	84.00	80
9	164	1	84.00	80
9	165	1	84.00	80
9	166	1	84.00	80
9	167	1	84.00	80
9	168	1	84.00	80
9	169	1	84.00	80
9	170	1	84.00	80
9	171	1	84.00	80
9	172	1	84.00	80
9	173	1	84.00	80
9	174	1	84.00	80
9	175	1	84.00	80
9	176	1	84.00	80
9	177	1	84.00	80
9	178	1	84.00	80
9	179	1	84.00	80
9	180	1	84.00	80
9	181	1	84.00	80
9	182	1	84.00	80
9	183	1	84.00	80
9	184	1	84.00	80
9	185	1	84.00	80
9	186	1	84.00	80
9	187	1	84.00	80
9	188	1	84.00	80
9	189	1	84.00	80
9	190	1	84.00	80
9	191	1	84.00	80
9	192	1	84.00	80
9	193	1	84.00	80
9	194	1	84.00	80
9	195	1	84.00	80
9	196	1	84.00	80
9	197	1	84.00	80
9	198	1	84.00	80
9	199	1	84.00	80
9	200	1	84.00	80
9	201	1	84.00	80
9	202	1	84.00	80
9	203	1	84.00	80
9	204	1	84.00	80
9	205	1	84.00	80
9	206	1	84.00	80
9	207	1	84.00	80
9	208	1	84.00	80
9	209	1	84.00	80
9	210	1	84.00	80
9	211	1	84.00	80
9	212	1	84.00	80
9	213	1	84.00	80
9	214	1	84.00	80
9	215	1	84.00	80
9	216	1	84.00	80
9	217	1	84.00	80
9	218	1	84.00	80
9	219	1	84.00	80
9	220	1	84.00	80
9	221	1	84.00	80
9	222	1	84.00	80
9	223	1	84.00	80
9	224	1	84.00	80
9	225	1	84.00	80
9	226	1	84.00	80
9	227	1	84.00	80
9	228	1	84.00	80
9	229	1	84.00	80
9	230	1	84.00	80
9	231	1	84.00	80
9	232	1	84.00	80
9	233	1	84.00	80
9	234	1	84.00	80
9	235	1	84.00	80
9	236	1	84.00	80
9	237	1	84.00	80
9	238	1	84.00	80
9	239	1	84.00	80
10	0	1	84.00	80
10	1	1	84.00	80
10	2	1	84.00	80
10	3	1	84.00	80
10	4	1	84.00	80
10	5	1	84.00	80
10	6	1	84.00	80
10	7	1	84.00	80
10	8	1	84.00	80
10	9	1	84.00	80
10	10	1	84.00	80
10	11	1	84.00	80
10	12	1	84.00	80
10	13	1	84.00	80
10	14	1	84.00	80
10	15	1	84.00	80
10	16	1	84.00	80
10	17	1	84.00	80
10	18	1	84.00	80
10	19	1	84.00	80
10	20	1	84.00	80
10	21	1	84.00	80
10	22	1	84.00	80
10	23	1	84.00	80
10	24	1	84.00	80
10	25	1	84.00	80
10	26	1	84.00	80
10	27	1	84.00	80
10	28	1	84.00	80
10	29	1	84.00	80
10	30	1	84.00	80
10	31	1	84.00	80
10	32	1	84.00	80
10	33	1	84.00	80
10	34	1	84.00	80
10	35	1	84.00	80
10	36	1	84.00	80
10	37	1	84.00	80
10	38	1	84.00	80
10	39	1	84.00	80
10	40	1	84.00	80
10	41	1	84.00	80
10	42	1	84.00	80
10	43	1	84.00	80
10	44	1	84.00	80
10	45	1	84.00	80
10	46	1	84.00	80
10	47	1	84.00	80
10	48	1	84.00	80
10	49	1	84.00	80
10	50	1	84.00	80
10	51	1	84.00	80
10	52	1	84.00	80
10	53	1	84.00	80
10	54	1	84.00	80
10	55	1	84.00	80
10	56	1	84.00	80
10	57	1	84.00	80
10	58	1	84.00	80
10	59	1	84.00	80
10	60	1	84.00	80
10	61	1	84.00	80
10	62	1	84.00	80
10	63	1	84.00	80
10	64	1	84.00	80
10	65	1	84.00	80
10	66	1	84.00	80
10	67	1	84.00	80
10	68	1	84.00	80
10	69	1	84.00	80
10	70	1	84.00	80
10	71	1	84.00	80
10	72	1	84.00	80
10	73	1	84.00	80
10	74	1	84.00	80
10	75	1	84.00	80
10	76	1	84.00	80
10	77	1	84.00	80
10	78	1	84.00	80
10	79	1	84.00	80
10	80	1	84.00	80
10	81	1	84.00	80
10	82	1	84.00	80
10	83	1	84.00	80
10	84	1	84.00	80
10	85	1	84.00	80
10	86	1	84.00	80
10	87	1	84.00	80
10	88	1	84.00	80
10	89	1	84.00	80
10	90	1	84.00	80
10	91	1	84.00	80
10	92	1	84.00	80
10	93	1	84.00	80
10	94	1	84.00	80
10	95	1	84.00	80
10	96	1	84.00	80
10	97	1	84.00	80
10	98	1	84.00	80
10	99	1	84.00	80
10	100	1	84.00	80
10	101	1	84.00	80
10	102	1	84.00	80
10	103	1	84.00	80
10	104	1	84.00	80
10	105	1	84.00	80
10	106	1	84.00	80
10	107	1	84.00	80
10	108	1	84.00	80
10	109	1	84.00	80
10	110	1	84.00	80
10	111	1	84.00	80
10	112	1	84.00	80
10	113	1	84.00	80
10	114	1	84.00	80
10	115	1	84.00	80
10	116	1	84.00	80
10	117	1	84.00	80
10	118	1	84.00	80
10	119	1	84.00	80
10	120	1	84.00	80
10	121	1	84.00	80
10	122	1	84.00	80
10	123	1	84.00	80
10	124	1	84.00	80
10	125	1	84.00	80
10	126	1	84.00	80
10	127	1	84.00	80
10	128	1	84.00	80
10	129	1	84.00	80
10	130	1	84.00	80
10	131	1	84.00	80
10	132	1	84.00	80
10	133	1	84.00	80
10	134	1	84.00	80
10	135	1	84.00	80
10	136	1	84.00	80
10	137	1	84.00	80
10	138	1	84.00	80
10	139	1	84.00	80
10	140	1	84.00	80
10	141	1	84.00	80
10	142	1	84.00	80
10	143	1	84.00	80
10	144	1	84.00	80
10	145	1	84.00	80
10	146	1	84.00	80
10	147	1	84.00	80
10	148	1	84.00	80
10	149	1	84.00	80
10	150	1	84.00	80
10	151	1	84.00	80
10	152	1	84.00	80
10	153	1	84.00	80
10	154	1	84.00	80
10	155	1	84.00	80
10	156	1	84.00	80
10	157	1	84.00	80
10	158	1	84.00	80
10	159	1	84.00	80
10	160	1	84.00	80
10	161	1	84.00	80
10	162	1	84.00	80
10	163	1	84.00	80
10	164	1	84.00	80
10	165	1	84.00	80
10	166	1	84.00	80
10	167	1	84.00	80
10	168	1	84.00	80
10	169	1	84.00	80
10	170	1	84.00	80
10	171	1	84.00	80
10	172	1	84.00	80
10	173	1	84.00	80
10	174	1	84.00	80
10	175	1	84.00	80
10	176	1	84.00	80
10	177	1	84.00	80
10	178	1	84.00	80
10	179	1	84.00	80
10	180	1	84.00	80
10	181	1	84.00	80
10	182	1	84.00	80
10	183	1	84.00	80
10	184	1	84.00	80
10	185	1	84.00	80
10	186	1	84.00	80
10	187	1	84.00	80
10	188	1	84.00	80
10	189	1	84.00	80
10	190	1	84.00	80
10	191	1	84.00	80
10	192	1	84.00	80
10	193	1	84.00	80
10	194	1	84.00	80
10	195	1	84.00	80
10	196	1	84.00	80
10	197	1	84.00	80
10	198	1	84.00	80
10	199	1	84.00	80
10	200	1	84.00	80
10	201	1	84.00	80
10	202	1	84.00	80
10	203	1	84.00	80
10	204	1	84.00	80
10	205	1	84.00	80
10	206	1	84.00	80
10	207	1	84.00	80
11	0	1	84.00	80
11	1	1	84.00	80
11	2	1	84.00	80
11	3	1	84.00	80
11	4	1	84.00	80
11	5	1	84.00	80
11	6	1	84.00	80
11	7	1	84.00	80
11	8	1	84.00	80
11	9	1	84.00	80
11	10	1	84.00	80
11	11	1	84.00	80
11	12	1	84.00	80
11	13	1	84.00	80
11	14	1	84.00	80
11	15	1	84.00	80
11	16	1	84.00	80
11	17	1	84.00	80
11	18	1	84.00	80
11	19	1	84.00	80
11	20	1	84.00	80
11	21	1	84.00	80
11	22	1	84.00	80
11	23	1	84.00	80
11	24	1	84.00	80
11	25	1	84.00	80
11	26	1	84.00	80
11	27	1	84.00	80
11	28	1	84.00	80
11	29	1	84.00	80
11	30	1	84.00	80
11	31	1	84.00	80
11	32	1	84.00	80
11	33	1	84.00	80
11	34	1	84.00	80
11	35	1	84.00	80
11	36	1	84.00	80
11	37	1	84.00	80
11	38	1	84.00	80
11	39	1	84.00	80
11	40	1	84.00	80
11	41	1	84.00	80
11	42	1	84.00	80
11	43	1	84.00	80
11	44	1	84.00	80
11	45	1	84.00	80
11	46	1	84.00	80
11	47	1	84.00	80
11	48	1	84.00	80
11	49	1	84.00	80
11	50	1	84.00	80
11	51	1	84.00	80
11	52	1	84.00	80
11	53	1	84.00	80
11	54	1	84.00	80
11	55	1	84.00	80
11	56	1	84.00	80
11	57	1	84.00	80
11	58	1	84.00	80
11	59	1	84.00	80
11	60	1	84.00	80
11	61	1	84.00	80
11	62	1	84.00	80
11	63	1	84.00	80
11	64	1	84.00	80
11	65	1	84.00	80
11	66	1	84.00	80
11	67	1	84.00	80
11	68	1	84.00	80
11	69	1	84.00	80
11	70	1	84.00	80
11	71	1	84.00	80
11	72	1	84.00	80
11	73	1	84.00	80
11	74	1	84.00	80
11	75	1	84.00	80
11	76	1	84.00	80
11	77	1	84.00	80
11	78	1	84.00	80
11	79	1	84.00	80
11	80	1	84.00	80
11	81	1	84.00	80
11	82	1	84.00	80
11	83	1	84.00	80
11	84	1	84.00	80
11	85	1	84.00	80
11	86	1	84.00	80
11	87	1	84.00	80
11	88	1	84.00	80
11	89	1	84.00	80
11	90	1	84.00	80
11	91	1	84.00	80
11	92	1	84.00	80
11	93	1	84.00	80
11	94	1	84.00	80
11	95	1	84.00	80
11	96	1	84.00	80
11	97	1	84.00	80
11	98	1	84.00	80
11	99	1	84.00	80
11	100	1	84.00	80
11	101	1	84.00	80
11	102	1	84.00	80
11	103	1	84.00	80
11	104	1	84.00	80
11	105	1	84.00	80
11	106	1	84.00	80
11	107	1	84.00	80
11	108	1	84.00	80
11	109	1	84.00	80
11	110	1	84.00	80
11	111	1	84.00	80
11	112	1	84.00	80
11	113	1	84.00	80
11	114	1	84.00	80
11	115	1	84.00	80
11	116	1	84.00	80
11	117	1	84.00	80
11	118	1	84.00	80
11	119	1	84.00	80
11	120	1	84.00	80
11	121	1	84.00	80
11	122	1	84.00	80
11	123	1	84.00	80
11	124	1	84.00	80
11	125	1	84.00	80
11	126	1	84.00	80
11	127	1	84.00	80
11	128	1	84.00	80
11	129	1	84.00	80
11	130	1	84.00	80
11	131	1	84.00	80
11	132	1	84.00	80
11	133	1	84.00	80
11	134	1	84.00	80
11	135	1	84.00	80
11	136	1	84.00	80
11	137	1	84.00	80
11	138	1	84.00	80
11	139	1	84.00	80
11	140	1	84.00	80
11	141	1	84.00	80
11	142	1	84.00	80
11	143	1	84.00	80
11	144	1	84.00	80
11	145	1	84.00	80
11	146	1	84.00	80
11	147	1	84.00	80
11	148	1	84.00	80
11	149	1	84.00	80
11	150	1	84.00	80
11	151	1	84.00	80
11	152	1	84.00	80
11	153	1	84.00	80
11	154	1	84.00	80
11	155	1	84.00	80
11	156	1	84.00	80
11	157	1	84.00	80
11	158	1	84.00	80
11	159	1	84.00	80
11	160	1	84.00	80
11	161	1	84.00	80
11	162	1	84.00	80
11	163	1	84.00	80
11	164	1	84.00	80
11	165	1	84.00	80
11	166	1	84.00	80
11	167	1	84.00	80
11	168	1	84.00	80
11	169	1	84.00	80
11	170	1	84.00	80
11	171	1	84.00	80
11	172	1	84.00	80
11	173	1	84.00	80
11	174	1	84.00	80
11	175	1	84.00	80
11	176	1	84.00	80
11	177	1	84.00	80
11	178	1	84.00	80
11	179	1	84.00	80
11	180	1	84.00	80
11	181	1	84.00	80
11	182	1	84.00	80
11	183	1	84.00	80
11	184	1	84.00	80
11	185	1	84.00	80
11	186	1	84.00	80
11	187	1	84.00	80
11	188	1	84.00	80
11	189	1	84.00	80
11	190	1	84.00	80
11	191	1	84.00	80
11	192	1	84.00	80
11	193	1	84.00	80
11	194	1	84.00	80
11	195	1	84.00	80
11	196	1	84.00	80
11	197	1	84.00	80
11	198	1	84.00	80
11	199	1	84.00	80
11	200	1	84.00	80
11	201	1	84.00	80
11	202	1	84.00	80
11	203	1	84.00	80
11	204	1	84.00	80
11	205	1	84.00	80
11	206	1	84.00	80
11	207	1	84.00	80
11	208	1	84.00	80
11	209	1	84.00	80
11	210	1	84.00	80
11	211	1	84.00	80
11	212	1	84.00	80
11	213	1	84.00	80
11	214	1	84.00	80
11	215	1	84.00	80
11	216	1	84.00	80
11	217	1	84.00	80
12	0	1	84.00	80
12	1	1	84.00	80
12	2	1	84.00	80
12	3	1	84.00	80
12	4	1	84.00	80
12	5	1	84.00	80
12	6	1	84.00	80
12	7	1	84.00	80
12	8	1	84.00	80
12	9	1	84.00	80
12	10	1	84.00	80
12	11	1	84.00	80
12	12	1	84.00	80
12	13	1	84.00	80
12	14	1	84.00	80
12	15	1	84.00	80
12	16	1	84.00	80
12	17	1	84.00	80
12	18	1	84.00	80
12	19	1	84.00	80
12	20	1	84.00	80
12	21	1	84.00	80
12	22	1	84.00	80
12	23	1	84.00	80
12	24	1	84.00	80
12	25	1	84.00	80
12	26	1	84.00	80
12	27	1	84.00	80
12	28	1	84.00	80
12	29	1	84.00	80
12	30	1	84.00	80
12	31	1	84.00	80
12	32	1	84.00	80
12	33	1	84.00	80
12	34	1	84.00	80
12	35	1	84.00	80
12	36	1	84.00	80
12	37	1	84.00	80
12	38	1	84.00	80
12	39	1	84.00	80
12	40	1	84.00	80
12	41	1	84.00	80
12	42	1	84.00	80
12	43	1	84.00	80
12	44	1	84.00	80
12	45	1	84.00	80
12	46	1	84.00	80
12	47	1	84.00	80
12	48	1	84.00	80
12	49	1	84.00	80
12	50	1	84.00	80
12	51	1	84.00	80
12	52	1	84.00	80
12	53	1	84.00	80
12	54	1	84.00	80
12	55	1	84.00	80
12	56	1	84.00	80
12	57	1	84.00	80
12	58	1	84.00	80
12	59	1	84.00	80
12	60	1	84.00	80
12	61	1	84.00	80
12	62	1	84.00	80
12	63	1	84.00	80
12	64	1	84.00	80
12	65	1	84.00	80
12	66	1	84.00	80
12	67	1	84.00	80
12	68	1	84.00	80
12	69	1	84.00	80
12	70	1	84.00	80
12	71	1	84.00	80
12	72	1	84.00	80
12	73	1	84.00	80
12	74	1	84.00	80
12	75	1	84.00	80
12	76	1	84.00	80
12	77	1	84.00	80
12	78	1	84.00	80
12	79	1	84.00	80
12	80	1	84.00	80
12	81	1	84.00	80
12	82	1	84.00	80
12	83	1	84.00	80
12	84	1	84.00	80
12	85	1	84.00	80
12	86	1	84.00	80
12	87	1	84.00	80
12	88	1	84.00	80
12	89	1	84.00	80
12	90	1	84.00	80
12	91	1	84.00	80
12	92	1	84.00	80
12	93	1	84.00	80
12	94	1	84.00	80
12	95	1	84.00	80
12	96	1	84.00	80
12	97	1	84.00	80
12	98	1	84.00	80
12	99	1	84.00	80
12	100	1	84.00	80
12	101	1	84.00	80
12	102	1	84.00	80
12	103	1	84.00	80
12	104	1	84.00	80
12	105	1	84.00	80
12	106	1	84.00	80
12	107	1	84.00	80
12	108	1	84.00	80
12	109	1	84.00	80
12	110	1	84.00	80
12	111	1	84.00	80
12	112	1	84.00	80
12	113	1	84.00	80
12	114	1	84.00	80
12	115	1	84.00	80
12	116	1	84.00	80
12	117	1	84.00	80
12	118	1	84.00	80
12	119	1	84.00	80
12	120	1	84.00	80
12	121	1	84.00	80
12	122	1	84.00	80
12	123	1	84.00	80
12	124	1	84.00	80
12	125	1	84.00	80
12	126	1	84.00	80
12	127	1	84.00	80
12	128	1	84.00	80
12	129	1	84.00	80
12	130	1	84.00	80
12	131	1	84.00	80
12	132	1	84.00	80
12	133	1	84.00	80
12	134	1	84.00	80
12	135	1	84.00	80
12	136	1	84.00	80
12	137	1	84.00	80
12	138	1	84.00	80
12	139	1	84.00	80
12	140	1	84.00	80
12	141	1	84.00	80
12	142	1	84.00	80
12	143	1	84.00	80
12	144	1	84.00	80
12	145	1	84.00	80
12	146	1	84.00	80
12	147	1	84.00	80
12	148	1	84.00	80
12	149	1	84.00	80
12	150	1	84.00	80
12	151	1	84.00	80
12	152	1	84.00	80
12	153	1	84.00	80
12	154	1	84.00	80
12	155	1	84.00	80
12	156	1	84.00	80
12	157	1	84.00	80
12	158	1	84.00	80
12	159	1	84.00	80
12	160	1	84.00	80
12	161	1	84.00	80
12	162	1	84.00	80
12	163	1	84.00	80
12	164	1	84.00	80
12	165	1	84.00	80
12	166	1	84.00	80
12	167	1	84.00	80
12	168	1	84.00	80
12	169	1	84.00	80
12	170	1	84.00	80
12	171	1	84.00	80
12	172	1	84.00	80
12	173	1	84.00	80
12	174	1	84.00	80
12	175	1	84.00	80
12	176	1	84.00	80
12	177	1	84.00	80
12	178	1	84.00	80
12	179	1	84.00	80
12	180	1	84.00	80
12	181	1	84.00	80
12	182	1	84.00	80
12	183	1	84.00	80
12	184	1	84.00	80
12	185	1	84.00	80
12	186	1	84.00	80
12	187	1	84.00	80
12	188	1	84.00	80
12	189	1	84.00	80
12	190	1	84.00	80
12	191	1	84.00	80
12	192	1	84.00	80
12	193	1	84.00	80
12	194	1	84.00	80
12	195	1	84.00	80
12	196	1	84.00	80
12	197	1	84.00	80
12	198	1	84.00	80
12	199	1	84.00	80
12	200	1	84.00	80
12	201	1	84.00	80
12	202	1	84.00	80
12	203	1	84.00	80
12	204	1	84.00	80
12	205	1	84.00	80
12	206	1	84.00	80
12	207	1	84.00	80
12	208	1	84.00	80
12	209	1	84.00	80
12	210	1	84.00	80
12	211	1	84.00	80
12	212	1	84.00	80
12	213	1	84.00	80
12	214	1	84.00	80
12	215	1	84.00	80
12	216	1	84.00	80
12	217	1	84.00	80
12	218	1	84.00	80
12	219	1	84.00	80
12	220	1	84.00	80
12	221	1	84.00	80
12	222	1	84.00	80
12	223	1	84.00	80
12	224	1	84.00	80
12	225	1	84.00	80
12	226	1	84.00	80
12	227	1	84.00	80
12	228	1	84.00	80
12	229	1	84.00	80
13	0	1	84.00	80
13	1	1	84.00	80
13	2	1	84.00	80
13	3	1	84.00	80
13	4	1	84.00	80
13	5	1	84.00	80
13	6	1	84.00	80
13	7	1	84.00	80
13	8	1	84.00	80
13	9	1	84.00	80
13	10	1	84.00	80
13	11	1	84.00	80
13	12	1	84.00	80
13	13	1	84.00	80
13	14	1	84.00	80
13	15	1	84.00	80
13	16	1	84.00	80
13	17	1	84.00	80
13	18	1	84.00	80
13	19	1	84.00	80
13	20	1	84.00	80
13	21	1	84.00	80
13	22	1	84.00	80
13	23	1	84.00	80
13	24	1	84.00	80
13	25	1	84.00	80
13	26	1	84.00	80
13	27	1	84.00	80
13	28	1	84.00	80
13	29	1	84.00	80
13	30	1	84.00	80
13	31	1	84.00	80
13	32	1	84.00	80
13	33	1	84.00	80
13	34	1	84.00	80
13	35	1	84.00	80
13	36	1	84.00	80
13	37	1	84.00	80
13	38	1	84.00	80
13	39	1	84.00	80
13	40	1	84.00	80
13	41	1	84.00	80
13	42	1	84.00	80
13	43	1	84.00	80
13	44	1	84.00	80
13	45	1	84.00	80
13	46	1	84.00	80
13	47	1	84.00	80
13	48	1	84.00	80
13	49	1	84.00	80
13	50	1	84.00	80
13	51	1	84.00	80
13	52	1	84.00	80
13	53	1	84.00	80
13	54	1	84.00	80
13	55	1	84.00	80
13	56	1	84.00	80
13	57	1	84.00	80
13	58	1	84.00	80
13	59	1	84.00	80
13	60	1	84.00	80
13	61	1	84.00	80
13	62	1	84.00	80
13	63	1	84.00	80
13	64	1	84.00	80
13	65	1	84.00	80
13	66	1	84.00	80
13	67	1	84.00	80
13	68	1	84.00	80
13	69	1	84.00	80
13	70	1	84.00	80
13	71	1	84.00	80
13	72	1	84.00	80
13	73	1	84.00	80
13	74	1	84.00	80
13	75	1	84.00	80
13	76	1	84.00	80
13	77	1	84.00	80
13	78	1	84.00	80
13	79	1	84.00	80
13	80	1	84.00	80
13	81	1	84.00	80
13	82	1	84.00	80
13	83	1	84.00	80
13	84	1	84.00	80
13	85	1	84.00	80
13	86	1	84.00	80
13	87	1	84.00	80
13	88	1	84.00	80
13	89	1	84.00	80
13	90	1	84.00	80
13	91	1	84.00	80
13	92	1	84.00	80
13	93	1	84.00	80
13	94	1	84.00	80
13	95	1	84.00	80
13	96	1	84.00	80
13	97	1	84.00	80
13	98	1	84.00	80
13	99	1	84.00	80
13	100	1	84.00	80
13	101	1	84.00	80
13	102	1	84.00	80
13	103	1	84.00	80
13	104	1	84.00	80
13	105	1	84.00	80
13	106	1	84.00	80
13	107	1	84.00	80
13	108	1	84.00	80
13	109	1	84.00	80
13	110	1	84.00	80
13	111	1	84.00	80
13	112	1	84.00	80
13	113	1	84.00	80
13	114	1	84.00	80
13	115	1	84.00	80
13	116	1	84.00	80
13	117	1	84.00	80
13	118	1	84.00	80
13	119	1	84.00	80
13	120	1	84.00	80
13	121	1	84.00	80
13	122	1	84.00	80
13	123	1	84.00	80
13	124	1	84.00	80
13	125	1	84.00	80
13	126	1	84.00	80
13	127	1	84.00	80
13	128	1	84.00	80
13	129	1	84.00	80
13	130	1	84.00	80
13	131	1	84.00	80
13	132	1	84.00	80
13	133	1	84.00	80
13	134	1	84.00	80
13	135	1	84.00	80
13	136	1	84.00	80
13	137	1	84.00	80
13	138	1	84.00	80
13	139	1	84.00	80
13	140	1	84.00	80
13	141	1	84.00	80
13	142	1	84.00	80
13	143	1	84.00	80
13	144	1	84.00	80
13	145	1	84.00	80
13	146	1	84.00	80
13	147	1	84.00	80
13	148	1	84.00	80
13	149	1	84.00	80
13	150	1	84.00	80
13	151	1	84.00	80
13	152	1	84.00	80
13	153	1	84.00	80
13	154	1	84.00	80
13	155	1	84.00	80
13	156	1	84.00	80
13	157	1	84.00	80
13	158	1	84.00	80
13	159	1	84.00	80
13	160	1	84.00	80
13	161	1	84.00	80
13	162	1	84.00	80
13	163	1	84.00	80
13	164	1	84.00	80
13	165	1	84.00	80
13	166	1	84.00	80
13	167	1	84.00	80
13	168	1	84.00	80
13	169	1	84.00	80
13	170	1	84.00	80
13	171	1	84.00	80
13	172	1	84.00	80
13	173	1	84.00	80
13	174	1	84.00	80
13	175	1	84.00	80
13	176	1	84.00	80
13	177	1	84.00	80
13	178	1	84.00	80
13	179	1	84.00	80
13	180	1	84.00	80
13	181	1	84.00	80
13	182	1	84.00	80
13	183	1	84.00	80
13	184	1	84.00	80
13	185	1	84.00	80
13	186	1	84.00	80
13	187	1	84.00	80
13	188	1	84.00	80
13	189	1	84.00	80
13	190	1	84.00	80
13	191	1	84.00	80
13	192	1	84.00	80
13	193	1	84.00	80
13	194	1	84.00	80
13	195	1	84.00	80
13	196	1	84.00	80
13	197	1	84.00	80
13	198	1	84.00	80
13	199	1	84.00	80
13	200	1	84.00	80
13	201	1	84.00	80
13	202	1	84.00	80
13	203	1	84.00	80
13	204	1	84.00	80
13	205	1	84.00	80
13	206	1	84.00	80
13	207	1	84.00	80
13	208	1	84.00	80
13	209	1	84.00	80
13	210	1	84.00	80
13	211	1	84.00	80
13	212	1	84.00	80
13	213	1	84.00	80
14	0	1	84.00	80
14	1	1	84.00	80
14	2	1	84.00	80
14	3	1	84.00	80
14	4	1	84.00	80
14	5	1	84.00	80
14	6	1	84.00	80
14	7	1	84.00	80
14	8	1	84.00	80
14	9	1	84.00	80
14	10	1	84.00	80
14	11	1	84.00	80
14	12	1	84.00	80
14	13	1	84.00	80
14	14	1	84.00	80
14	15	1	84.00	80
14	16	1	84.00	80
14	17	1	84.00	80
14	18	1	84.00	80
14	19	1	84.00	80
14	20	1	84.00	80
14	21	1	84.00	80
14	22	1	84.00	80
14	23	1	84.00	80
14	24	1	84.00	80
14	25	1	84.00	80
14	26	1	84.00	80
14	27	1	84.00	80
14	28	1	84.00	80
14	29	1	84.00	80
14	30	1	84.00	80
14	31	1	84.00	80
14	32	1	84.00	80
14	33	1	84.00	80
14	34	1	84.00	80
14	35	1	84.00	80
14	36	1	84.00	80
14	37	1	84.00	80
14	38	1	84.00	80
14	39	1	84.00	80
14	40	1	84.00	80
14	41	1	84.00	80
14	42	1	84.00	80
14	43	1	84.00	80
14	44	1	84.00	80
14	45	1	84.00	80
14	46	1	84.00	80
14	47	1	84.00	80
14	48	1	84.00	80
14	49	1	84.00	80
14	50	1	84.00	80
14	51	1	84.00	80
14	52	1	84.00	80
14	53	1	84.00	80
14	54	1	84.00	80
14	55	1	84.00	80
14	56	1	84.00	80
14	57	1	84.00	80
14	58	1	84.00	80
14	59	1	84.00	80
14	60	1	84.00	80
14	61	1	84.00	80
14	62	1	84.00	80
14	63	1	84.00	80
14	64	1	84.00	80
14	65	1	84.00	80
14	66	1	84.00	80
14	67	1	84.00	80
14	68	1	84.00	80
14	69	1	84.00	80
14	70	1	84.00	80
14	71	1	84.00	80
14	72	1	84.00	80
14	73	1	84.00	80
14	74	1	84.00	80
14	75	1	84.00	80
14	76	1	84.00	80
14	77	1	84.00	80
14	78	1	84.00	80
14	79	1	84.00	80
14	80	1	84.00	80
14	81	1	84.00	80
14	82	1	84.00	80
14	83	1	84.00	80
14	84	1	84.00	80
14	85	1	84.00	80
14	86	1	84.00	80
14	87	1	84.00	80
14	88	1	84.00	80
14	89	1	84.00	80
14	90	1	84.00	80
14	91	1	84.00	80
14	92	1	84.00	80
14	93	1	84.00	80
14	94	1	84.00	80
14	95	1	84.00	80
14	96	1	84.00	80
14	97	1	84.00	80
14	98	1	84.00	80
14	99	1	84.00	80
14	100	1	84.00	80
14	101	1	84.00	80
14	102	1	84.00	80
14	103	1	84.00	80
14	104	1	84.00	80
14	105	1	84.00	80
14	106	1	84.00	80
14	107	1	84.00	80
14	108	1	84.00	80
14	109	1	84.00	80
14	110	1	84.00	80
14	111	1	84.00	80
14	112	1	84.00	80
14	113	1	84.00	80
14	114	1	84.00	80
14	115	1	84.00	80
14	116	1	84.00	80
14	117	1	84.00	80
14	118	1	84.00	80
14	119	1	84.00	80
14	120	1	84.00	80
14	121	1	84.00	80
14	122	1	84.00	80
14	123	1	84.00	80
14	124	1	84.00	80
14	125	1	84.00	80
14	126	1	84.00	80
14	127	1	84.00	80
14	128	1	84.00	80
14	129	1	84.00	80
14	130	1	84.00	80
14	131	1	84.00	80
14	132	1	84.00	80
14	133	1	84.00	80
14	134	1	84.00	80
14	135	1	84.00	80
14	136	1	84.00	80
14	137	1	84.00	80
14	138	1	84.00	80
14	139	1	84.00	80
14	140	1	84.00	80
14	141	1	84.00	80
14	142	1	84.00	80
14	143	1	84.00	80
14	144	1	84.00	80
14	145	1	84.00	80
14	146	1	84.00	80
14	147	1	84.00	80
14	148	1	84.00	80
14	149	1	84.00	80
14	150	1	84.00	80
14	151	1	84.00	80
14	152	1	84.00	80
14	153	1	84.00	80
14	154	1	84.00	80
14	155	1	84.00	80
14	156	1	84.00	80
14	157	1	84.00	80
14	158	1	84.00	80
14	159	1	84.00	80
14	160	1	84.00	80
14	161	1	84.00	80
14	162	1	84.00	80
14	163	1	84.00	80
14	164	1	84.00	80
14	165	1	84.00	80
14	166	1	84.00	80
14	167	1	84.00	80
14	168	1	84.00	80
14	169	1	84.00	80
14	170	1	84.00	80
14	171	1	84.00	80
14	172	1	84.00	80
14	173	1	84.00	80
14	174	1	84.00	80
14	175	1	84.00	80
14	176	1	84.00	80
14	177	1	84.00	80
14	178	1	84.00	80
14	179	1	84.00	80
14	180	1	84.00	80
14	181	1	84.00	80
14	182	1	84.00	80
14	183	1	84.00	80
14	184	1	84.00	80
14	185	1	84.00	80
14	186	1	84.00	80
14	187	1	84.00	80
14	188	1	84.00	80
14	189	1	84.00	80
14	190	1	84.00	80
14	191	1	84.00	80
14	192	1	84.00	80
14	193	1	84.00	80
14	194	1	84.00	80
14	195	1	84.00	80
14	196	1	84.00	80
14	197	1	84.00	80
14	198	1	84.00	80
14	199	1	84.00	80
14	200	1	84.00	80
14	201	1	84.00	80
14	202	1	84.00	80
14	203	1	84.00	80
14	204	1	84.00	80
14	205	1	84.00	80
14	206	1	84.00	80
14	207	1	84.00	80
14	208	1	84.00	80
14	209	1	84.00	80
14	210	1	84.00	80
14	211	1	84.00	80
15	0	1	84.00	80
15	1	1	84.00	80
15	2	1	84.00	80
15	3	1	84.00	80
15	4	1	84.00	80
15	5	1	84.00	80
15	6	1	84.00	80
15	7	1	84.00	80
15	8	1	84.00	80
15	9	1	84.00	80
15	10	1	84.00	80
15	11	1	84.00	80
15	12	1	84.00	80
15	13	1	84.00	80
15	14	1	84.00	80
15	15	1	84.00	80
15	16	1	84.00	80
15	17	1	84.00	80
15	18	1	84.00	80
15	19	1	84.00	80
15	20	1	84.00	80
15	21	1	84.00	80
15	22	1	84.00	80
15	23	1	84.00	80
15	24	1	84.00	80
15	25	1	84.00	80
15	26	1	84.00	80
15	27	1	84.00	80
15	28	1	84.00	80
15	29	1	84.00	80
15	30	1	84.00	80
15	31	1	84.00	80
15	32	1	84.00	80
15	33	1	84.00	80
15	34	1	84.00	80
15	35	1	84.00	80
15	36	1	84.00	80
15	37	1	84.00	80
15	38	1	84.00	80
15	39	1	84.00	80
15	40	1	84.00	80
15	41	1	84.00	80
15	42	1	84.00	80
15	43	1	84.00	80
15	44	1	84.00	80
15	45	1	84.00	80
15	46	1	84.00	80
15	47	1	84.00	80
15	48	1	84.00	80
15	49	1	84.00	80
15	50	1	84.00	80
15	51	1	84.00	80
15	52	1	84.00	80
15	53	1	84.00	80
15	54	1	84.00	80
15	55	1	84.00	80
15	56	1	84.00	80
15	57	1	84.00	80
15	58	1	84.00	80
15	59	1	84.00	80
15	60	1	84.00	80
15	61	1	84.00	80
15	62	1	84.00	80
15	63	1	84.00	80
15	64	1	84.00	80
15	65	1	84.00	80
15	66	1	84.00	80
15	67	1	84.00	80
15	68	1	84.00	80
15	69	1	84.00	80
15	70	1	84.00	80
15	71	1	84.00	80
15	72	1	84.00	80
15	73	1	84.00	80
15	74	1	84.00	80
15	75	1	84.00	80
15	76	1	84.00	80
15	77	1	84.00	80
15	78	1	84.00	80
15	79	1	84.00	80
15	80	1	84.00	80
15	81	1	84.00	80
15	82	1	84.00	80
15	83	1	84.00	80
15	84	1	84.00	80
15	85	1	84.00	80
15	86	1	84.00	80
15	87	1	84.00	80
15	88	1	84.00	80
15	89	1	84.00	80
15	90	1	84.00	80
15	91	1	84.00	80
15	92	1	84.00	80
15	93	1	84.00	80
15	94	1	84.00	80
15	95	1	84.00	80
15	96	1	84.00	80
15	97	1	84.00	80
15	98	1	84.00	80
15	99	1	84.00	80
15	100	1	84.00	80
15	101	1	84.00	80
15	102	1	84.00	80
15	103	1	84.00	80
15	104	1	84.00	80
15	105	1	84.00	80
15	106	1	84.00	80
15	107	1	84.00	80
15	108	1	84.00	80
15	109	1	84.00	80
15	110	1	84.00	80
15	111	1	84.00	80
15	112	1	84.00	80
15	113	1	84.00	80
15	114	1	84.00	80
15	115	1	84.00	80
15	116	1	84.00	80
15	117	1	84.00	80
15	118	1	84.00	80
15	119	1	84.00	80
15	120	1	84.00	80
15	121	1	84.00	80
15	122	1	84.00	80
15	123	1	84.00	80
15	124	1	84.00	80
15	125	1	84.00	80
15	126	1	84.00	80
15	127	1	84.00	80
15	128	1	84.00	80
15	129	1	84.00	80
15	130	1	84.00	80
15	131	1	84.00	80
15	132	1	84.00	80
15	133	1	84.00	80
15	134	1	84.00	80
15	135	1	84.00	80
15	136	1	84.00	80
15	137	1	84.00	80
15	138	1	84.00	80
15	139	1	84.00	80
15	140	1	84.00	80
15	141	1	84.00	80
15	142	1	84.00	80
15	143	1	84.00	80
15	144	1	84.00	80
15	145	1	84.00	80
15	146	1	84.00	80
15	147	1	84.00	80
15	148	1	84.00	80
15	149	1	84.00	80
15	150	1	84.00	80
15	151	1	84.00	80
15	152	1	84.00	80
15	153	1	84.00	80
15	154	1	84.00	80
15	155	1	84.00	80
15	156	1	84.00	80
15	157	1	84.00	80
15	158	1	84.00	80
15	159	1	84.00	80
15	160	1	84.00	80
15	161	1	84.00	80
15	162	1	84.00	80
15	163	1	84.00	80
15	164	1	84.00	80
15	165	1	84.00	80
15	166	1	84.00	80
15	167	1	84.00	80
15	168	1	84.00	80
15	169	1	84.00	80
15	170	1	84.00	80
15	171	1	84.00	80
15	172	1	84.00	80
15	173	1	84.00	80
15	174	1	84.00	80
15	175	1	84.00	80
15	176	1	84.00	80
15	177	1	84.00	80
15	178	1	84.00	80
15	179	1	84.00	80
15	180	1	84.00	80
15	181	1	84.00	80
15	182	1	84.00	80
15	183	1	84.00	80
15	184	1	84.00	80
15	185	1	84.00	80
15	186	1	84.00	80
15	187	1	84.00	80
15	188	1	84.00	80
15	189	1	84.00	80
15	190	1	84.00	80
15	191	1	84.00	80
15	192	1	84.00	80
15	193	1	84.00	80
15	194	1	84.00	80
15	195	1	84.00	80
15	196	1	84.00	80
15	197	1	84.00	80
15	198	1	84.00	80
15	199	1	84.00	80
15	200	1	84.00	80
15	201	1	84.00	80
15	202	1	84.00	80
15	203	1	84.00	80
15	204	1	84.00	80
15	205	1	84.00	80
15	206	1	84.00	80
15	207	1	84.00	80
15	208	1	84.00	80
15	209	1	84.00	80
15	210	1	84.00	80
15	211	1	84.00	80
15	212	1	84.00	80
15	213	1	84.00	80
16	0	1	84.00	80
16	1	1	84.00	80
16	2	1	84.00	80
16	3	1	84.00	80
16	4	1	84.00	80
16	5	1	84.00	80
16	6	1	84.00	80
16	7	1	84.00	80
16	8	1	84.00	80
16	9	1	84.00	80
16	10	1	84.00	80
16	11	1	84.00	80
16	12	1	84.00	80
16	13	1	84.00	80
16	14	1	84.00	80
16	15	1	84.00	80
16	16	1	84.00	80
16	17	1	84.00	80
16	18	1	84.00	80
16	19	1	84.00	80
16	20	1	84.00	80
16	21	1	84.00	80
16	22	1	84.00	80
16	23	1	84.00	80
16	24	1	84.00	80
16	25	1	84.00	80
16	26	1	84.00	80
16	27	1	84.00	80
16	28	1	84.00	80
16	29	1	84.00	80
16	30	1	84.00	80
16	31	1	84.00	80
16	32	1	84.00	80
16	33	1	84.00	80
16	34	1	84.00	80
16	35	1	84.00	80
16	36	1	84.00	80
16	37	1	84.00	80
16	38	1	84.00	80
16	39	1	84.00	80
16	40	1	84.00	80
16	41	1	84.00	80
16	42	1	84.00	80
16	43	1	84.00	80
16	44	1	84.00	80
16	45	1	84.00	80
16	46	1	84.00	80
16	47	1	84.00	80
16	48	1	84.00	80
16	49	1	84.00	80
16	50	1	84.00	80
16	51	1	84.00	80
16	52	1	84.00	80
16	53	1	84.00	80
16	54	1	84.00	80
16	55	1	84.00	80
16	56	1	84.00	80
16	57	1	84.00	80
16	58	1	84.00	80
16	59	1	84.00	80
16	60	1	84.00	80
16	61	1	84.00	80
16	62	1	84.00	80
16	63	1	84.00	80
16	64	1	84.00	80
16	65	1	84.00	80
16	66	1	84.00	80
16	67	1	84.00	80
16	68	1	84.00	80
16	69	1	84.00	80
16	70	1	84.00	80
16	71	1	84.00	80
16	72	1	84.00	80
16	73	1	84.00	80
16	74	1	84.00	80
16	75	1	84.00	80
16	76	1	84.00	80
16	77	1	84.00	80
16	78	1	84.00	80
16	79	1	84.00	80
16	80	1	84.00	80
16	81	1	84.00	80
16	82	1	84.00	80
16	83	1	84.00	80
16	84	1	84.00	80
16	85	1	84.00	80
16	86	1	84.00	80
16	87	1	84.00	80
16	88	1	84.00	80
16	89	1	84.00	80
16	90	1	84.00	80
16	91	1	84.00	80
16	92	1	84.00	80
16	93	1	84.00	80
16	94	1	84.00	80
16	95	1	84.00	80
16	96	1	84.00	80
16	97	1	84.00	80
16	98	1	84.00	80
16	99	1	84.00	80
16	100	1	84.00	80
16	101	1	84.00	80
16	102	1	84.00	80
16	103	1	84.00	80
16	104	1	84.00	80
16	105	1	84.00	80
16	106	1	84.00	80
16	107	1	84.00	80
16	108	1	84.00	80
16	109	1	84.00	80
16	110	1	84.00	80
16	111	1	84.00	80
16	112	1	84.00	80
16	113	1	84.00	80
16	114	1	84.00	80
16	115	1	84.00	80
16	116	1	84.00	80
16	117	1	84.00	80
16	118	1	84.00	80
16	119	1	84.00	80
16	120	1	84.00	80
16	121	1	84.00	80
16	122	1	84.00	80
16	123	1	84.00	80
16	124	1	84.00	80
16	125	1	84.00	80
16	126	1	84.00	80
16	127	1	84.00	80
16	128	1	84.00	80
16	129	1	84.00	80
16	130	1	84.00	80
16	131	1	84.00	80
16	132	1	84.00	80
16	133	1	84.00	80
16	134	1	84.00	80
16	135	1	84.00	80
16	136	1	84.00	80
16	137	1	84.00	80
16	138	1	84.00	80
16	139	1	84.00	80
16	140	1	84.00	80
16	141	1	84.00	80
16	142	1	84.00	80
16	143	1	84.00	80
16	144	1	84.00	80
16	145	1	84.00	80
16	146	1	84.00	80
16	147	1	84.00	80
16	148	1	84.00	80
16	149	1	84.00	80
16	150	1	84.00	80
16	151	1	84.00	80
16	152	1	84.00	80
16	153	1	84.00	80
16	154	1	84.00	80
16	155	1	84.00	80
16	156	1	84.00	80
16	157	1	84.00	80
16	158	1	84.00	80
16	159	1	84.00	80
16	160	1	84.00	80
16	161	1	84.00	80
16	162	1	84.00	80
16	163	1	84.00	80
16	164	1	84.00	80
16	165	1	84.00	80
16	166	1	84.00	80
16	167	1	84.00	80
16	168	1	84.00	80
16	169	1	84.00	80
16	170	1	84.00	80
16	171	1	84.00	80
16	172	1	84.00	80
16	173	1	84.00	80
16	174	1	84.00	80
16	175	1	84.00	80
16	176	1	84.00	80
16	177	1	84.00	80
16	178	1	84.00	80
16	179	1	84.00	80
16	180	1	84.00	80
16	181	1	84.00	80
16	182	1	84.00	80
16	183	1	84.00	80
16	184	1	84.00	80
16	185	1	84.00	80
16	186	1	84.00	80
16	187	1	84.00	80
16	188	1	84.00	80
16	189	1	84.00	80
16	190	1	84.00	80
16	191	1	84.00	80
16	192	1	84.00	80
16	193	1	84.00	80
16	194	1	84.00	80
16	195	1	84.00	80
16	196	1	84.00	80
16	197	1	84.00	80
16	198	1	84.00	80
16	199	1	84.00	80
16	200	1	84.00	80
16	201	1	84.00	80
16	202	1	84.00	80
16	203	1	84.00	80
16	204	1	84.00	80
16	205	1	84.00	80
16	206	1	84.00	80
16	207	1	84.00	80
16	208	1	84.00	80
16	209	1	84.00	80
16	210	1	84.00	80
16	211	1	84.00	80
16	212	1	84.00	80
16	213	1	84.00	80
16	214	1	84.00	80
16	215	1	84.00	80
16	216	1	84.00	80
16	217	1	84.00	80
16	218	1	84.00	80
16	219	1	84.00	80
17	0	1	84.00	80
17	1	1	84.00	80
17	2	1	84.00	80
17	3	1	84.00	80
17	4	1	84.00	80
17	5	1	84.00	80
17	6	1	84.00	80
17	7	1	84.00	80
17	8	1	84.00	80
17	9	1	84.00	80
17	10	1	84.00	80
17	11	1	84.00	80
17	12	1	84.00	80
17	13	1	84.00	80
17	14	1	84.00	80
17	15	1	84.00	80
17	16	1	84.00	80
17	17	1	84.00	80
17	18	1	84.00	80
17	19	1	84.00	80
17	20	1	84.00	80
17	21	1	84.00	80
17	22	1	84.00	80
17	23	1	84.00	80
17	24	1	84.00	80
17	25	1	84.00	80
17	26	1	84.00	80
17	27	1	84.00	80
17	28	1	84.00	80
17	29	1	84.00	80
17	30	1	84.00	80
17	31	1	84.00	80
17	32	1	84.00	80
17	33	1	84.00	80
17	34	1	84.00	80
17	35	1	84.00	80
17	36	1	84.00	80
17	37	1	84.00	80
17	38	1	84.00	80
17	39	1	84.00	80
17	40	1	84.00	80
17	41	1	84.00	80
17	42	1	84.00	80
17	43	1	84.00	80
17	44	1	84.00	80
17	45	1	84.00	80
17	46	1	84.00	80
17	47	1	84.00	80
17	48	1	84.00	80
17	49	1	84.00	80
17	50	1	84.00	80
17	51	1	84.00	80
17	52	1	84.00	80
17	53	1	84.00	80
17	54	1	84.00	80
17	55	1	84.00	80
17	56	1	84.00	80
17	57	1	84.00	80
17	58	1	84.00	80
17	59	1	84.00	80
17	60	1	84.00	80
17	61	1	84.00	80
17	62	1	84.00	80
17	63	1	84.00	80
17	64	1	84.00	80
17	65	1	84.00	80
17	66	1	84.00	80
17	67	1	84.00	80
17	68	1	84.00	80
17	69	1	84.00	80
17	70	1	84.00	80
17	71	1	84.00	80
17	72	1	84.00	80
17	73	1	84.00	80
17	74	1	84.00	80
17	75	1	84.00	80
17	76	1	84.00	80
17	77	1	84.00	80
17	78	1	84.00	80
17	79	1	84.00	80
17	80	1	84.00	80
17	81	1	84.00	80
17	82	1	84.00	80
17	83	1	84.00	80
17	84	1	84.00	80
17	85	1	84.00	80
17	86	1	84.00	80
17	87	1	84.00	80
17	88	1	84.00	80
17	89	1	84.00	80
17	90	1	84.00	80
17	91	1	84.00	80
17	92	1	84.00	80
17	93	1	84.00	80
17	94	1	84.00	80
17	95	1	84.00	80
17	96	1	84.00	80
17	97	1	84.00	80
17	98	1	84.00	80
17	99	1	84.00	80
17	100	1	84.00	80
17	101	1	84.00	80
17	102	1	84.00	80
17	103	1	84.00	80
17	104	1	84.00	80
17	105	1	84.00	80
17	106	1	84.00	80
17	107	1	84.00	80
17	108	1	84.00	80
17	109	1	84.00	80
17	110	1	84.00	80
17	111	1	84.00	80
17	112	1	84.00	80
17	113	1	84.00	80
17	114	1	84.00	80
17	115	1	84.00	80
17	116	1	84.00	80
17	117	1	84.00	80
17	118	1	84.00	80
17	119	1	84.00	80
17	120	1	84.00	80
17	121	1	84.00	80
17	122	1	84.00	80
17	123	1	84.00	80
17	124	1	84.00	80
17	125	1	84.00	80
17	126	1	84.00	80
17	127	1	84.00	80
17	128	1	84.00	80
17	129	1	84.00	80
17	130	1	84.00	80
17	131	1	84.00	80
17	132	1	84.00	80
17	133	1	84.00	80
17	134	1	84.00	80
17	135	1	84.00	80
17	136	1	84.00	80
17	137	1	84.00	80
17	138	1	84.00	80
17	139	1	84.00	80
17	140	1	84.00	80
17	141	1	84.00	80
17	142	1	84.00	80
17	143	1	84.00	80
17	144	1	84.00	80
17	145	1	84.00	80
17	146	1	84.00	80
17	147	1	84.00	80
17	148	1	84.00	80
17	149	1	84.00	80
17	150	1	84.00	80
17	151	1	84.00	80
17	152	1	84.00	80
17	153	1	84.00	80
17	154	1	84.00	80
17	155	1	84.00	80
17	156	1	84.00	80
17	157	1	84.00	80
17	158	1	84.00	80
17	159	1	84.00	80
17	160	1	84.00	80
17	161	1	84.00	80
17	162	1	84.00	80
17	163	1	84.00	80
17	164	1	84.00	80
17	165	1	84.00	80
17	166	1	84.00	80
17	167	1	84.00	80
17	168	1	84.00	80
17	169	1	84.00	80
17	170	1	84.00	80
17	171	1	84.00	80
17	172	1	84.00	80
17	173	1	84.00	80
17	174	1	84.00	80
17	175	1	84.00	80
17	176	1	84.00	80
17	177	1	84.00	80
17	178	1	84.00	80
17	179	1	84.00	80
17	180	1	84.00	80
17	181	1	84.00	80
17	182	1	84.00	80
17	183	1	84.00	80
17	184	1	84.00	80
17	185	1	84.00	80
17	186	1	84.00	80
17	187	1	84.00	80
17	188	1	84.00	80
17	189	1	84.00	80
17	190	1	84.00	80
17	191	1	84.00	80
17	192	1	84.00	80
17	193	1	84.00	80
17	194	1	84.00	80
17	195	1	84.00	80
17	196	1	84.00	80
17	197	1	84.00	80
17	198	1	84.00	80
17	199	1	84.00	80
17	200	1	84.00	80
17	201	1	84.00	80
17	202	1	84.00	80
17	203	1	84.00	80
17	204	1	84.00	80
17	205	1	84.00	80
17	206	1	84.00	80
17	207	1	84.00	80
17	208	1	84.00	80
17	209	1	84.00	80
17	210	1	84.00	80
17	211	1	84.00	80
17	212	1	84.00	80
17	213	1	84.00	80
17	214	1	84.00	80
17	215	1	84.00	80
17	216	1	84.00	80
17	217	1	84.00	80
17	218	1	84.00	80
17	219	1	84.00	80
17	220	1	84.00	80
17	221	1	84.00	80
17	222	1	84.00	80
17	223	1	84.00	80
18	0	1	84.00	80
18	1	1	84.00	80
18	2	1	84.00	80
18	3	1	84.00	80
18	4	1	84.00	80
18	5	1	84.00	80
18	6	1	84.00	80
18	7	1	84.00	80
18	8	1	84.00	80
18	9	1	84.00	80
18	10	1	84.00	80
18	11	1	84.00	80
18	12	1	84.00	80
18	13	1	84.00	80
18	14	1	84.00	80
18	15	1	84.00	80
18	16	1	84.00	80
18	17	1	84.00	80
18	18	1	84.00	80
18	19	1	84.00	80
18	20	1	84.00	80
18	21	1	84.00	80
18	22	1	84.00	80
18	23	1	84.00	80
18	24	1	84.00	80
18	25	1	84.00	80
18	26	1	84.00	80
18	27	1	84.00	80
18	28	1	84.00	80
18	29	1	84.00	80
18	30	1	84.00	80
18	31	1	84.00	80
18	32	1	84.00	80
18	33	1	84.00	80
18	34	1	84.00	80
18	35	1	84.00	80
18	36	1	84.00	80
18	37	1	84.00	80
18	38	1	84.00	80
18	39	1	84.00	80
18	40	1	84.00	80
18	41	1	84.00	80
18	42	1	84.00	80
18	43	1	84.00	80
18	44	1	84.00	80
18	45	1	84.00	80
18	46	1	84.00	80
18	47	1	84.00	80
18	48	1	84.00	80
18	49	1	84.00	80
18	50	1	84.00	80
18	51	1	84.00	80
18	52	1	84.00	80
18	53	1	84.00	80
18	54	1	84.00	80
18	55	1	84.00	80
18	56	1	84.00	80
18	57	1	84.00	80
18	58	1	84.00	80
18	59	1	84.00	80
18	60	1	84.00	80
18	61	1	84.00	80
18	62	1	84.00	80
18	63	1	84.00	80
18	64	1	84.00	80
18	65	1	84.00	80
18	66	1	84.00	80
18	67	1	84.00	80
18	68	1	84.00	80
18	69	1	84.00	80
18	70	1	84.00	80
18	71	1	84.00	80
18	72	1	84.00	80
18	73	1	84.00	80
18	74	1	84.00	80
18	75	1	84.00	80
18	76	1	84.00	80
18	77	1	84.00	80
18	78	1	84.00	80
18	79	1	84.00	80
18	80	1	84.00	80
18	81	1	84.00	80
18	82	1	84.00	80
18	83	1	84.00	80
18	84	1	84.00	80
18	85	1	84.00	80
18	86	1	84.00	80
18	87	1	84.00	80
18	88	1	84.00	80
18	89	1	84.00	80
18	90	1	84.00	80
18	91	1	84.00	80
18	92	1	84.00	80
18	93	1	84.00	80
18	94	1	84.00	80
18	95	1	84.00	80
18	96	1	84.00	80
18	97	1	84.00	80
18	98	1	84.00	80
18	99	1	84.00	80
18	100	1	84.00	80
18	101	1	84.00	80
18	102	1	84.00	80
18	103	1	84.00	80
18	104	1	84.00	80
18	105	1	84.00	80
18	106	1	84.00	80
18	107	1	84.00	80
18	108	1	84.00	80
18	109	1	84.00	80
18	110	1	84.00	80
18	111	1	84.00	80
18	112	1	84.00	80
18	113	1	84.00	80
18	114	1	84.00	80
18	115	1	84.00	80
18	116	1	84.00	80
18	117	1	84.00	80
18	118	1	84.00	80
18	119	1	84.00	80
18	120	1	84.00	80
18	121	1	84.00	80
18	122	1	84.00	80
18	123	1	84.00	80
18	124	1	84.00	80
18	125	1	84.00	80
18	126	1	84.00	80
18	127	1	84.00	80
18	128	1	84.00	80
18	129	1	84.00	80
18	130	1	84.00	80
18	131	1	84.00	80
18	132	1	84.00	80
18	133	1	84.00	80
18	134	1	84.00	80
18	135	1	84.00	80
18	136	1	84.00	80
18	137	1	84.00	80
18	138	1	84.00	80
18	139	1	84.00	80
18	140	1	84.00	80
18	141	1	84.00	80
18	142	1	84.00	80
18	143	1	84.00	80
18	144	1	84.00	80
18	145	1	84.00	80
18	146	1	84.00	80
18	147	1	84.00	80
18	148	1	84.00	80
18	149	1	84.00	80
18	150	1	84.00	80
18	151	1	84.00	80
18	152	1	84.00	80
18	153	1	84.00	80
18	154	1	84.00	80
18	155	1	84.00	80
18	156	1	84.00	80
18	157	1	84.00	80
18	158	1	84.00	80
18	159	1	84.00	80
18	160	1	84.00	80
18	161	1	84.00	80
18	162	1	84.00	80
18	163	1	84.00	80
18	164	1	84.00	80
18	165	1	84.00	80
18	166	1	84.00	80
18	167	1	84.00	80
18	168	1	84.00	80
18	169	1	84.00	80
18	170	1	84.00	80
18	171	1	84.00	80
18	172	1	84.00	80
18	173	1	84.00	80
18	174	1	84.00	80
18	175	1	84.00	80
18	176	1	84.00	80
18	177	1	84.00	80
18	178	1	84.00	80
18	179	1	84.00	80
18	180	1	84.00	80
18	181	1	84.00	80
18	182	1	84.00	80
18	183	1	84.00	80
18	184	1	84.00	80
18	185	1	84.00	80
18	186	1	84.00	80
18	187	1	84.00	80
18	188	1	84.00	80
18	189	1	84.00	80
18	190	1	84.00	80
18	191	1	84.00	80
18	192	1	84.00	80
18	193	1	84.00	80
18	194	1	84.00	80
18	195	1	84.00	80
18	196	1	84.00	80
18	197	1	84.00	80
18	198	1	84.00	80
18	199	1	84.00	80
18	200	1	84.00	80
18	201	1	84.00	80
18	202	1	84.00	80
18	203	1	84.00	80
18	204	1	84.00	80
18	205	1	84.00	80
18	206	1	84.00	80
18	207	1	84.00	80
18	208	1	84.00	80
18	209	1	84.00	80
18	210	1	84.00	80
18	211	1	84.00	80
18	212	1	84.00	80
18	213	1	84.00	80
18	214	1	84.00	80
18	215	1	84.00	80
18	216	1	84.00	80
18	217	1	84.00	80
18	218	1	84.00	80
18	219	1	84.00	80
18	220	1	84.00	80
18	221	1	84.00	80
18	222	1	84.00	80
18	223	1	84.00	80
18	224	1	84.00	80
18	225	1	84.00	80
18	226	1	84.00	80
18	227	1	84.00	80
18	228	1	84.00	80
18	229	1	84.00	80
18	230	1	84.00	80
18	231	1	84.00	80
19	0	1	84.00	80
19	1	1	84.00	80
19	2	1	84.00	80
19	3	1	84.00	80
19	4	1	84.00	80
19	5	1	84.00	80
19	6	1	84.00	80
19	7	1	84.00	80
19	8	1	84.00	80
19	9	1	84.00	80
19	10	1	84.00	80
19	11	1	84.00	80
19	12	1	84.00	80
19	13	1	84.00	80
19	14	1	84.00	80
19	15	1	84.00	80
19	16	1	84.00	80
19	17	1	84.00	80
19	18	1	84.00	80
19	19	1	84.00	80
19	20	1	84.00	80
19	21	1	84.00	80
19	22	1	84.00	80
19	23	1	84.00	80
19	24	1	84.00	80
19	25	1	84.00	80
19	26	1	84.00	80
19	27	1	84.00	80
19	28	1	84.00	80
19	29	1	84.00	80
19	30	1	84.00	80
19	31	1	84.00	80
19	32	1	84.00	80
19	33	1	84.00	80
19	34	1	84.00	80
19	35	1	84.00	80
19	36	1	84.00	80
19	37	1	84.00	80
19	38	1	84.00	80
19	39	1	84.00	80
19	40	1	84.00	80
19	41	1	84.00	80
19	42	1	84.00	80
19	43	1	84.00	80
19	44	1	84.00	80
19	45	1	84.00	80
19	46	1	84.00	80
19	47	1	84.00	80
19	48	1	84.00	80
19	49	1	84.00	80
19	50	1	84.00	80
19	51	1	84.00	80
19	52	1	84.00	80
19	53	1	84.00	80
19	54	1	84.00	80
19	55	1	84.00	80
19	56	1	84.00	80
19	57	1	84.00	80
19	58	1	84.00	80
19	59	1	84.00	80
19	60	1	84.00	80
19	61	1	84.00	80
19	62	1	84.00	80
19	63	1	84.00	80
19	64	1	84.00	80
19	65	1	84.00	80
19	66	1	84.00	80
19	67	1	84.00	80
19	68	1	84.00	80
19	69	1	84.00	80
19	70	1	84.00	80
19	71	1	84.00	80
19	72	1	84.00	80
19	73	1	84.00	80
19	74	1	84.00	80
19	75	1	84.00	80
19	76	1	84.00	80
19	77	1	84.00	80
19	78	1	84.00	80
19	79	1	84.00	80
19	80	1	84.00	80
19	81	1	84.00	80
19	82	1	84.00	80
19	83	1	84.00	80
19	84	1	84.00	80
19	85	1	84.00	80
19	86	1	84.00	80
19	87	1	84.00	80
19	88	1	84.00	80
19	89	1	84.00	80
19	90	1	84.00	80
19	91	1	84.00	80
19	92	1	84.00	80
19	93	1	84.00	80
19	94	1	84.00	80
19	95	1	84.00	80
19	96	1	84.00	80
19	97	1	84.00	80
19	98	1	84.00	80
19	99	1	84.00	80
19	100	1	84.00	80
19	101	1	84.00	80
19	102	1	84.00	80
19	103	1	84.00	80
19	104	1	84.00	80
19	105	1	84.00	80
19	106	1	84.00	80
19	107	1	84.00	80
19	108	1	84.00	80
19	109	1	84.00	80
19	110	1	84.00	80
19	111	1	84.00	80
19	112	1	84.00	80
19	113	1	84.00	80
19	114	1	84.00	80
19	115	1	84.00	80
19	116	1	84.00	80
19	117	1	84.00	80
19	118	1	84.00	80
19	119	1	84.00	80
19	120	1	84.00	80
19	121	1	84.00	80
19	122	1	84.00	80
19	123	1	84.00	80
19	124	1	84.00	80
19	125	1	84.00	80
19	126	1	84.00	80
19	127	1	84.00	80
19	128	1	84.00	80
19	129	1	84.00	80
19	130	1	84.00	80
19	131	1	84.00	80
19	132	1	84.00	80
19	133	1	84.00	80
19	134	1	84.00	80
19	135	1	84.00	80
19	136	1	84.00	80
19	137	1	84.00	80
19	138	1	84.00	80
19	139	1	84.00	80
19	140	1	84.00	80
19	141	1	84.00	80
19	142	1	84.00	80
19	143	1	84.00	80
19	144	1	84.00	80
19	145	1	84.00	80
19	146	1	84.00	80
19	147	1	84.00	80
19	148	1	84.00	80
19	149	1	84.00	80
19	150	1	84.00	80
19	151	1	84.00	80
19	152	1	84.00	80
19	153	1	84.00	80
19	154	1	84.00	80
19	155	1	84.00	80
19	156	1	84.00	80
19	157	1	84.00	80
19	158	1	84.00	80
19	159	1	84.00	80
19	160	1	84.00	80
19	161	1	84.00	80
19	162	1	84.00	80
19	163	1	84.00	80
19	164	1	84.00	80
19	165	1	84.00	80
19	166	1	84.00	80
19	167	1	84.00	80
19	168	1	84.00	80
19	169	1	84.00	80
19	170	1	84.00	80
19	171	1	84.00	80
19	172	1	84.00	80
19	173	1	84.00	80
19	174	1	84.00	80
19	175	1	84.00	80
19	176	1	84.00	80
19	177	1	84.00	80
19	178	1	84.00	80
19	179	1	84.00	80
19	180	1	84.00	80
19	181	1	84.00	80
19	182	1	84.00	80
19	183	1	84.00	80
19	184	1	84.00	80
19	185	1	84.00	80
19	186	1	84.00	80
19	187	1	84.00	80
19	188	1	84.00	80
19	189	1	84.00	80
19	190	1	84.00	80
19	191	1	84.00	80
19	192	1	84.00	80
19	193	1	84.00	80
19	194	1	84.00	80
19	195	1	84.00	80
19	196	1	84.00	80
19	197	1	84.00	80
19	198	1	84.00	80
19	199	1	84.00	80
19	200	1	84.00	80
19	201	1	84.00	80
19	202	1	84.00	80
19	203	1	84.00	80
19	204	1	84.00	80
19	205	1	84.00	80
19	206	1	84.00	80
19	207	1	84.00	80
19	208	1	84.00	80
19	209	1	84.00	80
19	210	1	84.00	80
19	211	1	84.00	80
19	212	1	84.00	80
19	213	1	84.00	80
19	214	1	84.00	80
19	215	1	84.00	80
19	216	1	84.00	80
19	217	1	84.00	80
19	218	1	84.00	80
19	219	1	84.00	80
19	220	1	84.00	80
19	221	1	84.00	80
19	222	1	84.00	80
19	223	1	84.00	80
19	224	1	84.00	80
19	225	1	84.00	80
19	226	1	84.00	80
19	227	1	84.00	80
19	228	1	84.00	80
19	229	1	84.00	80
19	230	1	84.00	80
19	231	1	84.00	80
19	232	1	84.00	80
19	233	1	84.00	80
19	234	1	84.00	80
19	235	1	84.00	80
19	236	1	84.00	80
19	237	1	84.00	80
20	0	1	84.00	80
20	1	1	84.00	80
20	2	1	84.00	80
20	3	1	84.00	80
20	4	1	84.00	80
20	5	1	84.00	80
20	6	1	84.00	80
20	7	1	84.00	80
20	8	1	84.00	80
20	9	1	84.00	80
20	10	1	84.00	80
20	11	1	84.00	80
20	12	1	84.00	80
20	13	1	84.00	80
20	14	1	84.00	80
20	15	1	84.00	80
20	16	1	84.00	80
20	17	1	84.00	80
20	18	1	84.00	80
20	19	1	84.00	80
20	20	1	84.00	80
20	21	1	84.00	80
20	22	1	84.00	80
20	23	1	84.00	80
20	24	1	84.00	80
20	25	1	84.00	80
20	26	1	84.00	80
20	27	1	84.00	80
20	28	1	84.00	80
20	29	1	84.00	80
20	30	1	84.00	80
20	31	1	84.00	80
20	32	1	84.00	80
20	33	1	84.00	80
20	34	1	84.00	80
20	35	1	84.00	80
20	36	1	84.00	80
20	37	1	84.00	80
20	38	1	84.00	80
20	39	1	84.00	80
20	40	1	84.00	80
20	41	1	84.00	80
20	42	1	84.00	80
20	43	1	84.00	80
20	44	1	84.00	80
20	45	1	84.00	80
20	46	1	84.00	80
20	47	1	84.00	80
20	48	1	84.00	80
20	49	1	84.00	80
20	50	1	84.00	80
20	51	1	84.00	80
20	52	1	84.00	80
20	53	1	84.00	80
20	54	1	84.00	80
20	55	1	84.00	80
20	56	1	84.00	80
20	57	1	84.00	80
20	58	1	84.00	80
20	59	1	84.00	80
20	60	1	84.00	80
20	61	1	84.00	80
20	62	1	84.00	80
20	63	1	84.00	80
20	64	1	84.00	80
20	65	1	84.00	80
20	66	1	84.00	80
20	67	1	84.00	80
20	68	1	84.00	80
20	69	1	84.00	80
20	70	1	84.00	80
20	71	1	84.00	80
20	72	1	84.00	80
20	73	1	84.00	80
20	74	1	84.00	80
20	75	1	84.00	80
20	76	1	84.00	80
20	77	1	84.00	80
20	78	1	84.00	80
20	79	1	84.00	80
20	80	1	84.00	80
20	81	1	84.00	80
20	82	1	84.00	80
20	83	1	84.00	80
20	84	1	84.00	80
20	85	1	84.00	80
20	86	1	84.00	80
20	87	1	84.00	80
20	88	1	84.00	80
20	89	1	84.00	80
20	90	1	84.00	80
20	91	1	84.00	80
20	92	1	84.00	80
20	93	1	84.00	80
20	94	1	84.00	80
20	95	1	84.00	80
20	96	1	84.00	80
20	97	1	84.00	80
20	98	1	84.00	80
20	99	1	84.00	80
20	100	1	84.00	80
20	101	1	84.00	80
20	102	1	84.00	80
20	103	1	84.00	80
20	104	1	84.00	80
20	105	1	84.00	80
20	106	1	84.00	80
20	107	1	84.00	80
20	108	1	84.00	80
20	109	1	84.00	80
20	110	1	84.00	80
20	111	1	84.00	80
20	112	1	84.00	80
20	113	1	84.00	80
20	114	1	84.00	80
20	115	1	84.00	80
20	116	1	84.00	80
20	117	1	84.00	80
20	118	1	84.00	80
20	119	1	84.00	80
20	120	1	84.00	80
20	121	1	84.00	80
20	122	1	84.00	80
20	123	1	84.00	80
20	124	1	84.00	80
20	125	1	84.00	80
20	126	1	84.00	80
20	127	1	84.00	80
20	128	1	84.00	80
20	129	1	84.00	80
20	130	1	84.00	80
20	131	1	84.00	80
20	132	1	84.00	80
20	133	1	84.00	80
20	134	1	84.00	80
20	135	1	84.00	80
20	136	1	84.00	80
20	137	1	84.00	80
20	138	1	84.00	80
20	139	1	84.00	80
20	140	1	84.00	80
20	141	1	84.00	80
20	142	1	84.00	80
20	143	1	84.00	80
20	144	1	84.00	80
20	145	1	84.00	80
20	146	1	84.00	80
20	147	1	84.00	80
20	148	1	84.00	80
20	149	1	84.00	80
20	150	1	84.00	80
20	151	1	84.00	80
20	152	1	84.00	80
20	153	1	84.00	80
20	154	1	84.00	80
20	155	1	84.00	80
20	156	1	84.00	80
20	157	1	84.00	80
20	158	1	84.00	80
20	159	1	84.00	80
20	160	1	84.00	80
20	161	1	84.00	80
20	162	1	84.00	80
20	163	1	84.00	80
20	164	1	84.00	80
20	165	1	84.00	80
20	166	1	84.00	80
20	167	1	84.00	80
20	168	1	84.00	80
20	169	1	84.00	80
20	170	1	84.00	80
20	171	1	84.00	80
20	172	1	84.00	80
20	173	1	84.00	80
20	174	1	84.00	80
20	175	1	84.00	80
20	176	1	84.00	80
20	177	1	84.00	80
20	178	1	84.00	80
20	179	1	84.00	80
20	180	1	84.00	80
20	181	1	84.00	80
20	182	1	84.00	80
20	183	1	84.00	80
20	184	1	84.00	80
20	185	1	84.00	80
20	186	1	84.00	80
20	187	1	84.00	80
20	188	1	84.00	80
20	189	1	84.00	80
20	190	1	84.00	80
20	191	1	84.00	80
20	192	1	84.00	80
20	193	1	84.00	80
20	194	1	84.00	80
20	195	1	84.00	80
20	196	1	84.00	80
20	197	1	84.00	80
20	198	1	84.00	80
20	199	1	84.00	80
20	200	1	84.00	80
20	201	1	84.00	80
20	202	1	84.00	80
20	203	1	84.00	80
20	204	1	84.00	80
20	205	1	84.00	80
20	206	1	84.00	80
20	207	1	84.00	80
20	208	1	84.00	80
20	209	1	84.00	80
20	210	1	84.00	80
20	211	1	84.00	80
20	212	1	84.00	80
20	213	1	84.00	80
20	214	1	84.00	80
20	215	1	84.00	80
20	216	1	84.00	80
20	217	1	84.00	80
20	218	1	84.00	80
20	219	1	84.00	80
20	220	1	84.00	80
20	221	1	84.00	80
20	222	1	84.00	80
20	223	1	84.00	80
20	224	1	84.00	80
20	225	1	84.00	80
20	226	1	84.00	80
20	227	1	84.00	80
20	228	1	84.00	80
20	229	1	84.00	80
20	230	1	84.00	80
20	231	1	84.00	80
20	232	1	84.00	80
20	233	1	84.00	80
20	234	1	84.00	80
20	235	1	84.00	80
20	236	1	84.00	80
20	237	1	84.00	80
20	238	1	84.00	80
20	239	1	84.00	80
20	240	1	84.00	80
20	241	1	84.00	80
20	242	1	84.00	80
20	243	1	84.00	80
21	0	1	84.00	80
21	1	1	84.00	80
21	2	1	84.00	80
21	3	1	84.00	80
21	4	1	84.00	80
21	5	1	84.00	80
21	6	1	84.00	80
21	7	1	84.00	80
21	8	1	84.00	80
21	9	1	84.00	80
21	10	1	84.00	80
21	11	1	84.00	80
21	12	1	84.00	80
21	13	1	84.00	80
21	14	1	84.00	80
21	15	1	84.00	80
21	16	1	84.00	80
21	17	1	84.00	80
21	18	1	84.00	80
21	19	1	84.00	80
21	20	1	84.00	80
21	21	1	84.00	80
21	22	1	84.00	80
21	23	1	84.00	80
21	24	1	84.00	80
21	25	1	84.00	80
21	26	1	84.00	80
21	27	1	84.00	80
21	28	1	84.00	80
21	29	1	84.00	80
21	30	1	84.00	80
21	31	1	84.00	80
21	32	1	84.00	80
21	33	1	84.00	80
21	34	1	84.00	80
21	35	1	84.00	80
21	36	1	84.00	80
21	37	1	84.00	80
21	38	1	84.00	80
21	39	1	84.00	80
21	40	1	84.00	80
21	41	1	84.00	80
21	42	1	84.00	80
21	43	1	84.00	80
21	44	1	84.00	80
21	45	1	84.00	80
21	46	1	84.00	80
21	47	1	84.00	80
21	48	1	84.00	80
21	49	1	84.00	80
21	50	1	84.00	80
21	51	1	84.00	80
21	52	1	84.00	80
21	53	1	84.00	80
21	54	1	84.00	80
21	55	1	84.00	80
21	56	1	84.00	80
21	57	1	84.00	80
21	58	1	84.00	80
21	59	1	84.00	80
21	60	1	84.00	80
21	61	1	84.00	80
21	62	1	84.00	80
21	63	1	84.00	80
21	64	1	84.00	80
21	65	1	84.00	80
21	66	1	84.00	80
21	67	1	84.00	80
21	68	1	84.00	80
21	69	1	84.00	80
21	70	1	84.00	80
21	71	1	84.00	80
21	72	1	84.00	80
21	73	1	84.00	80
21	74	1	84.00	80
21	75	1	84.00	80
21	76	1	84.00	80
21	77	1	84.00	80
21	78	1	84.00	80
21	79	1	84.00	80
21	80	1	84.00	80
21	81	1	84.00	80
21	82	1	84.00	80
21	83	1	84.00	80
21	84	1	84.00	80
21	85	1	84.00	80
21	86	1	84.00	80
21	87	1	84.00	80
21	88	1	84.00	80
21	89	1	84.00	80
21	90	1	84.00	80
21	91	1	84.00	80
21	92	1	84.00	80
21	93	1	84.00	80
21	94	1	84.00	80
21	95	1	84.00	80
21	96	1	84.00	80
21	97	1	84.00	80
21	98	1	84.00	80
21	99	1	84.00	80
21	100	1	84.00	80
21	101	1	84.00	80
21	102	1	84.00	80
21	103	1	84.00	80
21	104	1	84.00	80
21	105	1	84.00	80
21	106	1	84.00	80
21	107	1	84.00	80
21	108	1	84.00	80
21	109	1	84.00	80
21	110	1	84.00	80
21	111	1	84.00	80
21	112	1	84.00	80
21	113	1	84.00	80
21	114	1	84.00	80
21	115	1	84.00	80
21	116	1	84.00	80
21	117	1	84.00	80
21	118	1	84.00	80
21	119	1	84.00	80
21	120	1	84.00	80
21	121	1	84.00	80
21	122	1	84.00	80
21	123	1	84.00	80
21	124	1	84.00	80
21	125	1	84.00	80
21	126	1	84.00	80
21	127	1	84.00	80
21	128	1	84.00	80
21	129	1	84.00	80
21	130	1	84.00	80
21	131	1	84.00	80
21	132	1	84.00	80
21	133	1	84.00	80
21	134	1	84.00	80
21	135	1	84.00	80
21	136	1	84.00	80
21	137	1	84.00	80
21	138	1	84.00	80
21	139	1	84.00	80
21	140	1	84.00	80
21	141	1	84.00	80
21	142	1	84.00	80
21	143	1	84.00	80
21	144	1	84.00	80
21	145	1	84.00	80
21	146	1	84.00	80
21	147	1	84.00	80
21	148	1	84.00	80
21	149	1	84.00	80
21	150	1	84.00	80
21	151	1	84.00	80
21	152	1	84.00	80
21	153	1	84.00	80
21	154	1	84.00	80
21	155	1	84.00	80
21	156	1	84.00	80
21	157	1	84.00	80
21	158	1	84.00	80
21	159	1	84.00	80
21	160	1	84.00	80
21	161	1	84.00	80
21	162	1	84.00	80
21	163	1	84.00	80
21	164	1	84.00	80
21	165	1	84.00	80
21	166	1	84.00	80
21	167	1	84.00	80
21	168	1	84.00	80
21	169	1	84.00	80
21	170	1	84.00	80
21	171	1	84.00	80
21	172	1	84.00	80
21	173	1	84.00	80
21	174	1	84.00	80
21	175	1	84.00	80
21	176	1	84.00	80
21	177	1	84.00	80
21	178	1	84.00	80
21	179	1	84.00	80
21	180	1	84.00	80
21	181	1	84.00	80
21	182	1	84.00	80
21	183	1	84.00	80
21	184	1	84.00	80
21	185	1	84.00	80
21	186	1	84.00	80
21	187	1	84.00	80
21	188	1	84.00	80
21	189	1	84.00	80
21	190	1	84.00	80
21	191	1	84.00	80
21	192	1	84.00	80
21	193	1	84.00	80
21	194	1	84.00	80
21	195	1	84.00	80
21	196	1	84.00	80
21	197	1	84.00	80
21	198	1	84.00	80
21	199	1	84.00	80
21	200	1	84.00	80
21	201	1	84.00	80
21	202	1	84.00	80
21	203	1	84.00	80
21	204	1	84.00	80
21	205	1	84.00	80
21	206	1	84.00	80
21	207	1	84.00	80
21	208	1	84.00	80
21	209	1	84.00	80
21	210	1	84.00	80
21	211	1	84.00	80
21	212	1	84.00	80
21	213	1	84.00	80
21	214	1	84.00	80
21	215	1	84.00	80
21	216	1	84.00	80
21	217	1	84.00	80
21	218	1	84.00	80
21	219	1	84.00	80
21	220	1	84.00	80
21	221	1	84.00	80
21	222	1	84.00	80
21	223	1	84.00	80
21	224	1	84.00	80
21	225	1	84.00	80
21	226	1	84.00	80
21	227	1	84.00	80
21	228	1	84.00	80
21	229	1	84.00	80
21	230	1	84.00	80
21	231	1	84.00	80
22	0	1	84.00	80
22	1	1	84.00	80
22	2	1	84.00	80
22	3	1	84.00	80
22	4	1	84.00	80
22	5	1	84.00	80
22	6	1	84.00	80
22	7	1	84.00	80
22	8	1	84.00	80
22	9	1	84.00	80
22	10	1	84.00	80
22	11	1	84.00	80
22	12	1	84.00	80
22	13	1	84.00	80
22	14	1	84.00	80
22	15	1	84.00	80
22	16	1	84.00	80
22	17	1	84.00	80
22	18	1	84.00	80
22	19	1	84.00	80
22	20	1	84.00	80
22	21	1	84.00	80
22	22	1	84.00	80
22	23	1	84.00	80
22	24	1	84.00	80
22	25	1	84.00	80
22	26	1	84.00	80
22	27	1	84.00	80
22	28	1	84.00	80
22	29	1	84.00	80
22	30	1	84.00	80
22	31	1	84.00	80
22	32	1	84.00	80
22	33	1	84.00	80
22	34	1	84.00	80
22	35	1	84.00	80
22	36	1	84.00	80
22	37	1	84.00	80
22	38	1	84.00	80
22	39	1	84.00	80
22	40	1	84.00	80
22	41	1	84.00	80
22	42	1	84.00	80
22	43	1	84.00	80
22	44	1	84.00	80
22	45	1	84.00	80
22	46	1	84.00	80
22	47	1	84.00	80
22	48	1	84.00	80
22	49	1	84.00	80
22	50	1	84.00	80
22	51	1	84.00	80
22	52	1	84.00	80
22	53	1	84.00	80
22	54	1	84.00	80
22	55	1	84.00	80
22	56	1	84.00	80
22	57	1	84.00	80
22	58	1	84.00	80
22	59	1	84.00	80
22	60	1	84.00	80
22	61	1	84.00	80
22	62	1	84.00	80
22	63	1	84.00	80
22	64	1	84.00	80
22	65	1	84.00	80
22	66	1	84.00	80
22	67	1	84.00	80
22	68	1	84.00	80
22	69	1	84.00	80
22	70	1	84.00	80
22	71	1	84.00	80
22	72	1	84.00	80
22	73	1	84.00	80
22	74	1	84.00	80
22	75	1	84.00	80
22	76	1	84.00	80
22	77	1	84.00	80
22	78	1	84.00	80
22	79	1	84.00	80
22	80	1	84.00	80
22	81	1	84.00	80
22	82	1	84.00	80
22	83	1	84.00	80
22	84	1	84.00	80
22	85	1	84.00	80
22	86	1	84.00	80
22	87	1	84.00	80
22	88	1	84.00	80
22	89	1	84.00	80
22	90	1	84.00	80
22	91	1	84.00	80
22	92	1	84.00	80
22	93	1	84.00	80
22	94	1	84.00	80
22	95	1	84.00	80
22	96	1	84.00	80
22	97	1	84.00	80
22	98	1	84.00	80
22	99	1	84.00	80
22	100	1	84.00	80
22	101	1	84.00	80
22	102	1	84.00	80
22	103	1	84.00	80
22	104	1	84.00	80
22	105	1	84.00	80
22	106	1	84.00	80
22	107	1	84.00	80
22	108	1	84.00	80
22	109	1	84.00	80
22	110	1	84.00	80
22	111	1	84.00	80
22	112	1	84.00	80
22	113	1	84.00	80
22	114	1	84.00	80
22	115	1	84.00	80
22	116	1	84.00	80
22	117	1	84.00	80
22	118	1	84.00	80
22	119	1	84.00	80
22	120	1	84.00	80
22	121	1	84.00	80
22	122	1	84.00	80
22	123	1	84.00	80
22	124	1	84.00	80
22	125	1	84.00	80
22	126	1	84.00	80
22	127	1	84.00	80
22	128	1	84.00	80
22	129	1	84.00	80
22	130	1	84.00	80
22	131	1	84.00	80
22	132	1	84.00	80
22	133	1	84.00	80
22	134	1	84.00	80
22	135	1	84.00	80
22	136	1	84.00	80
22	137	1	84.00	80
22	138	1	84.00	80
22	139	1	84.00	80
22	140	1	84.00	80
22	141	1	84.00	80
22	142	1	84.00	80
22	143	1	84.00	80
22	144	1	84.00	80
22	145	1	84.00	80
22	146	1	84.00	80
22	147	1	84.00	80
22	148	1	84.00	80
22	149	1	84.00	80
22	150	1	84.00	80
22	151	1	84.00	80
22	152	1	84.00	80
22	153	1	84.00	80
22	154	1	84.00	80
22	155	1	84.00	80
22	156	1	84.00	80
22	157	1	84.00	80
22	158	1	84.00	80
22	159	1	84.00	80
22	160	1	84.00	80
22	161	1	84.00	80
22	162	1	84.00	80
22	163	1	84.00	80
22	164	1	84.00	80
22	165	1	84.00	80
22	166	1	84.00	80
22	167	1	84.00	80
22	168	1	84.00	80
22	169	1	84.00	80
22	170	1	84.00	80
22	171	1	84.00	80
22	172	1	84.00	80
22	173	1	84.00	80
22	174	1	84.00	80
22	175	1	84.00	80
22	176	1	84.00	80
22	177	1	84.00	80
22	178	1	84.00	80
22	179	1	84.00	80
22	180	1	84.00	80
22	181	1	84.00	80
22	182	1	84.00	80
22	183	1	84.00	80
22	184	1	84.00	80
22	185	1	84.00	80
22	186	1	84.00	80
22	187	1	84.00	80
22	188	1	84.00	80
22	189	1	84.00	80
22	190	1	84.00	80
22	191	1	84.00	80
22	192	1	84.00	80
22	193	1	84.00	80
22	194	1	84.00	80
22	195	1	84.00	80
22	196	1	84.00	80
22	197	1	84.00	80
22	198	1	84.00	80
22	199	1	84.00	80
22	200	1	84.00	80
22	201	1	84.00	80
22	202	1	84.00	80
22	203	1	84.00	80
22	204	1	84.00	80
22	205	1	84.00	80
22	206	1	84.00	80
22	207	1	84.00	80
22	208	1	84.00	80
22	209	1	84.00	80
22	210	1	84.00	80
22	211	1	84.00	80
22	212	1	84.00	80
22	213	1	84.00	80
22	214	1	84.00	80
22	215	1	84.00	80
22	216	1	84.00	80
22	217	1	84.00	80
23	0	1	84.00	80
23	1	1	84.00	80
23	2	1	84.00	80
23	3	1	84.00	80
23	4	1	84.00	80
23	5	1	84.00	80
23	6	1	84.00	80
23	7	1	84.00	80
23	8	1	84.00	80
23	9	1	84.00	80
23	10	1	84.00	80
23	11	1	84.00	80
23	12	1	84.00	80
23	13	1	84.00	80
23	14	1	84.00	80
23	15	1	84.00	80
23	16	1	84.00	80
23	17	1	84.00	80
23	18	1	84.00	80
23	19	1	84.00	80
23	20	1	84.00	80
23	21	1	84.00	80
23	22	1	84.00	80
23	23	1	84.00	80
23	24	1	84.00	80
23	25	1	84.00	80
23	26	1	84.00	80
23	27	1	84.00	80
23	28	1	84.00	80
23	29	1	84.00	80
23	30	1	84.00	80
23	31	1	84.00	80
23	32	1	84.00	80
23	33	1	84.00	80
23	34	1	84.00	80
23	35	1	84.00	80
23	36	1	84.00	80
23	37	1	84.00	80
23	38	1	84.00	80
23	39	1	84.00	80
23	40	1	84.00	80
23	41	1	84.00	80
23	42	1	84.00	80
23	43	1	84.00	80
23	44	1	84.00	80
23	45	1	84.00	80
23	46	1	84.00	80
23	47	1	84.00	80
23	48	1	84.00	80
23	49	1	84.00	80
23	50	1	84.00	80
23	51	1	84.00	80
23	52	1	84.00	80
23	53	1	84.00	80
23	54	1	84.00	80
23	55	1	84.00	80
23	56	1	84.00	80
23	57	1	84.00	80
23	58	1	84.00	80
23	59	1	84.00	80
23	60	1	84.00	80
23	61	1	84.00	80
23	62	1	84.00	80
23	63	1	84.00	80
23	64	1	84.00	80
23	65	1	84.00	80
23	66	1	84.00	80
23	67	1	84.00	80
23	68	1	84.00	80
23	69	1	84.00	80
23	70	1	84.00	80
23	71	1	84.00	80
23	72	1	84.00	80
23	73	1	84.00	80
23	74	1	84.00	80
23	75	1	84.00	80
23	76	1	84.00	80
23	77	1	84.00	80
23	78	1	84.00	80
23	79	1	84.00	80
23	80	1	84.00	80
23	81	1	84.00	80
23	82	1	84.00	80
23	83	1	84.00	80
23	84	1	84.00	80
23	85	1	84.00	80
23	86	1	84.00	80
23	87	1	84.00	80
23	88	1	84.00	80
23	89	1	84.00	80
23	90	1	84.00	80
23	91	1	84.00	80
23	92	1	84.00	80
23	93	1	84.00	80
23	94	1	84.00	80
23	95	1	84.00	80
23	96	1	84.00	80
23	97	1	84.00	80
23	98	1	84.00	80
23	99	1	84.00	80
23	100	1	84.00	80
23	101	1	84.00	80
23	102	1	84.00	80
23	103	1	84.00	80
23	104	1	84.00	80
23	105	1	84.00	80
23	106	1	84.00	80
23	107	1	84.00	80
23	108	1	84.00	80
23	109	1	84.00	80
23	110	1	84.00	80
23	111	1	84.00	80
23	112	1	84.00	80
23	113	1	84.00	80
23	114	1	84.00	80
23	115	1	84.00	80
23	116	1	84.00	80
23	117	1	84.00	80
23	118	1	84.00	80
23	119	1	84.00	80
23	120	1	84.00	80
23	121	1	84.00	80
23	122	1	84.00	80
23	123	1	84.00	80
23	124	1	84.00	80
23	125	1	84.00	80
23	126	1	84.00	80
23	127	1	84.00	80
23	128	1	84.00	80
23	129	1	84.00	80
23	130	1	84.00	80
23	131	1	84.00	80
23	132	1	84.00	80
23	133	1	84.00	80
23	134	1	84.00	80
23	135	1	84.00	80
23	136	1	84.00	80
23	137	1	84.00	80
23	138	1	84.00	80
23	139	1	84.00	80
23	140	1	84.00	80
23	141	1	84.00	80
23	142	1	84.00	80
23	143	1	84.00	80
23	144	1	84.00	80
23	145	1	84.00	80
23	146	1	84.00	80
23	147	1	84.00	80
23	148	1	84.00	80
23	149	1	84.00	80
23	150	1	84.00	80
23	151	1	84.00	80
23	152	1	84.00	80
23	153	1	84.00	80
23	154	1	84.00	80
23	155	1	84.00	80
23	156	1	84.00	80
23	157	1	84.00	80
23	158	1	84.00	80
23	159	1	84.00	80
23	160	1	84.00	80
23	161	1	84.00	80
23	162	1	84.00	80
23	163	1	84.00	80
23	164	1	84.00	80
23	165	1	84.00	80
23	166	1	84.00	80
23	167	1	84.00	80
23	168	1	84.00	80
23	169	1	84.00	80
23	170	1	84.00	80
23	171	1	84.00	80
23	172	1	84.00	80
23	173	1	84.00	80
23	174	1	84.00	80
23	175	1	84.00	80
23	176	1	84.00	80
23	177	1	84.00	80
23	178	1	84.00	80
23	179	1	84.00	80
23	180	1	84.00	80
23	181	1	84.00	80
23	182	1	84.00	80
23	183	1	84.00	80
23	184	1	84.00	80
23	185	1	84.00	80
23	186	1	84.00	80
23	187	1	84.00	80
23	188	1	84.00	80
23	189	1	84.00	80
23	190	1	84.00	80
23	191	1	84.00	80
23	192	1	84.00	80
23	193	1	84.00	80
23	194	1	84.00	80
23	195	1	84.00	80
23	196	1	84.00	80
23	197	1	84.00	80
23	198	1	84.00	80
23	199	1	84.00	80
23	200	1	84.00	80
23	201	1	84.00	80
23	202	1	84.00	80
23	203	1	84.00	80
23	204	1	84.00	80
23	205	1	84.00	80
23	206	1	84.00	80
23	207	1	84.00	80
23	208	1	84.00	80
23	209	1	84.00	80
24	0	1	84.00	80
24	1	1	84.00	80
24	2	1	84.00	80
24	3	1	84.00	80
24	4	1	84.00	80
24	5	1	84.00	80
24	6	1	84.00	80
24	7	1	84.00	80
24	8	1	84.00	80
24	9	1	84.00	80
24	10	1	84.00	80
24	11	1	84.00	80
24	12	1	84.00	80
24	13	1	84.00	80
24	14	1	84.00	80
24	15	1	84.00	80
24	16	1	84.00	80
24	17	1	84.00	80
24	18	1	84.00	80
24	19	1	84.00	80
24	20	1	84.00	80
24	21	1	84.00	80
24	22	1	84.00	80
24	23	1	84.00	80
24	24	1	84.00	80
24	25	1	84.00	80
24	26	1	84.00	80
24	27	1	84.00	80
24	28	1	84.00	80
24	29	1	84.00	80
24	30	1	84.00	80
24	31	1	84.00	80
24	32	1	84.00	80
24	33	1	84.00	80
24	34	1	84.00	80
24	35	1	84.00	80
24	36	1	84.00	80
24	37	1	84.00	80
24	38	1	84.00	80
24	39	1	84.00	80
24	40	1	84.00	80
24	41	1	84.00	80
24	42	1	84.00	80
24	43	1	84.00	80
24	44	1	84.00	80
24	45	1	84.00	80
24	46	1	84.00	80
24	47	1	84.00	80
24	48	1	84.00	80
24	49	1	84.00	80
24	50	1	84.00	80
24	51	1	84.00	80
24	52	1	84.00	80
24	53	1	84.00	80
24	54	1	84.00	80
24	55	1	84.00	80
24	56	1	84.00	80
24	57	1	84.00	80
24	58	1	84.00	80
24	59	1	84.00	80
24	60	1	84.00	80
24	61	1	84.00	80
24	62	1	84.00	80
24	63	1	84.00	80
24	64	1	84.00	80
24	65	1	84.00	80
24	66	1	84.00	80
24	67	1	84.00	80
24	68	1	84.00	80
24	69	1	84.00	80
24	70	1	84.00	80
24	71	1	84.00	80
24	72	1	84.00	80
24	73	1	84.00	80
24	74	1	84.00	80
24	75	1	84.00	80
24	76	1	84.00	80
24	77	1	84.00	80
24	78	1	84.00	80
24	79	1	84.00	80
24	80	1	84.00	80
24	81	1	84.00	80
24	82	1	84.00	80
24	83	1	84.00	80
24	84	1	84.00	80
24	85	1	84.00	80
24	86	1	84.00	80
24	87	1	84.00	80
24	88	1	84.00	80
24	89	1	84.00	80
24	90	1	84.00	80
24	91	1	84.00	80
24	92	1	84.00	80
24	93	1	84.00	80
24	94	1	84.00	80
24	95	1	84.00	80
24	96	1	84.00	80
24	97	1	84.00	80
24	98	1	84.00	80
24	99	1	84.00	80
24	100	1	84.00	80
24	101	1	84.00	80
24	102	1	84.00	80
24	103	1	84.00	80
24	104	1	84.00	80
24	105	1	84.00	80
24	106	1	84.00	80
24	107	1	84.00	80
24	108	1	84.00	80
24	109	1	84.00	80
24	110	1	84.00	80
24	111	1	84.00	80
24	112	1	84.00	80
24	113	1	84.00	80
24	114	1	84.00	80
24	115	1	84.00	80
24	116	1	84.00	80
24	117	1	84.00	80
24	118	1	84.00	80
24	119	1	84.00	80
24	120	1	84.00	80
24	121	1	84.00	80
24	122	1	84.00	80
24	123	1	84.00	80
24	124	1	84.00	80
24	125	1	84.00	80
24	126	1	84.00	80
24	127	1	84.00	80
24	128	1	84.00	80
24	129	1	84.00	80
24	130	1	84.00	80
24	131	1	84.00	80
24	132	1	84.00	80
24	133	1	84.00	80
24	134	1	84.00	80
24	135	1	84.00	80
24	136	1	84.00	80
24	137	1	84.00	80
24	138	1	84.00	80
24	139	1	84.00	80
24	140	1	84.00	80
24	141	1	84.00	80
24	142	1	84.00	80
24	143	1	84.00	80
24	144	1	84.00	80
24	145	1	84.00	80
24	146	1	84.00	80
24	147	1	84.00	80
24	148	1	84.00	80
24	149	1	84.00	80
24	150	1	84.00	80
24	151	1	84.00	80
24	152	1	84.00	80
24	153	1	84.00	80
24	154	1	84.00	80
24	155	1	84.00	80
24	156	1	84.00	80
24	157	1	84.00	80
24	158	1	84.00	80
24	159	1	84.00	80
24	160	1	84.00	80
24	161	1	84.00	80
24	162	1	84.00	80
24	163	1	84.00	80
24	164	1	84.00	80
24	165	1	84.00	80
24	166	1	84.00	80
24	167	1	84.00	80
24	168	1	84.00	80
24	169	1	84.00	80
24	170	1	84.00	80
24	171	1	84.00	80
24	172	1	84.00	80
24	173	1	84.00	80
24	174	1	84.00	80
24	175	1	84.00	80
24	176	1	84.00	80
24	177	1	84.00	80
24	178	1	84.00	80
24	179	1	84.00	80
24	180	1	84.00	80
24	181	1	84.00	80
24	182	1	84.00	80
24	183	1	84.00	80
24	184	1	84.00	80
24	185	1	84.00	80
24	186	1	84.00	80
24	187	1	84.00	80
24	188	1	84.00	80
24	189	1	84.00	80
24	190	1	84.00	80
24	191	1	84.00	80
24	192	1	84.00	80
24	193	1	84.00	80
24	194	1	84.00	80
24	195	1	84.00	80
24	196	1	84.00	80
24	197	1	84.00	80
24	198	1	84.00	80
24	199	1	84.00	80
24	200	1	84.00	80
24	201	1	84.00	80
24	202	1	84.00	80
24	203	1	84.00	80
24	204	1	84.00	80
24	205	1	84.00	80
25	0	1	84.00	80
25	1	1	84.00	80
25	2	1	84.00	80
25	3	1	84.00	80
25	4	1	84.00	80
25	5	1	84.00	80
25	6	1	84.00	80
25	7	1	84.00	80
25	8	1	84.00	80
25	9	1	84.00	80
25	10	1	84.00	80
25	11	1	84.00	80
25	12	1	84.00	80
25	13	1	84.00	80
25	14	1	84.00	80
25	15	1	84.00	80
25	16	1	84.00	80
25	17	1	84.00	80
25	18	1	84.00	80
25	19	1	84.00	80
25	20	1	84.00	80
25	21	1	84.00	80
25	22	1	84.00	80
25	23	1	84.00	80
25	24	1	84.00	80
25	25	1	84.00	80
25	26	1	84.00	80
25	27	1	84.00	80
25	28	1	84.00	80
25	29	1	84.00	80
25	30	1	84.00	80
25	31	1	84.00	80
25	32	1	84.00	80
25	33	1	84.00	80
25	34	1	84.00	80
25	35	1	84.00	80
25	36	1	84.00	80
25	37	1	84.00	80
25	38	1	84.00	80
25	39	1	84.00	80
25	40	1	84.00	80
25	41	1	84.00	80
25	42	1	84.00	80
25	43	1	84.00	80
25	44	1	84.00	80
25	45	1	84.00	80
25	46	1	84.00	80
25	47	1	84.00	80
25	48	1	84.00	80
25	49	1	84.00	80
25	50	1	84.00	80
25	51	1	84.00	80
25	52	1	84.00	80
25	53	1	84.00	80
25	54	1	84.00	80
25	55	1	84.00	80
25	56	1	84.00	80
25	57	1	84.00	80
25	58	1	84.00	80
25	59	1	84.00	80
25	60	1	84.00	80
25	61	1	84.00	80
25	62	1	84.00	80
25	63	1	84.00	80
25	64	1	84.00	80
25	65	1	84.00	80
25	66	1	84.00	80
25	67	1	84.00	80
25	68	1	84.00	80
25	69	1	84.00	80
25	70	1	84.00	80
25	71	1	84.00	80
25	72	1	84.00	80
25	73	1	84.00	80
25	74	1	84.00	80
25	75	1	84.00	80
25	76	1	84.00	80
25	77	1	84.00	80
25	78	1	84.00	80
25	79	1	84.00	80
25	80	1	84.00	80
25	81	1	84.00	80
25	82	1	84.00	80
25	83	1	84.00	80
25	84	1	84.00	80
25	85	1	84.00	80
25	86	1	84.00	80
25	87	1	84.00	80
25	88	1	84.00	80
25	89	1	84.00	80
25	90	1	84.00	80
25	91	1	84.00	80
25	92	1	84.00	80
25	93	1	84.00	80
25	94	1	84.00	80
25	95	1	84.00	80
25	96	1	84.00	80
25	97	1	84.00	80
25	98	1	84.00	80
25	99	1	84.00	80
25	100	1	84.00	80
25	101	1	84.00	80
25	102	1	84.00	80
25	103	1	84.00	80
25	104	1	84.00	80
25	105	1	84.00	80
25	106	1	84.00	80
25	107	1	84.00	80
25	108	1	84.00	80
25	109	1	84.00	80
25	110	1	84.00	80
25	111	1	84.00	80
25	112	1	84.00	80
25	113	1	84.00	80
25	114	1	84.00	80
25	115	1	84.00	80
25	116	1	84.00	80
25	117	1	84.00	80
25	118	1	84.00	80
25	119	1	84.00	80
25	120	1	84.00	80
25	121	1	84.00	80
25	122	1	84.00	80
25	123	1	84.00	80
25	124	1	84.00	80
25	125	1	84.00	80
25	126	1	84.00	80
25	127	1	84.00	80
25	128	1	84.00	80
25	129	1	84.00	80
25	130	1	84.00	80
25	131	1	84.00	80
25	132	1	84.00	80
25	133	1	84.00	80
25	134	1	84.00	80
25	135	1	84.00	80
25	136	1	84.00	80
25	137	1	84.00	80
25	138	1	84.00	80
25	139	1	84.00	80
25	140	1	84.00	80
25	141	1	84.00	80
25	142	1	84.00	80
25	143	1	84.00	80
25	144	1	84.00	80
25	145	1	84.00	80
25	146	1	84.00	80
25	147	1	84.00	80
25	148	1	84.00	80
25	149	1	84.00	80
25	150	1	84.00	80
25	151	1	84.00	80
25	152	1	84.00	80
25	153	1	84.00	80
25	154	1	84.00	80
25	155	1	84.00	80
25	156	1	84.00	80
25	157	1	84.00	80
25	158	1	84.00	80
25	159	1	84.00	80
25	160	1	84.00	80
25	161	1	84.00	80
25	162	1	84.00	80
25	163	1	84.00	80
25	164	1	84.00	80
25	165	1	84.00	80
25	166	1	84.00	80
25	167	1	84.00	80
25	168	1	84.00	80
25	169	1	84.00	80
25	170	1	84.00	80
25	171	1	84.00	80
25	172	1	84.00	80
25	173	1	84.00	80
25	174	1	84.00	80
25	175	1	84.00	80
25	176	1	84.00	80
25	177	1	84.00	80
25	178	1	84.00	80
25	179	1	84.00	80
25	180	1	84.00	80
25	181	1	84.00	80
25	182	1	84.00	80
25	183	1	84.00	80
25	184	1	84.00	80
25	185	1	84.00	80
25	186	1	84.00	80
25	187	1	84.00	80
25	188	1	84.00	80
25	189	1	84.00	80
25	190	1	84.00	80
25	191	1	84.00	80
25	192	1	84.00	80
25	193	1	84.00	80
25	194	1	84.00	80
25	195	1	84.00	80
25	196	1	84.00	80
25	197	1	84.00	80
25	198	1	84.00	80
25	199	1	84.00	80
25	200	1	84.00	80
25	201	1	84.00	80
26	0	1	84.00	80
26	1	1	84.00	80
26	2	1	84.00	80
26	3	1	84.00	80
26	4	1	84.00	80
26	5	1	84.00	80
26	6	1	84.00	80
26	7	1	84.00	80
26	8	1	84.00	80
26	9	1	84.00	80
26	10	1	84.00	80
26	11	1	84.00	80
26	12	1	84.00	80
26	13	1	84.00	80
26	14	1	84.00	80
26	15	1	84.00	80
26	16	1	84.00	80
26	17	1	84.00	80
26	18	1	84.00	80
26	19	1	84.00	80
26	20	1	84.00	80
26	21	1	84.00	80
26	22	1	84.00	80
26	23	1	84.00	80
26	24	1	84.00	80
26	25	1	84.00	80
26	26	1	84.00	80
26	27	1	84.00	80
26	28	1	84.00	80
26	29	1	84.00	80
26	30	1	84.00	80
26	31	1	84.00	80
26	32	1	84.00	80
26	33	1	84.00	80
26	34	1	84.00	80
26	35	1	84.00	80
26	36	1	84.00	80
26	37	1	84.00	80
26	38	1	84.00	80
26	39	1	84.00	80
26	40	1	84.00	80
26	41	1	84.00	80
26	42	1	84.00	80
26	43	1	84.00	80
26	44	1	84.00	80
26	45	1	84.00	80
26	46	1	84.00	80
26	47	1	84.00	80
26	48	1	84.00	80
26	49	1	84.00	80
26	50	1	84.00	80
26	51	1	84.00	80
26	52	1	84.00	80
26	53	1	84.00	80
26	54	1	84.00	80
26	55	1	84.00	80
26	56	1	84.00	80
26	57	1	84.00	80
26	58	1	84.00	80
26	59	1	84.00	80
26	60	1	84.00	80
26	61	1	84.00	80
26	62	1	84.00	80
26	63	1	84.00	80
26	64	1	84.00	80
26	65	1	84.00	80
26	66	1	84.00	80
26	67	1	84.00	80
26	68	1	84.00	80
26	69	1	84.00	80
26	70	1	84.00	80
26	71	1	84.00	80
26	72	1	84.00	80
26	73	1	84.00	80
26	74	1	84.00	80
26	75	1	84.00	80
26	76	1	84.00	80
26	77	1	84.00	80
26	78	1	84.00	80
26	79	1	84.00	80
26	80	1	84.00	80
26	81	1	84.00	80
26	82	1	84.00	80
26	83	1	84.00	80
26	84	1	84.00	80
26	85	1	84.00	80
26	86	1	84.00	80
26	87	1	84.00	80
26	88	1	84.00	80
26	89	1	84.00	80
26	90	1	84.00	80
26	91	1	84.00	80
26	92	1	84.00	80
26	93	1	84.00	80
26	94	1	84.00	80
26	95	1	84.00	80
26	96	1	84.00	80
26	97	1	84.00	80
26	98	1	84.00	80
26	99	1	84.00	80
26	100	1	84.00	80
26	101	1	84.00	80
26	102	1	84.00	80
26	103	1	84.00	80
26	104	1	84.00	80
26	105	1	84.00	80
26	106	1	84.00	80
26	107	1	84.00	80
26	108	1	84.00	80
26	109	1	84.00	80
26	110	1	84.00	80
26	111	1	84.00	80
26	112	1	84.00	80
26	113	1	84.00	80
26	114	1	84.00	80
26	115	1	84.00	80
26	116	1	84.00	80
26	117	1	84.00	80
26	118	1	84.00	80
26	119	1	84.00	80
26	120	1	84.00	80
26	121	1	84.00	80
26	122	1	84.00	80
26	123	1	84.00	80
26	124	1	84.00	80
26	125	1	84.00	80
26	126	1	84.00	80
26	127	1	84.00	80
26	128	1	84.00	80
26	129	1	84.00	80
26	130	1	84.00	80
26	131	1	84.00	80
26	132	1	84.00	80
26	133	1	84.00	80
26	134	1	84.00	80
26	135	1	84.00	80
26	136	1	84.00	80
26	137	1	84.00	80
26	138	1	84.00	80
26	139	1	84.00	80
26	140	1	84.00	80
26	141	1	84.00	80
26	142	1	84.00	80
26	143	1	84.00	80
26	144	1	84.00	80
26	145	1	84.00	80
26	146	1	84.00	80
26	147	1	84.00	80
26	148	1	84.00	80
26	149	1	84.00	80
26	150	1	84.00	80
26	151	1	84.00	80
26	152	1	84.00	80
26	153	1	84.00	80
26	154	1	84.00	80
26	155	1	84.00	80
26	156	1	84.00	80
26	157	1	84.00	80
26	158	1	84.00	80
26	159	1	84.00	80
26	160	1	84.00	80
26	161	1	84.00	80
26	162	1	84.00	80
26	163	1	84.00	80
26	164	1	84.00	80
26	165	1	84.00	80
26	166	1	84.00	80
26	167	1	84.00	80
26	168	1	84.00	80
26	169	1	84.00	80
26	170	1	84.00	80
26	171	1	84.00	80
26	172	1	84.00	80
26	173	1	84.00	80
26	174	1	84.00	80
26	175	1	84.00	80
26	176	1	84.00	80
26	177	1	84.00	80
26	178	1	84.00	80
26	179	1	84.00	80
26	180	1	84.00	80
26	181	1	84.00	80
26	182	1	84.00	80
26	183	1	84.00	80
26	184	1	84.00	80
26	185	1	84.00	80
26	186	1	84.00	80
26	187	1	84.00	80
26	188	1	84.00	80
26	189	1	84.00	80
26	190	1	84.00	80
26	191	1	84.00	80
26	192	1	84.00	80
26	193	1	84.00	80
26	194	1	84.00	80
26	195	1	84.00	80
26	196	1	84.00	80
26	197	1	84.00	80
26	198	1	84.00	80
26	199	1	84.00	80
27	0	1	84.00	80
27	1	1	84.00	80
27	2	1	84.00	80
27	3	1	84.00	80
27	4	1	84.00	80
27	5	1	84.00	80
27	6	1	84.00	80
27	7	1	84.00	80
27	8	1	84.00	80
27	9	1	84.00	80
27	10	1	84.00	80
27	11	1	84.00	80
27	12	1	84.00	80
27	13	1	84.00	80
27	14	1	84.00	80
27	15	1	84.00	80
27	16	1	84.00	80
27	17	1	84.00	80
27	18	1	84.00	80
27	19	1	84.00	80
27	20	1	84.00	80
27	21	1	84.00	80
27	22	1	84.00	80
27	23	1	84.00	80
27	24	1	84.00	80
27	25	1	84.00	80
27	26	1	84.00	80
27	27	1	84.00	80
27	28	1	84.00	80
27	29	1	84.00	80
27	30	1	84.00	80
27	31	1	84.00	80
27	32	1	84.00	80
27	33	1	84.00	80
27	34	1	84.00	80
27	35	1	84.00	80
27	36	1	84.00	80
27	37	1	84.00	80
27	38	1	84.00	80
27	39	1	84.00	80
27	40	1	84.00	80
27	41	1	84.00	80
27	42	1	84.00	80
27	43	1	84.00	80
27	44	1	84.00	80
27	45	1	84.00	80
27	46	1	84.00	80
27	47	1	84.00	80
27	48	1	84.00	80
27	49	1	84.00	80
27	50	1	84.00	80
27	51	1	84.00	80
27	52	1	84.00	80
27	53	1	84.00	80
27	54	1	84.00	80
27	55	1	84.00	80
27	56	1	84.00	80
27	57	1	84.00	80
27	58	1	84.00	80
27	59	1	84.00	80
27	60	1	84.00	80
27	61	1	84.00	80
27	62	1	84.00	80
27	63	1	84.00	80
27	64	1	84.00	80
27	65	1	84.00	80
27	66	1	84.00	80
27	67	1	84.00	80
27	68	1	84.00	80
27	69	1	84.00	80
27	70	1	84.00	80
27	71	1	84.00	80
27	72	1	84.00	80
27	73	1	84.00	80
27	74	1	84.00	80
27	75	1	84.00	80
27	76	1	84.00	80
27	77	1	84.00	80
27	78	1	84.00	80
27	79	1	84.00	80
27	80	1	84.00	80
27	81	1	84.00	80
27	82	1	84.00	80
27	83	1	84.00	80
27	84	1	84.00	80
27	85	1	84.00	80
27	86	1	84.00	80
27	87	1	84.00	80
27	88	1	84.00	80
27	89	1	84.00	80
27	90	1	84.00	80
27	91	1	84.00	80
27	92	1	84.00	80
27	93	1	84.00	80
27	94	1	84.00	80
27	95	1	84.00	80
27	96	1	84.00	80
27	97	1	84.00	80
27	98	1	84.00	80
27	99	1	84.00	80
27	100	1	84.00	80
27	101	1	84.00	80
27	102	1	84.00	80
27	103	1	84.00	80
27	104	1	84.00	80
27	105	1	84.00	80
27	106	1	84.00	80
27	107	1	84.00	80
27	108	1	84.00	80
27	109	1	84.00	80
27	110	1	84.00	80
27	111	1	84.00	80
27	112	1	84.00	80
27	113	1	84.00	80
27	114	1	84.00	80
27	115	1	84.00	80
27	116	1	84.00	80
27	117	1	84.00	80
27	118	1	84.00	80
27	119	1	84.00	80
27	120	1	84.00	80
27	121	1	84.00	80
27	122	1	84.00	80
27	123	1	84.00	80
27	124	1	84.00	80
27	125	1	84.00	80
27	126	1	84.00	80
27	127	1	84.00	80
27	128	1	84.00	80
27	129	1	84.00	80
27	130	1	84.00	80
27	131	1	84.00	80
27	132	1	84.00	80
27	133	1	84.00	80
27	134	1	84.00	80
27	135	1	84.00	80
27	136	1	84.00	80
27	137	1	84.00	80
27	138	1	84.00	80
27	139	1	84.00	80
27	140	1	84.00	80
27	141	1	84.00	80
27	142	1	84.00	80
27	143	1	84.00	80
27	144	1	84.00	80
27	145	1	84.00	80
27	146	1	84.00	80
27	147	1	84.00	80
27	148	1	84.00	80
27	149	1	84.00	80
27	150	1	84.00	80
27	151	1	84.00	80
27	152	1	84.00	80
27	153	1	84.00	80
27	154	1	84.00	80
27	155	1	84.00	80
27	156	1	84.00	80
27	157	1	84.00	80
27	158	1	84.00	80
27	159	1	84.00	80
27	160	1	84.00	80
27	161	1	84.00	80
27	162	1	84.00	80
27	163	1	84.00	80
27	164	1	84.00	80
27	165	1	84.00	80
27	166	1	84.00	80
27	167	1	84.00	80
27	168	1	84.00	80
27	169	1	84.00	80
27	170	1	84.00	80
27	171	1	84.00	80
27	172	1	84.00	80
27	173	1	84.00	80
27	174	1	84.00	80
27	175	1	84.00	80
27	176	1	84.00	80
27	177	1	84.00	80
27	178	1	84.00	80
27	179	1	84.00	80
27	180	1	84.00	80
27	181	1	84.00	80
27	182	1	84.00	80
27	183	1	84.00	80
27	184	1	84.00	80
27	185	1	84.00	80
27	186	1	84.00	80
27	187	1	84.00	80
27	188	1	84.00	80
27	189	1	84.00	80
27	190	1	84.00	80
27	191	1	84.00	80
27	192	1	84.00	80
27	193	1	84.00	80
27	194	1	84.00	80
27	195	1	84.00	80
28	0	1	84.00	80
28	1	1	84.00	80
28	2	1	84.00	80
28	3	1	84.00	80
28	4	1	84.00	80
28	5	1	84.00	80
28	6	1	84.00	80
28	7	1	84.00	80
28	8	1	84.00	80
28	9	1	84.00	80
28	10	1	84.00	80
28	11	1	84.00	80
28	12	1	84.00	80
28	13	1	84.00	80
28	14	1	84.00	80
28	15	1	84.00	80
28	16	1	84.00	80
28	17	1	84.00	80
28	18	1	84.00	80
28	19	1	84.00	80
28	20	1	84.00	80
28	21	1	84.00	80
28	22	1	84.00	80
28	23	1	84.00	80
28	24	1	84.00	80
28	25	1	84.00	80
28	26	1	84.00	80
28	27	1	84.00	80
28	28	1	84.00	80
28	29	1	84.00	80
28	30	1	84.00	80
28	31	1	84.00	80
28	32	1	84.00	80
28	33	1	84.00	80
28	34	1	84.00	80
28	35	1	84.00	80
28	36	1	84.00	80
28	37	1	84.00	80
28	38	1	84.00	80
28	39	1	84.00	80
28	40	1	84.00	80
28	41	1	84.00	80
28	42	1	84.00	80
28	43	1	84.00	80
28	44	1	84.00	80
28	45	1	84.00	80
28	46	1	84.00	80
28	47	1	84.00	80
28	48	1	84.00	80
28	49	1	84.00	80
28	50	1	84.00	80
28	51	1	84.00	80
28	52	1	84.00	80
28	53	1	84.00	80
28	54	1	84.00	80
28	55	1	84.00	80
28	56	1	84.00	80
28	57	1	84.00	80
28	58	1	84.00	80
28	59	1	84.00	80
28	60	1	84.00	80
28	61	1	84.00	80
28	62	1	84.00	80
28	63	1	84.00	80
28	64	1	84.00	80
28	65	1	84.00	80
28	66	1	84.00	80
28	67	1	84.00	80
28	68	1	84.00	80
28	69	1	84.00	80
28	70	1	84.00	80
28	71	1	84.00	80
28	72	1	84.00	80
28	73	1	84.00	80
28	74	1	84.00	80
28	75	1	84.00	80
28	76	1	84.00	80
28	77	1	84.00	80
28	78	1	84.00	80
28	79	1	84.00	80
28	80	1	84.00	80
28	81	1	84.00	80
28	82	1	84.00	80
28	83	1	84.00	80
28	84	1	84.00	80
28	85	1	84.00	80
28	86	1	84.00	80
28	87	1	84.00	80
28	88	1	84.00	80
28	89	1	84.00	80
28	90	1	84.00	80
28	91	1	84.00	80
28	92	1	84.00	80
28	93	1	84.00	80
28	94	1	84.00	80
28	95	1	84.00	80
28	96	1	84.00	80
28	97	1	84.00	80
28	98	1	84.00	80
28	99	1	84.00	80
28	100	1	84.00	80
28	101	1	84.00	80
28	102	1	84.00	80
28	103	1	84.00	80
28	104	1	84.00	80
28	105	1	84.00	80
28	106	1	84.00	80
28	107	1	84.00	80
28	108	1	84.00	80
28	109	1	84.00	80
28	110	1	84.00	80
28	111	1	84.00	80
28	112	1	84.00	80
28	113	1	84.00	80
28	114	1	84.00	80
28	115	1	84.00	80
28	116	1	84.00	80
28	117	1	84.00	80
28	118	1	84.00	80
28	119	1	84.00	80
28	120	1	84.00	80
28	121	1	84.00	80
28	122	1	84.00	80
28	123	1	84.00	80
28	124	1	84.00	80
28	125	1	84.00	80
28	126	1	84.00	80
28	127	1	84.00	80
28	128	1	84.00	80
28	129	1	84.00	80
28	130	1	84.00	80
28	131	1	84.00	80
28	132	1	84.00	80
28	133	1	84.00	80
28	134	1	84.00	80
28	135	1	84.00	80
28	136	1	84.00	80
28	137	1	84.00	80
28	138	1	84.00	80
28	139	1	84.00	80
28	140	1	84.00	80
28	141	1	84.00	80
28	142	1	84.00	80
28	143	1	84.00	80
28	144	1	84.00	80
28	145	1	84.00	80
28	146	1	84.00	80
28	147	1	84.00	80
28	148	1	84.00	80
28	149	1	84.00	80
28	150	1	84.00	80
28	151	1	84.00	80
28	152	1	84.00	80
28	153	1	84.00	80
28	154	1	84.00	80
28	155	1	84.00	80
28	156	1	84.00	80
28	157	1	84.00	80
28	158	1	84.00	80
28	159	1	84.00	80
28	160	1	84.00	80
28	161	1	84.00	80
28	162	1	84.00	80
28	163	1	84.00	80
28	164	1	84.00	80
28	165	1	84.00	80
28	166	1	84.00	80
28	167	1	84.00	80
28	168	1	84.00	80
28	169	1	84.00	80
28	170	1	84.00	80
28	171	1	84.00	80
28	172	1	84.00	80
28	173	1	84.00	80
28	174	1	84.00	80
28	175	1	84.00	80
28	176	1	84.00	80
28	177	1	84.00	80
29	0	1	84.00	80
29	1	1	84.00	80
29	2	1	84.00	80
29	3	1	84.00	80
29	4	1	84.00	80
29	5	1	84.00	80
29	6	1	84.00	80
29	7	1	84.00	80
29	8	1	84.00	80
29	9	1	84.00	80
29	10	1	84.00	80
29	11	1	84.00	80
29	12	1	84.00	80
29	13	1	84.00	80
29	14	1	84.00	80
29	15	1	84.00	80
29	16	1	84.00	80
29	17	1	84.00	80
29	18	1	84.00	80
29	19	1	84.00	80
29	20	1	84.00	80
29	21	1	84.00	80
29	22	1	84.00	80
29	23	1	84.00	80
29	24	1	84.00	80
29	25	1	84.00	80
29	26	1	84.00	80
29	27	1	84.00	80
29	28	1	84.00	80
29	29	1	84.00	80
29	30	1	84.00	80
29	31	1	84.00	80
29	32	1	84.00	80
29	33	1	84.00	80
29	34	1	84.00	80
29	35	1	84.00	80
29	36	1	84.00	80
29	37	1	84.00	80
29	38	1	84.00	80
29	39	1	84.00	80
29	40	1	84.00	80
29	41	1	84.00	80
29	42	1	84.00	80
29	43	1	84.00	80
29	44	1	84.00	80
29	45	1	84.00	80
29	46	1	84.00	80
29	47	1	84.00	80
29	48	1	84.00	80
29	49	1	84.00	80
29	50	1	84.00	80
29	51	1	84.00	80
29	52	1	84.00	80
29	53	1	84.00	80
29	54	1	84.00	80
29	55	1	84.00	80
29	56	1	84.00	80
29	57	1	84.00	80
29	58	1	84.00	80
29	59	1	84.00	80
29	60	1	84.00	80
29	61	1	84.00	80
29	62	1	84.00	80
29	63	1	84.00	80
29	64	1	84.00	80
29	65	1	84.00	80
29	66	1	84.00	80
29	67	1	84.00	80
29	68	1	84.00	80
29	69	1	84.00	80
29	70	1	84.00	80
29	71	1	84.00	80
29	72	1	84.00	80
29	73	1	84.00	80
29	74	1	84.00	80
29	75	1	84.00	80
29	76	1	84.00	80
29	77	1	84.00	80
29	78	1	84.00	80
29	79	1	84.00	80
29	80	1	84.00	80
29	81	1	84.00	80
29	82	1	84.00	80
29	83	1	84.00	80
29	84	1	84.00	80
29	85	1	84.00	80
29	86	1	84.00	80
29	87	1	84.00	80
29	88	1	84.00	80
29	89	1	84.00	80
29	90	1	84.00	80
29	91	1	84.00	80
29	92	1	84.00	80
29	93	1	84.00	80
29	94	1	84.00	80
29	95	1	84.00	80
29	96	1	84.00	80
29	97	1	84.00	80
29	98	1	84.00	80
29	99	1	84.00	80
29	100	1	84.00	80
29	101	1	84.00	80
29	102	1	84.00	80
29	103	1	84.00	80
29	104	1	84.00	80
29	105	1	84.00	80
29	106	1	84.00	80
29	107	1	84.00	80
29	108	1	84.00	80
29	109	1	84.00	80
29	110	1	84.00	80
29	111	1	84.00	80
29	112	1	84.00	80
29	113	1	84.00	80
29	114	1	84.00	80
29	115	1	84.00	80
29	116	1	84.00	80
29	117	1	84.00	80
29	118	1	84.00	80
29	119	1	84.00	80
29	120	1	84.00	80
29	121	1	84.00	80
29	122	1	84.00	80
29	123	1	84.00	80
29	124	1	84.00	80
29	125	1	84.00	80
29	126	1	84.00	80
29	127	1	84.00	80
29	128	1	84.00	80
29	129	1	84.00	80
30	0	1	84.00	80
30	1	1	84.00	80
30	2	1	84.00	80
30	3	1	84.00	80
30	4	1	84.00	80
30	5	1	84.00	80
30	6	1	84.00	80
30	7	1	84.00	80
30	8	1	84.00	80
30	9	1	84.00	80
30	10	1	84.00	80
30	11	1	84.00	80
30	12	1	84.00	80
30	13	1	84.00	80
30	14	1	84.00	80
30	15	1	84.00	80
30	16	1	84.00	80
30	17	1	84.00	80
30	18	1	84.00	80
30	19	1	84.00	80
30	20	1	84.00	80
30	21	1	84.00	80
30	22	1	84.00	80
30	23	1	84.00	80
30	24	1	84.00	80
30	25	1	84.00	80
30	26	1	84.00	80
30	27	1	84.00	80
30	28	1	84.00	80
30	29	1	84.00	80
30	30	1	84.00	80
30	31	1	84.00	80
30	32	1	84.00	80
30	33	1	84.00	80
30	34	1	84.00	80
30	35	1	84.00	80
30	36	1	84.00	80
30	37	1	84.00	80
30	38	1	84.00	80
30	39	1	84.00	80
30	40	1	84.00	80
30	41	1	84.00	80
30	42	1	84.00	80
30	43	1	84.00	80
30	44	1	84.00	80
30	45	1	84.00	80
30	46	1	84.00	80
30	47	1	84.00	80
30	48	1	84.00	80
30	49	1	84.00	80
30	50	1	84.00	80
30	51	1	84.00	80
30	52	1	84.00	80
30	53	1	84.00	80
30	54	1	84.00	80
30	55	1	84.00	80
30	56	1	84.00	80
30	57	1	84.00	80
30	58	1	84.00	80
30	59	1	84.00	80
30	60	1	84.00	80
30	61	1	84.00	80
30	62	1	84.00	80
30	63	1	84.00	80
30	64	1	84.00	80
30	65	1	84.00	80
30	66	1	84.00	80
30	67	1	84.00	80
30	68	1	84.00	80
30	69	1	84.00	80
30	70	1	84.00	80
30	71	1	84.00	80
30	72	1	84.00	80
30	73	1	84.00	80
30	74	1	84.00	80
30	75	1	84.00	80
30	76	1	84.00	80
30	77	1	84.00	80
30	78	1	84.00	80
30	79	1	84.00	80
30	80	1	84.00	80
30	81	1	84.00	80
30	82	1	84.00	80
30	83	1	84.00	80
30	84	1	84.00	80
30	85	1	84.00	80
30	86	1	84.00	80
30	87	1	84.00	80
30	88	1	84.00	80
30	89	1	84.00	80
30	90	1	84.00	80
30	91	1	84.00	80
30	92	1	84.00	80
30	93	1	84.00	80
30	94	1	84.00	80
30	95	1	84.00	80
30	96	1	84.00	80
30	97	1	84.00	80
30	98	1	84.00	80
30	99	1	84.00	80
30	100	1	84.00	80
30	101	1	84.00	80
30	102	1	84.00	80
30	103	1	84.00	80
30	104	1	84.00	80
30	105	1	84.00	80
30	106	1	84.00	80
30	107	1	84.00	80
31	0	1	84.00	80
31	1	1	84.00	80
31	2	1	84.00	80
31	3	1	84.00	80
31	4	1	84.00	80
31	5	1	84.00	80
31	6	1	84.00	80
31	7	1	84.00	80
31	8	1	84.00	80
31	9	1	84.00	80
31	10	1	84.00	80
31	11	1	84.00	80
31	12	1	84.00	80
31	13	1	84.00	80
31	14	1	84.00	80
31	15	1	84.00	80
31	16	1	84.00	80
31	17	1	84.00	80
31	18	1	84.00	80
31	19	1	84.00	80
31	20	1	84.00	80
31	21	1	84.00	80
31	22	1	84.00	80
31	23	1	84.00	80
31	24	1	84.00	80
31	25	1	84.00	80
31	26	1	84.00	80
31	27	1	84.00	80
31	28	1	84.00	80
31	29	1	84.00	80
31	30	1	84.00	80
31	31	1	84.00	80
31	32	1	84.00	80
31	33	1	84.00	80
31	34	1	84.00	80
31	35	1	84.00	80
31	36	1	84.00	80
31	37	1	84.00	80
31	38	1	84.00	80
31	39	1	84.00	80
31	40	1	84.00	80
31	41	1	84.00	80
31	42	1	84.00	80
31	43	1	84.00	80
31	44	1	84.00	80
31	45	1	84.00	80
31	46	1	84.00	80
31	47	1	84.00	80
31	48	1	84.00	80
31	49	1	84.00	80
31	50	1	84.00	80
31	51	1	84.00	80
31	52	1	84.00	80
31	53	1	84.00	80
31	54	1	84.00	80
31	55	1	84.00	80
31	56	1	84.00	80
31	57	1	84.00	80
31	58	1	84.00	80
31	59	1	84.00	80
31	60	1	84.00	80
31	61	1	84.00	80
31	62	1	84.00	80
31	63	1	84.00	80
31	64	1	84.00	80
31	65	1	84.00	80
31	66	1	84.00	80
31	67	1	84.00	80
31	68	1	84.00	80
31	69	1	84.00	80
31	70	1	84.00	80
31	71	1	84.00	80
31	72	1	84.00	80
31	73	1	84.00	80
31	74	1	84.00	80
31	75	1	84.00	80
31	76	1	84.00	80
31	77	1	84.00	80
31	78	1	84.00	80
31	79	1	84.00	80
31	80	1	84.00	80
31	81	1	84.00	80
31	82	1	84.00	80
31	83	1	84.00	80
31	84	1	84.00	80
31	85	1	84.00	80
31	86	1	84.00	80
31	87	1	84.00	80
31	88	1	84.00	80
31	89	1	84.00	80
########################################
# TPC Y : y = (ct-p0)*p1               #
########################################
0	0	2	-1236.363636	0.055000
0	1	2	-1236.363636	0.055000
0	2	2	-1236.363636	0.055000
0	3	2	-1236.363636	0.055000
0	4	2	-1236.363636	0.055000
0	5	2	-1236.363636	0.055000
0	6	2	-1236.363636	0.055000
0	7	2	-1236.363636	0.055000
0	8	2	-1236.363636	0.055000
0	9	2	-1236.363636	0.055000
0	10	2	-1236.363636	0.055000
0	11	2	-1236.363636	0.055000
0	12	2	-1236.363636	0.055000
0	13	2	-1236.363636	0.055000
0	14	2	-1236.363636	0.055000
0	15	2	-1236.363636	0.055000
0	16	2	-1236.363636	0.055000
0	17	2	-1236.363636	0.055000
0	18	2	-1236.363636	0.055000
0	19	2	-1236.363636	0.055000
0	20	2	-1236.363636	0.055000
0	21	2	-1236.363636	0.055000
0	22	2	-1236.363636	0.055000
0	23	2	-1236.363636	0.055000
0	24	2	-1236.363636	0.055000
0	25	2	-1236.363636	0.055000
0	26	2	-1236.363636	0.055000
0	27	2	-1236.363636	0.055000
0	28	2	-1236.363636	0.055000
0	29	2	-1236.363636	0.055000
0	30	2	-1236.363636	0.055000
0	31	2	-1236.363636	0.055000
0	32	2	-1236.363636	0.055000
0	33	2	-1236.363636	0.055000
0	34	2	-1236.363636	0.055000
0	35	2	-1236.363636	0.055000
0	36	2	-1236.363636	0.055000
0	37	2	-1236.363636	0.055000
0	38	2	-1236.363636	0.055000
0	39	2	-1236.363636	0.055000
0	40	2	-1236.363636	0.055000
0	41	2	-1236.363636	0.055000
0	42	2	-1236.363636	0.055000
0	43	2	-1236.363636	0.055000
0	44	2	-1236.363636	0.055000
0	45	2	-1236.363636	0.055000
0	46	2	-1236.363636	0.055000
0	47	2	-1236.363636	0.055000
1	0	2	-1236.363636	0.055000
1	1	2	-1236.363636	0.055000
1	2	2	-1236.363636	0.055000
1	3	2	-1236.363636	0.055000
1	4	2	-1236.363636	0.055000
1	5	2	-1236.363636	0.055000
1	6	2	-1236.363636	0.055000
1	7	2	-1236.363636	0.055000
1	8	2	-1236.363636	0.055000
1	9	2	-1236.363636	0.055000
1	10	2	-1236.363636	0.055000
1	11	2	-1236.363636	0.055000
1	12	2	-1236.363636	0.055000
1	13	2	-1236.363636	0.055000
1	14	2	-1236.363636	0.055000
1	15	2	-1236.363636	0.055000
1	16	2	-1236.363636	0.055000
1	17	2	-1236.363636	0.055000
1	18	2	-1236.363636	0.055000
1	19	2	-1236.363636	0.055000
1	20	2	-1236.363636	0.055000
1	21	2	-1236.363636	0.055000
1	22	2	-1236.363636	0.055000
1	23	2	-1236.363636	0.055000
1	24	2	-1236.363636	0.055000
1	25	2	-1236.363636	0.055000
1	26	2	-1236.363636	0.055000
1	27	2	-1236.363636	0.055000
1	28	2	-1236.363636	0.055000
1	29	2	-1236.363636	0.055000
1	30	2	-1236.363636	0.055000
1	31	2	-1236.363636	0.055000
1	32	2	-1236.363636	0.055000
1	33	2	-1236.363636	0.055000
1	34	2	-1236.363636	0.055000
1	35	2	-1236.363636	0.055000
1	36	2	-1236.363636	0.055000
1	37	2	-1236.363636	0.055000
1	38	2	-1236.363636	0.055000
1	39	2	-1236.363636	0.055000
1	40	2	-1236.363636	0.055000
1	41	2	-1236.363636	0.055000
1	42	2	-1236.363636	0.055000
1	43	2	-1236.363636	0.055000
1	44	2	-1236.363636	0.055000
1	45	2	-1236.363636	0.055000
1	46	2	-1236.363636	0.055000
1	47	2	-1236.363636	0.055000
2	0	2	-1236.363636	0.055000
2	1	2	-1236.363636	0.055000
2	2	2	-1236.363636	0.055000
2	3	2	-1236.363636	0.055000
2	4	2	-1236.363636	0.055000
2	5	2	-1236.363636	0.055000
2	6	2	-1236.363636	0.055000
2	7	2	-1236.363636	0.055000
2	8	2	-1236.363636	0.055000
2	9	2	-1236.363636	0.055000
2	10	2	-1236.363636	0.055000
2	11	2	-1236.363636	0.055000
2	12	2	-1236.363636	0.055000
2	13	2	-1236.363636	0.055000
2	14	2	-1236.363636	0.055000
2	15	2	-1236.363636	0.055000
2	16	2	-1236.363636	0.055000
2	17	2	-1236.363636	0.055000
2	18	2	-1236.363636	0.055000
2	19	2	-1236.363636	0.055000
2	20	2	-1236.363636	0.055000
2	21	2	-1236.363636	0.055000
2	22	2	-1236.363636	0.055000
2	23	2	-1236.363636	0.055000
2	24	2	-1236.363636	0.055000
2	25	2	-1236.363636	0.055000
2	26	2	-1236.363636	0.055000
2	27	2	-1236.363636	0.055000
2	28	2	-1236.363636	0.055000
2	29	2	-1236.363636	0.055000
2	30	2	-1236.363636	0.055000
2	31	2	-1236.363636	0.055000
2	32	2	-1236.363636	0.055000
2	33	2	-1236.363636	0.055000
2	34	2	-1236.363636	0.055000
2	35	2	-1236.363636	0.055000
2	36	2	-1236.363636	0.055000
2	37	2	-1236.363636	0.055000
2	38	2	-1236.363636	0.055000
2	39	2	-1236.363636	0.055000
2	40	2	-1236.363636	0.055000
2	41	2	-1236.363636	0.055000
2	42	2	-1236.363636	0.055000
2	43	2	-1236.363636	0.055000
2	44	2	-1236.363636	0.055000
2	45	2	-1236.363636	0.055000
2	46	2	-1236.363636	0.055000
2	47	2	-1236.363636	0.055000
2	48	2	-1236.363636	0.055000
2	49	2	-1236.363636	0.055000
2	50	2	-1236.363636	0.055000
2	51	2	-1236.363636	0.055000
2	52	2	-1236.363636	0.055000
2	53	2	-1236.363636	0.055000
2	54	2	-1236.363636	0.055000
2	55	2	-1236.363636	0.055000
2	56	2	-1236.363636	0.055000
2	57	2	-1236.363636	0.055000
2	58	2	-1236.363636	0.055000
2	59	2	-1236.363636	0.055000
2	60	2	-1236.363636	0.055000
2	61	2	-1236.363636	0.055000
2	62	2	-1236.363636	0.055000
2	63	2	-1236.363636	0.055000
2	64	2	-1236.363636	0.055000
2	65	2	-1236.363636	0.055000
2	66	2	-1236.363636	0.055000
2	67	2	-1236.363636	0.055000
2	68	2	-1236.363636	0.055000
2	69	2	-1236.363636	0.055000
2	70	2	-1236.363636	0.055000
2	71	2	-1236.363636	0.055000
3	0	2	-1236.363636	0.055000
3	1	2	-1236.363636	0.055000
3	2	2	-1236.363636	0.055000
3	3	2	-1236.363636	0.055000
3	4	2	-1236.363636	0.055000
3	5	2	-1236.363636	0.055000
3	6	2	-1236.363636	0.055000
3	7	2	-1236.363636	0.055000
3	8	2	-1236.363636	0.055000
3	9	2	-1236.363636	0.055000
3	10	2	-1236.363636	0.055000
3	11	2	-1236.363636	0.055000
3	12	2	-1236.363636	0.055000
3	13	2	-1236.363636	0.055000
3	14	2	-1236.363636	0.055000
3	15	2	-1236.363636	0.055000
3	16	2	-1236.363636	0.055000
3	17	2	-1236.363636	0.055000
3	18	2	-1236.363636	0.055000
3	19	2	-1236.363636	0.055000
3	20	2	-1236.363636	0.055000
3	21	2	-1236.363636	0.055000
3	22	2	-1236.363636	0.055000
3	23	2	-1236.363636	0.055000
3	24	2	-1236.363636	0.055000
3	25	2	-1236.363636	0.055000
3	26	2	-1236.363636	0.055000
3	27	2	-1236.363636	0.055000
3	28	2	-1236.363636	0.055000
3	29	2	-1236.363636	0.055000
3	30	2	-1236.363636	0.055000
3	31	2	-1236.363636	0.055000
3	32	2	-1236.363636	0.055000
3	33	2	-1236.363636	0.055000
3	34	2	-1236.363636	0.055000
3	35	2	-1236.363636	0.055000
3	36	2	-1236.363636	0.055000
3	37	2	-1236.363636	0.055000
3	38	2	-1236.363636	0.055000
3	39	2	-1236.363636	0.055000
3	40	2	-1236.363636	0.055000
3	41	2	-1236.363636	0.055000
3	42	2	-1236.363636	0.055000
3	43	2	-1236.363636	0.055000
3	44	2	-1236.363636	0.055000
3	45	2	-1236.363636	0.055000
3	46	2	-1236.363636	0.055000
3	47	2	-1236.363636	0.055000
3	48	2	-1236.363636	0.055000
3	49	2	-1236.363636	0.055000
3	50	2	-1236.363636	0.055000
3	51	2	-1236.363636	0.055000
3	52	2	-1236.363636	0.055000
3	53	2	-1236.363636	0.055000
3	54	2	-1236.363636	0.055000
3	55	2	-1236.363636	0.055000
3	56	2	-1236.363636	0.055000
3	57	2	-1236.363636	0.055000
3	58	2	-1236.363636	0.055000
3	59	2	-1236.363636	0.055000
3	60	2	-1236.363636	0.055000
3	61	2	-1236.363636	0.055000
3	62	2	-1236.363636	0.055000
3	63	2	-1236.363636	0.055000
3	64	2	-1236.363636	0.055000
3	65	2	-1236.363636	0.055000
3	66	2	-1236.363636	0.055000
3	67	2	-1236.363636	0.055000
3	68	2	-1236.363636	0.055000
3	69	2	-1236.363636	0.055000
3	70	2	-1236.363636	0.055000
3	71	2	-1236.363636	0.055000
3	72	2	-1236.363636	0.055000
3	73	2	-1236.363636	0.055000
3	74	2	-1236.363636	0.055000
3	75	2	-1236.363636	0.055000
3	76	2	-1236.363636	0.055000
3	77	2	-1236.363636	0.055000
3	78	2	-1236.363636	0.055000
3	79	2	-1236.363636	0.055000
3	80	2	-1236.363636	0.055000
3	81	2	-1236.363636	0.055000
3	82	2	-1236.363636	0.055000
3	83	2	-1236.363636	0.055000
3	84	2	-1236.363636	0.055000
3	85	2	-1236.363636	0.055000
3	86	2	-1236.363636	0.055000
3	87	2	-1236.363636	0.055000
3	88	2	-1236.363636	0.055000
3	89	2	-1236.363636	0.055000
3	90	2	-1236.363636	0.055000
3	91	2	-1236.363636	0.055000
3	92	2	-1236.363636	0.055000
3	93	2	-1236.363636	0.055000
3	94	2	-1236.363636	0.055000
3	95	2	-1236.363636	0.055000
4	0	2	-1236.363636	0.055000
4	1	2	-1236.363636	0.055000
4	2	2	-1236.363636	0.055000
4	3	2	-1236.363636	0.055000
4	4	2	-1236.363636	0.055000
4	5	2	-1236.363636	0.055000
4	6	2	-1236.363636	0.055000
4	7	2	-1236.363636	0.055000
4	8	2	-1236.363636	0.055000
4	9	2	-1236.363636	0.055000
4	10	2	-1236.363636	0.055000
4	11	2	-1236.363636	0.055000
4	12	2	-1236.363636	0.055000
4	13	2	-1236.363636	0.055000
4	14	2	-1236.363636	0.055000
4	15	2	-1236.363636	0.055000
4	16	2	-1236.363636	0.055000
4	17	2	-1236.363636	0.055000
4	18	2	-1236.363636	0.055000
4	19	2	-1236.363636	0.055000
4	20	2	-1236.363636	0.055000
4	21	2	-1236.363636	0.055000
4	22	2	-1236.363636	0.055000
4	23	2	-1236.363636	0.055000
4	24	2	-1236.363636	0.055000
4	25	2	-1236.363636	0.055000
4	26	2	-1236.363636	0.055000
4	27	2	-1236.363636	0.055000
4	28	2	-1236.363636	0.055000
4	29	2	-1236.363636	0.055000
4	30	2	-1236.363636	0.055000
4	31	2	-1236.363636	0.055000
4	32	2	-1236.363636	0.055000
4	33	2	-1236.363636	0.055000
4	34	2	-1236.363636	0.055000
4	35	2	-1236.363636	0.055000
4	36	2	-1236.363636	0.055000
4	37	2	-1236.363636	0.055000
4	38	2	-1236.363636	0.055000
4	39	2	-1236.363636	0.055000
4	40	2	-1236.363636	0.055000
4	41	2	-1236.363636	0.055000
4	42	2	-1236.363636	0.055000
4	43	2	-1236.363636	0.055000
4	44	2	-1236.363636	0.055000
4	45	2	-1236.363636	0.055000
4	46	2	-1236.363636	0.055000
4	47	2	-1236.363636	0.055000
4	48	2	-1236.363636	0.055000
4	49	2	-1236.363636	0.055000
4	50	2	-1236.363636	0.055000
4	51	2	-1236.363636	0.055000
4	52	2	-1236.363636	0.055000
4	53	2	-1236.363636	0.055000
4	54	2	-1236.363636	0.055000
4	55	2	-1236.363636	0.055000
4	56	2	-1236.363636	0.055000
4	57	2	-1236.363636	0.055000
4	58	2	-1236.363636	0.055000
4	59	2	-1236.363636	0.055000
4	60	2	-1236.363636	0.055000
4	61	2	-1236.363636	0.055000
4	62	2	-1236.363636	0.055000
4	63	2	-1236.363636	0.055000
4	64	2	-1236.363636	0.055000
4	65	2	-1236.363636	0.055000
4	66	2	-1236.363636	0.055000
4	67	2	-1236.363636	0.055000
4	68	2	-1236.363636	0.055000
4	69	2	-1236.363636	0.055000
4	70	2	-1236.363636	0.055000
4	71	2	-1236.363636	0.055000
4	72	2	-1236.363636	0.055000
4	73	2	-1236.363636	0.055000
4	74	2	-1236.363636	0.055000
4	75	2	-1236.363636	0.055000
4	76	2	-1236.363636	0.055000
4	77	2	-1236.363636	0.055000
4	78	2	-1236.363636	0.055000
4	79	2	-1236.363636	0.055000
4	80	2	-1236.363636	0.055000
4	81	2	-1236.363636	0.055000
4	82	2	-1236.363636	0.055000
4	83	2	-1236.363636	0.055000
4	84	2	-1236.363636	0.055000
4	85	2	-1236.363636	0.055000
4	86	2	-1236.363636	0.055000
4	87	2	-1236.363636	0.055000
4	88	2	-1236.363636	0.055000
4	89	2	-1236.363636	0.055000
4	90	2	-1236.363636	0.055000
4	91	2	-1236.363636	0.055000
4	92	2	-1236.363636	0.055000
4	93	2	-1236.363636	0.055000
4	94	2	-1236.363636	0.055000
4	95	2	-1236.363636	0.055000
4	96	2	-1236.363636	0.055000
4	97	2	-1236.363636	0.055000
4	98	2	-1236.363636	0.055000
4	99	2	-1236.363636	0.055000
4	100	2	-1236.363636	0.055000
4	101	2	-1236.363636	0.055000
4	102	2	-1236.363636	0.055000
4	103	2	-1236.363636	0.055000
4	104	2	-1236.363636	0.055000
4	105	2	-1236.363636	0.055000
4	106	2	-1236.363636	0.055000
4	107	2	-1236.363636	0.055000
4	108	2	-1236.363636	0.055000
4	109	2	-1236.363636	0.055000
4	110	2	-1236.363636	0.055000
4	111	2	-1236.363636	0.055000
4	112	2	-1236.363636	0.055000
4	113	2	-1236.363636	0.055000
4	114	2	-1236.363636	0.055000
4	115	2	-1236.363636	0.055000
4	116	2	-1236.363636	0.055000
4	117	2	-1236.363636	0.055000
4	118	2	-1236.363636	0.055000
4	119	2	-1236.363636	0.055000
5	0	2	-1236.363636	0.055000
5	1	2	-1236.363636	0.055000
5	2	2	-1236.363636	0.055000
5	3	2	-1236.363636	0.055000
5	4	2	-1236.363636	0.055000
5	5	2	-1236.363636	0.055000
5	6	2	-1236.363636	0.055000
5	7	2	-1236.363636	0.055000
5	8	2	-1236.363636	0.055000
5	9	2	-1236.363636	0.055000
5	10	2	-1236.363636	0.055000
5	11	2	-1236.363636	0.055000
5	12	2	-1236.363636	0.055000
5	13	2	-1236.363636	0.055000
5	14	2	-1236.363636	0.055000
5	15	2	-1236.363636	0.055000
5	16	2	-1236.363636	0.055000
5	17	2	-1236.363636	0.055000
5	18	2	-1236.363636	0.055000
5	19	2	-1236.363636	0.055000
5	20	2	-1236.363636	0.055000
5	21	2	-1236.363636	0.055000
5	22	2	-1236.363636	0.055000
5	23	2	-1236.363636	0.055000
5	24	2	-1236.363636	0.055000
5	25	2	-1236.363636	0.055000
5	26	2	-1236.363636	0.055000
5	27	2	-1236.363636	0.055000
5	28	2	-1236.363636	0.055000
5	29	2	-1236.363636	0.055000
5	30	2	-1236.363636	0.055000
5	31	2	-1236.363636	0.055000
5	32	2	-1236.363636	0.055000
5	33	2	-1236.363636	0.055000
5	34	2	-1236.363636	0.055000
5	35	2	-1236.363636	0.055000
5	36	2	-1236.363636	0.055000
5	37	2	-1236.363636	0.055000
5	38	2	-1236.363636	0.055000
5	39	2	-1236.363636	0.055000
5	40	2	-1236.363636	0.055000
5	41	2	-1236.363636	0.055000
5	42	2	-1236.363636	0.055000
5	43	2	-1236.363636	0.055000
5	44	2	-1236.363636	0.055000
5	45	2	-1236.363636	0.055000
5	46	2	-1236.363636	0.055000
5	47	2	-1236.363636	0.055000
5	48	2	-1236.363636	0.055000
5	49	2	-1236.363636	0.055000
5	50	2	-1236.363636	0.055000
5	51	2	-1236.363636	0.055000
5	52	2	-1236.363636	0.055000
5	53	2	-1236.363636	0.055000
5	54	2	-1236.363636	0.055000
5	55	2	-1236.363636	0.055000
5	56	2	-1236.363636	0.055000
5	57	2	-1236.363636	0.055000
5	58	2	-1236.363636	0.055000
5	59	2	-1236.363636	0.055000
5	60	2	-1236.363636	0.055000
5	61	2	-1236.363636	0.055000
5	62	2	-1236.363636	0.055000
5	63	2	-1236.363636	0.055000
5	64	2	-1236.363636	0.055000
5	65	2	-1236.363636	0.055000
5	66	2	-1236.363636	0.055000
5	67	2	-1236.363636	0.055000
5	68	2	-1236.363636	0.055000
5	69	2	-1236.363636	0.055000
5	70	2	-1236.363636	0.055000
5	71	2	-1236.363636	0.055000
5	72	2	-1236.363636	0.055000
5	73	2	-1236.363636	0.055000
5	74	2	-1236.363636	0.055000
5	75	2	-1236.363636	0.055000
5	76	2	-1236.363636	0.055000
5	77	2	-1236.363636	0.055000
5	78	2	-1236.363636	0.055000
5	79	2	-1236.363636	0.055000
5	80	2	-1236.363636	0.055000
5	81	2	-1236.363636	0.055000
5	82	2	-1236.363636	0.055000
5	83	2	-1236.363636	0.055000
5	84	2	-1236.363636	0.055000
5	85	2	-1236.363636	0.055000
5	86	2	-1236.363636	0.055000
5	87	2	-1236.363636	0.055000
5	88	2	-1236.363636	0.055000
5	89	2	-1236.363636	0.055000
5	90	2	-1236.363636	0.055000
5	91	2	-1236.363636	0.055000
5	92	2	-1236.363636	0.055000
5	93	2	-1236.363636	0.055000
5	94	2	-1236.363636	0.055000
5	95	2	-1236.363636	0.055000
5	96	2	-1236.363636	0.055000
5	97	2	-1236.363636	0.055000
5	98	2	-1236.363636	0.055000
5	99	2	-1236.363636	0.055000
5	100	2	-1236.363636	0.055000
5	101	2	-1236.363636	0.055000
5	102	2	-1236.363636	0.055000
5	103	2	-1236.363636	0.055000
5	104	2	-1236.363636	0.055000
5	105	2	-1236.363636	0.055000
5	106	2	-1236.363636	0.055000
5	107	2	-1236.363636	0.055000
5	108	2	-1236.363636	0.055000
5	109	2	-1236.363636	0.055000
5	110	2	-1236.363636	0.055000
5	111	2	-1236.363636	0.055000
5	112	2	-1236.363636	0.055000
5	113	2	-1236.363636	0.055000
5	114	2	-1236.363636	0.055000
5	115	2	-1236.363636	0.055000
5	116	2	-1236.363636	0.055000
5	117	2	-1236.363636	0.055000
5	118	2	-1236.363636	0.055000
5	119	2	-1236.363636	0.055000
5	120	2	-1236.363636	0.055000
5	121	2	-1236.363636	0.055000
5	122	2	-1236.363636	0.055000
5	123	2	-1236.363636	0.055000
5	124	2	-1236.363636	0.055000
5	125	2	-1236.363636	0.055000
5	126	2	-1236.363636	0.055000
5	127	2	-1236.363636	0.055000
5	128	2	-1236.363636	0.055000
5	129	2	-1236.363636	0.055000
5	130	2	-1236.363636	0.055000
5	131	2	-1236.363636	0.055000
5	132	2	-1236.363636	0.055000
5	133	2	-1236.363636	0.055000
5	134	2	-1236.363636	0.055000
5	135	2	-1236.363636	0.055000
5	136	2	-1236.363636	0.055000
5	137	2	-1236.363636	0.055000
5	138	2	-1236.363636	0.055000
5	139	2	-1236.363636	0.055000
5	140	2	-1236.363636	0.055000
5	141	2	-1236.363636	0.055000
5	142	2	-1236.363636	0.055000
5	143	2	-1236.363636	0.055000
6	0	2	-1236.363636	0.055000
6	1	2	-1236.363636	0.055000
6	2	2	-1236.363636	0.055000
6	3	2	-1236.363636	0.055000
6	4	2	-1236.363636	0.055000
6	5	2	-1236.363636	0.055000
6	6	2	-1236.363636	0.055000
6	7	2	-1236.363636	0.055000
6	8	2	-1236.363636	0.055000
6	9	2	-1236.363636	0.055000
6	10	2	-1236.363636	0.055000
6	11	2	-1236.363636	0.055000
6	12	2	-1236.363636	0.055000
6	13	2	-1236.363636	0.055000
6	14	2	-1236.363636	0.055000
6	15	2	-1236.363636	0.055000
6	16	2	-1236.363636	0.055000
6	17	2	-1236.363636	0.055000
6	18	2	-1236.363636	0.055000
6	19	2	-1236.363636	0.055000
6	20	2	-1236.363636	0.055000
6	21	2	-1236.363636	0.055000
6	22	2	-1236.363636	0.055000
6	23	2	-1236.363636	0.055000
6	24	2	-1236.363636	0.055000
6	25	2	-1236.363636	0.055000
6	26	2	-1236.363636	0.055000
6	27	2	-1236.363636	0.055000
6	28	2	-1236.363636	0.055000
6	29	2	-1236.363636	0.055000
6	30	2	-1236.363636	0.055000
6	31	2	-1236.363636	0.055000
6	32	2	-1236.363636	0.055000
6	33	2	-1236.363636	0.055000
6	34	2	-1236.363636	0.055000
6	35	2	-1236.363636	0.055000
6	36	2	-1236.363636	0.055000
6	37	2	-1236.363636	0.055000
6	38	2	-1236.363636	0.055000
6	39	2	-1236.363636	0.055000
6	40	2	-1236.363636	0.055000
6	41	2	-1236.363636	0.055000
6	42	2	-1236.363636	0.055000
6	43	2	-1236.363636	0.055000
6	44	2	-1236.363636	0.055000
6	45	2	-1236.363636	0.055000
6	46	2	-1236.363636	0.055000
6	47	2	-1236.363636	0.055000
6	48	2	-1236.363636	0.055000
6	49	2	-1236.363636	0.055000
6	50	2	-1236.363636	0.055000
6	51	2	-1236.363636	0.055000
6	52	2	-1236.363636	0.055000
6	53	2	-1236.363636	0.055000
6	54	2	-1236.363636	0.055000
6	55	2	-1236.363636	0.055000
6	56	2	-1236.363636	0.055000
6	57	2	-1236.363636	0.055000
6	58	2	-1236.363636	0.055000
6	59	2	-1236.363636	0.055000
6	60	2	-1236.363636	0.055000
6	61	2	-1236.363636	0.055000
6	62	2	-1236.363636	0.055000
6	63	2	-1236.363636	0.055000
6	64	2	-1236.363636	0.055000
6	65	2	-1236.363636	0.055000
6	66	2	-1236.363636	0.055000
6	67	2	-1236.363636	0.055000
6	68	2	-1236.363636	0.055000
6	69	2	-1236.363636	0.055000
6	70	2	-1236.363636	0.055000
6	71	2	-1236.363636	0.055000
6	72	2	-1236.363636	0.055000
6	73	2	-1236.363636	0.055000
6	74	2	-1236.363636	0.055000
6	75	2	-1236.363636	0.055000
6	76	2	-1236.363636	0.055000
6	77	2	-1236.363636	0.055000
6	78	2	-1236.363636	0.055000
6	79	2	-1236.363636	0.055000
6	80	2	-1236.363636	0.055000
6	81	2	-1236.363636	0.055000
6	82	2	-1236.363636	0.055000
6	83	2	-1236.363636	0.055000
6	84	2	-1236.363636	0.055000
6	85	2	-1236.363636	0.055000
6	86	2	-1236.363636	0.055000
6	87	2	-1236.363636	0.055000
6	88	2	-1236.363636	0.055000
6	89	2	-1236.363636	0.055000
6	90	2	-1236.363636	0.055000
6	91	2	-1236.363636	0.055000
6	92	2	-1236.363636	0.055000
6	93	2	-1236.363636	0.055000
6	94	2	-1236.363636	0.055000
6	95	2	-1236.363636	0.055000
6	96	2	-1236.363636	0.055000
6	97	2	-1236.363636	0.055000
6	98	2	-1236.363636	0.055000
6	99	2	-1236.363636	0.055000
6	100	2	-1236.363636	0.055000
6	101	2	-1236.363636	0.055000
6	102	2	-1236.363636	0.055000
6	103	2	-1236.363636	0.055000
6	104	2	-1236.363636	0.055000
6	105	2	-1236.363636	0.055000
6	106	2	-1236.363636	0.055000
6	107	2	-1236.363636	0.055000
6	108	2	-1236.363636	0.055000
6	109	2	-1236.363636	0.055000
6	110	2	-1236.363636	0.055000
6	111	2	-1236.363636	0.055000
6	112	2	-1236.363636	0.055000
6	113	2	-1236.363636	0.055000
6	114	2	-1236.363636	0.055000
6	115	2	-1236.363636	0.055000
6	116	2	-1236.363636	0.055000
6	117	2	-1236.363636	0.055000
6	118	2	-1236.363636	0.055000
6	119	2	-1236.363636	0.055000
6	120	2	-1236.363636	0.055000
6	121	2	-1236.363636	0.055000
6	122	2	-1236.363636	0.055000
6	123	2	-1236.363636	0.055000
6	124	2	-1236.363636	0.055000
6	125	2	-1236.363636	0.055000
6	126	2	-1236.363636	0.055000
6	127	2	-1236.363636	0.055000
6	128	2	-1236.363636	0.055000
6	129	2	-1236.363636	0.055000
6	130	2	-1236.363636	0.055000
6	131	2	-1236.363636	0.055000
6	132	2	-1236.363636	0.055000
6	133	2	-1236.363636	0.055000
6	134	2	-1236.363636	0.055000
6	135	2	-1236.363636	0.055000
6	136	2	-1236.363636	0.055000
6	137	2	-1236.363636	0.055000
6	138	2	-1236.363636	0.055000
6	139	2	-1236.363636	0.055000
6	140	2	-1236.363636	0.055000
6	141	2	-1236.363636	0.055000
6	142	2	-1236.363636	0.055000
6	143	2	-1236.363636	0.055000
6	144	2	-1236.363636	0.055000
6	145	2	-1236.363636	0.055000
6	146	2	-1236.363636	0.055000
6	147	2	-1236.363636	0.055000
6	148	2	-1236.363636	0.055000
6	149	2	-1236.363636	0.055000
6	150	2	-1236.363636	0.055000
6	151	2	-1236.363636	0.055000
6	152	2	-1236.363636	0.055000
6	153	2	-1236.363636	0.055000
6	154	2	-1236.363636	0.055000
6	155	2	-1236.363636	0.055000
6	156	2	-1236.363636	0.055000
6	157	2	-1236.363636	0.055000
6	158	2	-1236.363636	0.055000
6	159	2	-1236.363636	0.055000
6	160	2	-1236.363636	0.055000
6	161	2	-1236.363636	0.055000
6	162	2	-1236.363636	0.055000
6	163	2	-1236.363636	0.055000
6	164	2	-1236.363636	0.055000
6	165	2	-1236.363636	0.055000
6	166	2	-1236.363636	0.055000
6	167	2	-1236.363636	0.055000
7	0	2	-1236.363636	0.055000
7	1	2	-1236.363636	0.055000
7	2	2	-1236.363636	0.055000
7	3	2	-1236.363636	0.055000
7	4	2	-1236.363636	0.055000
7	5	2	-1236.363636	0.055000
7	6	2	-1236.363636	0.055000
7	7	2	-1236.363636	0.055000
7	8	2	-1236.363636	0.055000
7	9	2	-1236.363636	0.055000
7	10	2	-1236.363636	0.055000
7	11	2	-1236.363636	0.055000
7	12	2	-1236.363636	0.055000
7	13	2	-1236.363636	0.055000
7	14	2	-1236.363636	0.055000
7	15	2	-1236.363636	0.055000
7	16	2	-1236.363636	0.055000
7	17	2	-1236.363636	0.055000
7	18	2	-1236.363636	0.055000
7	19	2	-1236.363636	0.055000
7	20	2	-1236.363636	0.055000
7	21	2	-1236.363636	0.055000
7	22	2	-1236.363636	0.055000
7	23	2	-1236.363636	0.055000
7	24	2	-1236.363636	0.055000
7	25	2	-1236.363636	0.055000
7	26	2	-1236.363636	0.055000
7	27	2	-1236.363636	0.055000
7	28	2	-1236.363636	0.055000
7	29	2	-1236.363636	0.055000
7	30	2	-1236.363636	0.055000
7	31	2	-1236.363636	0.055000
7	32	2	-1236.363636	0.055000
7	33	2	-1236.363636	0.055000
7	34	2	-1236.363636	0.055000
7	35	2	-1236.363636	0.055000
7	36	2	-1236.363636	0.055000
7	37	2	-1236.363636	0.055000
7	38	2	-1236.363636	0.055000
7	39	2	-1236.363636	0.055000
7	40	2	-1236.363636	0.055000
7	41	2	-1236.363636	0.055000
7	42	2	-1236.363636	0.055000
7	43	2	-1236.363636	0.055000
7	44	2	-1236.363636	0.055000
7	45	2	-1236.363636	0.055000
7	46	2	-1236.363636	0.055000
7	47	2	-1236.363636	0.055000
7	48	2	-1236.363636	0.055000
7	49	2	-1236.363636	0.055000
7	50	2	-1236.363636	0.055000
7	51	2	-1236.363636	0.055000
7	52	2	-1236.363636	0.055000
7	53	2	-1236.363636	0.055000
7	54	2	-1236.363636	0.055000
7	55	2	-1236.363636	0.055000
7	56	2	-1236.363636	0.055000
7	57	2	-1236.363636	0.055000
7	58	2	-1236.363636	0.055000
7	59	2	-1236.363636	0.055000
7	60	2	-1236.363636	0.055000
7	61	2	-1236.363636	0.055000
7	62	2	-1236.363636	0.055000
7	63	2	-1236.363636	0.055000
7	64	2	-1236.363636	0.055000
7	65	2	-1236.363636	0.055000
7	66	2	-1236.363636	0.055000
7	67	2	-1236.363636	0.055000
7	68	2	-1236.363636	0.055000
7	69	2	-1236.363636	0.055000
7	70	2	-1236.363636	0.055000
7	71	2	-1236.363636	0.055000
7	72	2	-1236.363636	0.055000
7	73	2	-1236.363636	0.055000
7	74	2	-1236.363636	0.055000
7	75	2	-1236.363636	0.055000
7	76	2	-1236.363636	0.055000
7	77	2	-1236.363636	0.055000
7	78	2	-1236.363636	0.055000
7	79	2	-1236.363636	0.055000
7	80	2	-1236.363636	0.055000
7	81	2	-1236.363636	0.055000
7	82	2	-1236.363636	0.055000
7	83	2	-1236.363636	0.055000
7	84	2	-1236.363636	0.055000
7	85	2	-1236.363636	0.055000
7	86	2	-1236.363636	0.055000
7	87	2	-1236.363636	0.055000
7	88	2	-1236.363636	0.055000
7	89	2	-1236.363636	0.055000
7	90	2	-1236.363636	0.055000
7	91	2	-1236.363636	0.055000
7	92	2	-1236.363636	0.055000
7	93	2	-1236.363636	0.055000
7	94	2	-1236.363636	0.055000
7	95	2	-1236.363636	0.055000
7	96	2	-1236.363636	0.055000
7	97	2	-1236.363636	0.055000
7	98	2	-1236.363636	0.055000
7	99	2	-1236.363636	0.055000
7	100	2	-1236.363636	0.055000
7	101	2	-1236.363636	0.055000
7	102	2	-1236.363636	0.055000
7	103	2	-1236.363636	0.055000
7	104	2	-1236.363636	0.055000
7	105	2	-1236.363636	0.055000
7	106	2	-1236.363636	0.055000
7	107	2	-1236.363636	0.055000
7	108	2	-1236.363636	0.055000
7	109	2	-1236.363636	0.055000
7	110	2	-1236.363636	0.055000
7	111	2	-1236.363636	0.055000
7	112	2	-1236.363636	0.055000
7	113	2	-1236.363636	0.055000
7	114	2	-1236.363636	0.055000
7	115	2	-1236.363636	0.055000
7	116	2	-1236.363636	0.055000
7	117	2	-1236.363636	0.055000
7	118	2	-1236.363636	0.055000
7	119	2	-1236.363636	0.055000
7	120	2	-1236.363636	0.055000
7	121	2	-1236.363636	0.055000
7	122	2	-1236.363636	0.055000
7	123	2	-1236.363636	0.055000
7	124	2	-1236.363636	0.055000
7	125	2	-1236.363636	0.055000
7	126	2	-1236.363636	0.055000
7	127	2	-1236.363636	0.055000
7	128	2	-1236.363636	0.055000
7	129	2	-1236.363636	0.055000
7	130	2	-1236.363636	0.055000
7	131	2	-1236.363636	0.055000
7	132	2	-1236.363636	0.055000
7	133	2	-1236.363636	0.055000
7	134	2	-1236.363636	0.055000
7	135	2	-1236.363636	0.055000
7	136	2	-1236.363636	0.055000
7	137	2	-1236.363636	0.055000
7	138	2	-1236.363636	0.055000
7	139	2	-1236.363636	0.055000
7	140	2	-1236.363636	0.055000
7	141	2	-1236.363636	0.055000
7	142	2	-1236.363636	0.055000
7	143	2	-1236.363636	0.055000
7	144	2	-1236.363636	0.055000
7	145	2	-1236.363636	0.055000
7	146	2	-1236.363636	0.055000
7	147	2	-1236.363636	0.055000
7	148	2	-1236.363636	0.055000
7	149	2	-1236.363636	0.055000
7	150	2	-1236.363636	0.055000
7	151	2	-1236.363636	0.055000
7	152	2	-1236.363636	0.055000
7	153	2	-1236.363636	0.055000
7	154	2	-1236.363636	0.055000
7	155	2	-1236.363636	0.055000
7	156	2	-1236.363636	0.055000
7	157	2	-1236.363636	0.055000
7	158	2	-1236.363636	0.055000
7	159	2	-1236.363636	0.055000
7	160	2	-1236.363636	0.055000
7	161	2	-1236.363636	0.055000
7	162	2	-1236.363636	0.055000
7	163	2	-1236.363636	0.055000
7	164	2	-1236.363636	0.055000
7	165	2	-1236.363636	0.055000
7	166	2	-1236.363636	0.055000
7	167	2	-1236.363636	0.055000
7	168	2	-1236.363636	0.055000
7	169	2	-1236.363636	0.055000
7	170	2	-1236.363636	0.055000
7	171	2	-1236.363636	0.055000
7	172	2	-1236.363636	0.055000
7	173	2	-1236.363636	0.055000
7	174	2	-1236.363636	0.055000
7	175	2	-1236.363636	0.055000
7	176	2	-1236.363636	0.055000
7	177	2	-1236.363636	0.055000
7	178	2	-1236.363636	0.055000
7	179	2	-1236.363636	0.055000
7	180	2	-1236.363636	0.055000
7	181	2	-1236.363636	0.055000
7	182	2	-1236.363636	0.055000
7	183	2	-1236.363636	0.055000
7	184	2	-1236.363636	0.055000
7	185	2	-1236.363636	0.055000
7	186	2	-1236.363636	0.055000
7	187	2	-1236.363636	0.055000
7	188	2	-1236.363636	0.055000
7	189	2	-1236.363636	0.055000
7	190	2	-1236.363636	0.055000
7	191	2	-1236.363636	0.055000
8	0	2	-1236.363636	0.055000
8	1	2	-1236.363636	0.055000
8	2	2	-1236.363636	0.055000
8	3	2	-1236.363636	0.055000
8	4	2	-1236.363636	0.055000
8	5	2	-1236.363636	0.055000
8	6	2	-1236.363636	0.055000
8	7	2	-1236.363636	0.055000
8	8	2	-1236.363636	0.055000
8	9	2	-1236.363636	0.055000
8	10	2	-1236.363636	0.055000
8	11	2	-1236.363636	0.055000
8	12	2	-1236.363636	0.055000
8	13	2	-1236.363636	0.055000
8	14	2	-1236.363636	0.055000
8	15	2	-1236.363636	0.055000
8	16	2	-1236.363636	0.055000
8	17	2	-1236.363636	0.055000
8	18	2	-1236.363636	0.055000
8	19	2	-1236.363636	0.055000
8	20	2	-1236.363636	0.055000
8	21	2	-1236.363636	0.055000
8	22	2	-1236.363636	0.055000
8	23	2	-1236.363636	0.055000
8	24	2	-1236.363636	0.055000
8	25	2	-1236.363636	0.055000
8	26	2	-1236.363636	0.055000
8	27	2	-1236.363636	0.055000
8	28	2	-1236.363636	0.055000
8	29	2	-1236.363636	0.055000
8	30	2	-1236.363636	0.055000
8	31	2	-1236.363636	0.055000
8	32	2	-1236.363636	0.055000
8	33	2	-1236.363636	0.055000
8	34	2	-1236.363636	0.055000
8	35	2	-1236.363636	0.055000
8	36	2	-1236.363636	0.055000
8	37	2	-1236.363636	0.055000
8	38	2	-1236.363636	0.055000
8	39	2	-1236.363636	0.055000
8	40	2	-1236.363636	0.055000
8	41	2	-1236.363636	0.055000
8	42	2	-1236.363636	0.055000
8	43	2	-1236.363636	0.055000
8	44	2	-1236.363636	0.055000
8	45	2	-1236.363636	0.055000
8	46	2	-1236.363636	0.055000
8	47	2	-1236.363636	0.055000
8	48	2	-1236.363636	0.055000
8	49	2	-1236.363636	0.055000
8	50	2	-1236.363636	0.055000
8	51	2	-1236.363636	0.055000
8	52	2	-1236.363636	0.055000
8	53	2	-1236.363636	0.055000
8	54	2	-1236.363636	0.055000
8	55	2	-1236.363636	0.055000
8	56	2	-1236.363636	0.055000
8	57	2	-1236.363636	0.055000
8	58	2	-1236.363636	0.055000
8	59	2	-1236.363636	0.055000
8	60	2	-1236.363636	0.055000
8	61	2	-1236.363636	0.055000
8	62	2	-1236.363636	0.055000
8	63	2	-1236.363636	0.055000
8	64	2	-1236.363636	0.055000
8	65	2	-1236.363636	0.055000
8	66	2	-1236.363636	0.055000
8	67	2	-1236.363636	0.055000
8	68	2	-1236.363636	0.055000
8	69	2	-1236.363636	0.055000
8	70	2	-1236.363636	0.055000
8	71	2	-1236.363636	0.055000
8	72	2	-1236.363636	0.055000
8	73	2	-1236.363636	0.055000
8	74	2	-1236.363636	0.055000
8	75	2	-1236.363636	0.055000
8	76	2	-1236.363636	0.055000
8	77	2	-1236.363636	0.055000
8	78	2	-1236.363636	0.055000
8	79	2	-1236.363636	0.055000
8	80	2	-1236.363636	0.055000
8	81	2	-1236.363636	0.055000
8	82	2	-1236.363636	0.055000
8	83	2	-1236.363636	0.055000
8	84	2	-1236.363636	0.055000
8	85	2	-1236.363636	0.055000
8	86	2	-1236.363636	0.055000
8	87	2	-1236.363636	0.055000
8	88	2	-1236.363636	0.055000
8	89	2	-1236.363636	0.055000
8	90	2	-1236.363636	0.055000
8	91	2	-1236.363636	0.055000
8	92	2	-1236.363636	0.055000
8	93	2	-1236.363636	0.055000
8	94	2	-1236.363636	0.055000
8	95	2	-1236.363636	0.055000
8	96	2	-1236.363636	0.055000
8	97	2	-1236.363636	0.055000
8	98	2	-1236.363636	0.055000
8	99	2	-1236.363636	0.055000
8	100	2	-1236.363636	0.055000
8	101	2	-1236.363636	0.055000
8	102	2	-1236.363636	0.055000
8	103	2	-1236.363636	0.055000
8	104	2	-1236.363636	0.055000
8	105	2	-1236.363636	0.055000
8	106	2	-1236.363636	0.055000
8	107	2	-1236.363636	0.055000
8	108	2	-1236.363636	0.055000
8	109	2	-1236.363636	0.055000
8	110	2	-1236.363636	0.055000
8	111	2	-1236.363636	0.055000
8	112	2	-1236.363636	0.055000
8	113	2	-1236.363636	0.055000
8	114	2	-1236.363636	0.055000
8	115	2	-1236.363636	0.055000
8	116	2	-1236.363636	0.055000
8	117	2	-1236.363636	0.055000
8	118	2	-1236.363636	0.055000
8	119	2	-1236.363636	0.055000
8	120	2	-1236.363636	0.055000
8	121	2	-1236.363636	0.055000
8	122	2	-1236.363636	0.055000
8	123	2	-1236.363636	0.055000
8	124	2	-1236.363636	0.055000
8	125	2	-1236.363636	0.055000
8	126	2	-1236.363636	0.055000
8	127	2	-1236.363636	0.055000
8	128	2	-1236.363636	0.055000
8	129	2	-1236.363636	0.055000
8	130	2	-1236.363636	0.055000
8	131	2	-1236.363636	0.055000
8	132	2	-1236.363636	0.055000
8	133	2	-1236.363636	0.055000
8	134	2	-1236.363636	0.055000
8	135	2	-1236.363636	0.055000
8	136	2	-1236.363636	0.055000
8	137	2	-1236.363636	0.055000
8	138	2	-1236.363636	0.055000
8	139	2	-1236.363636	0.055000
8	140	2	-1236.363636	0.055000
8	141	2	-1236.363636	0.055000
8	142	2	-1236.363636	0.055000
8	143	2	-1236.363636	0.055000
8	144	2	-1236.363636	0.055000
8	145	2	-1236.363636	0.055000
8	146	2	-1236.363636	0.055000
8	147	2	-1236.363636	0.055000
8	148	2	-1236.363636	0.055000
8	149	2	-1236.363636	0.055000
8	150	2	-1236.363636	0.055000
8	151	2	-1236.363636	0.055000
8	152	2	-1236.363636	0.055000
8	153	2	-1236.363636	0.055000
8	154	2	-1236.363636	0.055000
8	155	2	-1236.363636	0.055000
8	156	2	-1236.363636	0.055000
8	157	2	-1236.363636	0.055000
8	158	2	-1236.363636	0.055000
8	159	2	-1236.363636	0.055000
8	160	2	-1236.363636	0.055000
8	161	2	-1236.363636	0.055000
8	162	2	-1236.363636	0.055000
8	163	2	-1236.363636	0.055000
8	164	2	-1236.363636	0.055000
8	165	2	-1236.363636	0.055000
8	166	2	-1236.363636	0.055000
8	167	2	-1236.363636	0.055000
8	168	2	-1236.363636	0.055000
8	169	2	-1236.363636	0.055000
8	170	2	-1236.363636	0.055000
8	171	2	-1236.363636	0.055000
8	172	2	-1236.363636	0.055000
8	173	2	-1236.363636	0.055000
8	174	2	-1236.363636	0.055000
8	175	2	-1236.363636	0.055000
8	176	2	-1236.363636	0.055000
8	177	2	-1236.363636	0.055000
8	178	2	-1236.363636	0.055000
8	179	2	-1236.363636	0.055000
8	180	2	-1236.363636	0.055000
8	181	2	-1236.363636	0.055000
8	182	2	-1236.363636	0.055000
8	183	2	-1236.363636	0.055000
8	184	2	-1236.363636	0.055000
8	185	2	-1236.363636	0.055000
8	186	2	-1236.363636	0.055000
8	187	2	-1236.363636	0.055000
8	188	2	-1236.363636	0.055000
8	189	2	-1236.363636	0.055000
8	190	2	-1236.363636	0.055000
8	191	2	-1236.363636	0.055000
8	192	2	-1236.363636	0.055000
8	193	2	-1236.363636	0.055000
8	194	2	-1236.363636	0.055000
8	195	2	-1236.363636	0.055000
8	196	2	-1236.363636	0.055000
8	197	2	-1236.363636	0.055000
8	198	2	-1236.363636	0.055000
8	199	2	-1236.363636	0.055000
8	200	2	-1236.363636	0.055000
8	201	2	-1236.363636	0.055000
8	202	2	-1236.363636	0.055000
8	203	2	-1236.363636	0.055000
8	204	2	-1236.363636	0.055000
8	205	2	-1236.363636	0.055000
8	206	2	-1236.363636	0.055000
8	207	2	-1236.363636	0.055000
8	208	2	-1236.363636	0.055000
8	209	2	-1236.363636	0.055000
8	210	2	-1236.363636	0.055000
8	211	2	-1236.363636	0.055000
8	212	2	-1236.363636	0.055000
8	213	2	-1236.363636	0.055000
8	214	2	-1236.363636	0.055000
8	215	2	-1236.363636	0.055000
9	0	2	-1236.363636	0.055000
9	1	2	-1236.363636	0.055000
9	2	2	-1236.363636	0.055000
9	3	2	-1236.363636	0.055000
9	4	2	-1236.363636	0.055000
9	5	2	-1236.363636	0.055000
9	6	2	-1236.363636	0.055000
9	7	2	-1236.363636	0.055000
9	8	2	-1236.363636	0.055000
9	9	2	-1236.363636	0.055000
9	10	2	-1236.363636	0.055000
9	11	2	-1236.363636	0.055000
9	12	2	-1236.363636	0.055000
9	13	2	-1236.363636	0.055000
9	14	2	-1236.363636	0.055000
9	15	2	-1236.363636	0.055000
9	16	2	-1236.363636	0.055000
9	17	2	-1236.363636	0.055000
9	18	2	-1236.363636	0.055000
9	19	2	-1236.363636	0.055000
9	20	2	-1236.363636	0.055000
9	21	2	-1236.363636	0.055000
9	22	2	-1236.363636	0.055000
9	23	2	-1236.363636	0.055000
9	24	2	-1236.363636	0.055000
9	25	2	-1236.363636	0.055000
9	26	2	-1236.363636	0.055000
9	27	2	-1236.363636	0.055000
9	28	2	-1236.363636	0.055000
9	29	2	-1236.363636	0.055000
9	30	2	-1236.363636	0.055000
9	31	2	-1236.363636	0.055000
9	32	2	-1236.363636	0.055000
9	33	2	-1236.363636	0.055000
9	34	2	-1236.363636	0.055000
9	35	2	-1236.363636	0.055000
9	36	2	-1236.363636	0.055000
9	37	2	-1236.363636	0.055000
9	38	2	-1236.363636	0.055000
9	39	2	-1236.363636	0.055000
9	40	2	-1236.363636	0.055000
9	41	2	-1236.363636	0.055000
9	42	2	-1236.363636	0.055000
9	43	2	-1236.363636	0.055000
9	44	2	-1236.363636	0.055000
9	45	2	-1236.363636	0.055000
9	46	2	-1236.363636	0.055000
9	47	2	-1236.363636	0.055000
9	48	2	-1236.363636	0.055000
9	49	2	-1236.363636	0.055000
9	50	2	-1236.363636	0.055000
9	51	2	-1236.363636	0.055000
9	52	2	-1236.363636	0.055000
9	53	2	-1236.363636	0.055000
9	54	2	-1236.363636	0.055000
9	55	2	-1236.363636	0.055000
9	56	2	-1236.363636	0.055000
9	57	2	-1236.363636	0.055000
9	58	2	-1236.363636	0.055000
9	59	2	-1236.363636	0.055000
9	60	2	-1236.363636	0.055000
9	61	2	-1236.363636	0.055000
9	62	2	-1236.363636	0.055000
9	63	2	-1236.363636	0.055000
9	64	2	-1236.363636	0.055000
9	65	2	-1236.363636	0.055000
9	66	2	-1236.363636	0.055000
9	67	2	-1236.363636	0.055000
9	68	2	-1236.363636	0.055000
9	69	2	-1236.363636	0.055000
9	70	2	-1236.363636	0.055000
9	71	2	-1236.363636	0.055000
9	72	2	-1236.363636	0.055000
9	73	2	-1236.363636	0.055000
9	74	2	-1236.363636	0.055000
9	75	2	-1236.363636	0.055000
9	76	2	-1236.363636	0.055000
9	77	2	-1236.363636	0.055000
9	78	2	-1236.363636	0.055000
9	79	2	-1236.363636	0.055000
9	80	2	-1236.363636	0.055000
9	81	2	-1236.363636	0.055000
9	82	2	-1236.363636	0.055000
9	83	2	-1236.363636	0.055000
9	84	2	-1236.363636	0.055000
9	85	2	-1236.363636	0.055000
9	86	2	-1236.363636	0.055000
9	87	2	-1236.363636	0.055000
9	88	2	-1236.363636	0.055000
9	89	2	-1236.363636	0.055000
9	90	2	-1236.363636	0.055000
9	91	2	-1236.363636	0.055000
9	92	2	-1236.363636	0.055000
9	93	2	-1236.363636	0.055000
9	94	2	-1236.363636	0.055000
9	95	2	-1236.363636	0.055000
9	96	2	-1236.363636	0.055000
9	97	2	-1236.363636	0.055000
9	98	2	-1236.363636	0.055000
9	99	2	-1236.363636	0.055000
9	100	2	-1236.363636	0.055000
9	101	2	-1236.363636	0.055000
9	102	2	-1236.363636	0.055000
9	103	2	-1236.363636	0.055000
9	104	2	-1236.363636	0.055000
9	105	2	-1236.363636	0.055000
9	106	2	-1236.363636	0.055000
9	107	2	-1236.363636	0.055000
9	108	2	-1236.363636	0.055000
9	109	2	-1236.363636	0.055000
9	110	2	-1236.363636	0.055000
9	111	2	-1236.363636	0.055000
9	112	2	-1236.363636	0.055000
9	113	2	-1236.363636	0.055000
9	114	2	-1236.363636	0.055000
9	115	2	-1236.363636	0.055000
9	116	2	-1236.363636	0.055000
9	117	2	-1236.363636	0.055000
9	118	2	-1236.363636	0.055000
9	119	2	-1236.363636	0.055000
9	120	2	-1236.363636	0.055000
9	121	2	-1236.363636	0.055000
9	122	2	-1236.363636	0.055000
9	123	2	-1236.363636	0.055000
9	124	2	-1236.363636	0.055000
9	125	2	-1236.363636	0.055000
9	126	2	-1236.363636	0.055000
9	127	2	-1236.363636	0.055000
9	128	2	-1236.363636	0.055000
9	129	2	-1236.363636	0.055000
9	130	2	-1236.363636	0.055000
9	131	2	-1236.363636	0.055000
9	132	2	-1236.363636	0.055000
9	133	2	-1236.363636	0.055000
9	134	2	-1236.363636	0.055000
9	135	2	-1236.363636	0.055000
9	136	2	-1236.363636	0.055000
9	137	2	-1236.363636	0.055000
9	138	2	-1236.363636	0.055000
9	139	2	-1236.363636	0.055000
9	140	2	-1236.363636	0.055000
9	141	2	-1236.363636	0.055000
9	142	2	-1236.363636	0.055000
9	143	2	-1236.363636	0.055000
9	144	2	-1236.363636	0.055000
9	145	2	-1236.363636	0.055000
9	146	2	-1236.363636	0.055000
9	147	2	-1236.363636	0.055000
9	148	2	-1236.363636	0.055000
9	149	2	-1236.363636	0.055000
9	150	2	-1236.363636	0.055000
9	151	2	-1236.363636	0.055000
9	152	2	-1236.363636	0.055000
9	153	2	-1236.363636	0.055000
9	154	2	-1236.363636	0.055000
9	155	2	-1236.363636	0.055000
9	156	2	-1236.363636	0.055000
9	157	2	-1236.363636	0.055000
9	158	2	-1236.363636	0.055000
9	159	2	-1236.363636	0.055000
9	160	2	-1236.363636	0.055000
9	161	2	-1236.363636	0.055000
9	162	2	-1236.363636	0.055000
9	163	2	-1236.363636	0.055000
9	164	2	-1236.363636	0.055000
9	165	2	-1236.363636	0.055000
9	166	2	-1236.363636	0.055000
9	167	2	-1236.363636	0.055000
9	168	2	-1236.363636	0.055000
9	169	2	-1236.363636	0.055000
9	170	2	-1236.363636	0.055000
9	171	2	-1236.363636	0.055000
9	172	2	-1236.363636	0.055000
9	173	2	-1236.363636	0.055000
9	174	2	-1236.363636	0.055000
9	175	2	-1236.363636	0.055000
9	176	2	-1236.363636	0.055000
9	177	2	-1236.363636	0.055000
9	178	2	-1236.363636	0.055000
9	179	2	-1236.363636	0.055000
9	180	2	-1236.363636	0.055000
9	181	2	-1236.363636	0.055000
9	182	2	-1236.363636	0.055000
9	183	2	-1236.363636	0.055000
9	184	2	-1236.363636	0.055000
9	185	2	-1236.363636	0.055000
9	186	2	-1236.363636	0.055000
9	187	2	-1236.363636	0.055000
9	188	2	-1236.363636	0.055000
9	189	2	-1236.363636	0.055000
9	190	2	-1236.363636	0.055000
9	191	2	-1236.363636	0.055000
9	192	2	-1236.363636	0.055000
9	193	2	-1236.363636	0.055000
9	194	2	-1236.363636	0.055000
9	195	2	-1236.363636	0.055000
9	196	2	-1236.363636	0.055000
9	197	2	-1236.363636	0.055000
9	198	2	-1236.363636	0.055000
9	199	2	-1236.363636	0.055000
9	200	2	-1236.363636	0.055000
9	201	2	-1236.363636	0.055000
9	202	2	-1236.363636	0.055000
9	203	2	-1236.363636	0.055000
9	204	2	-1236.363636	0.055000
9	205	2	-1236.363636	0.055000
9	206	2	-1236.363636	0.055000
9	207	2	-1236.363636	0.055000
9	208	2	-1236.363636	0.055000
9	209	2	-1236.363636	0.055000
9	210	2	-1236.363636	0.055000
9	211	2	-1236.363636	0.055000
9	212	2	-1236.363636	0.055000
9	213	2	-1236.363636	0.055000
9	214	2	-1236.363636	0.055000
9	215	2	-1236.363636	0.055000
9	216	2	-1236.363636	0.055000
9	217	2	-1236.363636	0.055000
9	218	2	-1236.363636	0.055000
9	219	2	-1236.363636	0.055000
9	220	2	-1236.363636	0.055000
9	221	2	-1236.363636	0.055000
9	222	2	-1236.363636	0.055000
9	223	2	-1236.363636	0.055000
9	224	2	-1236.363636	0.055000
9	225	2	-1236.363636	0.055000
9	226	2	-1236.363636	0.055000
9	227	2	-1236.363636	0.055000
9	228	2	-1236.363636	0.055000
9	229	2	-1236.363636	0.055000
9	230	2	-1236.363636	0.055000
9	231	2	-1236.363636	0.055000
9	232	2	-1236.363636	0.055000
9	233	2	-1236.363636	0.055000
9	234	2	-1236.363636	0.055000
9	235	2	-1236.363636	0.055000
9	236	2	-1236.363636	0.055000
9	237	2	-1236.363636	0.055000
9	238	2	-1236.363636	0.055000
9	239	2	-1236.363636	0.055000
10	0	2	-1236.363636	0.055000
10	1	2	-1236.363636	0.055000
10	2	2	-1236.363636	0.055000
10	3	2	-1236.363636	0.055000
10	4	2	-1236.363636	0.055000
10	5	2	-1236.363636	0.055000
10	6	2	-1236.363636	0.055000
10	7	2	-1236.363636	0.055000
10	8	2	-1236.363636	0.055000
10	9	2	-1236.363636	0.055000
10	10	2	-1236.363636	0.055000
10	11	2	-1236.363636	0.055000
10	12	2	-1236.363636	0.055000
10	13	2	-1236.363636	0.055000
10	14	2	-1236.363636	0.055000
10	15	2	-1236.363636	0.055000
10	16	2	-1236.363636	0.055000
10	17	2	-1236.363636	0.055000
10	18	2	-1236.363636	0.055000
10	19	2	-1236.363636	0.055000
10	20	2	-1236.363636	0.055000
10	21	2	-1236.363636	0.055000
10	22	2	-1236.363636	0.055000
10	23	2	-1236.363636	0.055000
10	24	2	-1236.363636	0.055000
10	25	2	-1236.363636	0.055000
10	26	2	-1236.363636	0.055000
10	27	2	-1236.363636	0.055000
10	28	2	-1236.363636	0.055000
10	29	2	-1236.363636	0.055000
10	30	2	-1236.363636	0.055000
10	31	2	-1236.363636	0.055000
10	32	2	-1236.363636	0.055000
10	33	2	-1236.363636	0.055000
10	34	2	-1236.363636	0.055000
10	35	2	-1236.363636	0.055000
10	36	2	-1236.363636	0.055000
10	37	2	-1236.363636	0.055000
10	38	2	-1236.363636	0.055000
10	39	2	-1236.363636	0.055000
10	40	2	-1236.363636	0.055000
10	41	2	-1236.363636	0.055000
10	42	2	-1236.363636	0.055000
10	43	2	-1236.363636	0.055000
10	44	2	-1236.363636	0.055000
10	45	2	-1236.363636	0.055000
10	46	2	-1236.363636	0.055000
10	47	2	-1236.363636	0.055000
10	48	2	-1236.363636	0.055000
10	49	2	-1236.363636	0.055000
10	50	2	-1236.363636	0.055000
10	51	2	-1236.363636	0.055000
10	52	2	-1236.363636	0.055000
10	53	2	-1236.363636	0.055000
10	54	2	-1236.363636	0.055000
10	55	2	-1236.363636	0.055000
10	56	2	-1236.363636	0.055000
10	57	2	-1236.363636	0.055000
10	58	2	-1236.363636	0.055000
10	59	2	-1236.363636	0.055000
10	60	2	-1236.363636	0.055000
10	61	2	-1236.363636	0.055000
10	62	2	-1236.363636	0.055000
10	63	2	-1236.363636	0.055000
10	64	2	-1236.363636	0.055000
10	65	2	-1236.363636	0.055000
10	66	2	-1236.363636	0.055000
10	67	2	-1236.363636	0.055000
10	68	2	-1236.363636	0.055000
10	69	2	-1236.363636	0.055000
10	70	2	-1236.363636	0.055000
10	71	2	-1236.363636	0.055000
10	72	2	-1236.363636	0.055000
10	73	2	-1236.363636	0.055000
10	74	2	-1236.363636	0.055000
10	75	2	-1236.363636	0.055000
10	76	2	-1236.363636	0.055000
10	77	2	-1236.363636	0.055000
10	78	2	-1236.363636	0.055000
10	79	2	-1236.363636	0.055000
10	80	2	-1236.363636	0.055000
10	81	2	-1236.363636	0.055000
10	82	2	-1236.363636	0.055000
10	83	2	-1236.363636	0.055000
10	84	2	-1236.363636	0.055000
10	85	2	-1236.363636	0.055000
10	86	2	-1236.363636	0.055000
10	87	2	-1236.363636	0.055000
10	88	2	-1236.363636	0.055000
10	89	2	-1236.363636	0.055000
10	90	2	-1236.363636	0.055000
10	91	2	-1236.363636	0.055000
10	92	2	-1236.363636	0.055000
10	93	2	-1236.363636	0.055000
10	94	2	-1236.363636	0.055000
10	95	2	-1236.363636	0.055000
10	96	2	-1236.363636	0.055000
10	97	2	-1236.363636	0.055000
10	98	2	-1236.363636	0.055000
10	99	2	-1236.363636	0.055000
10	100	2	-1236.363636	0.055000
10	101	2	-1236.363636	0.055000
10	102	2	-1236.363636	0.055000
10	103	2	-1236.363636	0.055000
10	104	2	-1236.363636	0.055000
10	105	2	-1236.363636	0.055000
10	106	2	-1236.363636	0.055000
10	107	2	-1236.363636	0.055000
10	108	2	-1236.363636	0.055000
10	109	2	-1236.363636	0.055000
10	110	2	-1236.363636	0.055000
10	111	2	-1236.363636	0.055000
10	112	2	-1236.363636	0.055000
10	113	2	-1236.363636	0.055000
10	114	2	-1236.363636	0.055000
10	115	2	-1236.363636	0.055000
10	116	2	-1236.363636	0.055000
10	117	2	-1236.363636	0.055000
10	118	2	-1236.363636	0.055000
10	119	2	-1236.363636	0.055000
10	120	2	-1236.363636	0.055000
10	121	2	-1236.363636	0.055000
10	122	2	-1236.363636	0.055000
10	123	2	-1236.363636	0.055000
10	124	2	-1236.363636	0.055000
10	125	2	-1236.363636	0.055000
10	126	2	-1236.363636	0.055000
10	127	2	-1236.363636	0.055000
10	128	2	-1236.363636	0.055000
10	129	2	-1236.363636	0.055000
10	130	2	-1236.363636	0.055000
10	131	2	-1236.363636	0.055000
10	132	2	-1236.363636	0.055000
10	133	2	-1236.363636	0.055000
10	134	2	-1236.363636	0.055000
10	135	2	-1236.363636	0.055000
10	136	2	-1236.363636	0.055000
10	137	2	-1236.363636	0.055000
10	138	2	-1236.363636	0.055000
10	139	2	-1236.363636	0.055000
10	140	2	-1236.363636	0.055000
10	141	2	-1236.363636	0.055000
10	142	2	-1236.363636	0.055000
10	143	2	-1236.363636	0.055000
10	144	2	-1236.363636	0.055000
10	145	2	-1236.363636	0.055000
10	146	2	-1236.363636	0.055000
10	147	2	-1236.363636	0.055000
10	148	2	-1236.363636	0.055000
10	149	2	-1236.363636	0.055000
10	150	2	-1236.363636	0.055000
10	151	2	-1236.363636	0.055000
10	152	2	-1236.363636	0.055000
10	153	2	-1236.363636	0.055000
10	154	2	-1236.363636	0.055000
10	155	2	-1236.363636	0.055000
10	156	2	-1236.363636	0.055000
10	157	2	-1236.363636	0.055000
10	158	2	-1236.363636	0.055000
10	159	2	-1236.363636	0.055000
10	160	2	-1236.363636	0.055000
10	161	2	-1236.363636	0.055000
10	162	2	-1236.363636	0.055000
10	163	2	-1236.363636	0.055000
10	164	2	-1236.363636	0.055000
10	165	2	-1236.363636	0.055000
10	166	2	-1236.363636	0.055000
10	167	2	-1236.363636	0.055000
10	168	2	-1236.363636	0.055000
10	169	2	-1236.363636	0.055000
10	170	2	-1236.363636	0.055000
10	171	2	-1236.363636	0.055000
10	172	2	-1236.363636	0.055000
10	173	2	-1236.363636	0.055000
10	174	2	-1236.363636	0.055000
10	175	2	-1236.363636	0.055000
10	176	2	-1236.363636	0.055000
10	177	2	-1236.363636	0.055000
10	178	2	-1236.363636	0.055000
10	179	2	-1236.363636	0.055000
10	180	2	-1236.363636	0.055000
10	181	2	-1236.363636	0.055000
10	182	2	-1236.363636	0.055000
10	183	2	-1236.363636	0.055000
10	184	2	-1236.363636	0.055000
10	185	2	-1236.363636	0.055000
10	186	2	-1236.363636	0.055000
10	187	2	-1236.363636	0.055000
10	188	2	-1236.363636	0.055000
10	189	2	-1236.363636	0.055000
10	190	2	-1236.363636	0.055000
10	191	2	-1236.363636	0.055000
10	192	2	-1236.363636	0.055000
10	193	2	-1236.363636	0.055000
10	194	2	-1236.363636	0.055000
10	195	2	-1236.363636	0.055000
10	196	2	-1236.363636	0.055000
10	197	2	-1236.363636	0.055000
10	198	2	-1236.363636	0.055000
10	199	2	-1236.363636	0.055000
10	200	2	-1236.363636	0.055000
10	201	2	-1236.363636	0.055000
10	202	2	-1236.363636	0.055000
10	203	2	-1236.363636	0.055000
10	204	2	-1236.363636	0.055000
10	205	2	-1236.363636	0.055000
10	206	2	-1236.363636	0.055000
10	207	2	-1236.363636	0.055000
11	0	2	-1236.363636	0.055000
11	1	2	-1236.363636	0.055000
11	2	2	-1236.363636	0.055000
11	3	2	-1236.363636	0.055000
11	4	2	-1236.363636	0.055000
11	5	2	-1236.363636	0.055000
11	6	2	-1236.363636	0.055000
11	7	2	-1236.363636	0.055000
11	8	2	-1236.363636	0.055000
11	9	2	-1236.363636	0.055000
11	10	2	-1236.363636	0.055000
11	11	2	-1236.363636	0.055000
11	12	2	-1236.363636	0.055000
11	13	2	-1236.363636	0.055000
11	14	2	-1236.363636	0.055000
11	15	2	-1236.363636	0.055000
11	16	2	-1236.363636	0.055000
11	17	2	-1236.363636	0.055000
11	18	2	-1236.363636	0.055000
11	19	2	-1236.363636	0.055000
11	20	2	-1236.363636	0.055000
11	21	2	-1236.363636	0.055000
11	22	2	-1236.363636	0.055000
11	23	2	-1236.363636	0.055000
11	24	2	-1236.363636	0.055000
11	25	2	-1236.363636	0.055000
11	26	2	-1236.363636	0.055000
11	27	2	-1236.363636	0.055000
11	28	2	-1236.363636	0.055000
11	29	2	-1236.363636	0.055000
11	30	2	-1236.363636	0.055000
11	31	2	-1236.363636	0.055000
11	32	2	-1236.363636	0.055000
11	33	2	-1236.363636	0.055000
11	34	2	-1236.363636	0.055000
11	35	2	-1236.363636	0.055000
11	36	2	-1236.363636	0.055000
11	37	2	-1236.363636	0.055000
11	38	2	-1236.363636	0.055000
11	39	2	-1236.363636	0.055000
11	40	2	-1236.363636	0.055000
11	41	2	-1236.363636	0.055000
11	42	2	-1236.363636	0.055000
11	43	2	-1236.363636	0.055000
11	44	2	-1236.363636	0.055000
11	45	2	-1236.363636	0.055000
11	46	2	-1236.363636	0.055000
11	47	2	-1236.363636	0.055000
11	48	2	-1236.363636	0.055000
11	49	2	-1236.363636	0.055000
11	50	2	-1236.363636	0.055000
11	51	2	-1236.363636	0.055000
11	52	2	-1236.363636	0.055000
11	53	2	-1236.363636	0.055000
11	54	2	-1236.363636	0.055000
11	55	2	-1236.363636	0.055000
11	56	2	-1236.363636	0.055000
11	57	2	-1236.363636	0.055000
11	58	2	-1236.363636	0.055000
11	59	2	-1236.363636	0.055000
11	60	2	-1236.363636	0.055000
11	61	2	-1236.363636	0.055000
11	62	2	-1236.363636	0.055000
11	63	2	-1236.363636	0.055000
11	64	2	-1236.363636	0.055000
11	65	2	-1236.363636	0.055000
11	66	2	-1236.363636	0.055000
11	67	2	-1236.363636	0.055000
11	68	2	-1236.363636	0.055000
11	69	2	-1236.363636	0.055000
11	70	2	-1236.363636	0.055000
11	71	2	-1236.363636	0.055000
11	72	2	-1236.363636	0.055000
11	73	2	-1236.363636	0.055000
11	74	2	-1236.363636	0.055000
11	75	2	-1236.363636	0.055000
11	76	2	-1236.363636	0.055000
11	77	2	-1236.363636	0.055000
11	78	2	-1236.363636	0.055000
11	79	2	-1236.363636	0.055000
11	80	2	-1236.363636	0.055000
11	81	2	-1236.363636	0.055000
11	82	2	-1236.363636	0.055000
11	83	2	-1236.363636	0.055000
11	84	2	-1236.363636	0.055000
11	85	2	-1236.363636	0.055000
11	86	2	-1236.363636	0.055000
11	87	2	-1236.363636	0.055000
11	88	2	-1236.363636	0.055000
11	89	2	-1236.363636	0.055000
11	90	2	-1236.363636	0.055000
11	91	2	-1236.363636	0.055000
11	92	2	-1236.363636	0.055000
11	93	2	-1236.363636	0.055000
11	94	2	-1236.363636	0.055000
11	95	2	-1236.363636	0.055000
11	96	2	-1236.363636	0.055000
11	97	2	-1236.363636	0.055000
11	98	2	-1236.363636	0.055000
11	99	2	-1236.363636	0.055000
11	100	2	-1236.363636	0.055000
11	101	2	-1236.363636	0.055000
11	102	2	-1236.363636	0.055000
11	103	2	-1236.363636	0.055000
11	104	2	-1236.363636	0.055000
11	105	2	-1236.363636	0.055000
11	106	2	-1236.363636	0.055000
11	107	2	-1236.363636	0.055000
11	108	2	-1236.363636	0.055000
11	109	2	-1236.363636	0.055000
11	110	2	-1236.363636	0.055000
11	111	2	-1236.363636	0.055000
11	112	2	-1236.363636	0.055000
11	113	2	-1236.363636	0.055000
11	114	2	-1236.363636	0.055000
11	115	2	-1236.363636	0.055000
11	116	2	-1236.363636	0.055000
11	117	2	-1236.363636	0.055000
11	118	2	-1236.363636	0.055000
11	119	2	-1236.363636	0.055000
11	120	2	-1236.363636	0.055000
11	121	2	-1236.363636	0.055000
11	122	2	-1236.363636	0.055000
11	123	2	-1236.363636	0.055000
11	124	2	-1236.363636	0.055000
11	125	2	-1236.363636	0.055000
11	126	2	-1236.363636	0.055000
11	127	2	-1236.363636	0.055000
11	128	2	-1236.363636	0.055000
11	129	2	-1236.363636	0.055000
11	130	2	-1236.363636	0.055000
11	131	2	-1236.363636	0.055000
11	132	2	-1236.363636	0.055000
11	133	2	-1236.363636	0.055000
11	134	2	-1236.363636	0.055000
11	135	2	-1236.363636	0.055000
11	136	2	-1236.363636	0.055000
11	137	2	-1236.363636	0.055000
11	138	2	-1236.363636	0.055000
11	139	2	-1236.363636	0.055000
11	140	2	-1236.363636	0.055000
11	141	2	-1236.363636	0.055000
11	142	2	-1236.363636	0.055000
11	143	2	-1236.363636	0.055000
11	144	2	-1236.363636	0.055000
11	145	2	-1236.363636	0.055000
11	146	2	-1236.363636	0.055000
11	147	2	-1236.363636	0.055000
11	148	2	-1236.363636	0.055000
11	149	2	-1236.363636	0.055000
11	150	2	-1236.363636	0.055000
11	151	2	-1236.363636	0.055000
11	152	2	-1236.363636	0.055000
11	153	2	-1236.363636	0.055000
11	154	2	-1236.363636	0.055000
11	155	2	-1236.363636	0.055000
11	156	2	-1236.363636	0.055000
11	157	2	-1236.363636	0.055000
11	158	2	-1236.363636	0.055000
11	159	2	-1236.363636	0.055000
11	160	2	-1236.363636	0.055000
11	161	2	-1236.363636	0.055000
11	162	2	-1236.363636	0.055000
11	163	2	-1236.363636	0.055000
11	164	2	-1236.363636	0.055000
11	165	2	-1236.363636	0.055000
11	166	2	-1236.363636	0.055000
11	167	2	-1236.363636	0.055000
11	168	2	-1236.363636	0.055000
11	169	2	-1236.363636	0.055000
11	170	2	-1236.363636	0.055000
11	171	2	-1236.363636	0.055000
11	172	2	-1236.363636	0.055000
11	173	2	-1236.363636	0.055000
11	174	2	-1236.363636	0.055000
11	175	2	-1236.363636	0.055000
11	176	2	-1236.363636	0.055000
11	177	2	-1236.363636	0.055000
11	178	2	-1236.363636	0.055000
11	179	2	-1236.363636	0.055000
11	180	2	-1236.363636	0.055000
11	181	2	-1236.363636	0.055000
11	182	2	-1236.363636	0.055000
11	183	2	-1236.363636	0.055000
11	184	2	-1236.363636	0.055000
11	185	2	-1236.363636	0.055000
11	186	2	-1236.363636	0.055000
11	187	2	-1236.363636	0.055000
11	188	2	-1236.363636	0.055000
11	189	2	-1236.363636	0.055000
11	190	2	-1236.363636	0.055000
11	191	2	-1236.363636	0.055000
11	192	2	-1236.363636	0.055000
11	193	2	-1236.363636	0.055000
11	194	2	-1236.363636	0.055000
11	195	2	-1236.363636	0.055000
11	196	2	-1236.363636	0.055000
11	197	2	-1236.363636	0.055000
11	198	2	-1236.363636	0.055000
11	199	2	-1236.363636	0.055000
11	200	2	-1236.363636	0.055000
11	201	2	-1236.363636	0.055000
11	202	2	-1236.363636	0.055000
11	203	2	-1236.363636	0.055000
11	204	2	-1236.363636	0.055000
11	205	2	-1236.363636	0.055000
11	206	2	-1236.363636	0.055000
11	207	2	-1236.363636	0.055000
11	208	2	-1236.363636	0.055000
11	209	2	-1236.363636	0.055000
11	210	2	-1236.363636	0.055000
11	211	2	-1236.363636	0.055000
11	212	2	-1236.363636	0.055000
11	213	2	-1236.363636	0.055000
11	214	2	-1236.363636	0.055000
11	215	2	-1236.363636	0.055000
11	216	2	-1236.363636	0.055000
11	217	2	-1236.363636	0.055000
12	0	2	-1236.363636	0.055000
12	1	2	-1236.363636	0.055000
12	2	2	-1236.363636	0.055000
12	3	2	-1236.363636	0.055000
12	4	2	-1236.363636	0.055000
12	5	2	-1236.363636	0.055000
12	6	2	-1236.363636	0.055000
12	7	2	-1236.363636	0.055000
12	8	2	-1236.363636	0.055000
12	9	2	-1236.363636	0.055000
12	10	2	-1236.363636	0.055000
12	11	2	-1236.363636	0.055000
12	12	2	-1236.363636	0.055000
12	13	2	-1236.363636	0.055000
12	14	2	-1236.363636	0.055000
12	15	2	-1236.363636	0.055000
12	16	2	-1236.363636	0.055000
12	17	2	-1236.363636	0.055000
12	18	2	-1236.363636	0.055000
12	19	2	-1236.363636	0.055000
12	20	2	-1236.363636	0.055000
12	21	2	-1236.363636	0.055000
12	22	2	-1236.363636	0.055000
12	23	2	-1236.363636	0.055000
12	24	2	-1236.363636	0.055000
12	25	2	-1236.363636	0.055000
12	26	2	-1236.363636	0.055000
12	27	2	-1236.363636	0.055000
12	28	2	-1236.363636	0.055000
12	29	2	-1236.363636	0.055000
12	30	2	-1236.363636	0.055000
12	31	2	-1236.363636	0.055000
12	32	2	-1236.363636	0.055000
12	33	2	-1236.363636	0.055000
12	34	2	-1236.363636	0.055000
12	35	2	-1236.363636	0.055000
12	36	2	-1236.363636	0.055000
12	37	2	-1236.363636	0.055000
12	38	2	-1236.363636	0.055000
12	39	2	-1236.363636	0.055000
12	40	2	-1236.363636	0.055000
12	41	2	-1236.363636	0.055000
12	42	2	-1236.363636	0.055000
12	43	2	-1236.363636	0.055000
12	44	2	-1236.363636	0.055000
12	45	2	-1236.363636	0.055000
12	46	2	-1236.363636	0.055000
12	47	2	-1236.363636	0.055000
12	48	2	-1236.363636	0.055000
12	49	2	-1236.363636	0.055000
12	50	2	-1236.363636	0.055000
12	51	2	-1236.363636	0.055000
12	52	2	-1236.363636	0.055000
12	53	2	-1236.363636	0.055000
12	54	2	-1236.363636	0.055000
12	55	2	-1236.363636	0.055000
12	56	2	-1236.363636	0.055000
12	57	2	-1236.363636	0.055000
12	58	2	-1236.363636	0.055000
12	59	2	-1236.363636	0.055000
12	60	2	-1236.363636	0.055000
12	61	2	-1236.363636	0.055000
12	62	2	-1236.363636	0.055000
12	63	2	-1236.363636	0.055000
12	64	2	-1236.363636	0.055000
12	65	2	-1236.363636	0.055000
12	66	2	-1236.363636	0.055000
12	67	2	-1236.363636	0.055000
12	68	2	-1236.363636	0.055000
12	69	2	-1236.363636	0.055000
12	70	2	-1236.363636	0.055000
12	71	2	-1236.363636	0.055000
12	72	2	-1236.363636	0.055000
12	73	2	-1236.363636	0.055000
12	74	2	-1236.363636	0.055000
12	75	2	-1236.363636	0.055000
12	76	2	-1236.363636	0.055000
12	77	2	-1236.363636	0.055000
12	78	2	-1236.363636	0.055000
12	79	2	-1236.363636	0.055000
12	80	2	-1236.363636	0.055000
12	81	2	-1236.363636	0.055000
12	82	2	-1236.363636	0.055000
12	83	2	-1236.363636	0.055000
12	84	2	-1236.363636	0.055000
12	85	2	-1236.363636	0.055000
12	86	2	-1236.363636	0.055000
12	87	2	-1236.363636	0.055000
12	88	2	-1236.363636	0.055000
12	89	2	-1236.363636	0.055000
12	90	2	-1236.363636	0.055000
12	91	2	-1236.363636	0.055000
12	92	2	-1236.363636	0.055000
12	93	2	-1236.363636	0.055000
12	94	2	-1236.363636	0.055000
12	95	2	-1236.363636	0.055000
12	96	2	-1236.363636	0.055000
12	97	2	-1236.363636	0.055000
12	98	2	-1236.363636	0.055000
12	99	2	-1236.363636	0.055000
12	100	2	-1236.363636	0.055000
12	101	2	-1236.363636	0.055000
12	102	2	-1236.363636	0.055000
12	103	2	-1236.363636	0.055000
12	104	2	-1236.363636	0.055000
12	105	2	-1236.363636	0.055000
12	106	2	-1236.363636	0.055000
12	107	2	-1236.363636	0.055000
12	108	2	-1236.363636	0.055000
12	109	2	-1236.363636	0.055000
12	110	2	-1236.363636	0.055000
12	111	2	-1236.363636	0.055000
12	112	2	-1236.363636	0.055000
12	113	2	-1236.363636	0.055000
12	114	2	-1236.363636	0.055000
12	115	2	-1236.363636	0.055000
12	116	2	-1236.363636	0.055000
12	117	2	-1236.363636	0.055000
12	118	2	-1236.363636	0.055000
12	119	2	-1236.363636	0.055000
12	120	2	-1236.363636	0.055000
12	121	2	-1236.363636	0.055000
12	122	2	-1236.363636	0.055000
12	123	2	-1236.363636	0.055000
12	124	2	-1236.363636	0.055000
12	125	2	-1236.363636	0.055000
12	126	2	-1236.363636	0.055000
12	127	2	-1236.363636	0.055000
12	128	2	-1236.363636	0.055000
12	129	2	-1236.363636	0.055000
12	130	2	-1236.363636	0.055000
12	131	2	-1236.363636	0.055000
12	132	2	-1236.363636	0.055000
12	133	2	-1236.363636	0.055000
12	134	2	-1236.363636	0.055000
12	135	2	-1236.363636	0.055000
12	136	2	-1236.363636	0.055000
12	137	2	-1236.363636	0.055000
12	138	2	-1236.363636	0.055000
12	139	2	-1236.363636	0.055000
12	140	2	-1236.363636	0.055000
12	141	2	-1236.363636	0.055000
12	142	2	-1236.363636	0.055000
12	143	2	-1236.363636	0.055000
12	144	2	-1236.363636	0.055000
12	145	2	-1236.363636	0.055000
12	146	2	-1236.363636	0.055000
12	147	2	-1236.363636	0.055000
12	148	2	-1236.363636	0.055000
12	149	2	-1236.363636	0.055000
12	150	2	-1236.363636	0.055000
12	151	2	-1236.363636	0.055000
12	152	2	-1236.363636	0.055000
12	153	2	-1236.363636	0.055000
12	154	2	-1236.363636	0.055000
12	155	2	-1236.363636	0.055000
12	156	2	-1236.363636	0.055000
12	157	2	-1236.363636	0.055000
12	158	2	-1236.363636	0.055000
12	159	2	-1236.363636	0.055000
12	160	2	-1236.363636	0.055000
12	161	2	-1236.363636	0.055000
12	162	2	-1236.363636	0.055000
12	163	2	-1236.363636	0.055000
12	164	2	-1236.363636	0.055000
12	165	2	-1236.363636	0.055000
12	166	2	-1236.363636	0.055000
12	167	2	-1236.363636	0.055000
12	168	2	-1236.363636	0.055000
12	169	2	-1236.363636	0.055000
12	170	2	-1236.363636	0.055000
12	171	2	-1236.363636	0.055000
12	172	2	-1236.363636	0.055000
12	173	2	-1236.363636	0.055000
12	174	2	-1236.363636	0.055000
12	175	2	-1236.363636	0.055000
12	176	2	-1236.363636	0.055000
12	177	2	-1236.363636	0.055000
12	178	2	-1236.363636	0.055000
12	179	2	-1236.363636	0.055000
12	180	2	-1236.363636	0.055000
12	181	2	-1236.363636	0.055000
12	182	2	-1236.363636	0.055000
12	183	2	-1236.363636	0.055000
12	184	2	-1236.363636	0.055000
12	185	2	-1236.363636	0.055000
12	186	2	-1236.363636	0.055000
12	187	2	-1236.363636	0.055000
12	188	2	-1236.363636	0.055000
12	189	2	-1236.363636	0.055000
12	190	2	-1236.363636	0.055000
12	191	2	-1236.363636	0.055000
12	192	2	-1236.363636	0.055000
12	193	2	-1236.363636	0.055000
12	194	2	-1236.363636	0.055000
12	195	2	-1236.363636	0.055000
12	196	2	-1236.363636	0.055000
12	197	2	-1236.363636	0.055000
12	198	2	-1236.363636	0.055000
12	199	2	-1236.363636	0.055000
12	200	2	-1236.363636	0.055000
12	201	2	-1236.363636	0.055000
12	202	2	-1236.363636	0.055000
12	203	2	-1236.363636	0.055000
12	204	2	-1236.363636	0.055000
12	205	2	-1236.363636	0.055000
12	206	2	-1236.363636	0.055000
12	207	2	-1236.363636	0.055000
12	208	2	-1236.363636	0.055000
12	209	2	-1236.363636	0.055000
12	210	2	-1236.363636	0.055000
12	211	2	-1236.363636	0.055000
12	212	2	-1236.363636	0.055000
12	213	2	-1236.363636	0.055000
12	214	2	-1236.363636	0.055000
12	215	2	-1236.363636	0.055000
12	216	2	-1236.363636	0.055000
12	217	2	-1236.363636	0.055000
12	218	2	-1236.363636	0.055000
12	219	2	-1236.363636	0.055000
12	220	2	-1236.363636	0.055000
12	221	2	-1236.363636	0.055000
12	222	2	-1236.363636	0.055000
12	223	2	-1236.363636	0.055000
12	224	2	-1236.363636	0.055000
12	225	2	-1236.363636	0.055000
12	226	2	-1236.363636	0.055000
12	227	2	-1236.363636	0.055000
12	228	2	-1236.363636	0.055000
12	229	2	-1236.363636	0.055000
13	0	2	-1236.363636	0.055000
13	1	2	-1236.363636	0.055000
13	2	2	-1236.363636	0.055000
13	3	2	-1236.363636	0.055000
13	4	2	-1236.363636	0.055000
13	5	2	-1236.363636	0.055000
13	6	2	-1236.363636	0.055000
13	7	2	-1236.363636	0.055000
13	8	2	-1236.363636	0.055000
13	9	2	-1236.363636	0.055000
13	10	2	-1236.363636	0.055000
13	11	2	-1236.363636	0.055000
13	12	2	-1236.363636	0.055000
13	13	2	-1236.363636	0.055000
13	14	2	-1236.363636	0.055000
13	15	2	-1236.363636	0.055000
13	16	2	-1236.363636	0.055000
13	17	2	-1236.363636	0.055000
13	18	2	-1236.363636	0.055000
13	19	2	-1236.363636	0.055000
13	20	2	-1236.363636	0.055000
13	21	2	-1236.363636	0.055000
13	22	2	-1236.363636	0.055000
13	23	2	-1236.363636	0.055000
13	24	2	-1236.363636	0.055000
13	25	2	-1236.363636	0.055000
13	26	2	-1236.363636	0.055000
13	27	2	-1236.363636	0.055000
13	28	2	-1236.363636	0.055000
13	29	2	-1236.363636	0.055000
13	30	2	-1236.363636	0.055000
13	31	2	-1236.363636	0.055000
13	32	2	-1236.363636	0.055000
13	33	2	-1236.363636	0.055000
13	34	2	-1236.363636	0.055000
13	35	2	-1236.363636	0.055000
13	36	2	-1236.363636	0.055000
13	37	2	-1236.363636	0.055000
13	38	2	-1236.363636	0.055000
13	39	2	-1236.363636	0.055000
13	40	2	-1236.363636	0.055000
13	41	2	-1236.363636	0.055000
13	42	2	-1236.363636	0.055000
13	43	2	-1236.363636	0.055000
13	44	2	-1236.363636	0.055000
13	45	2	-1236.363636	0.055000
13	46	2	-1236.363636	0.055000
13	47	2	-1236.363636	0.055000
13	48	2	-1236.363636	0.055000
13	49	2	-1236.363636	0.055000
13	50	2	-1236.363636	0.055000
13	51	2	-1236.363636	0.055000
13	52	2	-1236.363636	0.055000
13	53	2	-1236.363636	0.055000
13	54	2	-1236.363636	0.055000
13	55	2	-1236.363636	0.055000
13	56	2	-1236.363636	0.055000
13	57	2	-1236.363636	0.055000
13	58	2	-1236.363636	0.055000
13	59	2	-1236.363636	0.055000
13	60	2	-1236.363636	0.055000
13	61	2	-1236.363636	0.055000
13	62	2	-1236.363636	0.055000
13	63	2	-1236.363636	0.055000
13	64	2	-1236.363636	0.055000
13	65	2	-1236.363636	0.055000
13	66	2	-1236.363636	0.055000
13	67	2	-1236.363636	0.055000
13	68	2	-1236.363636	0.055000
13	69	2	-1236.363636	0.055000
13	70	2	-1236.363636	0.055000
13	71	2	-1236.363636	0.055000
13	72	2	-1236.363636	0.055000
13	73	2	-1236.363636	0.055000
13	74	2	-1236.363636	0.055000
13	75	2	-1236.363636	0.055000
13	76	2	-1236.363636	0.055000
13	77	2	-1236.363636	0.055000
13	78	2	-1236.363636	0.055000
13	79	2	-1236.363636	0.055000
13	80	2	-1236.363636	0.055000
13	81	2	-1236.363636	0.055000
13	82	2	-1236.363636	0.055000
13	83	2	-1236.363636	0.055000
13	84	2	-1236.363636	0.055000
13	85	2	-1236.363636	0.055000
13	86	2	-1236.363636	0.055000
13	87	2	-1236.363636	0.055000
13	88	2	-1236.363636	0.055000
13	89	2	-1236.363636	0.055000
13	90	2	-1236.363636	0.055000
13	91	2	-1236.363636	0.055000
13	92	2	-1236.363636	0.055000
13	93	2	-1236.363636	0.055000
13	94	2	-1236.363636	0.055000
13	95	2	-1236.363636	0.055000
13	96	2	-1236.363636	0.055000
13	97	2	-1236.363636	0.055000
13	98	2	-1236.363636	0.055000
13	99	2	-1236.363636	0.055000
13	100	2	-1236.363636	0.055000
13	101	2	-1236.363636	0.055000
13	102	2	-1236.363636	0.055000
13	103	2	-1236.363636	0.055000
13	104	2	-1236.363636	0.055000
13	105	2	-1236.363636	0.055000
13	106	2	-1236.363636	0.055000
13	107	2	-1236.363636	0.055000
13	108	2	-1236.363636	0.055000
13	109	2	-1236.363636	0.055000
13	110	2	-1236.363636	0.055000
13	111	2	-1236.363636	0.055000
13	112	2	-1236.363636	0.055000
13	113	2	-1236.363636	0.055000
13	114	2	-1236.363636	0.055000
13	115	2	-1236.363636	0.055000
13	116	2	-1236.363636	0.055000
13	117	2	-1236.363636	0.055000
13	118	2	-1236.363636	0.055000
13	119	2	-1236.363636	0.055000
13	120	2	-1236.363636	0.055000
13	121	2	-1236.363636	0.055000
13	122	2	-1236.363636	0.055000
13	123	2	-1236.363636	0.055000
13	124	2	-1236.363636	0.055000
13	125	2	-1236.363636	0.055000
13	126	2	-1236.363636	0.055000
13	127	2	-1236.363636	0.055000
13	128	2	-1236.363636	0.055000
13	129	2	-1236.363636	0.055000
13	130	2	-1236.363636	0.055000
13	131	2	-1236.363636	0.055000
13	132	2	-1236.363636	0.055000
13	133	2	-1236.363636	0.055000
13	134	2	-1236.363636	0.055000
13	135	2	-1236.363636	0.055000
13	136	2	-1236.363636	0.055000
13	137	2	-1236.363636	0.055000
13	138	2	-1236.363636	0.055000
13	139	2	-1236.363636	0.055000
13	140	2	-1236.363636	0.055000
13	141	2	-1236.363636	0.055000
13	142	2	-1236.363636	0.055000
13	143	2	-1236.363636	0.055000
13	144	2	-1236.363636	0.055000
13	145	2	-1236.363636	0.055000
13	146	2	-1236.363636	0.055000
13	147	2	-1236.363636	0.055000
13	148	2	-1236.363636	0.055000
13	149	2	-1236.363636	0.055000
13	150	2	-1236.363636	0.055000
13	151	2	-1236.363636	0.055000
13	152	2	-1236.363636	0.055000
13	153	2	-1236.363636	0.055000
13	154	2	-1236.363636	0.055000
13	155	2	-1236.363636	0.055000
13	156	2	-1236.363636	0.055000
13	157	2	-1236.363636	0.055000
13	158	2	-1236.363636	0.055000
13	159	2	-1236.363636	0.055000
13	160	2	-1236.363636	0.055000
13	161	2	-1236.363636	0.055000
13	162	2	-1236.363636	0.055000
13	163	2	-1236.363636	0.055000
13	164	2	-1236.363636	0.055000
13	165	2	-1236.363636	0.055000
13	166	2	-1236.363636	0.055000
13	167	2	-1236.363636	0.055000
13	168	2	-1236.363636	0.055000
13	169	2	-1236.363636	0.055000
13	170	2	-1236.363636	0.055000
13	171	2	-1236.363636	0.055000
13	172	2	-1236.363636	0.055000
13	173	2	-1236.363636	0.055000
13	174	2	-1236.363636	0.055000
13	175	2	-1236.363636	0.055000
13	176	2	-1236.363636	0.055000
13	177	2	-1236.363636	0.055000
13	178	2	-1236.363636	0.055000
13	179	2	-1236.363636	0.055000
13	180	2	-1236.363636	0.055000
13	181	2	-1236.363636	0.055000
13	182	2	-1236.363636	0.055000
13	183	2	-1236.363636	0.055000
13	184	2	-1236.363636	0.055000
13	185	2	-1236.363636	0.055000
13	186	2	-1236.363636	0.055000
13	187	2	-1236.363636	0.055000
13	188	2	-1236.363636	0.055000
13	189	2	-1236.363636	0.055000
13	190	2	-1236.363636	0.055000
13	191	2	-1236.363636	0.055000
13	192	2	-1236.363636	0.055000
13	193	2	-1236.363636	0.055000
13	194	2	-1236.363636	0.055000
13	195	2	-1236.363636	0.055000
13	196	2	-1236.363636	0.055000
13	197	2	-1236.363636	0.055000
13	198	2	-1236.363636	0.055000
13	199	2	-1236.363636	0.055000
13	200	2	-1236.363636	0.055000
13	201	2	-1236.363636	0.055000
13	202	2	-1236.363636	0.055000
13	203	2	-1236.363636	0.055000
13	204	2	-1236.363636	0.055000
13	205	2	-1236.363636	0.055000
13	206	2	-1236.363636	0.055000
13	207	2	-1236.363636	0.055000
13	208	2	-1236.363636	0.055000
13	209	2	-1236.363636	0.055000
13	210	2	-1236.363636	0.055000
13	211	2	-1236.363636	0.055000
13	212	2	-1236.363636	0.055000
13	213	2	-1236.363636	0.055000
14	0	2	-1236.363636	0.055000
14	1	2	-1236.363636	0.055000
14	2	2	-1236.363636	0.055000
14	3	2	-1236.363636	0.055000
14	4	2	-1236.363636	0.055000
14	5	2	-1236.363636	0.055000
14	6	2	-1236.363636	0.055000
14	7	2	-1236.363636	0.055000
14	8	2	-1236.363636	0.055000
14	9	2	-1236.363636	0.055000
14	10	2	-1236.363636	0.055000
14	11	2	-1236.363636	0.055000
14	12	2	-1236.363636	0.055000
14	13	2	-1236.363636	0.055000
14	14	2	-1236.363636	0.055000
14	15	2	-1236.363636	0.055000
14	16	2	-1236.363636	0.055000
14	17	2	-1236.363636	0.055000
14	18	2	-1236.363636	0.055000
14	19	2	-1236.363636	0.055000
14	20	2	-1236.363636	0.055000
14	21	2	-1236.363636	0.055000
14	22	2	-1236.363636	0.055000
14	23	2	-1236.363636	0.055000
14	24	2	-1236.363636	0.055000
14	25	2	-1236.363636	0.055000
14	26	2	-1236.363636	0.055000
14	27	2	-1236.363636	0.055000
14	28	2	-1236.363636	0.055000
14	29	2	-1236.363636	0.055000
14	30	2	-1236.363636	0.055000
14	31	2	-1236.363636	0.055000
14	32	2	-1236.363636	0.055000
14	33	2	-1236.363636	0.055000
14	34	2	-1236.363636	0.055000
14	35	2	-1236.363636	0.055000
14	36	2	-1236.363636	0.055000
14	37	2	-1236.363636	0.055000
14	38	2	-1236.363636	0.055000
14	39	2	-1236.363636	0.055000
14	40	2	-1236.363636	0.055000
14	41	2	-1236.363636	0.055000
14	42	2	-1236.363636	0.055000
14	43	2	-1236.363636	0.055000
14	44	2	-1236.363636	0.055000
14	45	2	-1236.363636	0.055000
14	46	2	-1236.363636	0.055000
14	47	2	-1236.363636	0.055000
14	48	2	-1236.363636	0.055000
14	49	2	-1236.363636	0.055000
14	50	2	-1236.363636	0.055000
14	51	2	-1236.363636	0.055000
14	52	2	-1236.363636	0.055000
14	53	2	-1236.363636	0.055000
14	54	2	-1236.363636	0.055000
14	55	2	-1236.363636	0.055000
14	56	2	-1236.363636	0.055000
14	57	2	-1236.363636	0.055000
14	58	2	-1236.363636	0.055000
14	59	2	-1236.363636	0.055000
14	60	2	-1236.363636	0.055000
14	61	2	-1236.363636	0.055000
14	62	2	-1236.363636	0.055000
14	63	2	-1236.363636	0.055000
14	64	2	-1236.363636	0.055000
14	65	2	-1236.363636	0.055000
14	66	2	-1236.363636	0.055000
14	67	2	-1236.363636	0.055000
14	68	2	-1236.363636	0.055000
14	69	2	-1236.363636	0.055000
14	70	2	-1236.363636	0.055000
14	71	2	-1236.363636	0.055000
14	72	2	-1236.363636	0.055000
14	73	2	-1236.363636	0.055000
14	74	2	-1236.363636	0.055000
14	75	2	-1236.363636	0.055000
14	76	2	-1236.363636	0.055000
14	77	2	-1236.363636	0.055000
14	78	2	-1236.363636	0.055000
14	79	2	-1236.363636	0.055000
14	80	2	-1236.363636	0.055000
14	81	2	-1236.363636	0.055000
14	82	2	-1236.363636	0.055000
14	83	2	-1236.363636	0.055000
14	84	2	-1236.363636	0.055000
14	85	2	-1236.363636	0.055000
14	86	2	-1236.363636	0.055000
14	87	2	-1236.363636	0.055000
14	88	2	-1236.363636	0.055000
14	89	2	-1236.363636	0.055000
14	90	2	-1236.363636	0.055000
14	91	2	-1236.363636	0.055000
14	92	2	-1236.363636	0.055000
14	93	2	-1236.363636	0.055000
14	94	2	-1236.363636	0.055000
14	95	2	-1236.363636	0.055000
14	96	2	-1236.363636	0.055000
14	97	2	-1236.363636	0.055000
14	98	2	-1236.363636	0.055000
14	99	2	-1236.363636	0.055000
14	100	2	-1236.363636	0.055000
14	101	2	-1236.363636	0.055000
14	102	2	-1236.363636	0.055000
14	103	2	-1236.363636	0.055000
14	104	2	-1236.363636	0.055000
14	105	2	-1236.363636	0.055000
14	106	2	-1236.363636	0.055000
14	107	2	-1236.363636	0.055000
14	108	2	-1236.363636	0.055000
14	109	2	-1236.363636	0.055000
14	110	2	-1236.363636	0.055000
14	111	2	-1236.363636	0.055000
14	112	2	-1236.363636	0.055000
14	113	2	-1236.363636	0.055000
14	114	2	-1236.363636	0.055000
14	115	2	-1236.363636	0.055000
14	116	2	-1236.363636	0.055000
14	117	2	-1236.363636	0.055000
14	118	2	-1236.363636	0.055000
14	119	2	-1236.363636	0.055000
14	120	2	-1236.363636	0.055000
14	121	2	-1236.363636	0.055000
14	122	2	-1236.363636	0.055000
14	123	2	-1236.363636	0.055000
14	124	2	-1236.363636	0.055000
14	125	2	-1236.363636	0.055000
14	126	2	-1236.363636	0.055000
14	127	2	-1236.363636	0.055000
14	128	2	-1236.363636	0.055000
14	129	2	-1236.363636	0.055000
14	130	2	-1236.363636	0.055000
14	131	2	-1236.363636	0.055000
14	132	2	-1236.363636	0.055000
14	133	2	-1236.363636	0.055000
14	134	2	-1236.363636	0.055000
14	135	2	-1236.363636	0.055000
14	136	2	-1236.363636	0.055000
14	137	2	-1236.363636	0.055000
14	138	2	-1236.363636	0.055000
14	139	2	-1236.363636	0.055000
14	140	2	-1236.363636	0.055000
14	141	2	-1236.363636	0.055000
14	142	2	-1236.363636	0.055000
14	143	2	-1236.363636	0.055000
14	144	2	-1236.363636	0.055000
14	145	2	-1236.363636	0.055000
14	146	2	-1236.363636	0.055000
14	147	2	-1236.363636	0.055000
14	148	2	-1236.363636	0.055000
14	149	2	-1236.363636	0.055000
14	150	2	-1236.363636	0.055000
14	151	2	-1236.363636	0.055000
14	152	2	-1236.363636	0.055000
14	153	2	-1236.363636	0.055000
14	154	2	-1236.363636	0.055000
14	155	2	-1236.363636	0.055000
14	156	2	-1236.363636	0.055000
14	157	2	-1236.363636	0.055000
14	158	2	-1236.363636	0.055000
14	159	2	-1236.363636	0.055000
14	160	2	-1236.363636	0.055000
14	161	2	-1236.363636	0.055000
14	162	2	-1236.363636	0.055000
14	163	2	-1236.363636	0.055000
14	164	2	-1236.363636	0.055000
14	165	2	-1236.363636	0.055000
14	166	2	-1236.363636	0.055000
14	167	2	-1236.363636	0.055000
14	168	2	-1236.363636	0.055000
14	169	2	-1236.363636	0.055000
14	170	2	-1236.363636	0.055000
14	171	2	-1236.363636	0.055000
14	172	2	-1236.363636	0.055000
14	173	2	-1236.363636	0.055000
14	174	2	-1236.363636	0.055000
14	175	2	-1236.363636	0.055000
14	176	2	-1236.363636	0.055000
14	177	2	-1236.363636	0.055000
14	178	2	-1236.363636	0.055000
14	179	2	-1236.363636	0.055000
14	180	2	-1236.363636	0.055000
14	181	2	-1236.363636	0.055000
14	182	2	-1236.363636	0.055000
14	183	2	-1236.363636	0.055000
14	184	2	-1236.363636	0.055000
14	185	2	-1236.363636	0.055000
14	186	2	-1236.363636	0.055000
14	187	2	-1236.363636	0.055000
14	188	2	-1236.363636	0.055000
14	189	2	-1236.363636	0.055000
14	190	2	-1236.363636	0.055000
14	191	2	-1236.363636	0.055000
14	192	2	-1236.363636	0.055000
14	193	2	-1236.363636	0.055000
14	194	2	-1236.363636	0.055000
14	195	2	-1236.363636	0.055000
14	196	2	-1236.363636	0.055000
14	197	2	-1236.363636	0.055000
14	198	2	-1236.363636	0.055000
14	199	2	-1236.363636	0.055000
14	200	2	-1236.363636	0.055000
14	201	2	-1236.363636	0.055000
14	202	2	-1236.363636	0.055000
14	203	2	-1236.363636	0.055000
14	204	2	-1236.363636	0.055000
14	205	2	-1236.363636	0.055000
14	206	2	-1236.363636	0.055000
14	207	2	-1236.363636	0.055000
14	208	2	-1236.363636	0.055000
14	209	2	-1236.363636	0.055000
14	210	2	-1236.363636	0.055000
14	211	2	-1236.363636	0.055000
15	0	2	-1236.363636	0.055000
15	1	2	-1236.363636	0.055000
15	2	2	-1236.363636	0.055000
15	3	2	-1236.363636	0.055000
15	4	2	-1236.363636	0.055000
15	5	2	-1236.363636	0.055000
15	6	2	-1236.363636	0.055000
15	7	2	-1236.363636	0.055000
15	8	2	-1236.363636	0.055000
15	9	2	-1236.363636	0.055000
15	10	2	-1236.363636	0.055000
15	11	2	-1236.363636	0.055000
15	12	2	-1236.363636	0.055000
15	13	2	-1236.363636	0.055000
15	14	2	-1236.363636	0.055000
15	15	2	-1236.363636	0.055000
15	16	2	-1236.363636	0.055000
15	17	2	-1236.363636	0.055000
15	18	2	-1236.363636	0.055000
15	19	2	-1236.363636	0.055000
15	20	2	-1236.363636	0.055000
15	21	2	-1236.363636	0.055000
15	22	2	-1236.363636	0.055000
15	23	2	-1236.363636	0.055000
15	24	2	-1236.363636	0.055000
15	25	2	-1236.363636	0.055000
15	26	2	-1236.363636	0.055000
15	27	2	-1236.363636	0.055000
15	28	2	-1236.363636	0.055000
15	29	2	-1236.363636	0.055000
15	30	2	-1236.363636	0.055000
15	31	2	-1236.363636	0.055000
15	32	2	-1236.363636	0.055000
15	33	2	-1236.363636	0.055000
15	34	2	-1236.363636	0.055000
15	35	2	-1236.363636	0.055000
15	36	2	-1236.363636	0.055000
15	37	2	-1236.363636	0.055000
15	38	2	-1236.363636	0.055000
15	39	2	-1236.363636	0.055000
15	40	2	-1236.363636	0.055000
15	41	2	-1236.363636	0.055000
15	42	2	-1236.363636	0.055000
15	43	2	-1236.363636	0.055000
15	44	2	-1236.363636	0.055000
15	45	2	-1236.363636	0.055000
15	46	2	-1236.363636	0.055000
15	47	2	-1236.363636	0.055000
15	48	2	-1236.363636	0.055000
15	49	2	-1236.363636	0.055000
15	50	2	-1236.363636	0.055000
15	51	2	-1236.363636	0.055000
15	52	2	-1236.363636	0.055000
15	53	2	-1236.363636	0.055000
15	54	2	-1236.363636	0.055000
15	55	2	-1236.363636	0.055000
15	56	2	-1236.363636	0.055000
15	57	2	-1236.363636	0.055000
15	58	2	-1236.363636	0.055000
15	59	2	-1236.363636	0.055000
15	60	2	-1236.363636	0.055000
15	61	2	-1236.363636	0.055000
15	62	2	-1236.363636	0.055000
15	63	2	-1236.363636	0.055000
15	64	2	-1236.363636	0.055000
15	65	2	-1236.363636	0.055000
15	66	2	-1236.363636	0.055000
15	67	2	-1236.363636	0.055000
15	68	2	-1236.363636	0.055000
15	69	2	-1236.363636	0.055000
15	70	2	-1236.363636	0.055000
15	71	2	-1236.363636	0.055000
15	72	2	-1236.363636	0.055000
15	73	2	-1236.363636	0.055000
15	74	2	-1236.363636	0.055000
15	75	2	-1236.363636	0.055000
15	76	2	-1236.363636	0.055000
15	77	2	-1236.363636	0.055000
15	78	2	-1236.363636	0.055000
15	79	2	-1236.363636	0.055000
15	80	2	-1236.363636	0.055000
15	81	2	-1236.363636	0.055000
15	82	2	-1236.363636	0.055000
15	83	2	-1236.363636	0.055000
15	84	2	-1236.363636	0.055000
15	85	2	-1236.363636	0.055000
15	86	2	-1236.363636	0.055000
15	87	2	-1236.363636	0.055000
15	88	2	-1236.363636	0.055000
15	89	2	-1236.363636	0.055000
15	90	2	-1236.363636	0.055000
15	91	2	-1236.363636	0.055000
15	92	2	-1236.363636	0.055000
15	93	2	-1236.363636	0.055000
15	94	2	-1236.363636	0.055000
15	95	2	-1236.363636	0.055000
15	96	2	-1236.363636	0.055000
15	97	2	-1236.363636	0.055000
15	98	2	-1236.363636	0.055000
15	99	2	-1236.363636	0.055000
15	100	2	-1236.363636	0.055000
15	101	2	-1236.363636	0.055000
15	102	2	-1236.363636	0.055000
15	103	2	-1236.363636	0.055000
15	104	2	-1236.363636	0.055000
15	105	2	-1236.363636	0.055000
15	106	2	-1236.363636	0.055000
15	107	2	-1236.363636	0.055000
15	108	2	-1236.363636	0.055000
15	109	2	-1236.363636	0.055000
15	110	2	-1236.363636	0.055000
15	111	2	-1236.363636	0.055000
15	112	2	-1236.363636	0.055000
15	113	2	-1236.363636	0.055000
15	114	2	-1236.363636	0.055000
15	115	2	-1236.363636	0.055000
15	116	2	-1236.363636	0.055000
15	117	2	-1236.363636	0.055000
15	118	2	-1236.363636	0.055000
15	119	2	-1236.363636	0.055000
15	120	2	-1236.363636	0.055000
15	121	2	-1236.363636	0.055000
15	122	2	-1236.363636	0.055000
15	123	2	-1236.363636	0.055000
15	124	2	-1236.363636	0.055000
15	125	2	-1236.363636	0.055000
15	126	2	-1236.363636	0.055000
15	127	2	-1236.363636	0.055000
15	128	2	-1236.363636	0.055000
15	129	2	-1236.363636	0.055000
15	130	2	-1236.363636	0.055000
15	131	2	-1236.363636	0.055000
15	132	2	-1236.363636	0.055000
15	133	2	-1236.363636	0.055000
15	134	2	-1236.363636	0.055000
15	135	2	-1236.363636	0.055000
15	136	2	-1236.363636	0.055000
15	137	2	-1236.363636	0.055000
15	138	2	-1236.363636	0.055000
15	139	2	-1236.363636	0.055000
15	140	2	-1236.363636	0.055000
15	141	2	-1236.363636	0.055000
15	142	2	-1236.363636	0.055000
15	143	2	-1236.363636	0.055000
15	144	2	-1236.363636	0.055000
15	145	2	-1236.363636	0.055000
15	146	2	-1236.363636	0.055000
15	147	2	-1236.363636	0.055000
15	148	2	-1236.363636	0.055000
15	149	2	-1236.363636	0.055000
15	150	2	-1236.363636	0.055000
15	151	2	-1236.363636	0.055000
15	152	2	-1236.363636	0.055000
15	153	2	-1236.363636	0.055000
15	154	2	-1236.363636	0.055000
15	155	2	-1236.363636	0.055000
15	156	2	-1236.363636	0.055000
15	157	2	-1236.363636	0.055000
15	158	2	-1236.363636	0.055000
15	159	2	-1236.363636	0.055000
15	160	2	-1236.363636	0.055000
15	161	2	-1236.363636	0.055000
15	162	2	-1236.363636	0.055000
15	163	2	-1236.363636	0.055000
15	164	2	-1236.363636	0.055000
15	165	2	-1236.363636	0.055000
15	166	2	-1236.363636	0.055000
15	167	2	-1236.363636	0.055000
15	168	2	-1236.363636	0.055000
15	169	2	-1236.363636	0.055000
15	170	2	-1236.363636	0.055000
15	171	2	-1236.363636	0.055000
15	172	2	-1236.363636	0.055000
15	173	2	-1236.363636	0.055000
15	174	2	-1236.363636	0.055000
15	175	2	-1236.363636	0.055000
15	176	2	-1236.363636	0.055000
15	177	2	-1236.363636	0.055000
15	178	2	-1236.363636	0.055000
15	179	2	-1236.363636	0.055000
15	180	2	-1236.363636	0.055000
15	181	2	-1236.363636	0.055000
15	182	2	-1236.363636	0.055000
15	183	2	-1236.363636	0.055000
15	184	2	-1236.363636	0.055000
15	185	2	-1236.363636	0.055000
15	186	2	-1236.363636	0.055000
15	187	2	-1236.363636	0.055000
15	188	2	-1236.363636	0.055000
15	189	2	-1236.363636	0.055000
15	190	2	-1236.363636	0.055000
15	191	2	-1236.363636	0.055000
15	192	2	-1236.363636	0.055000
15	193	2	-1236.363636	0.055000
15	194	2	-1236.363636	0.055000
15	195	2	-1236.363636	0.055000
15	196	2	-1236.363636	0.055000
15	197	2	-1236.363636	0.055000
15	198	2	-1236.363636	0.055000
15	199	2	-1236.363636	0.055000
15	200	2	-1236.363636	0.055000
15	201	2	-1236.363636	0.055000
15	202	2	-1236.363636	0.055000
15	203	2	-1236.363636	0.055000
15	204	2	-1236.363636	0.055000
15	205	2	-1236.363636	0.055000
15	206	2	-1236.363636	0.055000
15	207	2	-1236.363636	0.055000
15	208	2	-1236.363636	0.055000
15	209	2	-1236.363636	0.055000
15	210	2	-1236.363636	0.055000
15	211	2	-1236.363636	0.055000
15	212	2	-1236.363636	0.055000
15	213	2	-1236.363636	0.055000
16	0	2	-1236.363636	0.055000
16	1	2	-1236.363636	0.055000
16	2	2	-1236.363636	0.055000
16	3	2	-1236.363636	0.055000
16	4	2	-1236.363636	0.055000
16	5	2	-1236.363636	0.055000
16	6	2	-1236.363636	0.055000
16	7	2	-1236.363636	0.055000
16	8	2	-1236.363636	0.055000
16	9	2	-1236.363636	0.055000
16	10	2	-1236.363636	0.055000
16	11	2	-1236.363636	0.055000
16	12	2	-1236.363636	0.055000
16	13	2	-1236.363636	0.055000
16	14	2	-1236.363636	0.055000
16	15	2	-1236.363636	0.055000
16	16	2	-1236.363636	0.055000
16	17	2	-1236.363636	0.055000
16	18	2	-1236.363636	0.055000
16	19	2	-1236.363636	0.055000
16	20	2	-1236.363636	0.055000
16	21	2	-1236.363636	0.055000
16	22	2	-1236.363636	0.055000
16	23	2	-1236.363636	0.055000
16	24	2	-1236.363636	0.055000
16	25	2	-1236.363636	0.055000
16	26	2	-1236.363636	0.055000
16	27	2	-1236.363636	0.055000
16	28	2	-1236.363636	0.055000
16	29	2	-1236.363636	0.055000
16	30	2	-1236.363636	0.055000
16	31	2	-1236.363636	0.055000
16	32	2	-1236.363636	0.055000
16	33	2	-1236.363636	0.055000
16	34	2	-1236.363636	0.055000
16	35	2	-1236.363636	0.055000
16	36	2	-1236.363636	0.055000
16	37	2	-1236.363636	0.055000
16	38	2	-1236.363636	0.055000
16	39	2	-1236.363636	0.055000
16	40	2	-1236.363636	0.055000
16	41	2	-1236.363636	0.055000
16	42	2	-1236.363636	0.055000
16	43	2	-1236.363636	0.055000
16	44	2	-1236.363636	0.055000
16	45	2	-1236.363636	0.055000
16	46	2	-1236.363636	0.055000
16	47	2	-1236.363636	0.055000
16	48	2	-1236.363636	0.055000
16	49	2	-1236.363636	0.055000
16	50	2	-1236.363636	0.055000
16	51	2	-1236.363636	0.055000
16	52	2	-1236.363636	0.055000
16	53	2	-1236.363636	0.055000
16	54	2	-1236.363636	0.055000
16	55	2	-1236.363636	0.055000
16	56	2	-1236.363636	0.055000
16	57	2	-1236.363636	0.055000
16	58	2	-1236.363636	0.055000
16	59	2	-1236.363636	0.055000
16	60	2	-1236.363636	0.055000
16	61	2	-1236.363636	0.055000
16	62	2	-1236.363636	0.055000
16	63	2	-1236.363636	0.055000
16	64	2	-1236.363636	0.055000
16	65	2	-1236.363636	0.055000
16	66	2	-1236.363636	0.055000
16	67	2	-1236.363636	0.055000
16	68	2	-1236.363636	0.055000
16	69	2	-1236.363636	0.055000
16	70	2	-1236.363636	0.055000
16	71	2	-1236.363636	0.055000
16	72	2	-1236.363636	0.055000
16	73	2	-1236.363636	0.055000
16	74	2	-1236.363636	0.055000
16	75	2	-1236.363636	0.055000
16	76	2	-1236.363636	0.055000
16	77	2	-1236.363636	0.055000
16	78	2	-1236.363636	0.055000
16	79	2	-1236.363636	0.055000
16	80	2	-1236.363636	0.055000
16	81	2	-1236.363636	0.055000
16	82	2	-1236.363636	0.055000
16	83	2	-1236.363636	0.055000
16	84	2	-1236.363636	0.055000
16	85	2	-1236.363636	0.055000
16	86	2	-1236.363636	0.055000
16	87	2	-1236.363636	0.055000
16	88	2	-1236.363636	0.055000
16	89	2	-1236.363636	0.055000
16	90	2	-1236.363636	0.055000
16	91	2	-1236.363636	0.055000
16	92	2	-1236.363636	0.055000
16	93	2	-1236.363636	0.055000
16	94	2	-1236.363636	0.055000
16	95	2	-1236.363636	0.055000
16	96	2	-1236.363636	0.055000
16	97	2	-1236.363636	0.055000
16	98	2	-1236.363636	0.055000
16	99	2	-1236.363636	0.055000
16	100	2	-1236.363636	0.055000
16	101	2	-1236.363636	0.055000
16	102	2	-1236.363636	0.055000
16	103	2	-1236.363636	0.055000
16	104	2	-1236.363636	0.055000
16	105	2	-1236.363636	0.055000
16	106	2	-1236.363636	0.055000
16	107	2	-1236.363636	0.055000
16	108	2	-1236.363636	0.055000
16	109	2	-1236.363636	0.055000
16	110	2	-1236.363636	0.055000
16	111	2	-1236.363636	0.055000
16	112	2	-1236.363636	0.055000
16	113	2	-1236.363636	0.055000
16	114	2	-1236.363636	0.055000
16	115	2	-1236.363636	0.055000
16	116	2	-1236.363636	0.055000
16	117	2	-1236.363636	0.055000
16	118	2	-1236.363636	0.055000
16	119	2	-1236.363636	0.055000
16	120	2	-1236.363636	0.055000
16	121	2	-1236.363636	0.055000
16	122	2	-1236.363636	0.055000
16	123	2	-1236.363636	0.055000
16	124	2	-1236.363636	0.055000
16	125	2	-1236.363636	0.055000
16	126	2	-1236.363636	0.055000
16	127	2	-1236.363636	0.055000
16	128	2	-1236.363636	0.055000
16	129	2	-1236.363636	0.055000
16	130	2	-1236.363636	0.055000
16	131	2	-1236.363636	0.055000
16	132	2	-1236.363636	0.055000
16	133	2	-1236.363636	0.055000
16	134	2	-1236.363636	0.055000
16	135	2	-1236.363636	0.055000
16	136	2	-1236.363636	0.055000
16	137	2	-1236.363636	0.055000
16	138	2	-1236.363636	0.055000
16	139	2	-1236.363636	0.055000
16	140	2	-1236.363636	0.055000
16	141	2	-1236.363636	0.055000
16	142	2	-1236.363636	0.055000
16	143	2	-1236.363636	0.055000
16	144	2	-1236.363636	0.055000
16	145	2	-1236.363636	0.055000
16	146	2	-1236.363636	0.055000
16	147	2	-1236.363636	0.055000
16	148	2	-1236.363636	0.055000
16	149	2	-1236.363636	0.055000
16	150	2	-1236.363636	0.055000
16	151	2	-1236.363636	0.055000
16	152	2	-1236.363636	0.055000
16	153	2	-1236.363636	0.055000
16	154	2	-1236.363636	0.055000
16	155	2	-1236.363636	0.055000
16	156	2	-1236.363636	0.055000
16	157	2	-1236.363636	0.055000
16	158	2	-1236.363636	0.055000
16	159	2	-1236.363636	0.055000
16	160	2	-1236.363636	0.055000
16	161	2	-1236.363636	0.055000
16	162	2	-1236.363636	0.055000
16	163	2	-1236.363636	0.055000
16	164	2	-1236.363636	0.055000
16	165	2	-1236.363636	0.055000
16	166	2	-1236.363636	0.055000
16	167	2	-1236.363636	0.055000
16	168	2	-1236.363636	0.055000
16	169	2	-1236.363636	0.055000
16	170	2	-1236.363636	0.055000
16	171	2	-1236.363636	0.055000
16	172	2	-1236.363636	0.055000
16	173	2	-1236.363636	0.055000
16	174	2	-1236.363636	0.055000
16	175	2	-1236.363636	0.055000
16	176	2	-1236.363636	0.055000
16	177	2	-1236.363636	0.055000
16	178	2	-1236.363636	0.055000
16	179	2	-1236.363636	0.055000
16	180	2	-1236.363636	0.055000
16	181	2	-1236.363636	0.055000
16	182	2	-1236.363636	0.055000
16	183	2	-1236.363636	0.055000
16	184	2	-1236.363636	0.055000
16	185	2	-1236.363636	0.055000
16	186	2	-1236.363636	0.055000
16	187	2	-1236.363636	0.055000
16	188	2	-1236.363636	0.055000
16	189	2	-1236.363636	0.055000
16	190	2	-1236.363636	0.055000
16	191	2	-1236.363636	0.055000
16	192	2	-1236.363636	0.055000
16	193	2	-1236.363636	0.055000
16	194	2	-1236.363636	0.055000
16	195	2	-1236.363636	0.055000
16	196	2	-1236.363636	0.055000
16	197	2	-1236.363636	0.055000
16	198	2	-1236.363636	0.055000
16	199	2	-1236.363636	0.055000
16	200	2	-1236.363636	0.055000
16	201	2	-1236.363636	0.055000
16	202	2	-1236.363636	0.055000
16	203	2	-1236.363636	0.055000
16	204	2	-1236.363636	0.055000
16	205	2	-1236.363636	0.055000
16	206	2	-1236.363636	0.055000
16	207	2	-1236.363636	0.055000
16	208	2	-1236.363636	0.055000
16	209	2	-1236.363636	0.055000
16	210	2	-1236.363636	0.055000
16	211	2	-1236.363636	0.055000
16	212	2	-1236.363636	0.055000
16	213	2	-1236.363636	0.055000
16	214	2	-1236.363636	0.055000
16	215	2	-1236.363636	0.055000
16	216	2	-1236.363636	0.055000
16	217	2	-1236.363636	0.055000
16	218	2	-1236.363636	0.055000
16	219	2	-1236.363636	0.055000
17	0	2	-1236.363636	0.055000
17	1	2	-1236.363636	0.055000
17	2	2	-1236.363636	0.055000
17	3	2	-1236.363636	0.055000
17	4	2	-1236.363636	0.055000
17	5	2	-1236.363636	0.055000
17	6	2	-1236.363636	0.055000
17	7	2	-1236.363636	0.055000
17	8	2	-1236.363636	0.055000
17	9	2	-1236.363636	0.055000
17	10	2	-1236.363636	0.055000
17	11	2	-1236.363636	0.055000
17	12	2	-1236.363636	0.055000
17	13	2	-1236.363636	0.055000
17	14	2	-1236.363636	0.055000
17	15	2	-1236.363636	0.055000
17	16	2	-1236.363636	0.055000
17	17	2	-1236.363636	0.055000
17	18	2	-1236.363636	0.055000
17	19	2	-1236.363636	0.055000
17	20	2	-1236.363636	0.055000
17	21	2	-1236.363636	0.055000
17	22	2	-1236.363636	0.055000
17	23	2	-1236.363636	0.055000
17	24	2	-1236.363636	0.055000
17	25	2	-1236.363636	0.055000
17	26	2	-1236.363636	0.055000
17	27	2	-1236.363636	0.055000
17	28	2	-1236.363636	0.055000
17	29	2	-1236.363636	0.055000
17	30	2	-1236.363636	0.055000
17	31	2	-1236.363636	0.055000
17	32	2	-1236.363636	0.055000
17	33	2	-1236.363636	0.055000
17	34	2	-1236.363636	0.055000
17	35	2	-1236.363636	0.055000
17	36	2	-1236.363636	0.055000
17	37	2	-1236.363636	0.055000
17	38	2	-1236.363636	0.055000
17	39	2	-1236.363636	0.055000
17	40	2	-1236.363636	0.055000
17	41	2	-1236.363636	0.055000
17	42	2	-1236.363636	0.055000
17	43	2	-1236.363636	0.055000
17	44	2	-1236.363636	0.055000
17	45	2	-1236.363636	0.055000
17	46	2	-1236.363636	0.055000
17	47	2	-1236.363636	0.055000
17	48	2	-1236.363636	0.055000
17	49	2	-1236.363636	0.055000
17	50	2	-1236.363636	0.055000
17	51	2	-1236.363636	0.055000
17	52	2	-1236.363636	0.055000
17	53	2	-1236.363636	0.055000
17	54	2	-1236.363636	0.055000
17	55	2	-1236.363636	0.055000
17	56	2	-1236.363636	0.055000
17	57	2	-1236.363636	0.055000
17	58	2	-1236.363636	0.055000
17	59	2	-1236.363636	0.055000
17	60	2	-1236.363636	0.055000
17	61	2	-1236.363636	0.055000
17	62	2	-1236.363636	0.055000
17	63	2	-1236.363636	0.055000
17	64	2	-1236.363636	0.055000
17	65	2	-1236.363636	0.055000
17	66	2	-1236.363636	0.055000
17	67	2	-1236.363636	0.055000
17	68	2	-1236.363636	0.055000
17	69	2	-1236.363636	0.055000
17	70	2	-1236.363636	0.055000
17	71	2	-1236.363636	0.055000
17	72	2	-1236.363636	0.055000
17	73	2	-1236.363636	0.055000
17	74	2	-1236.363636	0.055000
17	75	2	-1236.363636	0.055000
17	76	2	-1236.363636	0.055000
17	77	2	-1236.363636	0.055000
17	78	2	-1236.363636	0.055000
17	79	2	-1236.363636	0.055000
17	80	2	-1236.363636	0.055000
17	81	2	-1236.363636	0.055000
17	82	2	-1236.363636	0.055000
17	83	2	-1236.363636	0.055000
17	84	2	-1236.363636	0.055000
17	85	2	-1236.363636	0.055000
17	86	2	-1236.363636	0.055000
17	87	2	-1236.363636	0.055000
17	88	2	-1236.363636	0.055000
17	89	2	-1236.363636	0.055000
17	90	2	-1236.363636	0.055000
17	91	2	-1236.363636	0.055000
17	92	2	-1236.363636	0.055000
17	93	2	-1236.363636	0.055000
17	94	2	-1236.363636	0.055000
17	95	2	-1236.363636	0.055000
17	96	2	-1236.363636	0.055000
17	97	2	-1236.363636	0.055000
17	98	2	-1236.363636	0.055000
17	99	2	-1236.363636	0.055000
17	100	2	-1236.363636	0.055000
17	101	2	-1236.363636	0.055000
17	102	2	-1236.363636	0.055000
17	103	2	-1236.363636	0.055000
17	104	2	-1236.363636	0.055000
17	105	2	-1236.363636	0.055000
17	106	2	-1236.363636	0.055000
17	107	2	-1236.363636	0.055000
17	108	2	-1236.363636	0.055000
17	109	2	-1236.363636	0.055000
17	110	2	-1236.363636	0.055000
17	111	2	-1236.363636	0.055000
17	112	2	-1236.363636	0.055000
17	113	2	-1236.363636	0.055000
17	114	2	-1236.363636	0.055000
17	115	2	-1236.363636	0.055000
17	116	2	-1236.363636	0.055000
17	117	2	-1236.363636	0.055000
17	118	2	-1236.363636	0.055000
17	119	2	-1236.363636	0.055000
17	120	2	-1236.363636	0.055000
17	121	2	-1236.363636	0.055000
17	122	2	-1236.363636	0.055000
17	123	2	-1236.363636	0.055000
17	124	2	-1236.363636	0.055000
17	125	2	-1236.363636	0.055000
17	126	2	-1236.363636	0.055000
17	127	2	-1236.363636	0.055000
17	128	2	-1236.363636	0.055000
17	129	2	-1236.363636	0.055000
17	130	2	-1236.363636	0.055000
17	131	2	-1236.363636	0.055000
17	132	2	-1236.363636	0.055000
17	133	2	-1236.363636	0.055000
17	134	2	-1236.363636	0.055000
17	135	2	-1236.363636	0.055000
17	136	2	-1236.363636	0.055000
17	137	2	-1236.363636	0.055000
17	138	2	-1236.363636	0.055000
17	139	2	-1236.363636	0.055000
17	140	2	-1236.363636	0.055000
17	141	2	-1236.363636	0.055000
17	142	2	-1236.363636	0.055000
17	143	2	-1236.363636	0.055000
17	144	2	-1236.363636	0.055000
17	145	2	-1236.363636	0.055000
17	146	2	-1236.363636	0.055000
17	147	2	-1236.363636	0.055000
17	148	2	-1236.363636	0.055000
17	149	2	-1236.363636	0.055000
17	150	2	-1236.363636	0.055000
17	151	2	-1236.363636	0.055000
17	152	2	-1236.363636	0.055000
17	153	2	-1236.363636	0.055000
17	154	2	-1236.363636	0.055000
17	155	2	-1236.363636	0.055000
17	156	2	-1236.363636	0.055000
17	157	2	-1236.363636	0.055000
17	158	2	-1236.363636	0.055000
17	159	2	-1236.363636	0.055000
17	160	2	-1236.363636	0.055000
17	161	2	-1236.363636	0.055000
17	162	2	-1236.363636	0.055000
17	163	2	-1236.363636	0.055000
17	164	2	-1236.363636	0.055000
17	165	2	-1236.363636	0.055000
17	166	2	-1236.363636	0.055000
17	167	2	-1236.363636	0.055000
17	168	2	-1236.363636	0.055000
17	169	2	-1236.363636	0.055000
17	170	2	-1236.363636	0.055000
17	171	2	-1236.363636	0.055000
17	172	2	-1236.363636	0.055000
17	173	2	-1236.363636	0.055000
17	174	2	-1236.363636	0.055000
17	175	2	-1236.363636	0.055000
17	176	2	-1236.363636	0.055000
17	177	2	-1236.363636	0.055000
17	178	2	-1236.363636	0.055000
17	179	2	-1236.363636	0.055000
17	180	2	-1236.363636	0.055000
17	181	2	-1236.363636	0.055000
17	182	2	-1236.363636	0.055000
17	183	2	-1236.363636	0.055000
17	184	2	-1236.363636	0.055000
17	185	2	-1236.363636	0.055000
17	186	2	-1236.363636	0.055000
17	187	2	-1236.363636	0.055000
17	188	2	-1236.363636	0.055000
17	189	2	-1236.363636	0.055000
17	190	2	-1236.363636	0.055000
17	191	2	-1236.363636	0.055000
17	192	2	-1236.363636	0.055000
17	193	2	-1236.363636	0.055000
17	194	2	-1236.363636	0.055000
17	195	2	-1236.363636	0.055000
17	196	2	-1236.363636	0.055000
17	197	2	-1236.363636	0.055000
17	198	2	-1236.363636	0.055000
17	199	2	-1236.363636	0.055000
17	200	2	-1236.363636	0.055000
17	201	2	-1236.363636	0.055000
17	202	2	-1236.363636	0.055000
17	203	2	-1236.363636	0.055000
17	204	2	-1236.363636	0.055000
17	205	2	-1236.363636	0.055000
17	206	2	-1236.363636	0.055000
17	207	2	-1236.363636	0.055000
17	208	2	-1236.363636	0.055000
17	209	2	-1236.363636	0.055000
17	210	2	-1236.363636	0.055000
17	211	2	-1236.363636	0.055000
17	212	2	-1236.363636	0.055000
17	213	2	-1236.363636	0.055000
17	214	2	-1236.363636	0.055000
17	215	2	-1236.363636	0.055000
17	216	2	-1236.363636	0.055000
17	217	2	-1236.363636	0.055000
17	218	2	-1236.363636	0.055000
17	219	2	-1236.363636	0.055000
17	220	2	-1236.363636	0.055000
17	221	2	-1236.363636	0.055000
17	222	2	-1236.363636	0.055000
17	223	2	-1236.363636	0.055000
18	0	2	-1236.363636	0.055000
18	1	2	-1236.363636	0.055000
18	2	2	-1236.363636	0.055000
18	3	2	-1236.363636	0.055000
18	4	2	-1236.363636	0.055000
18	5	2	-1236.363636	0.055000
18	6	2	-1236.363636	0.055000
18	7	2	-1236.363636	0.055000
18	8	2	-1236.363636	0.055000
18	9	2	-1236.363636	0.055000
18	10	2	-1236.363636	0.055000
18	11	2	-1236.363636	0.055000
18	12	2	-1236.363636	0.055000
18	13	2	-1236.363636	0.055000
18	14	2	-1236.363636	0.055000
18	15	2	-1236.363636	0.055000
18	16	2	-1236.363636	0.055000
18	17	2	-1236.363636	0.055000
18	18	2	-1236.363636	0.055000
18	19	2	-1236.363636	0.055000
18	20	2	-1236.363636	0.055000
18	21	2	-1236.363636	0.055000
18	22	2	-1236.363636	0.055000
18	23	2	-1236.363636	0.055000
18	24	2	-1236.363636	0.055000
18	25	2	-1236.363636	0.055000
18	26	2	-1236.363636	0.055000
18	27	2	-1236.363636	0.055000
18	28	2	-1236.363636	0.055000
18	29	2	-1236.363636	0.055000
18	30	2	-1236.363636	0.055000
18	31	2	-1236.363636	0.055000
18	32	2	-1236.363636	0.055000
18	33	2	-1236.363636	0.055000
18	34	2	-1236.363636	0.055000
18	35	2	-1236.363636	0.055000
18	36	2	-1236.363636	0.055000
18	37	2	-1236.363636	0.055000
18	38	2	-1236.363636	0.055000
18	39	2	-1236.363636	0.055000
18	40	2	-1236.363636	0.055000
18	41	2	-1236.363636	0.055000
18	42	2	-1236.363636	0.055000
18	43	2	-1236.363636	0.055000
18	44	2	-1236.363636	0.055000
18	45	2	-1236.363636	0.055000
18	46	2	-1236.363636	0.055000
18	47	2	-1236.363636	0.055000
18	48	2	-1236.363636	0.055000
18	49	2	-1236.363636	0.055000
18	50	2	-1236.363636	0.055000
18	51	2	-1236.363636	0.055000
18	52	2	-1236.363636	0.055000
18	53	2	-1236.363636	0.055000
18	54	2	-1236.363636	0.055000
18	55	2	-1236.363636	0.055000
18	56	2	-1236.363636	0.055000
18	57	2	-1236.363636	0.055000
18	58	2	-1236.363636	0.055000
18	59	2	-1236.363636	0.055000
18	60	2	-1236.363636	0.055000
18	61	2	-1236.363636	0.055000
18	62	2	-1236.363636	0.055000
18	63	2	-1236.363636	0.055000
18	64	2	-1236.363636	0.055000
18	65	2	-1236.363636	0.055000
18	66	2	-1236.363636	0.055000
18	67	2	-1236.363636	0.055000
18	68	2	-1236.363636	0.055000
18	69	2	-1236.363636	0.055000
18	70	2	-1236.363636	0.055000
18	71	2	-1236.363636	0.055000
18	72	2	-1236.363636	0.055000
18	73	2	-1236.363636	0.055000
18	74	2	-1236.363636	0.055000
18	75	2	-1236.363636	0.055000
18	76	2	-1236.363636	0.055000
18	77	2	-1236.363636	0.055000
18	78	2	-1236.363636	0.055000
18	79	2	-1236.363636	0.055000
18	80	2	-1236.363636	0.055000
18	81	2	-1236.363636	0.055000
18	82	2	-1236.363636	0.055000
18	83	2	-1236.363636	0.055000
18	84	2	-1236.363636	0.055000
18	85	2	-1236.363636	0.055000
18	86	2	-1236.363636	0.055000
18	87	2	-1236.363636	0.055000
18	88	2	-1236.363636	0.055000
18	89	2	-1236.363636	0.055000
18	90	2	-1236.363636	0.055000
18	91	2	-1236.363636	0.055000
18	92	2	-1236.363636	0.055000
18	93	2	-1236.363636	0.055000
18	94	2	-1236.363636	0.055000
18	95	2	-1236.363636	0.055000
18	96	2	-1236.363636	0.055000
18	97	2	-1236.363636	0.055000
18	98	2	-1236.363636	0.055000
18	99	2	-1236.363636	0.055000
18	100	2	-1236.363636	0.055000
18	101	2	-1236.363636	0.055000
18	102	2	-1236.363636	0.055000
18	103	2	-1236.363636	0.055000
18	104	2	-1236.363636	0.055000
18	105	2	-1236.363636	0.055000
18	106	2	-1236.363636	0.055000
18	107	2	-1236.363636	0.055000
18	108	2	-1236.363636	0.055000
18	109	2	-1236.363636	0.055000
18	110	2	-1236.363636	0.055000
18	111	2	-1236.363636	0.055000
18	112	2	-1236.363636	0.055000
18	113	2	-1236.363636	0.055000
18	114	2	-1236.363636	0.055000
18	115	2	-1236.363636	0.055000
18	116	2	-1236.363636	0.055000
18	117	2	-1236.363636	0.055000
18	118	2	-1236.363636	0.055000
18	119	2	-1236.363636	0.055000
18	120	2	-1236.363636	0.055000
18	121	2	-1236.363636	0.055000
18	122	2	-1236.363636	0.055000
18	123	2	-1236.363636	0.055000
18	124	2	-1236.363636	0.055000
18	125	2	-1236.363636	0.055000
18	126	2	-1236.363636	0.055000
18	127	2	-1236.363636	0.055000
18	128	2	-1236.363636	0.055000
18	129	2	-1236.363636	0.055000
18	130	2	-1236.363636	0.055000
18	131	2	-1236.363636	0.055000
18	132	2	-1236.363636	0.055000
18	133	2	-1236.363636	0.055000
18	134	2	-1236.363636	0.055000
18	135	2	-1236.363636	0.055000
18	136	2	-1236.363636	0.055000
18	137	2	-1236.363636	0.055000
18	138	2	-1236.363636	0.055000
18	139	2	-1236.363636	0.055000
18	140	2	-1236.363636	0.055000
18	141	2	-1236.363636	0.055000
18	142	2	-1236.363636	0.055000
18	143	2	-1236.363636	0.055000
18	144	2	-1236.363636	0.055000
18	145	2	-1236.363636	0.055000
18	146	2	-1236.363636	0.055000
18	147	2	-1236.363636	0.055000
18	148	2	-1236.363636	0.055000
18	149	2	-1236.363636	0.055000
18	150	2	-1236.363636	0.055000
18	151	2	-1236.363636	0.055000
18	152	2	-1236.363636	0.055000
18	153	2	-1236.363636	0.055000
18	154	2	-1236.363636	0.055000
18	155	2	-1236.363636	0.055000
18	156	2	-1236.363636	0.055000
18	157	2	-1236.363636	0.055000
18	158	2	-1236.363636	0.055000
18	159	2	-1236.363636	0.055000
18	160	2	-1236.363636	0.055000
18	161	2	-1236.363636	0.055000
18	162	2	-1236.363636	0.055000
18	163	2	-1236.363636	0.055000
18	164	2	-1236.363636	0.055000
18	165	2	-1236.363636	0.055000
18	166	2	-1236.363636	0.055000
18	167	2	-1236.363636	0.055000
18	168	2	-1236.363636	0.055000
18	169	2	-1236.363636	0.055000
18	170	2	-1236.363636	0.055000
18	171	2	-1236.363636	0.055000
18	172	2	-1236.363636	0.055000
18	173	2	-1236.363636	0.055000
18	174	2	-1236.363636	0.055000
18	175	2	-1236.363636	0.055000
18	176	2	-1236.363636	0.055000
18	177	2	-1236.363636	0.055000
18	178	2	-1236.363636	0.055000
18	179	2	-1236.363636	0.055000
18	180	2	-1236.363636	0.055000
18	181	2	-1236.363636	0.055000
18	182	2	-1236.363636	0.055000
18	183	2	-1236.363636	0.055000
18	184	2	-1236.363636	0.055000
18	185	2	-1236.363636	0.055000
18	186	2	-1236.363636	0.055000
18	187	2	-1236.363636	0.055000
18	188	2	-1236.363636	0.055000
18	189	2	-1236.363636	0.055000
18	190	2	-1236.363636	0.055000
18	191	2	-1236.363636	0.055000
18	192	2	-1236.363636	0.055000
18	193	2	-1236.363636	0.055000
18	194	2	-1236.363636	0.055000
18	195	2	-1236.363636	0.055000
18	196	2	-1236.363636	0.055000
18	197	2	-1236.363636	0.055000
18	198	2	-1236.363636	0.055000
18	199	2	-1236.363636	0.055000
18	200	2	-1236.363636	0.055000
18	201	2	-1236.363636	0.055000
18	202	2	-1236.363636	0.055000
18	203	2	-1236.363636	0.055000
18	204	2	-1236.363636	0.055000
18	205	2	-1236.363636	0.055000
18	206	2	-1236.363636	0.055000
18	207	2	-1236.363636	0.055000
18	208	2	-1236.363636	0.055000
18	209	2	-1236.363636	0.055000
18	210	2	-1236.363636	0.055000
18	211	2	-1236.363636	0.055000
18	212	2	-1236.363636	0.055000
18	213	2	-1236.363636	0.055000
18	214	2	-1236.363636	0.055000
18	215	2	-1236.363636	0.055000
18	216	2	-1236.363636	0.055000
18	217	2	-1236.363636	0.055000
18	218	2	-1236.363636	0.055000
18	219	2	-1236.363636	0.055000
18	220	2	-1236.363636	0.055000
18	221	2	-1236.363636	0.055000
18	222	2	-1236.363636	0.055000
18	223	2	-1236.363636	0.055000
18	224	2	-1236.363636	0.055000
18	225	2	-1236.363636	0.055000
18	226	2	-1236.363636	0.055000
18	227	2	-1236.363636	0.055000
18	228	2	-1236.363636	0.055000
18	229	2	-1236.363636	0.055000
18	230	2	-1236.363636	0.055000
18	231	2	-1236.363636	0.055000
19	0	2	-1236.363636	0.055000
19	1	2	-1236.363636	0.055000
19	2	2	-1236.363636	0.055000
19	3	2	-1236.363636	0.055000
19	4	2	-1236.363636	0.055000
19	5	2	-1236.363636	0.055000
19	6	2	-1236.363636	0.055000
19	7	2	-1236.363636	0.055000
19	8	2	-1236.363636	0.055000
19	9	2	-1236.363636	0.055000
19	10	2	-1236.363636	0.055000
19	11	2	-1236.363636	0.055000
19	12	2	-1236.363636	0.055000
19	13	2	-1236.363636	0.055000
19	14	2	-1236.363636	0.055000
19	15	2	-1236.363636	0.055000
19	16	2	-1236.363636	0.055000
19	17	2	-1236.363636	0.055000
19	18	2	-1236.363636	0.055000
19	19	2	-1236.363636	0.055000
19	20	2	-1236.363636	0.055000
19	21	2	-1236.363636	0.055000
19	22	2	-1236.363636	0.055000
19	23	2	-1236.363636	0.055000
19	24	2	-1236.363636	0.055000
19	25	2	-1236.363636	0.055000
19	26	2	-1236.363636	0.055000
19	27	2	-1236.363636	0.055000
19	28	2	-1236.363636	0.055000
19	29	2	-1236.363636	0.055000
19	30	2	-1236.363636	0.055000
19	31	2	-1236.363636	0.055000
19	32	2	-1236.363636	0.055000
19	33	2	-1236.363636	0.055000
19	34	2	-1236.363636	0.055000
19	35	2	-1236.363636	0.055000
19	36	2	-1236.363636	0.055000
19	37	2	-1236.363636	0.055000
19	38	2	-1236.363636	0.055000
19	39	2	-1236.363636	0.055000
19	40	2	-1236.363636	0.055000
19	41	2	-1236.363636	0.055000
19	42	2	-1236.363636	0.055000
19	43	2	-1236.363636	0.055000
19	44	2	-1236.363636	0.055000
19	45	2	-1236.363636	0.055000
19	46	2	-1236.363636	0.055000
19	47	2	-1236.363636	0.055000
19	48	2	-1236.363636	0.055000
19	49	2	-1236.363636	0.055000
19	50	2	-1236.363636	0.055000
19	51	2	-1236.363636	0.055000
19	52	2	-1236.363636	0.055000
19	53	2	-1236.363636	0.055000
19	54	2	-1236.363636	0.055000
19	55	2	-1236.363636	0.055000
19	56	2	-1236.363636	0.055000
19	57	2	-1236.363636	0.055000
19	58	2	-1236.363636	0.055000
19	59	2	-1236.363636	0.055000
19	60	2	-1236.363636	0.055000
19	61	2	-1236.363636	0.055000
19	62	2	-1236.363636	0.055000
19	63	2	-1236.363636	0.055000
19	64	2	-1236.363636	0.055000
19	65	2	-1236.363636	0.055000
19	66	2	-1236.363636	0.055000
19	67	2	-1236.363636	0.055000
19	68	2	-1236.363636	0.055000
19	69	2	-1236.363636	0.055000
19	70	2	-1236.363636	0.055000
19	71	2	-1236.363636	0.055000
19	72	2	-1236.363636	0.055000
19	73	2	-1236.363636	0.055000
19	74	2	-1236.363636	0.055000
19	75	2	-1236.363636	0.055000
19	76	2	-1236.363636	0.055000
19	77	2	-1236.363636	0.055000
19	78	2	-1236.363636	0.055000
19	79	2	-1236.363636	0.055000
19	80	2	-1236.363636	0.055000
19	81	2	-1236.363636	0.055000
19	82	2	-1236.363636	0.055000
19	83	2	-1236.363636	0.055000
19	84	2	-1236.363636	0.055000
19	85	2	-1236.363636	0.055000
19	86	2	-1236.363636	0.055000
19	87	2	-1236.363636	0.055000
19	88	2	-1236.363636	0.055000
19	89	2	-1236.363636	0.055000
19	90	2	-1236.363636	0.055000
19	91	2	-1236.363636	0.055000
19	92	2	-1236.363636	0.055000
19	93	2	-1236.363636	0.055000
19	94	2	-1236.363636	0.055000
19	95	2	-1236.363636	0.055000
19	96	2	-1236.363636	0.055000
19	97	2	-1236.363636	0.055000
19	98	2	-1236.363636	0.055000
19	99	2	-1236.363636	0.055000
19	100	2	-1236.363636	0.055000
19	101	2	-1236.363636	0.055000
19	102	2	-1236.363636	0.055000
19	103	2	-1236.363636	0.055000
19	104	2	-1236.363636	0.055000
19	105	2	-1236.363636	0.055000
19	106	2	-1236.363636	0.055000
19	107	2	-1236.363636	0.055000
19	108	2	-1236.363636	0.055000
19	109	2	-1236.363636	0.055000
19	110	2	-1236.363636	0.055000
19	111	2	-1236.363636	0.055000
19	112	2	-1236.363636	0.055000
19	113	2	-1236.363636	0.055000
19	114	2	-1236.363636	0.055000
19	115	2	-1236.363636	0.055000
19	116	2	-1236.363636	0.055000
19	117	2	-1236.363636	0.055000
19	118	2	-1236.363636	0.055000
19	119	2	-1236.363636	0.055000
19	120	2	-1236.363636	0.055000
19	121	2	-1236.363636	0.055000
19	122	2	-1236.363636	0.055000
19	123	2	-1236.363636	0.055000
19	124	2	-1236.363636	0.055000
19	125	2	-1236.363636	0.055000
19	126	2	-1236.363636	0.055000
19	127	2	-1236.363636	0.055000
19	128	2	-1236.363636	0.055000
19	129	2	-1236.363636	0.055000
19	130	2	-1236.363636	0.055000
19	131	2	-1236.363636	0.055000
19	132	2	-1236.363636	0.055000
19	133	2	-1236.363636	0.055000
19	134	2	-1236.363636	0.055000
19	135	2	-1236.363636	0.055000
19	136	2	-1236.363636	0.055000
19	137	2	-1236.363636	0.055000
19	138	2	-1236.363636	0.055000
19	139	2	-1236.363636	0.055000
19	140	2	-1236.363636	0.055000
19	141	2	-1236.363636	0.055000
19	142	2	-1236.363636	0.055000
19	143	2	-1236.363636	0.055000
19	144	2	-1236.363636	0.055000
19	145	2	-1236.363636	0.055000
19	146	2	-1236.363636	0.055000
19	147	2	-1236.363636	0.055000
19	148	2	-1236.363636	0.055000
19	149	2	-1236.363636	0.055000
19	150	2	-1236.363636	0.055000
19	151	2	-1236.363636	0.055000
19	152	2	-1236.363636	0.055000
19	153	2	-1236.363636	0.055000
19	154	2	-1236.363636	0.055000
19	155	2	-1236.363636	0.055000
19	156	2	-1236.363636	0.055000
19	157	2	-1236.363636	0.055000
19	158	2	-1236.363636	0.055000
19	159	2	-1236.363636	0.055000
19	160	2	-1236.363636	0.055000
19	161	2	-1236.363636	0.055000
19	162	2	-1236.363636	0.055000
19	163	2	-1236.363636	0.055000
19	164	2	-1236.363636	0.055000
19	165	2	-1236.363636	0.055000
19	166	2	-1236.363636	0.055000
19	167	2	-1236.363636	0.055000
19	168	2	-1236.363636	0.055000
19	169	2	-1236.363636	0.055000
19	170	2	-1236.363636	0.055000
19	171	2	-1236.363636	0.055000
19	172	2	-1236.363636	0.055000
19	173	2	-1236.363636	0.055000
19	174	2	-1236.363636	0.055000
19	175	2	-1236.363636	0.055000
19	176	2	-1236.363636	0.055000
19	177	2	-1236.363636	0.055000
19	178	2	-1236.363636	0.055000
19	179	2	-1236.363636	0.055000
19	180	2	-1236.363636	0.055000
19	181	2	-1236.363636	0.055000
19	182	2	-1236.363636	0.055000
19	183	2	-1236.363636	0.055000
19	184	2	-1236.363636	0.055000
19	185	2	-1236.363636	0.055000
19	186	2	-1236.363636	0.055000
19	187	2	-1236.363636	0.055000
19	188	2	-1236.363636	0.055000
19	189	2	-1236.363636	0.055000
19	190	2	-1236.363636	0.055000
19	191	2	-1236.363636	0.055000
19	192	2	-1236.363636	0.055000
19	193	2	-1236.363636	0.055000
19	194	2	-1236.363636	0.055000
19	195	2	-1236.363636	0.055000
19	196	2	-1236.363636	0.055000
19	197	2	-1236.363636	0.055000
19	198	2	-1236.363636	0.055000
19	199	2	-1236.363636	0.055000
19	200	2	-1236.363636	0.055000
19	201	2	-1236.363636	0.055000
19	202	2	-1236.363636	0.055000
19	203	2	-1236.363636	0.055000
19	204	2	-1236.363636	0.055000
19	205	2	-1236.363636	0.055000
19	206	2	-1236.363636	0.055000
19	207	2	-1236.363636	0.055000
19	208	2	-1236.363636	0.055000
19	209	2	-1236.363636	0.055000
19	210	2	-1236.363636	0.055000
19	211	2	-1236.363636	0.055000
19	212	2	-1236.363636	0.055000
19	213	2	-1236.363636	0.055000
19	214	2	-1236.363636	0.055000
19	215	2	-1236.363636	0.055000
19	216	2	-1236.363636	0.055000
19	217	2	-1236.363636	0.055000
19	218	2	-1236.363636	0.055000
19	219	2	-1236.363636	0.055000
19	220	2	-1236.363636	0.055000
19	221	2	-1236.363636	0.055000
19	222	2	-1236.363636	0.055000
19	223	2	-1236.363636	0.055000
19	224	2	-1236.363636	0.055000
19	225	2	-1236.363636	0.055000
19	226	2	-1236.363636	0.055000
19	227	2	-1236.363636	0.055000
19	228	2	-1236.363636	0.055000
19	229	2	-1236.363636	0.055000
19	230	2	-1236.363636	0.055000
19	231	2	-1236.363636	0.055000
19	232	2	-1236.363636	0.055000
19	233	2	-1236.363636	0.055000
19	234	2	-1236.363636	0.055000
19	235	2	-1236.363636	0.055000
19	236	2	-1236.363636	0.055000
19	237	2	-1236.363636	0.055000
20	0	2	-1236.363636	0.055000
20	1	2	-1236.363636	0.055000
20	2	2	-1236.363636	0.055000
20	3	2	-1236.363636	0.055000
20	4	2	-1236.363636	0.055000
20	5	2	-1236.363636	0.055000
20	6	2	-1236.363636	0.055000
20	7	2	-1236.363636	0.055000
20	8	2	-1236.363636	0.055000
20	9	2	-1236.363636	0.055000
20	10	2	-1236.363636	0.055000
20	11	2	-1236.363636	0.055000
20	12	2	-1236.363636	0.055000
20	13	2	-1236.363636	0.055000
20	14	2	-1236.363636	0.055000
20	15	2	-1236.363636	0.055000
20	16	2	-1236.363636	0.055000
20	17	2	-1236.363636	0.055000
20	18	2	-1236.363636	0.055000
20	19	2	-1236.363636	0.055000
20	20	2	-1236.363636	0.055000
20	21	2	-1236.363636	0.055000
20	22	2	-1236.363636	0.055000
20	23	2	-1236.363636	0.055000
20	24	2	-1236.363636	0.055000
20	25	2	-1236.363636	0.055000
20	26	2	-1236.363636	0.055000
20	27	2	-1236.363636	0.055000
20	28	2	-1236.363636	0.055000
20	29	2	-1236.363636	0.055000
20	30	2	-1236.363636	0.055000
20	31	2	-1236.363636	0.055000
20	32	2	-1236.363636	0.055000
20	33	2	-1236.363636	0.055000
20	34	2	-1236.363636	0.055000
20	35	2	-1236.363636	0.055000
20	36	2	-1236.363636	0.055000
20	37	2	-1236.363636	0.055000
20	38	2	-1236.363636	0.055000
20	39	2	-1236.363636	0.055000
20	40	2	-1236.363636	0.055000
20	41	2	-1236.363636	0.055000
20	42	2	-1236.363636	0.055000
20	43	2	-1236.363636	0.055000
20	44	2	-1236.363636	0.055000
20	45	2	-1236.363636	0.055000
20	46	2	-1236.363636	0.055000
20	47	2	-1236.363636	0.055000
20	48	2	-1236.363636	0.055000
20	49	2	-1236.363636	0.055000
20	50	2	-1236.363636	0.055000
20	51	2	-1236.363636	0.055000
20	52	2	-1236.363636	0.055000
20	53	2	-1236.363636	0.055000
20	54	2	-1236.363636	0.055000
20	55	2	-1236.363636	0.055000
20	56	2	-1236.363636	0.055000
20	57	2	-1236.363636	0.055000
20	58	2	-1236.363636	0.055000
20	59	2	-1236.363636	0.055000
20	60	2	-1236.363636	0.055000
20	61	2	-1236.363636	0.055000
20	62	2	-1236.363636	0.055000
20	63	2	-1236.363636	0.055000
20	64	2	-1236.363636	0.055000
20	65	2	-1236.363636	0.055000
20	66	2	-1236.363636	0.055000
20	67	2	-1236.363636	0.055000
20	68	2	-1236.363636	0.055000
20	69	2	-1236.363636	0.055000
20	70	2	-1236.363636	0.055000
20	71	2	-1236.363636	0.055000
20	72	2	-1236.363636	0.055000
20	73	2	-1236.363636	0.055000
20	74	2	-1236.363636	0.055000
20	75	2	-1236.363636	0.055000
20	76	2	-1236.363636	0.055000
20	77	2	-1236.363636	0.055000
20	78	2	-1236.363636	0.055000
20	79	2	-1236.363636	0.055000
20	80	2	-1236.363636	0.055000
20	81	2	-1236.363636	0.055000
20	82	2	-1236.363636	0.055000
20	83	2	-1236.363636	0.055000
20	84	2	-1236.363636	0.055000
20	85	2	-1236.363636	0.055000
20	86	2	-1236.363636	0.055000
20	87	2	-1236.363636	0.055000
20	88	2	-1236.363636	0.055000
20	89	2	-1236.363636	0.055000
20	90	2	-1236.363636	0.055000
20	91	2	-1236.363636	0.055000
20	92	2	-1236.363636	0.055000
20	93	2	-1236.363636	0.055000
20	94	2	-1236.363636	0.055000
20	95	2	-1236.363636	0.055000
20	96	2	-1236.363636	0.055000
20	97	2	-1236.363636	0.055000
20	98	2	-1236.363636	0.055000
20	99	2	-1236.363636	0.055000
20	100	2	-1236.363636	0.055000
20	101	2	-1236.363636	0.055000
20	102	2	-1236.363636	0.055000
20	103	2	-1236.363636	0.055000
20	104	2	-1236.363636	0.055000
20	105	2	-1236.363636	0.055000
20	106	2	-1236.363636	0.055000
20	107	2	-1236.363636	0.055000
20	108	2	-1236.363636	0.055000
20	109	2	-1236.363636	0.055000
20	110	2	-1236.363636	0.055000
20	111	2	-1236.363636	0.055000
20	112	2	-1236.363636	0.055000
20	113	2	-1236.363636	0.055000
20	114	2	-1236.363636	0.055000
20	115	2	-1236.363636	0.055000
20	116	2	-1236.363636	0.055000
20	117	2	-1236.363636	0.055000
20	118	2	-1236.363636	0.055000
20	119	2	-1236.363636	0.055000
20	120	2	-1236.363636	0.055000
20	121	2	-1236.363636	0.055000
20	122	2	-1236.363636	0.055000
20	123	2	-1236.363636	0.055000
20	124	2	-1236.363636	0.055000
20	125	2	-1236.363636	0.055000
20	126	2	-1236.363636	0.055000
20	127	2	-1236.363636	0.055000
20	128	2	-1236.363636	0.055000
20	129	2	-1236.363636	0.055000
20	130	2	-1236.363636	0.055000
20	131	2	-1236.363636	0.055000
20	132	2	-1236.363636	0.055000
20	133	2	-1236.363636	0.055000
20	134	2	-1236.363636	0.055000
20	135	2	-1236.363636	0.055000
20	136	2	-1236.363636	0.055000
20	137	2	-1236.363636	0.055000
20	138	2	-1236.363636	0.055000
20	139	2	-1236.363636	0.055000
20	140	2	-1236.363636	0.055000
20	141	2	-1236.363636	0.055000
20	142	2	-1236.363636	0.055000
20	143	2	-1236.363636	0.055000
20	144	2	-1236.363636	0.055000
20	145	2	-1236.363636	0.055000
20	146	2	-1236.363636	0.055000
20	147	2	-1236.363636	0.055000
20	148	2	-1236.363636	0.055000
20	149	2	-1236.363636	0.055000
20	150	2	-1236.363636	0.055000
20	151	2	-1236.363636	0.055000
20	152	2	-1236.363636	0.055000
20	153	2	-1236.363636	0.055000
20	154	2	-1236.363636	0.055000
20	155	2	-1236.363636	0.055000
20	156	2	-1236.363636	0.055000
20	157	2	-1236.363636	0.055000
20	158	2	-1236.363636	0.055000
20	159	2	-1236.363636	0.055000
20	160	2	-1236.363636	0.055000
20	161	2	-1236.363636	0.055000
20	162	2	-1236.363636	0.055000
20	163	2	-1236.363636	0.055000
20	164	2	-1236.363636	0.055000
20	165	2	-1236.363636	0.055000
20	166	2	-1236.363636	0.055000
20	167	2	-1236.363636	0.055000
20	168	2	-1236.363636	0.055000
20	169	2	-1236.363636	0.055000
20	170	2	-1236.363636	0.055000
20	171	2	-1236.363636	0.055000
20	172	2	-1236.363636	0.055000
20	173	2	-1236.363636	0.055000
20	174	2	-1236.363636	0.055000
20	175	2	-1236.363636	0.055000
20	176	2	-1236.363636	0.055000
20	177	2	-1236.363636	0.055000
20	178	2	-1236.363636	0.055000
20	179	2	-1236.363636	0.055000
20	180	2	-1236.363636	0.055000
20	181	2	-1236.363636	0.055000
20	182	2	-1236.363636	0.055000
20	183	2	-1236.363636	0.055000
20	184	2	-1236.363636	0.055000
20	185	2	-1236.363636	0.055000
20	186	2	-1236.363636	0.055000
20	187	2	-1236.363636	0.055000
20	188	2	-1236.363636	0.055000
20	189	2	-1236.363636	0.055000
20	190	2	-1236.363636	0.055000
20	191	2	-1236.363636	0.055000
20	192	2	-1236.363636	0.055000
20	193	2	-1236.363636	0.055000
20	194	2	-1236.363636	0.055000
20	195	2	-1236.363636	0.055000
20	196	2	-1236.363636	0.055000
20	197	2	-1236.363636	0.055000
20	198	2	-1236.363636	0.055000
20	199	2	-1236.363636	0.055000
20	200	2	-1236.363636	0.055000
20	201	2	-1236.363636	0.055000
20	202	2	-1236.363636	0.055000
20	203	2	-1236.363636	0.055000
20	204	2	-1236.363636	0.055000
20	205	2	-1236.363636	0.055000
20	206	2	-1236.363636	0.055000
20	207	2	-1236.363636	0.055000
20	208	2	-1236.363636	0.055000
20	209	2	-1236.363636	0.055000
20	210	2	-1236.363636	0.055000
20	211	2	-1236.363636	0.055000
20	212	2	-1236.363636	0.055000
20	213	2	-1236.363636	0.055000
20	214	2	-1236.363636	0.055000
20	215	2	-1236.363636	0.055000
20	216	2	-1236.363636	0.055000
20	217	2	-1236.363636	0.055000
20	218	2	-1236.363636	0.055000
20	219	2	-1236.363636	0.055000
20	220	2	-1236.363636	0.055000
20	221	2	-1236.363636	0.055000
20	222	2	-1236.363636	0.055000
20	223	2	-1236.363636	0.055000
20	224	2	-1236.363636	0.055000
20	225	2	-1236.363636	0.055000
20	226	2	-1236.363636	0.055000
20	227	2	-1236.363636	0.055000
20	228	2	-1236.363636	0.055000
20	229	2	-1236.363636	0.055000
20	230	2	-1236.363636	0.055000
20	231	2	-1236.363636	0.055000
20	232	2	-1236.363636	0.055000
20	233	2	-1236.363636	0.055000
20	234	2	-1236.363636	0.055000
20	235	2	-1236.363636	0.055000
20	236	2	-1236.363636	0.055000
20	237	2	-1236.363636	0.055000
20	238	2	-1236.363636	0.055000
20	239	2	-1236.363636	0.055000
20	240	2	-1236.363636	0.055000
20	241	2	-1236.363636	0.055000
20	242	2	-1236.363636	0.055000
20	243	2	-1236.363636	0.055000
21	0	2	-1236.363636	0.055000
21	1	2	-1236.363636	0.055000
21	2	2	-1236.363636	0.055000
21	3	2	-1236.363636	0.055000
21	4	2	-1236.363636	0.055000
21	5	2	-1236.363636	0.055000
21	6	2	-1236.363636	0.055000
21	7	2	-1236.363636	0.055000
21	8	2	-1236.363636	0.055000
21	9	2	-1236.363636	0.055000
21	10	2	-1236.363636	0.055000
21	11	2	-1236.363636	0.055000
21	12	2	-1236.363636	0.055000
21	13	2	-1236.363636	0.055000
21	14	2	-1236.363636	0.055000
21	15	2	-1236.363636	0.055000
21	16	2	-1236.363636	0.055000
21	17	2	-1236.363636	0.055000
21	18	2	-1236.363636	0.055000
21	19	2	-1236.363636	0.055000
21	20	2	-1236.363636	0.055000
21	21	2	-1236.363636	0.055000
21	22	2	-1236.363636	0.055000
21	23	2	-1236.363636	0.055000
21	24	2	-1236.363636	0.055000
21	25	2	-1236.363636	0.055000
21	26	2	-1236.363636	0.055000
21	27	2	-1236.363636	0.055000
21	28	2	-1236.363636	0.055000
21	29	2	-1236.363636	0.055000
21	30	2	-1236.363636	0.055000
21	31	2	-1236.363636	0.055000
21	32	2	-1236.363636	0.055000
21	33	2	-1236.363636	0.055000
21	34	2	-1236.363636	0.055000
21	35	2	-1236.363636	0.055000
21	36	2	-1236.363636	0.055000
21	37	2	-1236.363636	0.055000
21	38	2	-1236.363636	0.055000
21	39	2	-1236.363636	0.055000
21	40	2	-1236.363636	0.055000
21	41	2	-1236.363636	0.055000
21	42	2	-1236.363636	0.055000
21	43	2	-1236.363636	0.055000
21	44	2	-1236.363636	0.055000
21	45	2	-1236.363636	0.055000
21	46	2	-1236.363636	0.055000
21	47	2	-1236.363636	0.055000
21	48	2	-1236.363636	0.055000
21	49	2	-1236.363636	0.055000
21	50	2	-1236.363636	0.055000
21	51	2	-1236.363636	0.055000
21	52	2	-1236.363636	0.055000
21	53	2	-1236.363636	0.055000
21	54	2	-1236.363636	0.055000
21	55	2	-1236.363636	0.055000
21	56	2	-1236.363636	0.055000
21	57	2	-1236.363636	0.055000
21	58	2	-1236.363636	0.055000
21	59	2	-1236.363636	0.055000
21	60	2	-1236.363636	0.055000
21	61	2	-1236.363636	0.055000
21	62	2	-1236.363636	0.055000
21	63	2	-1236.363636	0.055000
21	64	2	-1236.363636	0.055000
21	65	2	-1236.363636	0.055000
21	66	2	-1236.363636	0.055000
21	67	2	-1236.363636	0.055000
21	68	2	-1236.363636	0.055000
21	69	2	-1236.363636	0.055000
21	70	2	-1236.363636	0.055000
21	71	2	-1236.363636	0.055000
21	72	2	-1236.363636	0.055000
21	73	2	-1236.363636	0.055000
21	74	2	-1236.363636	0.055000
21	75	2	-1236.363636	0.055000
21	76	2	-1236.363636	0.055000
21	77	2	-1236.363636	0.055000
21	78	2	-1236.363636	0.055000
21	79	2	-1236.363636	0.055000
21	80	2	-1236.363636	0.055000
21	81	2	-1236.363636	0.055000
21	82	2	-1236.363636	0.055000
21	83	2	-1236.363636	0.055000
21	84	2	-1236.363636	0.055000
21	85	2	-1236.363636	0.055000
21	86	2	-1236.363636	0.055000
21	87	2	-1236.363636	0.055000
21	88	2	-1236.363636	0.055000
21	89	2	-1236.363636	0.055000
21	90	2	-1236.363636	0.055000
21	91	2	-1236.363636	0.055000
21	92	2	-1236.363636	0.055000
21	93	2	-1236.363636	0.055000
21	94	2	-1236.363636	0.055000
21	95	2	-1236.363636	0.055000
21	96	2	-1236.363636	0.055000
21	97	2	-1236.363636	0.055000
21	98	2	-1236.363636	0.055000
21	99	2	-1236.363636	0.055000
21	100	2	-1236.363636	0.055000
21	101	2	-1236.363636	0.055000
21	102	2	-1236.363636	0.055000
21	103	2	-1236.363636	0.055000
21	104	2	-1236.363636	0.055000
21	105	2	-1236.363636	0.055000
21	106	2	-1236.363636	0.055000
21	107	2	-1236.363636	0.055000
21	108	2	-1236.363636	0.055000
21	109	2	-1236.363636	0.055000
21	110	2	-1236.363636	0.055000
21	111	2	-1236.363636	0.055000
21	112	2	-1236.363636	0.055000
21	113	2	-1236.363636	0.055000
21	114	2	-1236.363636	0.055000
21	115	2	-1236.363636	0.055000
21	116	2	-1236.363636	0.055000
21	117	2	-1236.363636	0.055000
21	118	2	-1236.363636	0.055000
21	119	2	-1236.363636	0.055000
21	120	2	-1236.363636	0.055000
21	121	2	-1236.363636	0.055000
21	122	2	-1236.363636	0.055000
21	123	2	-1236.363636	0.055000
21	124	2	-1236.363636	0.055000
21	125	2	-1236.363636	0.055000
21	126	2	-1236.363636	0.055000
21	127	2	-1236.363636	0.055000
21	128	2	-1236.363636	0.055000
21	129	2	-1236.363636	0.055000
21	130	2	-1236.363636	0.055000
21	131	2	-1236.363636	0.055000
21	132	2	-1236.363636	0.055000
21	133	2	-1236.363636	0.055000
21	134	2	-1236.363636	0.055000
21	135	2	-1236.363636	0.055000
21	136	2	-1236.363636	0.055000
21	137	2	-1236.363636	0.055000
21	138	2	-1236.363636	0.055000
21	139	2	-1236.363636	0.055000
21	140	2	-1236.363636	0.055000
21	141	2	-1236.363636	0.055000
21	142	2	-1236.363636	0.055000
21	143	2	-1236.363636	0.055000
21	144	2	-1236.363636	0.055000
21	145	2	-1236.363636	0.055000
21	146	2	-1236.363636	0.055000
21	147	2	-1236.363636	0.055000
21	148	2	-1236.363636	0.055000
21	149	2	-1236.363636	0.055000
21	150	2	-1236.363636	0.055000
21	151	2	-1236.363636	0.055000
21	152	2	-1236.363636	0.055000
21	153	2	-1236.363636	0.055000
21	154	2	-1236.363636	0.055000
21	155	2	-1236.363636	0.055000
21	156	2	-1236.363636	0.055000
21	157	2	-1236.363636	0.055000
21	158	2	-1236.363636	0.055000
21	159	2	-1236.363636	0.055000
21	160	2	-1236.363636	0.055000
21	161	2	-1236.363636	0.055000
21	162	2	-1236.363636	0.055000
21	163	2	-1236.363636	0.055000
21	164	2	-1236.363636	0.055000
21	165	2	-1236.363636	0.055000
21	166	2	-1236.363636	0.055000
21	167	2	-1236.363636	0.055000
21	168	2	-1236.363636	0.055000
21	169	2	-1236.363636	0.055000
21	170	2	-1236.363636	0.055000
21	171	2	-1236.363636	0.055000
21	172	2	-1236.363636	0.055000
21	173	2	-1236.363636	0.055000
21	174	2	-1236.363636	0.055000
21	175	2	-1236.363636	0.055000
21	176	2	-1236.363636	0.055000
21	177	2	-1236.363636	0.055000
21	178	2	-1236.363636	0.055000
21	179	2	-1236.363636	0.055000
21	180	2	-1236.363636	0.055000
21	181	2	-1236.363636	0.055000
21	182	2	-1236.363636	0.055000
21	183	2	-1236.363636	0.055000
21	184	2	-1236.363636	0.055000
21	185	2	-1236.363636	0.055000
21	186	2	-1236.363636	0.055000
21	187	2	-1236.363636	0.055000
21	188	2	-1236.363636	0.055000
21	189	2	-1236.363636	0.055000
21	190	2	-1236.363636	0.055000
21	191	2	-1236.363636	0.055000
21	192	2	-1236.363636	0.055000
21	193	2	-1236.363636	0.055000
21	194	2	-1236.363636	0.055000
21	195	2	-1236.363636	0.055000
21	196	2	-1236.363636	0.055000
21	197	2	-1236.363636	0.055000
21	198	2	-1236.363636	0.055000
21	199	2	-1236.363636	0.055000
21	200	2	-1236.363636	0.055000
21	201	2	-1236.363636	0.055000
21	202	2	-1236.363636	0.055000
21	203	2	-1236.363636	0.055000
21	204	2	-1236.363636	0.055000
21	205	2	-1236.363636	0.055000
21	206	2	-1236.363636	0.055000
21	207	2	-1236.363636	0.055000
21	208	2	-1236.363636	0.055000
21	209	2	-1236.363636	0.055000
21	210	2	-1236.363636	0.055000
21	211	2	-1236.363636	0.055000
21	212	2	-1236.363636	0.055000
21	213	2	-1236.363636	0.055000
21	214	2	-1236.363636	0.055000
21	215	2	-1236.363636	0.055000
21	216	2	-1236.363636	0.055000
21	217	2	-1236.363636	0.055000
21	218	2	-1236.363636	0.055000
21	219	2	-1236.363636	0.055000
21	220	2	-1236.363636	0.055000
21	221	2	-1236.363636	0.055000
21	222	2	-1236.363636	0.055000
21	223	2	-1236.363636	0.055000
21	224	2	-1236.363636	0.055000
21	225	2	-1236.363636	0.055000
21	226	2	-1236.363636	0.055000
21	227	2	-1236.363636	0.055000
21	228	2	-1236.363636	0.055000
21	229	2	-1236.363636	0.055000
21	230	2	-1236.363636	0.055000
21	231	2	-1236.363636	0.055000
22	0	2	-1236.363636	0.055000
22	1	2	-1236.363636	0.055000
22	2	2	-1236.363636	0.055000
22	3	2	-1236.363636	0.055000
22	4	2	-1236.363636	0.055000
22	5	2	-1236.363636	0.055000
22	6	2	-1236.363636	0.055000
22	7	2	-1236.363636	0.055000
22	8	2	-1236.363636	0.055000
22	9	2	-1236.363636	0.055000
22	10	2	-1236.363636	0.055000
22	11	2	-1236.363636	0.055000
22	12	2	-1236.363636	0.055000
22	13	2	-1236.363636	0.055000
22	14	2	-1236.363636	0.055000
22	15	2	-1236.363636	0.055000
22	16	2	-1236.363636	0.055000
22	17	2	-1236.363636	0.055000
22	18	2	-1236.363636	0.055000
22	19	2	-1236.363636	0.055000
22	20	2	-1236.363636	0.055000
22	21	2	-1236.363636	0.055000
22	22	2	-1236.363636	0.055000
22	23	2	-1236.363636	0.055000
22	24	2	-1236.363636	0.055000
22	25	2	-1236.363636	0.055000
22	26	2	-1236.363636	0.055000
22	27	2	-1236.363636	0.055000
22	28	2	-1236.363636	0.055000
22	29	2	-1236.363636	0.055000
22	30	2	-1236.363636	0.055000
22	31	2	-1236.363636	0.055000
22	32	2	-1236.363636	0.055000
22	33	2	-1236.363636	0.055000
22	34	2	-1236.363636	0.055000
22	35	2	-1236.363636	0.055000
22	36	2	-1236.363636	0.055000
22	37	2	-1236.363636	0.055000
22	38	2	-1236.363636	0.055000
22	39	2	-1236.363636	0.055000
22	40	2	-1236.363636	0.055000
22	41	2	-1236.363636	0.055000
22	42	2	-1236.363636	0.055000
22	43	2	-1236.363636	0.055000
22	44	2	-1236.363636	0.055000
22	45	2	-1236.363636	0.055000
22	46	2	-1236.363636	0.055000
22	47	2	-1236.363636	0.055000
22	48	2	-1236.363636	0.055000
22	49	2	-1236.363636	0.055000
22	50	2	-1236.363636	0.055000
22	51	2	-1236.363636	0.055000
22	52	2	-1236.363636	0.055000
22	53	2	-1236.363636	0.055000
22	54	2	-1236.363636	0.055000
22	55	2	-1236.363636	0.055000
22	56	2	-1236.363636	0.055000
22	57	2	-1236.363636	0.055000
22	58	2	-1236.363636	0.055000
22	59	2	-1236.363636	0.055000
22	60	2	-1236.363636	0.055000
22	61	2	-1236.363636	0.055000
22	62	2	-1236.363636	0.055000
22	63	2	-1236.363636	0.055000
22	64	2	-1236.363636	0.055000
22	65	2	-1236.363636	0.055000
22	66	2	-1236.363636	0.055000
22	67	2	-1236.363636	0.055000
22	68	2	-1236.363636	0.055000
22	69	2	-1236.363636	0.055000
22	70	2	-1236.363636	0.055000
22	71	2	-1236.363636	0.055000
22	72	2	-1236.363636	0.055000
22	73	2	-1236.363636	0.055000
22	74	2	-1236.363636	0.055000
22	75	2	-1236.363636	0.055000
22	76	2	-1236.363636	0.055000
22	77	2	-1236.363636	0.055000
22	78	2	-1236.363636	0.055000
22	79	2	-1236.363636	0.055000
22	80	2	-1236.363636	0.055000
22	81	2	-1236.363636	0.055000
22	82	2	-1236.363636	0.055000
22	83	2	-1236.363636	0.055000
22	84	2	-1236.363636	0.055000
22	85	2	-1236.363636	0.055000
22	86	2	-1236.363636	0.055000
22	87	2	-1236.363636	0.055000
22	88	2	-1236.363636	0.055000
22	89	2	-1236.363636	0.055000
22	90	2	-1236.363636	0.055000
22	91	2	-1236.363636	0.055000
22	92	2	-1236.363636	0.055000
22	93	2	-1236.363636	0.055000
22	94	2	-1236.363636	0.055000
22	95	2	-1236.363636	0.055000
22	96	2	-1236.363636	0.055000
22	97	2	-1236.363636	0.055000
22	98	2	-1236.363636	0.055000
22	99	2	-1236.363636	0.055000
22	100	2	-1236.363636	0.055000
22	101	2	-1236.363636	0.055000
22	102	2	-1236.363636	0.055000
22	103	2	-1236.363636	0.055000
22	104	2	-1236.363636	0.055000
22	105	2	-1236.363636	0.055000
22	106	2	-1236.363636	0.055000
22	107	2	-1236.363636	0.055000
22	108	2	-1236.363636	0.055000
22	109	2	-1236.363636	0.055000
22	110	2	-1236.363636	0.055000
22	111	2	-1236.363636	0.055000
22	112	2	-1236.363636	0.055000
22	113	2	-1236.363636	0.055000
22	114	2	-1236.363636	0.055000
22	115	2	-1236.363636	0.055000
22	116	2	-1236.363636	0.055000
22	117	2	-1236.363636	0.055000
22	118	2	-1236.363636	0.055000
22	119	2	-1236.363636	0.055000
22	120	2	-1236.363636	0.055000
22	121	2	-1236.363636	0.055000
22	122	2	-1236.363636	0.055000
22	123	2	-1236.363636	0.055000
22	124	2	-1236.363636	0.055000
22	125	2	-1236.363636	0.055000
22	126	2	-1236.363636	0.055000
22	127	2	-1236.363636	0.055000
22	128	2	-1236.363636	0.055000
22	129	2	-1236.363636	0.055000
22	130	2	-1236.363636	0.055000
22	131	2	-1236.363636	0.055000
22	132	2	-1236.363636	0.055000
22	133	2	-1236.363636	0.055000
22	134	2	-1236.363636	0.055000
22	135	2	-1236.363636	0.055000
22	136	2	-1236.363636	0.055000
22	137	2	-1236.363636	0.055000
22	138	2	-1236.363636	0.055000
22	139	2	-1236.363636	0.055000
22	140	2	-1236.363636	0.055000
22	141	2	-1236.363636	0.055000
22	142	2	-1236.363636	0.055000
22	143	2	-1236.363636	0.055000
22	144	2	-1236.363636	0.055000
22	145	2	-1236.363636	0.055000
22	146	2	-1236.363636	0.055000
22	147	2	-1236.363636	0.055000
22	148	2	-1236.363636	0.055000
22	149	2	-1236.363636	0.055000
22	150	2	-1236.363636	0.055000
22	151	2	-1236.363636	0.055000
22	152	2	-1236.363636	0.055000
22	153	2	-1236.363636	0.055000
22	154	2	-1236.363636	0.055000
22	155	2	-1236.363636	0.055000
22	156	2	-1236.363636	0.055000
22	157	2	-1236.363636	0.055000
22	158	2	-1236.363636	0.055000
22	159	2	-1236.363636	0.055000
22	160	2	-1236.363636	0.055000
22	161	2	-1236.363636	0.055000
22	162	2	-1236.363636	0.055000
22	163	2	-1236.363636	0.055000
22	164	2	-1236.363636	0.055000
22	165	2	-1236.363636	0.055000
22	166	2	-1236.363636	0.055000
22	167	2	-1236.363636	0.055000
22	168	2	-1236.363636	0.055000
22	169	2	-1236.363636	0.055000
22	170	2	-1236.363636	0.055000
22	171	2	-1236.363636	0.055000
22	172	2	-1236.363636	0.055000
22	173	2	-1236.363636	0.055000
22	174	2	-1236.363636	0.055000
22	175	2	-1236.363636	0.055000
22	176	2	-1236.363636	0.055000
22	177	2	-1236.363636	0.055000
22	178	2	-1236.363636	0.055000
22	179	2	-1236.363636	0.055000
22	180	2	-1236.363636	0.055000
22	181	2	-1236.363636	0.055000
22	182	2	-1236.363636	0.055000
22	183	2	-1236.363636	0.055000
22	184	2	-1236.363636	0.055000
22	185	2	-1236.363636	0.055000
22	186	2	-1236.363636	0.055000
22	187	2	-1236.363636	0.055000
22	188	2	-1236.363636	0.055000
22	189	2	-1236.363636	0.055000
22	190	2	-1236.363636	0.055000
22	191	2	-1236.363636	0.055000
22	192	2	-1236.363636	0.055000
22	193	2	-1236.363636	0.055000
22	194	2	-1236.363636	0.055000
22	195	2	-1236.363636	0.055000
22	196	2	-1236.363636	0.055000
22	197	2	-1236.363636	0.055000
22	198	2	-1236.363636	0.055000
22	199	2	-1236.363636	0.055000
22	200	2	-1236.363636	0.055000
22	201	2	-1236.363636	0.055000
22	202	2	-1236.363636	0.055000
22	203	2	-1236.363636	0.055000
22	204	2	-1236.363636	0.055000
22	205	2	-1236.363636	0.055000
22	206	2	-1236.363636	0.055000
22	207	2	-1236.363636	0.055000
22	208	2	-1236.363636	0.055000
22	209	2	-1236.363636	0.055000
22	210	2	-1236.363636	0.055000
22	211	2	-1236.363636	0.055000
22	212	2	-1236.363636	0.055000
22	213	2	-1236.363636	0.055000
22	214	2	-1236.363636	0.055000
22	215	2	-1236.363636	0.055000
22	216	2	-1236.363636	0.055000
22	217	2	-1236.363636	0.055000
23	0	2	-1236.363636	0.055000
23	1	2	-1236.363636	0.055000
23	2	2	-1236.363636	0.055000
23	3	2	-1236.363636	0.055000
23	4	2	-1236.363636	0.055000
23	5	2	-1236.363636	0.055000
23	6	2	-1236.363636	0.055000
23	7	2	-1236.363636	0.055000
23	8	2	-1236.363636	0.055000
23	9	2	-1236.363636	0.055000
23	10	2	-1236.363636	0.055000
23	11	2	-1236.363636	0.055000
23	12	2	-1236.363636	0.055000
23	13	2	-1236.363636	0.055000
23	14	2	-1236.363636	0.055000
23	15	2	-1236.363636	0.055000
23	16	2	-1236.363636	0.055000
23	17	2	-1236.363636	0.055000
23	18	2	-1236.363636	0.055000
23	19	2	-1236.363636	0.055000
23	20	2	-1236.363636	0.055000
23	21	2	-1236.363636	0.055000
23	22	2	-1236.363636	0.055000
23	23	2	-1236.363636	0.055000
23	24	2	-1236.363636	0.055000
23	25	2	-1236.363636	0.055000
23	26	2	-1236.363636	0.055000
23	27	2	-1236.363636	0.055000
23	28	2	-1236.363636	0.055000
23	29	2	-1236.363636	0.055000
23	30	2	-1236.363636	0.055000
23	31	2	-1236.363636	0.055000
23	32	2	-1236.363636	0.055000
23	33	2	-1236.363636	0.055000
23	34	2	-1236.363636	0.055000
23	35	2	-1236.363636	0.055000
23	36	2	-1236.363636	0.055000
23	37	2	-1236.363636	0.055000
23	38	2	-1236.363636	0.055000
23	39	2	-1236.363636	0.055000
23	40	2	-1236.363636	0.055000
23	41	2	-1236.363636	0.055000
23	42	2	-1236.363636	0.055000
23	43	2	-1236.363636	0.055000
23	44	2	-1236.363636	0.055000
23	45	2	-1236.363636	0.055000
23	46	2	-1236.363636	0.055000
23	47	2	-1236.363636	0.055000
23	48	2	-1236.363636	0.055000
23	49	2	-1236.363636	0.055000
23	50	2	-1236.363636	0.055000
23	51	2	-1236.363636	0.055000
23	52	2	-1236.363636	0.055000
23	53	2	-1236.363636	0.055000
23	54	2	-1236.363636	0.055000
23	55	2	-1236.363636	0.055000
23	56	2	-1236.363636	0.055000
23	57	2	-1236.363636	0.055000
23	58	2	-1236.363636	0.055000
23	59	2	-1236.363636	0.055000
23	60	2	-1236.363636	0.055000
23	61	2	-1236.363636	0.055000
23	62	2	-1236.363636	0.055000
23	63	2	-1236.363636	0.055000
23	64	2	-1236.363636	0.055000
23	65	2	-1236.363636	0.055000
23	66	2	-1236.363636	0.055000
23	67	2	-1236.363636	0.055000
23	68	2	-1236.363636	0.055000
23	69	2	-1236.363636	0.055000
23	70	2	-1236.363636	0.055000
23	71	2	-1236.363636	0.055000
23	72	2	-1236.363636	0.055000
23	73	2	-1236.363636	0.055000
23	74	2	-1236.363636	0.055000
23	75	2	-1236.363636	0.055000
23	76	2	-1236.363636	0.055000
23	77	2	-1236.363636	0.055000
23	78	2	-1236.363636	0.055000
23	79	2	-1236.363636	0.055000
23	80	2	-1236.363636	0.055000
23	81	2	-1236.363636	0.055000
23	82	2	-1236.363636	0.055000
23	83	2	-1236.363636	0.055000
23	84	2	-1236.363636	0.055000
23	85	2	-1236.363636	0.055000
23	86	2	-1236.363636	0.055000
23	87	2	-1236.363636	0.055000
23	88	2	-1236.363636	0.055000
23	89	2	-1236.363636	0.055000
23	90	2	-1236.363636	0.055000
23	91	2	-1236.363636	0.055000
23	92	2	-1236.363636	0.055000
23	93	2	-1236.363636	0.055000
23	94	2	-1236.363636	0.055000
23	95	2	-1236.363636	0.055000
23	96	2	-1236.363636	0.055000
23	97	2	-1236.363636	0.055000
23	98	2	-1236.363636	0.055000
23	99	2	-1236.363636	0.055000
23	100	2	-1236.363636	0.055000
23	101	2	-1236.363636	0.055000
23	102	2	-1236.363636	0.055000
23	103	2	-1236.363636	0.055000
23	104	2	-1236.363636	0.055000
23	105	2	-1236.363636	0.055000
23	106	2	-1236.363636	0.055000
23	107	2	-1236.363636	0.055000
23	108	2	-1236.363636	0.055000
23	109	2	-1236.363636	0.055000
23	110	2	-1236.363636	0.055000
23	111	2	-1236.363636	0.055000
23	112	2	-1236.363636	0.055000
23	113	2	-1236.363636	0.055000
23	114	2	-1236.363636	0.055000
23	115	2	-1236.363636	0.055000
23	116	2	-1236.363636	0.055000
23	117	2	-1236.363636	0.055000
23	118	2	-1236.363636	0.055000
23	119	2	-1236.363636	0.055000
23	120	2	-1236.363636	0.055000
23	121	2	-1236.363636	0.055000
23	122	2	-1236.363636	0.055000
23	123	2	-1236.363636	0.055000
23	124	2	-1236.363636	0.055000
23	125	2	-1236.363636	0.055000
23	126	2	-1236.363636	0.055000
23	127	2	-1236.363636	0.055000
23	128	2	-1236.363636	0.055000
23	129	2	-1236.363636	0.055000
23	130	2	-1236.363636	0.055000
23	131	2	-1236.363636	0.055000
23	132	2	-1236.363636	0.055000
23	133	2	-1236.363636	0.055000
23	134	2	-1236.363636	0.055000
23	135	2	-1236.363636	0.055000
23	136	2	-1236.363636	0.055000
23	137	2	-1236.363636	0.055000
23	138	2	-1236.363636	0.055000
23	139	2	-1236.363636	0.055000
23	140	2	-1236.363636	0.055000
23	141	2	-1236.363636	0.055000
23	142	2	-1236.363636	0.055000
23	143	2	-1236.363636	0.055000
23	144	2	-1236.363636	0.055000
23	145	2	-1236.363636	0.055000
23	146	2	-1236.363636	0.055000
23	147	2	-1236.363636	0.055000
23	148	2	-1236.363636	0.055000
23	149	2	-1236.363636	0.055000
23	150	2	-1236.363636	0.055000
23	151	2	-1236.363636	0.055000
23	152	2	-1236.363636	0.055000
23	153	2	-1236.363636	0.055000
23	154	2	-1236.363636	0.055000
23	155	2	-1236.363636	0.055000
23	156	2	-1236.363636	0.055000
23	157	2	-1236.363636	0.055000
23	158	2	-1236.363636	0.055000
23	159	2	-1236.363636	0.055000
23	160	2	-1236.363636	0.055000
23	161	2	-1236.363636	0.055000
23	162	2	-1236.363636	0.055000
23	163	2	-1236.363636	0.055000
23	164	2	-1236.363636	0.055000
23	165	2	-1236.363636	0.055000
23	166	2	-1236.363636	0.055000
23	167	2	-1236.363636	0.055000
23	168	2	-1236.363636	0.055000
23	169	2	-1236.363636	0.055000
23	170	2	-1236.363636	0.055000
23	171	2	-1236.363636	0.055000
23	172	2	-1236.363636	0.055000
23	173	2	-1236.363636	0.055000
23	174	2	-1236.363636	0.055000
23	175	2	-1236.363636	0.055000
23	176	2	-1236.363636	0.055000
23	177	2	-1236.363636	0.055000
23	178	2	-1236.363636	0.055000
23	179	2	-1236.363636	0.055000
23	180	2	-1236.363636	0.055000
23	181	2	-1236.363636	0.055000
23	182	2	-1236.363636	0.055000
23	183	2	-1236.363636	0.055000
23	184	2	-1236.363636	0.055000
23	185	2	-1236.363636	0.055000
23	186	2	-1236.363636	0.055000
23	187	2	-1236.363636	0.055000
23	188	2	-1236.363636	0.055000
23	189	2	-1236.363636	0.055000
23	190	2	-1236.363636	0.055000
23	191	2	-1236.363636	0.055000
23	192	2	-1236.363636	0.055000
23	193	2	-1236.363636	0.055000
23	194	2	-1236.363636	0.055000
23	195	2	-1236.363636	0.055000
23	196	2	-1236.363636	0.055000
23	197	2	-1236.363636	0.055000
23	198	2	-1236.363636	0.055000
23	199	2	-1236.363636	0.055000
23	200	2	-1236.363636	0.055000
23	201	2	-1236.363636	0.055000
23	202	2	-1236.363636	0.055000
23	203	2	-1236.363636	0.055000
23	204	2	-1236.363636	0.055000
23	205	2	-1236.363636	0.055000
23	206	2	-1236.363636	0.055000
23	207	2	-1236.363636	0.055000
23	208	2	-1236.363636	0.055000
23	209	2	-1236.363636	0.055000
24	0	2	-1236.363636	0.055000
24	1	2	-1236.363636	0.055000
24	2	2	-1236.363636	0.055000
24	3	2	-1236.363636	0.055000
24	4	2	-1236.363636	0.055000
24	5	2	-1236.363636	0.055000
24	6	2	-1236.363636	0.055000
24	7	2	-1236.363636	0.055000
24	8	2	-1236.363636	0.055000
24	9	2	-1236.363636	0.055000
24	10	2	-1236.363636	0.055000
24	11	2	-1236.363636	0.055000
24	12	2	-1236.363636	0.055000
24	13	2	-1236.363636	0.055000
24	14	2	-1236.363636	0.055000
24	15	2	-1236.363636	0.055000
24	16	2	-1236.363636	0.055000
24	17	2	-1236.363636	0.055000
24	18	2	-1236.363636	0.055000
24	19	2	-1236.363636	0.055000
24	20	2	-1236.363636	0.055000
24	21	2	-1236.363636	0.055000
24	22	2	-1236.363636	0.055000
24	23	2	-1236.363636	0.055000
24	24	2	-1236.363636	0.055000
24	25	2	-1236.363636	0.055000
24	26	2	-1236.363636	0.055000
24	27	2	-1236.363636	0.055000
24	28	2	-1236.363636	0.055000
24	29	2	-1236.363636	0.055000
24	30	2	-1236.363636	0.055000
24	31	2	-1236.363636	0.055000
24	32	2	-1236.363636	0.055000
24	33	2	-1236.363636	0.055000
24	34	2	-1236.363636	0.055000
24	35	2	-1236.363636	0.055000
24	36	2	-1236.363636	0.055000
24	37	2	-1236.363636	0.055000
24	38	2	-1236.363636	0.055000
24	39	2	-1236.363636	0.055000
24	40	2	-1236.363636	0.055000
24	41	2	-1236.363636	0.055000
24	42	2	-1236.363636	0.055000
24	43	2	-1236.363636	0.055000
24	44	2	-1236.363636	0.055000
24	45	2	-1236.363636	0.055000
24	46	2	-1236.363636	0.055000
24	47	2	-1236.363636	0.055000
24	48	2	-1236.363636	0.055000
24	49	2	-1236.363636	0.055000
24	50	2	-1236.363636	0.055000
24	51	2	-1236.363636	0.055000
24	52	2	-1236.363636	0.055000
24	53	2	-1236.363636	0.055000
24	54	2	-1236.363636	0.055000
24	55	2	-1236.363636	0.055000
24	56	2	-1236.363636	0.055000
24	57	2	-1236.363636	0.055000
24	58	2	-1236.363636	0.055000
24	59	2	-1236.363636	0.055000
24	60	2	-1236.363636	0.055000
24	61	2	-1236.363636	0.055000
24	62	2	-1236.363636	0.055000
24	63	2	-1236.363636	0.055000
24	64	2	-1236.363636	0.055000
24	65	2	-1236.363636	0.055000
24	66	2	-1236.363636	0.055000
24	67	2	-1236.363636	0.055000
24	68	2	-1236.363636	0.055000
24	69	2	-1236.363636	0.055000
24	70	2	-1236.363636	0.055000
24	71	2	-1236.363636	0.055000
24	72	2	-1236.363636	0.055000
24	73	2	-1236.363636	0.055000
24	74	2	-1236.363636	0.055000
24	75	2	-1236.363636	0.055000
24	76	2	-1236.363636	0.055000
24	77	2	-1236.363636	0.055000
24	78	2	-1236.363636	0.055000
24	79	2	-1236.363636	0.055000
24	80	2	-1236.363636	0.055000
24	81	2	-1236.363636	0.055000
24	82	2	-1236.363636	0.055000
24	83	2	-1236.363636	0.055000
24	84	2	-1236.363636	0.055000
24	85	2	-1236.363636	0.055000
24	86	2	-1236.363636	0.055000
24	87	2	-1236.363636	0.055000
24	88	2	-1236.363636	0.055000
24	89	2	-1236.363636	0.055000
24	90	2	-1236.363636	0.055000
24	91	2	-1236.363636	0.055000
24	92	2	-1236.363636	0.055000
24	93	2	-1236.363636	0.055000
24	94	2	-1236.363636	0.055000
24	95	2	-1236.363636	0.055000
24	96	2	-1236.363636	0.055000
24	97	2	-1236.363636	0.055000
24	98	2	-1236.363636	0.055000
24	99	2	-1236.363636	0.055000
24	100	2	-1236.363636	0.055000
24	101	2	-1236.363636	0.055000
24	102	2	-1236.363636	0.055000
24	103	2	-1236.363636	0.055000
24	104	2	-1236.363636	0.055000
24	105	2	-1236.363636	0.055000
24	106	2	-1236.363636	0.055000
24	107	2	-1236.363636	0.055000
24	108	2	-1236.363636	0.055000
24	109	2	-1236.363636	0.055000
24	110	2	-1236.363636	0.055000
24	111	2	-1236.363636	0.055000
24	112	2	-1236.363636	0.055000
24	113	2	-1236.363636	0.055000
24	114	2	-1236.363636	0.055000
24	115	2	-1236.363636	0.055000
24	116	2	-1236.363636	0.055000
24	117	2	-1236.363636	0.055000
24	118	2	-1236.363636	0.055000
24	119	2	-1236.363636	0.055000
24	120	2	-1236.363636	0.055000
24	121	2	-1236.363636	0.055000
24	122	2	-1236.363636	0.055000
24	123	2	-1236.363636	0.055000
24	124	2	-1236.363636	0.055000
24	125	2	-1236.363636	0.055000
24	126	2	-1236.363636	0.055000
24	127	2	-1236.363636	0.055000
24	128	2	-1236.363636	0.055000
24	129	2	-1236.363636	0.055000
24	130	2	-1236.363636	0.055000
24	131	2	-1236.363636	0.055000
24	132	2	-1236.363636	0.055000
24	133	2	-1236.363636	0.055000
24	134	2	-1236.363636	0.055000
24	135	2	-1236.363636	0.055000
24	136	2	-1236.363636	0.055000
24	137	2	-1236.363636	0.055000
24	138	2	-1236.363636	0.055000
24	139	2	-1236.363636	0.055000
24	140	2	-1236.363636	0.055000
24	141	2	-1236.363636	0.055000
24	142	2	-1236.363636	0.055000
24	143	2	-1236.363636	0.055000
24	144	2	-1236.363636	0.055000
24	145	2	-1236.363636	0.055000
24	146	2	-1236.363636	0.055000
24	147	2	-1236.363636	0.055000
24	148	2	-1236.363636	0.055000
24	149	2	-1236.363636	0.055000
24	150	2	-1236.363636	0.055000
24	151	2	-1236.363636	0.055000
24	152	2	-1236.363636	0.055000
24	153	2	-1236.363636	0.055000
24	154	2	-1236.363636	0.055000
24	155	2	-1236.363636	0.055000
24	156	2	-1236.363636	0.055000
24	157	2	-1236.363636	0.055000
24	158	2	-1236.363636	0.055000
24	159	2	-1236.363636	0.055000
24	160	2	-1236.363636	0.055000
24	161	2	-1236.363636	0.055000
24	162	2	-1236.363636	0.055000
24	163	2	-1236.363636	0.055000
24	164	2	-1236.363636	0.055000
24	165	2	-1236.363636	0.055000
24	166	2	-1236.363636	0.055000
24	167	2	-1236.363636	0.055000
24	168	2	-1236.363636	0.055000
24	169	2	-1236.363636	0.055000
24	170	2	-1236.363636	0.055000
24	171	2	-1236.363636	0.055000
24	172	2	-1236.363636	0.055000
24	173	2	-1236.363636	0.055000
24	174	2	-1236.363636	0.055000
24	175	2	-1236.363636	0.055000
24	176	2	-1236.363636	0.055000
24	177	2	-1236.363636	0.055000
24	178	2	-1236.363636	0.055000
24	179	2	-1236.363636	0.055000
24	180	2	-1236.363636	0.055000
24	181	2	-1236.363636	0.055000
24	182	2	-1236.363636	0.055000
24	183	2	-1236.363636	0.055000
24	184	2	-1236.363636	0.055000
24	185	2	-1236.363636	0.055000
24	186	2	-1236.363636	0.055000
24	187	2	-1236.363636	0.055000
24	188	2	-1236.363636	0.055000
24	189	2	-1236.363636	0.055000
24	190	2	-1236.363636	0.055000
24	191	2	-1236.363636	0.055000
24	192	2	-1236.363636	0.055000
24	193	2	-1236.363636	0.055000
24	194	2	-1236.363636	0.055000
24	195	2	-1236.363636	0.055000
24	196	2	-1236.363636	0.055000
24	197	2	-1236.363636	0.055000
24	198	2	-1236.363636	0.055000
24	199	2	-1236.363636	0.055000
24	200	2	-1236.363636	0.055000
24	201	2	-1236.363636	0.055000
24	202	2	-1236.363636	0.055000
24	203	2	-1236.363636	0.055000
24	204	2	-1236.363636	0.055000
24	205	2	-1236.363636	0.055000
25	0	2	-1236.363636	0.055000
25	1	2	-1236.363636	0.055000
25	2	2	-1236.363636	0.055000
25	3	2	-1236.363636	0.055000
25	4	2	-1236.363636	0.055000
25	5	2	-1236.363636	0.055000
25	6	2	-1236.363636	0.055000
25	7	2	-1236.363636	0.055000
25	8	2	-1236.363636	0.055000
25	9	2	-1236.363636	0.055000
25	10	2	-1236.363636	0.055000
25	11	2	-1236.363636	0.055000
25	12	2	-1236.363636	0.055000
25	13	2	-1236.363636	0.055000
25	14	2	-1236.363636	0.055000
25	15	2	-1236.363636	0.055000
25	16	2	-1236.363636	0.055000
25	17	2	-1236.363636	0.055000
25	18	2	-1236.363636	0.055000
25	19	2	-1236.363636	0.055000
25	20	2	-1236.363636	0.055000
25	21	2	-1236.363636	0.055000
25	22	2	-1236.363636	0.055000
25	23	2	-1236.363636	0.055000
25	24	2	-1236.363636	0.055000
25	25	2	-1236.363636	0.055000
25	26	2	-1236.363636	0.055000
25	27	2	-1236.363636	0.055000
25	28	2	-1236.363636	0.055000
25	29	2	-1236.363636	0.055000
25	30	2	-1236.363636	0.055000
25	31	2	-1236.363636	0.055000
25	32	2	-1236.363636	0.055000
25	33	2	-1236.363636	0.055000
25	34	2	-1236.363636	0.055000
25	35	2	-1236.363636	0.055000
25	36	2	-1236.363636	0.055000
25	37	2	-1236.363636	0.055000
25	38	2	-1236.363636	0.055000
25	39	2	-1236.363636	0.055000
25	40	2	-1236.363636	0.055000
25	41	2	-1236.363636	0.055000
25	42	2	-1236.363636	0.055000
25	43	2	-1236.363636	0.055000
25	44	2	-1236.363636	0.055000
25	45	2	-1236.363636	0.055000
25	46	2	-1236.363636	0.055000
25	47	2	-1236.363636	0.055000
25	48	2	-1236.363636	0.055000
25	49	2	-1236.363636	0.055000
25	50	2	-1236.363636	0.055000
25	51	2	-1236.363636	0.055000
25	52	2	-1236.363636	0.055000
25	53	2	-1236.363636	0.055000
25	54	2	-1236.363636	0.055000
25	55	2	-1236.363636	0.055000
25	56	2	-1236.363636	0.055000
25	57	2	-1236.363636	0.055000
25	58	2	-1236.363636	0.055000
25	59	2	-1236.363636	0.055000
25	60	2	-1236.363636	0.055000
25	61	2	-1236.363636	0.055000
25	62	2	-1236.363636	0.055000
25	63	2	-1236.363636	0.055000
25	64	2	-1236.363636	0.055000
25	65	2	-1236.363636	0.055000
25	66	2	-1236.363636	0.055000
25	67	2	-1236.363636	0.055000
25	68	2	-1236.363636	0.055000
25	69	2	-1236.363636	0.055000
25	70	2	-1236.363636	0.055000
25	71	2	-1236.363636	0.055000
25	72	2	-1236.363636	0.055000
25	73	2	-1236.363636	0.055000
25	74	2	-1236.363636	0.055000
25	75	2	-1236.363636	0.055000
25	76	2	-1236.363636	0.055000
25	77	2	-1236.363636	0.055000
25	78	2	-1236.363636	0.055000
25	79	2	-1236.363636	0.055000
25	80	2	-1236.363636	0.055000
25	81	2	-1236.363636	0.055000
25	82	2	-1236.363636	0.055000
25	83	2	-1236.363636	0.055000
25	84	2	-1236.363636	0.055000
25	85	2	-1236.363636	0.055000
25	86	2	-1236.363636	0.055000
25	87	2	-1236.363636	0.055000
25	88	2	-1236.363636	0.055000
25	89	2	-1236.363636	0.055000
25	90	2	-1236.363636	0.055000
25	91	2	-1236.363636	0.055000
25	92	2	-1236.363636	0.055000
25	93	2	-1236.363636	0.055000
25	94	2	-1236.363636	0.055000
25	95	2	-1236.363636	0.055000
25	96	2	-1236.363636	0.055000
25	97	2	-1236.363636	0.055000
25	98	2	-1236.363636	0.055000
25	99	2	-1236.363636	0.055000
25	100	2	-1236.363636	0.055000
25	101	2	-1236.363636	0.055000
25	102	2	-1236.363636	0.055000
25	103	2	-1236.363636	0.055000
25	104	2	-1236.363636	0.055000
25	105	2	-1236.363636	0.055000
25	106	2	-1236.363636	0.055000
25	107	2	-1236.363636	0.055000
25	108	2	-1236.363636	0.055000
25	109	2	-1236.363636	0.055000
25	110	2	-1236.363636	0.055000
25	111	2	-1236.363636	0.055000
25	112	2	-1236.363636	0.055000
25	113	2	-1236.363636	0.055000
25	114	2	-1236.363636	0.055000
25	115	2	-1236.363636	0.055000
25	116	2	-1236.363636	0.055000
25	117	2	-1236.363636	0.055000
25	118	2	-1236.363636	0.055000
25	119	2	-1236.363636	0.055000
25	120	2	-1236.363636	0.055000
25	121	2	-1236.363636	0.055000
25	122	2	-1236.363636	0.055000
25	123	2	-1236.363636	0.055000
25	124	2	-1236.363636	0.055000
25	125	2	-1236.363636	0.055000
25	126	2	-1236.363636	0.055000
25	127	2	-1236.363636	0.055000
25	128	2	-1236.363636	0.055000
25	129	2	-1236.363636	0.055000
25	130	2	-1236.363636	0.055000
25	131	2	-1236.363636	0.055000
25	132	2	-1236.363636	0.055000
25	133	2	-1236.363636	0.055000
25	134	2	-1236.363636	0.055000
25	135	2	-1236.363636	0.055000
25	136	2	-1236.363636	0.055000
25	137	2	-1236.363636	0.055000
25	138	2	-1236.363636	0.055000
25	139	2	-1236.363636	0.055000
25	140	2	-1236.363636	0.055000
25	141	2	-1236.363636	0.055000
25	142	2	-1236.363636	0.055000
25	143	2	-1236.363636	0.055000
25	144	2	-1236.363636	0.055000
25	145	2	-1236.363636	0.055000
25	146	2	-1236.363636	0.055000
25	147	2	-1236.363636	0.055000
25	148	2	-1236.363636	0.055000
25	149	2	-1236.363636	0.055000
25	150	2	-1236.363636	0.055000
25	151	2	-1236.363636	0.055000
25	152	2	-1236.363636	0.055000
25	153	2	-1236.363636	0.055000
25	154	2	-1236.363636	0.055000
25	155	2	-1236.363636	0.055000
25	156	2	-1236.363636	0.055000
25	157	2	-1236.363636	0.055000
25	158	2	-1236.363636	0.055000
25	159	2	-1236.363636	0.055000
25	160	2	-1236.363636	0.055000
25	161	2	-1236.363636	0.055000
25	162	2	-1236.363636	0.055000
25	163	2	-1236.363636	0.055000
25	164	2	-1236.363636	0.055000
25	165	2	-1236.363636	0.055000
25	166	2	-1236.363636	0.055000
25	167	2	-1236.363636	0.055000
25	168	2	-1236.363636	0.055000
25	169	2	-1236.363636	0.055000
25	170	2	-1236.363636	0.055000
25	171	2	-1236.363636	0.055000
25	172	2	-1236.363636	0.055000
25	173	2	-1236.363636	0.055000
25	174	2	-1236.363636	0.055000
25	175	2	-1236.363636	0.055000
25	176	2	-1236.363636	0.055000
25	177	2	-1236.363636	0.055000
25	178	2	-1236.363636	0.055000
25	179	2	-1236.363636	0.055000
25	180	2	-1236.363636	0.055000
25	181	2	-1236.363636	0.055000
25	182	2	-1236.363636	0.055000
25	183	2	-1236.363636	0.055000
25	184	2	-1236.363636	0.055000
25	185	2	-1236.363636	0.055000
25	186	2	-1236.363636	0.055000
25	187	2	-1236.363636	0.055000
25	188	2	-1236.363636	0.055000
25	189	2	-1236.363636	0.055000
25	190	2	-1236.363636	0.055000
25	191	2	-1236.363636	0.055000
25	192	2	-1236.363636	0.055000
25	193	2	-1236.363636	0.055000
25	194	2	-1236.363636	0.055000
25	195	2	-1236.363636	0.055000
25	196	2	-1236.363636	0.055000
25	197	2	-1236.363636	0.055000
25	198	2	-1236.363636	0.055000
25	199	2	-1236.363636	0.055000
25	200	2	-1236.363636	0.055000
25	201	2	-1236.363636	0.055000
26	0	2	-1236.363636	0.055000
26	1	2	-1236.363636	0.055000
26	2	2	-1236.363636	0.055000
26	3	2	-1236.363636	0.055000
26	4	2	-1236.363636	0.055000
26	5	2	-1236.363636	0.055000
26	6	2	-1236.363636	0.055000
26	7	2	-1236.363636	0.055000
26	8	2	-1236.363636	0.055000
26	9	2	-1236.363636	0.055000
26	10	2	-1236.363636	0.055000
26	11	2	-1236.363636	0.055000
26	12	2	-1236.363636	0.055000
26	13	2	-1236.363636	0.055000
26	14	2	-1236.363636	0.055000
26	15	2	-1236.363636	0.055000
26	16	2	-1236.363636	0.055000
26	17	2	-1236.363636	0.055000
26	18	2	-1236.363636	0.055000
26	19	2	-1236.363636	0.055000
26	20	2	-1236.363636	0.055000
26	21	2	-1236.363636	0.055000
26	22	2	-1236.363636	0.055000
26	23	2	-1236.363636	0.055000
26	24	2	-1236.363636	0.055000
26	25	2	-1236.363636	0.055000
26	26	2	-1236.363636	0.055000
26	27	2	-1236.363636	0.055000
26	28	2	-1236.363636	0.055000
26	29	2	-1236.363636	0.055000
26	30	2	-1236.363636	0.055000
26	31	2	-1236.363636	0.055000
26	32	2	-1236.363636	0.055000
26	33	2	-1236.363636	0.055000
26	34	2	-1236.363636	0.055000
26	35	2	-1236.363636	0.055000
26	36	2	-1236.363636	0.055000
26	37	2	-1236.363636	0.055000
26	38	2	-1236.363636	0.055000
26	39	2	-1236.363636	0.055000
26	40	2	-1236.363636	0.055000
26	41	2	-1236.363636	0.055000
26	42	2	-1236.363636	0.055000
26	43	2	-1236.363636	0.055000
26	44	2	-1236.363636	0.055000
26	45	2	-1236.363636	0.055000
26	46	2	-1236.363636	0.055000
26	47	2	-1236.363636	0.055000
26	48	2	-1236.363636	0.055000
26	49	2	-1236.363636	0.055000
26	50	2	-1236.363636	0.055000
26	51	2	-1236.363636	0.055000
26	52	2	-1236.363636	0.055000
26	53	2	-1236.363636	0.055000
26	54	2	-1236.363636	0.055000
26	55	2	-1236.363636	0.055000
26	56	2	-1236.363636	0.055000
26	57	2	-1236.363636	0.055000
26	58	2	-1236.363636	0.055000
26	59	2	-1236.363636	0.055000
26	60	2	-1236.363636	0.055000
26	61	2	-1236.363636	0.055000
26	62	2	-1236.363636	0.055000
26	63	2	-1236.363636	0.055000
26	64	2	-1236.363636	0.055000
26	65	2	-1236.363636	0.055000
26	66	2	-1236.363636	0.055000
26	67	2	-1236.363636	0.055000
26	68	2	-1236.363636	0.055000
26	69	2	-1236.363636	0.055000
26	70	2	-1236.363636	0.055000
26	71	2	-1236.363636	0.055000
26	72	2	-1236.363636	0.055000
26	73	2	-1236.363636	0.055000
26	74	2	-1236.363636	0.055000
26	75	2	-1236.363636	0.055000
26	76	2	-1236.363636	0.055000
26	77	2	-1236.363636	0.055000
26	78	2	-1236.363636	0.055000
26	79	2	-1236.363636	0.055000
26	80	2	-1236.363636	0.055000
26	81	2	-1236.363636	0.055000
26	82	2	-1236.363636	0.055000
26	83	2	-1236.363636	0.055000
26	84	2	-1236.363636	0.055000
26	85	2	-1236.363636	0.055000
26	86	2	-1236.363636	0.055000
26	87	2	-1236.363636	0.055000
26	88	2	-1236.363636	0.055000
26	89	2	-1236.363636	0.055000
26	90	2	-1236.363636	0.055000
26	91	2	-1236.363636	0.055000
26	92	2	-1236.363636	0.055000
26	93	2	-1236.363636	0.055000
26	94	2	-1236.363636	0.055000
26	95	2	-1236.363636	0.055000
26	96	2	-1236.363636	0.055000
26	97	2	-1236.363636	0.055000
26	98	2	-1236.363636	0.055000
26	99	2	-1236.363636	0.055000
26	100	2	-1236.363636	0.055000
26	101	2	-1236.363636	0.055000
26	102	2	-1236.363636	0.055000
26	103	2	-1236.363636	0.055000
26	104	2	-1236.363636	0.055000
26	105	2	-1236.363636	0.055000
26	106	2	-1236.363636	0.055000
26	107	2	-1236.363636	0.055000
26	108	2	-1236.363636	0.055000
26	109	2	-1236.363636	0.055000
26	110	2	-1236.363636	0.055000
26	111	2	-1236.363636	0.055000
26	112	2	-1236.363636	0.055000
26	113	2	-1236.363636	0.055000
26	114	2	-1236.363636	0.055000
26	115	2	-1236.363636	0.055000
26	116	2	-1236.363636	0.055000
26	117	2	-1236.363636	0.055000
26	118	2	-1236.363636	0.055000
26	119	2	-1236.363636	0.055000
26	120	2	-1236.363636	0.055000
26	121	2	-1236.363636	0.055000
26	122	2	-1236.363636	0.055000
26	123	2	-1236.363636	0.055000
26	124	2	-1236.363636	0.055000
26	125	2	-1236.363636	0.055000
26	126	2	-1236.363636	0.055000
26	127	2	-1236.363636	0.055000
26	128	2	-1236.363636	0.055000
26	129	2	-1236.363636	0.055000
26	130	2	-1236.363636	0.055000
26	131	2	-1236.363636	0.055000
26	132	2	-1236.363636	0.055000
26	133	2	-1236.363636	0.055000
26	134	2	-1236.363636	0.055000
26	135	2	-1236.363636	0.055000
26	136	2	-1236.363636	0.055000
26	137	2	-1236.363636	0.055000
26	138	2	-1236.363636	0.055000
26	139	2	-1236.363636	0.055000
26	140	2	-1236.363636	0.055000
26	141	2	-1236.363636	0.055000
26	142	2	-1236.363636	0.055000
26	143	2	-1236.363636	0.055000
26	144	2	-1236.363636	0.055000
26	145	2	-1236.363636	0.055000
26	146	2	-1236.363636	0.055000
26	147	2	-1236.363636	0.055000
26	148	2	-1236.363636	0.055000
26	149	2	-1236.363636	0.055000
26	150	2	-1236.363636	0.055000
26	151	2	-1236.363636	0.055000
26	152	2	-1236.363636	0.055000
26	153	2	-1236.363636	0.055000
26	154	2	-1236.363636	0.055000
26	155	2	-1236.363636	0.055000
26	156	2	-1236.363636	0.055000
26	157	2	-1236.363636	0.055000
26	158	2	-1236.363636	0.055000
26	159	2	-1236.363636	0.055000
26	160	2	-1236.363636	0.055000
26	161	2	-1236.363636	0.055000
26	162	2	-1236.363636	0.055000
26	163	2	-1236.363636	0.055000
26	164	2	-1236.363636	0.055000
26	165	2	-1236.363636	0.055000
26	166	2	-1236.363636	0.055000
26	167	2	-1236.363636	0.055000
26	168	2	-1236.363636	0.055000
26	169	2	-1236.363636	0.055000
26	170	2	-1236.363636	0.055000
26	171	2	-1236.363636	0.055000
26	172	2	-1236.363636	0.055000
26	173	2	-1236.363636	0.055000
26	174	2	-1236.363636	0.055000
26	175	2	-1236.363636	0.055000
26	176	2	-1236.363636	0.055000
26	177	2	-1236.363636	0.055000
26	178	2	-1236.363636	0.055000
26	179	2	-1236.363636	0.055000
26	180	2	-1236.363636	0.055000
26	181	2	-1236.363636	0.055000
26	182	2	-1236.363636	0.055000
26	183	2	-1236.363636	0.055000
26	184	2	-1236.363636	0.055000
26	185	2	-1236.363636	0.055000
26	186	2	-1236.363636	0.055000
26	187	2	-1236.363636	0.055000
26	188	2	-1236.363636	0.055000
26	189	2	-1236.363636	0.055000
26	190	2	-1236.363636	0.055000
26	191	2	-1236.363636	0.055000
26	192	2	-1236.363636	0.055000
26	193	2	-1236.363636	0.055000
26	194	2	-1236.363636	0.055000
26	195	2	-1236.363636	0.055000
26	196	2	-1236.363636	0.055000
26	197	2	-1236.363636	0.055000
26	198	2	-1236.363636	0.055000
26	199	2	-1236.363636	0.055000
27	0	2	-1236.363636	0.055000
27	1	2	-1236.363636	0.055000
27	2	2	-1236.363636	0.055000
27	3	2	-1236.363636	0.055000
27	4	2	-1236.363636	0.055000
27	5	2	-1236.363636	0.055000
27	6	2	-1236.363636	0.055000
27	7	2	-1236.363636	0.055000
27	8	2	-1236.363636	0.055000
27	9	2	-1236.363636	0.055000
27	10	2	-1236.363636	0.055000
27	11	2	-1236.363636	0.055000
27	12	2	-1236.363636	0.055000
27	13	2	-1236.363636	0.055000
27	14	2	-1236.363636	0.055000
27	15	2	-1236.363636	0.055000
27	16	2	-1236.363636	0.055000
27	17	2	-1236.363636	0.055000
27	18	2	-1236.363636	0.055000
27	19	2	-1236.363636	0.055000
27	20	2	-1236.363636	0.055000
27	21	2	-1236.363636	0.055000
27	22	2	-1236.363636	0.055000
27	23	2	-1236.363636	0.055000
27	24	2	-1236.363636	0.055000
27	25	2	-1236.363636	0.055000
27	26	2	-1236.363636	0.055000
27	27	2	-1236.363636	0.055000
27	28	2	-1236.363636	0.055000
27	29	2	-1236.363636	0.055000
27	30	2	-1236.363636	0.055000
27	31	2	-1236.363636	0.055000
27	32	2	-1236.363636	0.055000
27	33	2	-1236.363636	0.055000
27	34	2	-1236.363636	0.055000
27	35	2	-1236.363636	0.055000
27	36	2	-1236.363636	0.055000
27	37	2	-1236.363636	0.055000
27	38	2	-1236.363636	0.055000
27	39	2	-1236.363636	0.055000
27	40	2	-1236.363636	0.055000
27	41	2	-1236.363636	0.055000
27	42	2	-1236.363636	0.055000
27	43	2	-1236.363636	0.055000
27	44	2	-1236.363636	0.055000
27	45	2	-1236.363636	0.055000
27	46	2	-1236.363636	0.055000
27	47	2	-1236.363636	0.055000
27	48	2	-1236.363636	0.055000
27	49	2	-1236.363636	0.055000
27	50	2	-1236.363636	0.055000
27	51	2	-1236.363636	0.055000
27	52	2	-1236.363636	0.055000
27	53	2	-1236.363636	0.055000
27	54	2	-1236.363636	0.055000
27	55	2	-1236.363636	0.055000
27	56	2	-1236.363636	0.055000
27	57	2	-1236.363636	0.055000
27	58	2	-1236.363636	0.055000
27	59	2	-1236.363636	0.055000
27	60	2	-1236.363636	0.055000
27	61	2	-1236.363636	0.055000
27	62	2	-1236.363636	0.055000
27	63	2	-1236.363636	0.055000
27	64	2	-1236.363636	0.055000
27	65	2	-1236.363636	0.055000
27	66	2	-1236.363636	0.055000
27	67	2	-1236.363636	0.055000
27	68	2	-1236.363636	0.055000
27	69	2	-1236.363636	0.055000
27	70	2	-1236.363636	0.055000
27	71	2	-1236.363636	0.055000
27	72	2	-1236.363636	0.055000
27	73	2	-1236.363636	0.055000
27	74	2	-1236.363636	0.055000
27	75	2	-1236.363636	0.055000
27	76	2	-1236.363636	0.055000
27	77	2	-1236.363636	0.055000
27	78	2	-1236.363636	0.055000
27	79	2	-1236.363636	0.055000
27	80	2	-1236.363636	0.055000
27	81	2	-1236.363636	0.055000
27	82	2	-1236.363636	0.055000
27	83	2	-1236.363636	0.055000
27	84	2	-1236.363636	0.055000
27	85	2	-1236.363636	0.055000
27	86	2	-1236.363636	0.055000
27	87	2	-1236.363636	0.055000
27	88	2	-1236.363636	0.055000
27	89	2	-1236.363636	0.055000
27	90	2	-1236.363636	0.055000
27	91	2	-1236.363636	0.055000
27	92	2	-1236.363636	0.055000
27	93	2	-1236.363636	0.055000
27	94	2	-1236.363636	0.055000
27	95	2	-1236.363636	0.055000
27	96	2	-1236.363636	0.055000
27	97	2	-1236.363636	0.055000
27	98	2	-1236.363636	0.055000
27	99	2	-1236.363636	0.055000
27	100	2	-1236.363636	0.055000
27	101	2	-1236.363636	0.055000
27	102	2	-1236.363636	0.055000
27	103	2	-1236.363636	0.055000
27	104	2	-1236.363636	0.055000
27	105	2	-1236.363636	0.055000
27	106	2	-1236.363636	0.055000
27	107	2	-1236.363636	0.055000
27	108	2	-1236.363636	0.055000
27	109	2	-1236.363636	0.055000
27	110	2	-1236.363636	0.055000
27	111	2	-1236.363636	0.055000
27	112	2	-1236.363636	0.055000
27	113	2	-1236.363636	0.055000
27	114	2	-1236.363636	0.055000
27	115	2	-1236.363636	0.055000
27	116	2	-1236.363636	0.055000
27	117	2	-1236.363636	0.055000
27	118	2	-1236.363636	0.055000
27	119	2	-1236.363636	0.055000
27	120	2	-1236.363636	0.055000
27	121	2	-1236.363636	0.055000
27	122	2	-1236.363636	0.055000
27	123	2	-1236.363636	0.055000
27	124	2	-1236.363636	0.055000
27	125	2	-1236.363636	0.055000
27	126	2	-1236.363636	0.055000
27	127	2	-1236.363636	0.055000
27	128	2	-1236.363636	0.055000
27	129	2	-1236.363636	0.055000
27	130	2	-1236.363636	0.055000
27	131	2	-1236.363636	0.055000
27	132	2	-1236.363636	0.055000
27	133	2	-1236.363636	0.055000
27	134	2	-1236.363636	0.055000
27	135	2	-1236.363636	0.055000
27	136	2	-1236.363636	0.055000
27	137	2	-1236.363636	0.055000
27	138	2	-1236.363636	0.055000
27	139	2	-1236.363636	0.055000
27	140	2	-1236.363636	0.055000
27	141	2	-1236.363636	0.055000
27	142	2	-1236.363636	0.055000
27	143	2	-1236.363636	0.055000
27	144	2	-1236.363636	0.055000
27	145	2	-1236.363636	0.055000
27	146	2	-1236.363636	0.055000
27	147	2	-1236.363636	0.055000
27	148	2	-1236.363636	0.055000
27	149	2	-1236.363636	0.055000
27	150	2	-1236.363636	0.055000
27	151	2	-1236.363636	0.055000
27	152	2	-1236.363636	0.055000
27	153	2	-1236.363636	0.055000
27	154	2	-1236.363636	0.055000
27	155	2	-1236.363636	0.055000
27	156	2	-1236.363636	0.055000
27	157	2	-1236.363636	0.055000
27	158	2	-1236.363636	0.055000
27	159	2	-1236.363636	0.055000
27	160	2	-1236.363636	0.055000
27	161	2	-1236.363636	0.055000
27	162	2	-1236.363636	0.055000
27	163	2	-1236.363636	0.055000
27	164	2	-1236.363636	0.055000
27	165	2	-1236.363636	0.055000
27	166	2	-1236.363636	0.055000
27	167	2	-1236.363636	0.055000
27	168	2	-1236.363636	0.055000
27	169	2	-1236.363636	0.055000
27	170	2	-1236.363636	0.055000
27	171	2	-1236.363636	0.055000
27	172	2	-1236.363636	0.055000
27	173	2	-1236.363636	0.055000
27	174	2	-1236.363636	0.055000
27	175	2	-1236.363636	0.055000
27	176	2	-1236.363636	0.055000
27	177	2	-1236.363636	0.055000
27	178	2	-1236.363636	0.055000
27	179	2	-1236.363636	0.055000
27	180	2	-1236.363636	0.055000
27	181	2	-1236.363636	0.055000
27	182	2	-1236.363636	0.055000
27	183	2	-1236.363636	0.055000
27	184	2	-1236.363636	0.055000
27	185	2	-1236.363636	0.055000
27	186	2	-1236.363636	0.055000
27	187	2	-1236.363636	0.055000
27	188	2	-1236.363636	0.055000
27	189	2	-1236.363636	0.055000
27	190	2	-1236.363636	0.055000
27	191	2	-1236.363636	0.055000
27	192	2	-1236.363636	0.055000
27	193	2	-1236.363636	0.055000
27	194	2	-1236.363636	0.055000
27	195	2	-1236.363636	0.055000
28	0	2	-1236.363636	0.055000
28	1	2	-1236.363636	0.055000
28	2	2	-1236.363636	0.055000
28	3	2	-1236.363636	0.055000
28	4	2	-1236.363636	0.055000
28	5	2	-1236.363636	0.055000
28	6	2	-1236.363636	0.055000
28	7	2	-1236.363636	0.055000
28	8	2	-1236.363636	0.055000
28	9	2	-1236.363636	0.055000
28	10	2	-1236.363636	0.055000
28	11	2	-1236.363636	0.055000
28	12	2	-1236.363636	0.055000
28	13	2	-1236.363636	0.055000
28	14	2	-1236.363636	0.055000
28	15	2	-1236.363636	0.055000
28	16	2	-1236.363636	0.055000
28	17	2	-1236.363636	0.055000
28	18	2	-1236.363636	0.055000
28	19	2	-1236.363636	0.055000
28	20	2	-1236.363636	0.055000
28	21	2	-1236.363636	0.055000
28	22	2	-1236.363636	0.055000
28	23	2	-1236.363636	0.055000
28	24	2	-1236.363636	0.055000
28	25	2	-1236.363636	0.055000
28	26	2	-1236.363636	0.055000
28	27	2	-1236.363636	0.055000
28	28	2	-1236.363636	0.055000
28	29	2	-1236.363636	0.055000
28	30	2	-1236.363636	0.055000
28	31	2	-1236.363636	0.055000
28	32	2	-1236.363636	0.055000
28	33	2	-1236.363636	0.055000
28	34	2	-1236.363636	0.055000
28	35	2	-1236.363636	0.055000
28	36	2	-1236.363636	0.055000
28	37	2	-1236.363636	0.055000
28	38	2	-1236.363636	0.055000
28	39	2	-1236.363636	0.055000
28	40	2	-1236.363636	0.055000
28	41	2	-1236.363636	0.055000
28	42	2	-1236.363636	0.055000
28	43	2	-1236.363636	0.055000
28	44	2	-1236.363636	0.055000
28	45	2	-1236.363636	0.055000
28	46	2	-1236.363636	0.055000
28	47	2	-1236.363636	0.055000
28	48	2	-1236.363636	0.055000
28	49	2	-1236.363636	0.055000
28	50	2	-1236.363636	0.055000
28	51	2	-1236.363636	0.055000
28	52	2	-1236.363636	0.055000
28	53	2	-1236.363636	0.055000
28	54	2	-1236.363636	0.055000
28	55	2	-1236.363636	0.055000
28	56	2	-1236.363636	0.055000
28	57	2	-1236.363636	0.055000
28	58	2	-1236.363636	0.055000
28	59	2	-1236.363636	0.055000
28	60	2	-1236.363636	0.055000
28	61	2	-1236.363636	0.055000
28	62	2	-1236.363636	0.055000
28	63	2	-1236.363636	0.055000
28	64	2	-1236.363636	0.055000
28	65	2	-1236.363636	0.055000
28	66	2	-1236.363636	0.055000
28	67	2	-1236.363636	0.055000
28	68	2	-1236.363636	0.055000
28	69	2	-1236.363636	0.055000
28	70	2	-1236.363636	0.055000
28	71	2	-1236.363636	0.055000
28	72	2	-1236.363636	0.055000
28	73	2	-1236.363636	0.055000
28	74	2	-1236.363636	0.055000
28	75	2	-1236.363636	0.055000
28	76	2	-1236.363636	0.055000
28	77	2	-1236.363636	0.055000
28	78	2	-1236.363636	0.055000
28	79	2	-1236.363636	0.055000
28	80	2	-1236.363636	0.055000
28	81	2	-1236.363636	0.055000
28	82	2	-1236.363636	0.055000
28	83	2	-1236.363636	0.055000
28	84	2	-1236.363636	0.055000
28	85	2	-1236.363636	0.055000
28	86	2	-1236.363636	0.055000
28	87	2	-1236.363636	0.055000
28	88	2	-1236.363636	0.055000
28	89	2	-1236.363636	0.055000
28	90	2	-1236.363636	0.055000
28	91	2	-1236.363636	0.055000
28	92	2	-1236.363636	0.055000
28	93	2	-1236.363636	0.055000
28	94	2	-1236.363636	0.055000
28	95	2	-1236.363636	0.055000
28	96	2	-1236.363636	0.055000
28	97	2	-1236.363636	0.055000
28	98	2	-1236.363636	0.055000
28	99	2	-1236.363636	0.055000
28	100	2	-1236.363636	0.055000
28	101	2	-1236.363636	0.055000
28	102	2	-1236.363636	0.055000
28	103	2	-1236.363636	0.055000
28	104	2	-1236.363636	0.055000
28	105	2	-1236.363636	0.055000
28	106	2	-1236.363636	0.055000
28	107	2	-1236.363636	0.055000
28	108	2	-1236.363636	0.055000
28	109	2	-1236.363636	0.055000
28	110	2	-1236.363636	0.055000
28	111	2	-1236.363636	0.055000
28	112	2	-1236.363636	0.055000
28	113	2	-1236.363636	0.055000
28	114	2	-1236.363636	0.055000
28	115	2	-1236.363636	0.055000
28	116	2	-1236.363636	0.055000
28	117	2	-1236.363636	0.055000
28	118	2	-1236.363636	0.055000
28	119	2	-1236.363636	0.055000
28	120	2	-1236.363636	0.055000
28	121	2	-1236.363636	0.055000
28	122	2	-1236.363636	0.055000
28	123	2	-1236.363636	0.055000
28	124	2	-1236.363636	0.055000
28	125	2	-1236.363636	0.055000
28	126	2	-1236.363636	0.055000
28	127	2	-1236.363636	0.055000
28	128	2	-1236.363636	0.055000
28	129	2	-1236.363636	0.055000
28	130	2	-1236.363636	0.055000
28	131	2	-1236.363636	0.055000
28	132	2	-1236.363636	0.055000
28	133	2	-1236.363636	0.055000
28	134	2	-1236.363636	0.055000
28	135	2	-1236.363636	0.055000
28	136	2	-1236.363636	0.055000
28	137	2	-1236.363636	0.055000
28	138	2	-1236.363636	0.055000
28	139	2	-1236.363636	0.055000
28	140	2	-1236.363636	0.055000
28	141	2	-1236.363636	0.055000
28	142	2	-1236.363636	0.055000
28	143	2	-1236.363636	0.055000
28	144	2	-1236.363636	0.055000
28	145	2	-1236.363636	0.055000
28	146	2	-1236.363636	0.055000
28	147	2	-1236.363636	0.055000
28	148	2	-1236.363636	0.055000
28	149	2	-1236.363636	0.055000
28	150	2	-1236.363636	0.055000
28	151	2	-1236.363636	0.055000
28	152	2	-1236.363636	0.055000
28	153	2	-1236.363636	0.055000
28	154	2	-1236.363636	0.055000
28	155	2	-1236.363636	0.055000
28	156	2	-1236.363636	0.055000
28	157	2	-1236.363636	0.055000
28	158	2	-1236.363636	0.055000
28	159	2	-1236.363636	0.055000
28	160	2	-1236.363636	0.055000
28	161	2	-1236.363636	0.055000
28	162	2	-1236.363636	0.055000
28	163	2	-1236.363636	0.055000
28	164	2	-1236.363636	0.055000
28	165	2	-1236.363636	0.055000
28	166	2	-1236.363636	0.055000
28	167	2	-1236.363636	0.055000
28	168	2	-1236.363636	0.055000
28	169	2	-1236.363636	0.055000
28	170	2	-1236.363636	0.055000
28	171	2	-1236.363636	0.055000
28	172	2	-1236.363636	0.055000
28	173	2	-1236.363636	0.055000
28	174	2	-1236.363636	0.055000
28	175	2	-1236.363636	0.055000
28	176	2	-1236.363636	0.055000
28	177	2	-1236.363636	0.055000
29	0	2	-1236.363636	0.055000
29	1	2	-1236.363636	0.055000
29	2	2	-1236.363636	0.055000
29	3	2	-1236.363636	0.055000
29	4	2	-1236.363636	0.055000
29	5	2	-1236.363636	0.055000
29	6	2	-1236.363636	0.055000
29	7	2	-1236.363636	0.055000
29	8	2	-1236.363636	0.055000
29	9	2	-1236.363636	0.055000
29	10	2	-1236.363636	0.055000
29	11	2	-1236.363636	0.055000
29	12	2	-1236.363636	0.055000
29	13	2	-1236.363636	0.055000
29	14	2	-1236.363636	0.055000
29	15	2	-1236.363636	0.055000
29	16	2	-1236.363636	0.055000
29	17	2	-1236.363636	0.055000
29	18	2	-1236.363636	0.055000
29	19	2	-1236.363636	0.055000
29	20	2	-1236.363636	0.055000
29	21	2	-1236.363636	0.055000
29	22	2	-1236.363636	0.055000
29	23	2	-1236.363636	0.055000
29	24	2	-1236.363636	0.055000
29	25	2	-1236.363636	0.055000
29	26	2	-1236.363636	0.055000
29	27	2	-1236.363636	0.055000
29	28	2	-1236.363636	0.055000
29	29	2	-1236.363636	0.055000
29	30	2	-1236.363636	0.055000
29	31	2	-1236.363636	0.055000
29	32	2	-1236.363636	0.055000
29	33	2	-1236.363636	0.055000
29	34	2	-1236.363636	0.055000
29	35	2	-1236.363636	0.055000
29	36	2	-1236.363636	0.055000
29	37	2	-1236.363636	0.055000
29	38	2	-1236.363636	0.055000
29	39	2	-1236.363636	0.055000
29	40	2	-1236.363636	0.055000
29	41	2	-1236.363636	0.055000
29	42	2	-1236.363636	0.055000
29	43	2	-1236.363636	0.055000
29	44	2	-1236.363636	0.055000
29	45	2	-1236.363636	0.055000
29	46	2	-1236.363636	0.055000
29	47	2	-1236.363636	0.055000
29	48	2	-1236.363636	0.055000
29	49	2	-1236.363636	0.055000
29	50	2	-1236.363636	0.055000
29	51	2	-1236.363636	0.055000
29	52	2	-1236.363636	0.055000
29	53	2	-1236.363636	0.055000
29	54	2	-1236.363636	0.055000
29	55	2	-1236.363636	0.055000
29	56	2	-1236.363636	0.055000
29	57	2	-1236.363636	0.055000
29	58	2	-1236.363636	0.055000
29	59	2	-1236.363636	0.055000
29	60	2	-1236.363636	0.055000
29	61	2	-1236.363636	0.055000
29	62	2	-1236.363636	0.055000
29	63	2	-1236.363636	0.055000
29	64	2	-1236.363636	0.055000
29	65	2	-1236.363636	0.055000
29	66	2	-1236.363636	0.055000
29	67	2	-1236.363636	0.055000
29	68	2	-1236.363636	0.055000
29	69	2	-1236.363636	0.055000
29	70	2	-1236.363636	0.055000
29	71	2	-1236.363636	0.055000
29	72	2	-1236.363636	0.055000
29	73	2	-1236.363636	0.055000
29	74	2	-1236.363636	0.055000
29	75	2	-1236.363636	0.055000
29	76	2	-1236.363636	0.055000
29	77	2	-1236.363636	0.055000
29	78	2	-1236.363636	0.055000
29	79	2	-1236.363636	0.055000
29	80	2	-1236.363636	0.055000
29	81	2	-1236.363636	0.055000
29	82	2	-1236.363636	0.055000
29	83	2	-1236.363636	0.055000
29	84	2	-1236.363636	0.055000
29	85	2	-1236.363636	0.055000
29	86	2	-1236.363636	0.055000
29	87	2	-1236.363636	0.055000
29	88	2	-1236.363636	0.055000
29	89	2	-1236.363636	0.055000
29	90	2	-1236.363636	0.055000
29	91	2	-1236.363636	0.055000
29	92	2	-1236.363636	0.055000
29	93	2	-1236.363636	0.055000
29	94	2	-1236.363636	0.055000
29	95	2	-1236.363636	0.055000
29	96	2	-1236.363636	0.055000
29	97	2	-1236.363636	0.055000
29	98	2	-1236.363636	0.055000
29	99	2	-1236.363636	0.055000
29	100	2	-1236.363636	0.055000
29	101	2	-1236.363636	0.055000
29	102	2	-1236.363636	0.055000
29	103	2	-1236.363636	0.055000
29	104	2	-1236.363636	0.055000
29	105	2	-1236.363636	0.055000
29	106	2	-1236.363636	0.055000
29	107	2	-1236.363636	0.055000
29	108	2	-1236.363636	0.055000
29	109	2	-1236.363636	0.055000
29	110	2	-1236.363636	0.055000
29	111	2	-1236.363636	0.055000
29	112	2	-1236.363636	0.055000
29	113	2	-1236.363636	0.055000
29	114	2	-1236.363636	0.055000
29	115	2	-1236.363636	0.055000
29	116	2	-1236.363636	0.055000
29	117	2	-1236.363636	0.055000
29	118	2	-1236.363636	0.055000
29	119	2	-1236.363636	0.055000
29	120	2	-1236.363636	0.055000
29	121	2	-1236.363636	0.055000
29	122	2	-1236.363636	0.055000
29	123	2	-1236.363636	0.055000
29	124	2	-1236.363636	0.055000
29	125	2	-1236.363636	0.055000
29	126	2	-1236.363636	0.055000
29	127	2	-1236.363636	0.055000
29	128	2	-1236.363636	0.055000
29	129	2	-1236.363636	0.055000
30	0	2	-1236.363636	0.055000
30	1	2	-1236.363636	0.055000
30	2	2	-1236.363636	0.055000
30	3	2	-1236.363636	0.055000
30	4	2	-1236.363636	0.055000
30	5	2	-1236.363636	0.055000
30	6	2	-1236.363636	0.055000
30	7	2	-1236.363636	0.055000
30	8	2	-1236.363636	0.055000
30	9	2	-1236.363636	0.055000
30	10	2	-1236.363636	0.055000
30	11	2	-1236.363636	0.055000
30	12	2	-1236.363636	0.055000
30	13	2	-1236.363636	0.055000
30	14	2	-1236.363636	0.055000
30	15	2	-1236.363636	0.055000
30	16	2	-1236.363636	0.055000
30	17	2	-1236.363636	0.055000
30	18	2	-1236.363636	0.055000
30	19	2	-1236.363636	0.055000
30	20	2	-1236.363636	0.055000
30	21	2	-1236.363636	0.055000
30	22	2	-1236.363636	0.055000
30	23	2	-1236.363636	0.055000
30	24	2	-1236.363636	0.055000
30	25	2	-1236.363636	0.055000
30	26	2	-1236.363636	0.055000
30	27	2	-1236.363636	0.055000
30	28	2	-1236.363636	0.055000
30	29	2	-1236.363636	0.055000
30	30	2	-1236.363636	0.055000
30	31	2	-1236.363636	0.055000
30	32	2	-1236.363636	0.055000
30	33	2	-1236.363636	0.055000
30	34	2	-1236.363636	0.055000
30	35	2	-1236.363636	0.055000
30	36	2	-1236.363636	0.055000
30	37	2	-1236.363636	0.055000
30	38	2	-1236.363636	0.055000
30	39	2	-1236.363636	0.055000
30	40	2	-1236.363636	0.055000
30	41	2	-1236.363636	0.055000
30	42	2	-1236.363636	0.055000
30	43	2	-1236.363636	0.055000
30	44	2	-1236.363636	0.055000
30	45	2	-1236.363636	0.055000
30	46	2	-1236.363636	0.055000
30	47	2	-1236.363636	0.055000
30	48	2	-1236.363636	0.055000
30	49	2	-1236.363636	0.055000
30	50	2	-1236.363636	0.055000
30	51	2	-1236.363636	0.055000
30	52	2	-1236.363636	0.055000
30	53	2	-1236.363636	0.055000
30	54	2	-1236.363636	0.055000
30	55	2	-1236.363636	0.055000
30	56	2	-1236.363636	0.055000
30	57	2	-1236.363636	0.055000
30	58	2	-1236.363636	0.055000
30	59	2	-1236.363636	0.055000
30	60	2	-1236.363636	0.055000
30	61	2	-1236.363636	0.055000
30	62	2	-1236.363636	0.055000
30	63	2	-1236.363636	0.055000
30	64	2	-1236.363636	0.055000
30	65	2	-1236.363636	0.055000
30	66	2	-1236.363636	0.055000
30	67	2	-1236.363636	0.055000
30	68	2	-1236.363636	0.055000
30	69	2	-1236.363636	0.055000
30	70	2	-1236.363636	0.055000
30	71	2	-1236.363636	0.055000
30	72	2	-1236.363636	0.055000
30	73	2	-1236.363636	0.055000
30	74	2	-1236.363636	0.055000
30	75	2	-1236.363636	0.055000
30	76	2	-1236.363636	0.055000
30	77	2	-1236.363636	0.055000
30	78	2	-1236.363636	0.055000
30	79	2	-1236.363636	0.055000
30	80	2	-1236.363636	0.055000
30	81	2	-1236.363636	0.055000
30	82	2	-1236.363636	0.055000
30	83	2	-1236.363636	0.055000
30	84	2	-1236.363636	0.055000
30	85	2	-1236.363636	0.055000
30	86	2	-1236.363636	0.055000
30	87	2	-1236.363636	0.055000
30	88	2	-1236.363636	0.055000
30	89	2	-1236.363636	0.055000
30	90	2	-1236.363636	0.055000
30	91	2	-1236.363636	0.055000
30	92	2	-1236.363636	0.055000
30	93	2	-1236.363636	0.055000
30	94	2	-1236.363636	0.055000
30	95	2	-1236.363636	0.055000
30	96	2	-1236.363636	0.055000
30	97	2	-1236.363636	0.055000
30	98	2	-1236.363636	0.055000
30	99	2	-1236.363636	0.055000
30	100	2	-1236.363636	0.055000
30	101	2	-1236.363636	0.055000
30	102	2	-1236.363636	0.055000
30	103	2	-1236.363636	0.055000
30	104	2	-1236.363636	0.055000
30	105	2	-1236.363636	0.055000
30	106	2	-1236.363636	0.055000
30	107	2	-1236.363636	0.055000
31	0	2	-1236.363636	0.055000
31	1	2	-1236.363636	0.055000
31	2	2	-1236.363636	0.055000
31	3	2	-1236.363636	0.055000
31	4	2	-1236.363636	0.055000
31	5	2	-1236.363636	0.055000
31	6	2	-1236.363636	0.055000
31	7	2	-1236.363636	0.055000
31	8	2	-1236.363636	0.055000
31	9	2	-1236.363636	0.055000
31	10	2	-1236.363636	0.055000
31	11	2	-1236.363636	0.055000
31	12	2	-1236.363636	0.055000
31	13	2	-1236.363636	0.055000
31	14	2	-1236.363636	0.055000
31	15	2	-1236.363636	0.055000
31	16	2	-1236.363636	0.055000
31	17	2	-1236.363636	0.055000
31	18	2	-1236.363636	0.055000
31	19	2	-1236.363636	0.055000
31	20	2	-1236.363636	0.055000
31	21	2	-1236.363636	0.055000
31	22	2	-1236.363636	0.055000
31	23	2	-1236.363636	0.055000
31	24	2	-1236.363636	0.055000
31	25	2	-1236.363636	0.055000
31	26	2	-1236.363636	0.055000
31	27	2	-1236.363636	0.055000
31	28	2	-1236.363636	0.055000
31	29	2	-1236.363636	0.055000
31	30	2	-1236.363636	0.055000
31	31	2	-1236.363636	0.055000
31	32	2	-1236.363636	0.055000
31	33	2	-1236.363636	0.055000
31	34	2	-1236.363636	0.055000
31	35	2	-1236.363636	0.055000
31	36	2	-1236.363636	0.055000
31	37	2	-1236.363636	0.055000
31	38	2	-1236.363636	0.055000
31	39	2	-1236.363636	0.055000
31	40	2	-1236.363636	0.055000
31	41	2	-1236.363636	0.055000
31	42	2	-1236.363636	0.055000
31	43	2	-1236.363636	0.055000
31	44	2	-1236.363636	0.055000
31	45	2	-1236.363636	0.055000
31	46	2	-1236.363636	0.055000
31	47	2	-1236.363636	0.055000
31	48	2	-1236.363636	0.055000
31	49	2	-1236.363636	0.055000
31	50	2	-1236.363636	0.055000
31	51	2	-1236.363636	0.055000
31	52	2	-1236.363636	0.055000
31	53	2	-1236.363636	0.055000
31	54	2	-1236.363636	0.055000
31	55	2	-1236.363636	0.055000
31	56	2	-1236.363636	0.055000
31	57	2	-1236.363636	0.055000
31	58	2	-1236.363636	0.055000
31	59	2	-1236.363636	0.055000
31	60	2	-1236.363636	0.055000
31	61	2	-1236.363636	0.055000
31	62	2	-1236.363636	0.055000
31	63	2	-1236.363636	0.055000
31	64	2	-1236.363636	0.055000
31	65	2	-1236.363636	0.055000
31	66	2	-1236.363636	0.055000
31	67	2	-1236.363636	0.055000
31	68	2	-1236.363636	0.055000
31	69	2	-1236.363636	0.055000
31	70	2	-1236.363636	0.055000
31	71	2	-1236.363636	0.055000
31	72	2	-1236.363636	0.055000
31	73	2	-1236.363636	0.055000
31	74	2	-1236.363636	0.055000
31	75	2	-1236.363636	0.055000
31	76	2	-1236.363636	0.055000
31	77	2	-1236.363636	0.055000
31	78	2	-1236.363636	0.055000
31	79	2	-1236.363636	0.055000
31	80	2	-1236.363636	0.055000
31	81	2	-1236.363636	0.055000
31	82	2	-1236.363636	0.055000
31	83	2	-1236.363636	0.055000
31	84	2	-1236.363636	0.055000
31	85	2	-1236.363636	0.055000
31	86	2	-1236.363636	0.055000
31	87	2	-1236.363636	0.055000
31	88	2	-1236.363636	0.055000
31	89	2	-1236.363636	0.055000
########################################
# Coboparameter                        #
# no parameter corresponds to be 50.   #
########################################
#Cobo 	dummy	ATY	p0	p1     p2
0	0	3	50	0      1
1	0	3	50	0      1
2	0	3	50	0      1
3	0	3	50	0      1
4	0	3	50	0      1
5	0	3	50	0      1
6	0	3	50	0      1
7	0	3	50	0      1
#####################################################################
# TPC Resolution Parameter (L : p0)			            #
# res_xz^2 = p0^2 + p2^2/(exp(-p1*y)/p3*y + p4^2/12*tan(alpha)^2/p5 #
# res_y^2 = p6^2 + p7^2/(exp(-p1*y)/p8*y                            #
#####################################################################
#B    INorOUt  ATY	p0	p1	p2	p3	p4	p5	p6	p7	p8
#
0      0       4	0.7503	0.	0.3556	100.	9.	1.6908  1.	0.	1. #E42 ref
0      1       4	0.3871	0.	0.3556	100.	12.5	3.6502	1.	0.	1. #E42 ref
1      0       4	0.7503	0.	0.0953	100.	9.	1.6908  1.	0.	1. #E42 ref
1      1       4	0.3871	0.	0.0953	100.	12.5	3.6502	1.	0.	1. #E42 ref
