#
#  TPCParam_0
#______________________________________________________________________________
#
# Layer	Row	ATY	p0	p1
#
########################################
# TPC ADC : cde = (de-p0)*p1           #
########################################
0	0	0	0.00000000	1.00000000
0	1	0	0.00000000	1.00000000
0	2	0	0.00000000	1.00000000
0	3	0	0.00000000	1.00000000
0	4	0	0.00000000	1.00000000
0	5	0	0.00000000	1.00000000
0	6	0	0.00000000	1.00000000
0	7	0	0.00000000	1.00000000
0	8	0	0.00000000	1.00000000
0	9	0	0.00000000	1.00000000
0	10	0	0.00000000	1.00000000
0	11	0	0.00000000	1.00000000
0	12	0	0.00000000	1.00000000
0	13	0	0.00000000	1.00000000
0	14	0	0.00000000	1.00000000
0	15	0	0.00000000	1.00000000
0	16	0	0.00000000	1.00000000
0	17	0	0.00000000	1.00000000
0	18	0	0.00000000	1.00000000
0	19	0	0.00000000	1.00000000
0	20	0	0.00000000	1.00000000
0	21	0	0.00000000	1.00000000
0	22	0	0.00000000	1.00000000
0	23	0	0.00000000	1.00000000
0	24	0	0.00000000	1.00000000
0	25	0	0.00000000	1.00000000
0	26	0	0.00000000	1.00000000
0	27	0	0.00000000	1.00000000
0	28	0	0.00000000	1.00000000
0	29	0	0.00000000	1.00000000
0	30	0	0.00000000	1.00000000
0	31	0	0.00000000	1.00000000
0	32	0	0.00000000	1.00000000
0	33	0	0.00000000	1.00000000
0	34	0	0.00000000	1.00000000
0	35	0	0.00000000	1.00000000
0	36	0	0.00000000	1.00000000
0	37	0	0.00000000	1.00000000
0	38	0	0.00000000	1.00000000
0	39	0	0.00000000	1.00000000
0	40	0	0.00000000	1.00000000
0	41	0	0.00000000	1.00000000
0	42	0	0.00000000	1.00000000
0	43	0	0.00000000	1.00000000
0	44	0	0.00000000	1.00000000
0	45	0	0.00000000	1.00000000
0	46	0	0.00000000	1.00000000
0	47	0	0.00000000	1.00000000
1	0	0	0.00000000	1.00000000
1	1	0	0.00000000	1.00000000
1	2	0	0.00000000	1.00000000
1	3	0	0.00000000	1.00000000
1	4	0	0.00000000	1.00000000
1	5	0	0.00000000	1.00000000
1	6	0	0.00000000	1.00000000
1	7	0	0.00000000	1.00000000
1	8	0	0.00000000	1.00000000
1	9	0	0.00000000	1.00000000
1	10	0	0.00000000	1.00000000
1	11	0	0.00000000	1.00000000
1	12	0	0.00000000	1.00000000
1	13	0	0.00000000	1.00000000
1	14	0	0.00000000	1.00000000
1	15	0	0.00000000	1.00000000
1	16	0	0.00000000	1.00000000
1	17	0	0.00000000	1.00000000
1	18	0	0.00000000	1.00000000
1	19	0	0.00000000	1.00000000
1	20	0	0.00000000	1.00000000
1	21	0	0.00000000	1.00000000
1	22	0	0.00000000	1.00000000
1	23	0	0.00000000	1.00000000
1	24	0	0.00000000	1.00000000
1	25	0	0.00000000	1.00000000
1	26	0	0.00000000	1.00000000
1	27	0	0.00000000	1.00000000
1	28	0	0.00000000	1.00000000
1	29	0	0.00000000	1.00000000
1	30	0	0.00000000	1.00000000
1	31	0	0.00000000	1.00000000
1	32	0	0.00000000	1.00000000
1	33	0	0.00000000	1.00000000
1	34	0	0.00000000	1.00000000
1	35	0	0.00000000	1.00000000
1	36	0	0.00000000	1.00000000
1	37	0	0.00000000	1.00000000
1	38	0	0.00000000	1.00000000
1	39	0	0.00000000	1.00000000
1	40	0	0.00000000	1.00000000
1	41	0	0.00000000	1.00000000
1	42	0	0.00000000	1.00000000
1	43	0	0.00000000	1.00000000
1	44	0	0.00000000	1.00000000
1	45	0	0.00000000	1.00000000
1	46	0	0.00000000	1.00000000
1	47	0	0.00000000	1.00000000
2	0	0	0.00000000	1.00000000
2	1	0	0.00000000	1.00000000
2	2	0	0.00000000	1.00000000
2	3	0	0.00000000	1.00000000
2	4	0	0.00000000	1.00000000
2	5	0	0.00000000	1.00000000
2	6	0	0.00000000	1.00000000
2	7	0	0.00000000	1.00000000
2	8	0	0.00000000	1.00000000
2	9	0	0.00000000	1.00000000
2	10	0	0.00000000	1.00000000
2	11	0	0.00000000	1.00000000
2	12	0	0.00000000	1.00000000
2	13	0	0.00000000	1.00000000
2	14	0	0.00000000	1.00000000
2	15	0	0.00000000	1.00000000
2	16	0	0.00000000	1.00000000
2	17	0	0.00000000	1.00000000
2	18	0	0.00000000	1.00000000
2	19	0	0.00000000	1.00000000
2	20	0	0.00000000	1.00000000
2	21	0	0.00000000	1.00000000
2	22	0	0.00000000	1.00000000
2	23	0	0.00000000	1.00000000
2	24	0	0.00000000	1.00000000
2	25	0	0.00000000	1.00000000
2	26	0	0.00000000	1.00000000
2	27	0	0.00000000	1.00000000
2	28	0	0.00000000	1.00000000
2	29	0	0.00000000	1.00000000
2	30	0	0.00000000	1.00000000
2	31	0	0.00000000	1.00000000
2	32	0	0.00000000	1.00000000
2	33	0	0.00000000	1.00000000
2	34	0	0.00000000	1.00000000
2	35	0	0.00000000	1.00000000
2	36	0	0.00000000	1.00000000
2	37	0	0.00000000	1.00000000
2	38	0	0.00000000	1.00000000
2	39	0	0.00000000	1.00000000
2	40	0	0.00000000	1.00000000
2	41	0	0.00000000	1.00000000
2	42	0	0.00000000	1.00000000
2	43	0	0.00000000	1.00000000
2	44	0	0.00000000	1.00000000
2	45	0	0.00000000	1.00000000
2	46	0	0.00000000	1.00000000
2	47	0	0.00000000	1.00000000
2	48	0	0.00000000	1.00000000
2	49	0	0.00000000	1.00000000
2	50	0	0.00000000	1.00000000
2	51	0	0.00000000	1.00000000
2	52	0	0.00000000	1.00000000
2	53	0	0.00000000	1.00000000
2	54	0	0.00000000	1.00000000
2	55	0	0.00000000	1.00000000
2	56	0	0.00000000	1.00000000
2	57	0	0.00000000	1.00000000
2	58	0	0.00000000	1.00000000
2	59	0	0.00000000	1.00000000
2	60	0	0.00000000	1.00000000
2	61	0	0.00000000	1.00000000
2	62	0	0.00000000	1.00000000
2	63	0	0.00000000	1.00000000
2	64	0	0.00000000	1.00000000
2	65	0	0.00000000	1.00000000
2	66	0	0.00000000	1.00000000
2	67	0	0.00000000	1.00000000
2	68	0	0.00000000	1.00000000
2	69	0	0.00000000	1.00000000
2	70	0	0.00000000	1.00000000
2	71	0	0.00000000	1.00000000
3	0	0	0.00000000	1.00000000
3	1	0	0.00000000	1.00000000
3	2	0	0.00000000	1.00000000
3	3	0	0.00000000	1.00000000
3	4	0	0.00000000	1.00000000
3	5	0	0.00000000	1.00000000
3	6	0	0.00000000	1.00000000
3	7	0	0.00000000	1.00000000
3	8	0	0.00000000	1.00000000
3	9	0	0.00000000	1.00000000
3	10	0	0.00000000	1.00000000
3	11	0	0.00000000	1.00000000
3	12	0	0.00000000	1.00000000
3	13	0	0.00000000	1.00000000
3	14	0	0.00000000	1.00000000
3	15	0	0.00000000	1.00000000
3	16	0	0.00000000	1.00000000
3	17	0	0.00000000	1.00000000
3	18	0	0.00000000	1.00000000
3	19	0	0.00000000	1.00000000
3	20	0	0.00000000	1.00000000
3	21	0	0.00000000	1.00000000
3	22	0	0.00000000	1.00000000
3	23	0	0.00000000	1.00000000
3	24	0	0.00000000	1.00000000
3	25	0	0.00000000	1.00000000
3	26	0	0.00000000	1.00000000
3	27	0	0.00000000	1.00000000
3	28	0	0.00000000	1.00000000
3	29	0	0.00000000	1.00000000
3	30	0	0.00000000	1.00000000
3	31	0	0.00000000	1.00000000
3	32	0	0.00000000	1.00000000
3	33	0	0.00000000	1.00000000
3	34	0	0.00000000	1.00000000
3	35	0	0.00000000	1.00000000
3	36	0	0.00000000	1.00000000
3	37	0	0.00000000	1.00000000
3	38	0	0.00000000	1.00000000
3	39	0	0.00000000	1.00000000
3	40	0	0.00000000	1.00000000
3	41	0	0.00000000	1.00000000
3	42	0	0.00000000	1.00000000
3	43	0	0.00000000	1.00000000
3	44	0	0.00000000	1.00000000
3	45	0	0.00000000	1.00000000
3	46	0	0.00000000	1.00000000
3	47	0	0.00000000	1.00000000
3	48	0	0.00000000	1.00000000
3	49	0	0.00000000	1.00000000
3	50	0	0.00000000	1.00000000
3	51	0	0.00000000	1.00000000
3	52	0	0.00000000	1.00000000
3	53	0	0.00000000	1.00000000
3	54	0	0.00000000	1.00000000
3	55	0	0.00000000	1.00000000
3	56	0	0.00000000	1.00000000
3	57	0	0.00000000	1.00000000
3	58	0	0.00000000	1.00000000
3	59	0	0.00000000	1.00000000
3	60	0	0.00000000	1.00000000
3	61	0	0.00000000	1.00000000
3	62	0	0.00000000	1.00000000
3	63	0	0.00000000	1.00000000
3	64	0	0.00000000	1.00000000
3	65	0	0.00000000	1.00000000
3	66	0	0.00000000	1.00000000
3	67	0	0.00000000	1.00000000
3	68	0	0.00000000	1.00000000
3	69	0	0.00000000	1.00000000
3	70	0	0.00000000	1.00000000
3	71	0	0.00000000	1.00000000
3	72	0	0.00000000	1.00000000
3	73	0	0.00000000	1.00000000
3	74	0	0.00000000	1.00000000
3	75	0	0.00000000	1.00000000
3	76	0	0.00000000	1.00000000
3	77	0	0.00000000	1.00000000
3	78	0	0.00000000	1.00000000
3	79	0	0.00000000	1.00000000
3	80	0	0.00000000	1.00000000
3	81	0	0.00000000	1.00000000
3	82	0	0.00000000	1.00000000
3	83	0	0.00000000	1.00000000
3	84	0	0.00000000	1.00000000
3	85	0	0.00000000	1.00000000
3	86	0	0.00000000	1.00000000
3	87	0	0.00000000	1.00000000
3	88	0	0.00000000	1.00000000
3	89	0	0.00000000	1.00000000
3	90	0	0.00000000	1.00000000
3	91	0	0.00000000	1.00000000
3	92	0	0.00000000	1.00000000
3	93	0	0.00000000	1.00000000
3	94	0	0.00000000	1.00000000
3	95	0	0.00000000	1.00000000
4	0	0	0.00000000	1.00000000
4	1	0	0.00000000	1.00000000
4	2	0	0.00000000	1.00000000
4	3	0	0.00000000	1.00000000
4	4	0	0.00000000	1.00000000
4	5	0	0.00000000	1.00000000
4	6	0	0.00000000	1.00000000
4	7	0	0.00000000	1.00000000
4	8	0	0.00000000	1.00000000
4	9	0	0.00000000	1.00000000
4	10	0	0.00000000	1.00000000
4	11	0	0.00000000	1.00000000
4	12	0	0.00000000	1.00000000
4	13	0	0.00000000	1.00000000
4	14	0	0.00000000	1.00000000
4	15	0	0.00000000	1.00000000
4	16	0	0.00000000	1.00000000
4	17	0	0.00000000	1.00000000
4	18	0	0.00000000	1.00000000
4	19	0	0.00000000	1.00000000
4	20	0	0.00000000	1.00000000
4	21	0	0.00000000	1.00000000
4	22	0	0.00000000	1.00000000
4	23	0	0.00000000	1.00000000
4	24	0	0.00000000	1.00000000
4	25	0	0.00000000	1.00000000
4	26	0	0.00000000	1.00000000
4	27	0	0.00000000	1.00000000
4	28	0	0.00000000	1.00000000
4	29	0	0.00000000	1.00000000
4	30	0	0.00000000	1.00000000
4	31	0	0.00000000	1.00000000
4	32	0	0.00000000	1.00000000
4	33	0	0.00000000	1.00000000
4	34	0	0.00000000	1.00000000
4	35	0	0.00000000	1.00000000
4	36	0	0.00000000	1.00000000
4	37	0	0.00000000	1.00000000
4	38	0	0.00000000	1.00000000
4	39	0	0.00000000	1.00000000
4	40	0	0.00000000	1.00000000
4	41	0	0.00000000	1.00000000
4	42	0	0.00000000	1.00000000
4	43	0	0.00000000	1.00000000
4	44	0	0.00000000	1.00000000
4	45	0	0.00000000	1.00000000
4	46	0	0.00000000	1.00000000
4	47	0	0.00000000	1.00000000
4	48	0	0.00000000	1.00000000
4	49	0	0.00000000	1.00000000
4	50	0	0.00000000	1.00000000
4	51	0	0.00000000	1.00000000
4	52	0	0.00000000	1.00000000
4	53	0	0.00000000	1.00000000
4	54	0	0.00000000	1.00000000
4	55	0	0.00000000	1.00000000
4	56	0	0.00000000	1.00000000
4	57	0	0.00000000	1.00000000
4	58	0	0.00000000	1.00000000
4	59	0	0.00000000	1.00000000
4	60	0	0.00000000	1.00000000
4	61	0	0.00000000	1.00000000
4	62	0	0.00000000	1.00000000
4	63	0	0.00000000	1.00000000
4	64	0	0.00000000	1.00000000
4	65	0	0.00000000	1.00000000
4	66	0	0.00000000	1.00000000
4	67	0	0.00000000	1.00000000
4	68	0	0.00000000	1.00000000
4	69	0	0.00000000	1.00000000
4	70	0	0.00000000	1.00000000
4	71	0	0.00000000	1.00000000
4	72	0	0.00000000	1.00000000
4	73	0	0.00000000	1.00000000
4	74	0	0.00000000	1.00000000
4	75	0	0.00000000	1.00000000
4	76	0	0.00000000	1.00000000
4	77	0	0.00000000	1.00000000
4	78	0	0.00000000	1.00000000
4	79	0	0.00000000	1.00000000
4	80	0	0.00000000	1.00000000
4	81	0	0.00000000	1.00000000
4	82	0	0.00000000	1.00000000
4	83	0	0.00000000	1.00000000
4	84	0	0.00000000	1.00000000
4	85	0	0.00000000	1.00000000
4	86	0	0.00000000	1.00000000
4	87	0	0.00000000	1.00000000
4	88	0	0.00000000	1.00000000
4	89	0	0.00000000	1.00000000
4	90	0	0.00000000	1.00000000
4	91	0	0.00000000	1.00000000
4	92	0	0.00000000	1.00000000
4	93	0	0.00000000	1.00000000
4	94	0	0.00000000	1.00000000
4	95	0	0.00000000	1.00000000
4	96	0	0.00000000	1.00000000
4	97	0	0.00000000	1.00000000
4	98	0	0.00000000	1.00000000
4	99	0	0.00000000	1.00000000
4	100	0	0.00000000	1.00000000
4	101	0	0.00000000	1.00000000
4	102	0	0.00000000	1.00000000
4	103	0	0.00000000	1.00000000
4	104	0	0.00000000	1.00000000
4	105	0	0.00000000	1.00000000
4	106	0	0.00000000	1.00000000
4	107	0	0.00000000	1.00000000
4	108	0	0.00000000	1.00000000
4	109	0	0.00000000	1.00000000
4	110	0	0.00000000	1.00000000
4	111	0	0.00000000	1.00000000
4	112	0	0.00000000	1.00000000
4	113	0	0.00000000	1.00000000
4	114	0	0.00000000	1.00000000
4	115	0	0.00000000	1.00000000
4	116	0	0.00000000	1.00000000
4	117	0	0.00000000	1.00000000
4	118	0	0.00000000	1.00000000
4	119	0	0.00000000	1.00000000
5	0	0	0.00000000	1.00000000
5	1	0	0.00000000	1.00000000
5	2	0	0.00000000	1.00000000
5	3	0	0.00000000	1.00000000
5	4	0	0.00000000	1.00000000
5	5	0	0.00000000	1.00000000
5	6	0	0.00000000	1.00000000
5	7	0	0.00000000	1.00000000
5	8	0	0.00000000	1.00000000
5	9	0	0.00000000	1.00000000
5	10	0	0.00000000	1.00000000
5	11	0	0.00000000	1.00000000
5	12	0	0.00000000	1.00000000
5	13	0	0.00000000	1.00000000
5	14	0	0.00000000	1.00000000
5	15	0	0.00000000	1.00000000
5	16	0	0.00000000	1.00000000
5	17	0	0.00000000	1.00000000
5	18	0	0.00000000	1.00000000
5	19	0	0.00000000	1.00000000
5	20	0	0.00000000	1.00000000
5	21	0	0.00000000	1.00000000
5	22	0	0.00000000	1.00000000
5	23	0	0.00000000	1.00000000
5	24	0	0.00000000	1.00000000
5	25	0	0.00000000	1.00000000
5	26	0	0.00000000	1.00000000
5	27	0	0.00000000	1.00000000
5	28	0	0.00000000	1.00000000
5	29	0	0.00000000	1.00000000
5	30	0	0.00000000	1.00000000
5	31	0	0.00000000	1.00000000
5	32	0	0.00000000	1.00000000
5	33	0	0.00000000	1.00000000
5	34	0	0.00000000	1.00000000
5	35	0	0.00000000	1.00000000
5	36	0	0.00000000	1.00000000
5	37	0	0.00000000	1.00000000
5	38	0	0.00000000	1.00000000
5	39	0	0.00000000	1.00000000
5	40	0	0.00000000	1.00000000
5	41	0	0.00000000	1.00000000
5	42	0	0.00000000	1.00000000
5	43	0	0.00000000	1.00000000
5	44	0	0.00000000	1.00000000
5	45	0	0.00000000	1.00000000
5	46	0	0.00000000	1.00000000
5	47	0	0.00000000	1.00000000
5	48	0	0.00000000	1.00000000
5	49	0	0.00000000	1.00000000
5	50	0	0.00000000	1.00000000
5	51	0	0.00000000	1.00000000
5	52	0	0.00000000	1.00000000
5	53	0	0.00000000	1.00000000
5	54	0	0.00000000	1.00000000
5	55	0	0.00000000	1.00000000
5	56	0	0.00000000	1.00000000
5	57	0	0.00000000	1.00000000
5	58	0	0.00000000	1.00000000
5	59	0	0.00000000	1.00000000
5	60	0	0.00000000	1.00000000
5	61	0	0.00000000	1.00000000
5	62	0	0.00000000	1.00000000
5	63	0	0.00000000	1.00000000
5	64	0	0.00000000	1.00000000
5	65	0	0.00000000	1.00000000
5	66	0	0.00000000	1.00000000
5	67	0	0.00000000	1.00000000
5	68	0	0.00000000	1.00000000
5	69	0	0.00000000	1.00000000
5	70	0	0.00000000	1.00000000
5	71	0	0.00000000	1.00000000
5	72	0	0.00000000	1.00000000
5	73	0	0.00000000	1.00000000
5	74	0	0.00000000	1.00000000
5	75	0	0.00000000	1.00000000
5	76	0	0.00000000	1.00000000
5	77	0	0.00000000	1.00000000
5	78	0	0.00000000	1.00000000
5	79	0	0.00000000	1.00000000
5	80	0	0.00000000	1.00000000
5	81	0	0.00000000	1.00000000
5	82	0	0.00000000	1.00000000
5	83	0	0.00000000	1.00000000
5	84	0	0.00000000	1.00000000
5	85	0	0.00000000	1.00000000
5	86	0	0.00000000	1.00000000
5	87	0	0.00000000	1.00000000
5	88	0	0.00000000	1.00000000
5	89	0	0.00000000	1.00000000
5	90	0	0.00000000	1.00000000
5	91	0	0.00000000	1.00000000
5	92	0	0.00000000	1.00000000
5	93	0	0.00000000	1.00000000
5	94	0	0.00000000	1.00000000
5	95	0	0.00000000	1.00000000
5	96	0	0.00000000	1.00000000
5	97	0	0.00000000	1.00000000
5	98	0	0.00000000	1.00000000
5	99	0	0.00000000	1.00000000
5	100	0	0.00000000	1.00000000
5	101	0	0.00000000	1.00000000
5	102	0	0.00000000	1.00000000
5	103	0	0.00000000	1.00000000
5	104	0	0.00000000	1.00000000
5	105	0	0.00000000	1.00000000
5	106	0	0.00000000	1.00000000
5	107	0	0.00000000	1.00000000
5	108	0	0.00000000	1.00000000
5	109	0	0.00000000	1.00000000
5	110	0	0.00000000	1.00000000
5	111	0	0.00000000	1.00000000
5	112	0	0.00000000	1.00000000
5	113	0	0.00000000	1.00000000
5	114	0	0.00000000	1.00000000
5	115	0	0.00000000	1.00000000
5	116	0	0.00000000	1.00000000
5	117	0	0.00000000	1.00000000
5	118	0	0.00000000	1.00000000
5	119	0	0.00000000	1.00000000
5	120	0	0.00000000	1.00000000
5	121	0	0.00000000	1.00000000
5	122	0	0.00000000	1.00000000
5	123	0	0.00000000	1.00000000
5	124	0	0.00000000	1.00000000
5	125	0	0.00000000	1.00000000
5	126	0	0.00000000	1.00000000
5	127	0	0.00000000	1.00000000
5	128	0	0.00000000	1.00000000
5	129	0	0.00000000	1.00000000
5	130	0	0.00000000	1.00000000
5	131	0	0.00000000	1.00000000
5	132	0	0.00000000	1.00000000
5	133	0	0.00000000	1.00000000
5	134	0	0.00000000	1.00000000
5	135	0	0.00000000	1.00000000
5	136	0	0.00000000	1.00000000
5	137	0	0.00000000	1.00000000
5	138	0	0.00000000	1.00000000
5	139	0	0.00000000	1.00000000
5	140	0	0.00000000	1.00000000
5	141	0	0.00000000	1.00000000
5	142	0	0.00000000	1.00000000
5	143	0	0.00000000	1.00000000
6	0	0	0.00000000	1.00000000
6	1	0	0.00000000	1.00000000
6	2	0	0.00000000	1.00000000
6	3	0	0.00000000	1.00000000
6	4	0	0.00000000	1.00000000
6	5	0	0.00000000	1.00000000
6	6	0	0.00000000	1.00000000
6	7	0	0.00000000	1.00000000
6	8	0	0.00000000	1.00000000
6	9	0	0.00000000	1.00000000
6	10	0	0.00000000	1.00000000
6	11	0	0.00000000	1.00000000
6	12	0	0.00000000	1.00000000
6	13	0	0.00000000	1.00000000
6	14	0	0.00000000	1.00000000
6	15	0	0.00000000	1.00000000
6	16	0	0.00000000	1.00000000
6	17	0	0.00000000	1.00000000
6	18	0	0.00000000	1.00000000
6	19	0	0.00000000	1.00000000
6	20	0	0.00000000	1.00000000
6	21	0	0.00000000	1.00000000
6	22	0	0.00000000	1.00000000
6	23	0	0.00000000	1.00000000
6	24	0	0.00000000	1.00000000
6	25	0	0.00000000	1.00000000
6	26	0	0.00000000	1.00000000
6	27	0	0.00000000	1.00000000
6	28	0	0.00000000	1.00000000
6	29	0	0.00000000	1.00000000
6	30	0	0.00000000	1.00000000
6	31	0	0.00000000	1.00000000
6	32	0	0.00000000	1.00000000
6	33	0	0.00000000	1.00000000
6	34	0	0.00000000	1.00000000
6	35	0	0.00000000	1.00000000
6	36	0	0.00000000	1.00000000
6	37	0	0.00000000	1.00000000
6	38	0	0.00000000	1.00000000
6	39	0	0.00000000	1.00000000
6	40	0	0.00000000	1.00000000
6	41	0	0.00000000	1.00000000
6	42	0	0.00000000	1.00000000
6	43	0	0.00000000	1.00000000
6	44	0	0.00000000	1.00000000
6	45	0	0.00000000	1.00000000
6	46	0	0.00000000	1.00000000
6	47	0	0.00000000	1.00000000
6	48	0	0.00000000	1.00000000
6	49	0	0.00000000	1.00000000
6	50	0	0.00000000	1.00000000
6	51	0	0.00000000	1.00000000
6	52	0	0.00000000	1.00000000
6	53	0	0.00000000	1.00000000
6	54	0	0.00000000	1.00000000
6	55	0	0.00000000	1.00000000
6	56	0	0.00000000	1.00000000
6	57	0	0.00000000	1.00000000
6	58	0	0.00000000	1.00000000
6	59	0	0.00000000	1.00000000
6	60	0	0.00000000	1.00000000
6	61	0	0.00000000	1.00000000
6	62	0	0.00000000	1.00000000
6	63	0	0.00000000	1.00000000
6	64	0	0.00000000	1.00000000
6	65	0	0.00000000	1.00000000
6	66	0	0.00000000	1.00000000
6	67	0	0.00000000	1.00000000
6	68	0	0.00000000	1.00000000
6	69	0	0.00000000	1.00000000
6	70	0	0.00000000	1.00000000
6	71	0	0.00000000	1.00000000
6	72	0	0.00000000	1.00000000
6	73	0	0.00000000	1.00000000
6	74	0	0.00000000	1.00000000
6	75	0	0.00000000	1.00000000
6	76	0	0.00000000	1.00000000
6	77	0	0.00000000	1.00000000
6	78	0	0.00000000	1.00000000
6	79	0	0.00000000	1.00000000
6	80	0	0.00000000	1.00000000
6	81	0	0.00000000	1.00000000
6	82	0	0.00000000	1.00000000
6	83	0	0.00000000	1.00000000
6	84	0	0.00000000	1.00000000
6	85	0	0.00000000	1.00000000
6	86	0	0.00000000	1.00000000
6	87	0	0.00000000	1.00000000
6	88	0	0.00000000	1.00000000
6	89	0	0.00000000	1.00000000
6	90	0	0.00000000	1.00000000
6	91	0	0.00000000	1.00000000
6	92	0	0.00000000	1.00000000
6	93	0	0.00000000	1.00000000
6	94	0	0.00000000	1.00000000
6	95	0	0.00000000	1.00000000
6	96	0	0.00000000	1.00000000
6	97	0	0.00000000	1.00000000
6	98	0	0.00000000	1.00000000
6	99	0	0.00000000	1.00000000
6	100	0	0.00000000	1.00000000
6	101	0	0.00000000	1.00000000
6	102	0	0.00000000	1.00000000
6	103	0	0.00000000	1.00000000
6	104	0	0.00000000	1.00000000
6	105	0	0.00000000	1.00000000
6	106	0	0.00000000	1.00000000
6	107	0	0.00000000	1.00000000
6	108	0	0.00000000	1.00000000
6	109	0	0.00000000	1.00000000
6	110	0	0.00000000	1.00000000
6	111	0	0.00000000	1.00000000
6	112	0	0.00000000	1.00000000
6	113	0	0.00000000	1.00000000
6	114	0	0.00000000	1.00000000
6	115	0	0.00000000	1.00000000
6	116	0	0.00000000	1.00000000
6	117	0	0.00000000	1.00000000
6	118	0	0.00000000	1.00000000
6	119	0	0.00000000	1.00000000
6	120	0	0.00000000	1.00000000
6	121	0	0.00000000	1.00000000
6	122	0	0.00000000	1.00000000
6	123	0	0.00000000	1.00000000
6	124	0	0.00000000	1.00000000
6	125	0	0.00000000	1.00000000
6	126	0	0.00000000	1.00000000
6	127	0	0.00000000	1.00000000
6	128	0	0.00000000	1.00000000
6	129	0	0.00000000	1.00000000
6	130	0	0.00000000	1.00000000
6	131	0	0.00000000	1.00000000
6	132	0	0.00000000	1.00000000
6	133	0	0.00000000	1.00000000
6	134	0	0.00000000	1.00000000
6	135	0	0.00000000	1.00000000
6	136	0	0.00000000	1.00000000
6	137	0	0.00000000	1.00000000
6	138	0	0.00000000	1.00000000
6	139	0	0.00000000	1.00000000
6	140	0	0.00000000	1.00000000
6	141	0	0.00000000	1.00000000
6	142	0	0.00000000	1.00000000
6	143	0	0.00000000	1.00000000
6	144	0	0.00000000	1.00000000
6	145	0	0.00000000	1.00000000
6	146	0	0.00000000	1.00000000
6	147	0	0.00000000	1.00000000
6	148	0	0.00000000	1.00000000
6	149	0	0.00000000	1.00000000
6	150	0	0.00000000	1.00000000
6	151	0	0.00000000	1.00000000
6	152	0	0.00000000	1.00000000
6	153	0	0.00000000	1.00000000
6	154	0	0.00000000	1.00000000
6	155	0	0.00000000	1.00000000
6	156	0	0.00000000	1.00000000
6	157	0	0.00000000	1.00000000
6	158	0	0.00000000	1.00000000
6	159	0	0.00000000	1.00000000
6	160	0	0.00000000	1.00000000
6	161	0	0.00000000	1.00000000
6	162	0	0.00000000	1.00000000
6	163	0	0.00000000	1.00000000
6	164	0	0.00000000	1.00000000
6	165	0	0.00000000	1.00000000
6	166	0	0.00000000	1.00000000
6	167	0	0.00000000	1.00000000
7	0	0	0.00000000	1.00000000
7	1	0	0.00000000	1.00000000
7	2	0	0.00000000	1.00000000
7	3	0	0.00000000	1.00000000
7	4	0	0.00000000	1.00000000
7	5	0	0.00000000	1.00000000
7	6	0	0.00000000	1.00000000
7	7	0	0.00000000	1.00000000
7	8	0	0.00000000	1.00000000
7	9	0	0.00000000	1.00000000
7	10	0	0.00000000	1.00000000
7	11	0	0.00000000	1.00000000
7	12	0	0.00000000	1.00000000
7	13	0	0.00000000	1.00000000
7	14	0	0.00000000	1.00000000
7	15	0	0.00000000	1.00000000
7	16	0	0.00000000	1.00000000
7	17	0	0.00000000	1.00000000
7	18	0	0.00000000	1.00000000
7	19	0	0.00000000	1.00000000
7	20	0	0.00000000	1.00000000
7	21	0	0.00000000	1.00000000
7	22	0	0.00000000	1.00000000
7	23	0	0.00000000	1.00000000
7	24	0	0.00000000	1.00000000
7	25	0	0.00000000	1.00000000
7	26	0	0.00000000	1.00000000
7	27	0	0.00000000	1.00000000
7	28	0	0.00000000	1.00000000
7	29	0	0.00000000	1.00000000
7	30	0	0.00000000	1.00000000
7	31	0	0.00000000	1.00000000
7	32	0	0.00000000	1.00000000
7	33	0	0.00000000	1.00000000
7	34	0	0.00000000	1.00000000
7	35	0	0.00000000	1.00000000
7	36	0	0.00000000	1.00000000
7	37	0	0.00000000	1.00000000
7	38	0	0.00000000	1.00000000
7	39	0	0.00000000	1.00000000
7	40	0	0.00000000	1.00000000
7	41	0	0.00000000	1.00000000
7	42	0	0.00000000	1.00000000
7	43	0	0.00000000	1.00000000
7	44	0	0.00000000	1.00000000
7	45	0	0.00000000	1.00000000
7	46	0	0.00000000	1.00000000
7	47	0	0.00000000	1.00000000
7	48	0	0.00000000	1.00000000
7	49	0	0.00000000	1.00000000
7	50	0	0.00000000	1.00000000
7	51	0	0.00000000	1.00000000
7	52	0	0.00000000	1.00000000
7	53	0	0.00000000	1.00000000
7	54	0	0.00000000	1.00000000
7	55	0	0.00000000	1.00000000
7	56	0	0.00000000	1.00000000
7	57	0	0.00000000	1.00000000
7	58	0	0.00000000	1.00000000
7	59	0	0.00000000	1.00000000
7	60	0	0.00000000	1.00000000
7	61	0	0.00000000	1.00000000
7	62	0	0.00000000	1.00000000
7	63	0	0.00000000	1.00000000
7	64	0	0.00000000	1.00000000
7	65	0	0.00000000	1.00000000
7	66	0	0.00000000	1.00000000
7	67	0	0.00000000	1.00000000
7	68	0	0.00000000	1.00000000
7	69	0	0.00000000	1.00000000
7	70	0	0.00000000	1.00000000
7	71	0	0.00000000	1.00000000
7	72	0	0.00000000	1.00000000
7	73	0	0.00000000	1.00000000
7	74	0	0.00000000	1.00000000
7	75	0	0.00000000	1.00000000
7	76	0	0.00000000	1.00000000
7	77	0	0.00000000	1.00000000
7	78	0	0.00000000	1.00000000
7	79	0	0.00000000	1.00000000
7	80	0	0.00000000	1.00000000
7	81	0	0.00000000	1.00000000
7	82	0	0.00000000	1.00000000
7	83	0	0.00000000	1.00000000
7	84	0	0.00000000	1.00000000
7	85	0	0.00000000	1.00000000
7	86	0	0.00000000	1.00000000
7	87	0	0.00000000	1.00000000
7	88	0	0.00000000	1.00000000
7	89	0	0.00000000	1.00000000
7	90	0	0.00000000	1.00000000
7	91	0	0.00000000	1.00000000
7	92	0	0.00000000	1.00000000
7	93	0	0.00000000	1.00000000
7	94	0	0.00000000	1.00000000
7	95	0	0.00000000	1.00000000
7	96	0	0.00000000	1.00000000
7	97	0	0.00000000	1.00000000
7	98	0	0.00000000	1.00000000
7	99	0	0.00000000	1.00000000
7	100	0	0.00000000	1.00000000
7	101	0	0.00000000	1.00000000
7	102	0	0.00000000	1.00000000
7	103	0	0.00000000	1.00000000
7	104	0	0.00000000	1.00000000
7	105	0	0.00000000	1.00000000
7	106	0	0.00000000	1.00000000
7	107	0	0.00000000	1.00000000
7	108	0	0.00000000	1.00000000
7	109	0	0.00000000	1.00000000
7	110	0	0.00000000	1.00000000
7	111	0	0.00000000	1.00000000
7	112	0	0.00000000	1.00000000
7	113	0	0.00000000	1.00000000
7	114	0	0.00000000	1.00000000
7	115	0	0.00000000	1.00000000
7	116	0	0.00000000	1.00000000
7	117	0	0.00000000	1.00000000
7	118	0	0.00000000	1.00000000
7	119	0	0.00000000	1.00000000
7	120	0	0.00000000	1.00000000
7	121	0	0.00000000	1.00000000
7	122	0	0.00000000	1.00000000
7	123	0	0.00000000	1.00000000
7	124	0	0.00000000	1.00000000
7	125	0	0.00000000	1.00000000
7	126	0	0.00000000	1.00000000
7	127	0	0.00000000	1.00000000
7	128	0	0.00000000	1.00000000
7	129	0	0.00000000	1.00000000
7	130	0	0.00000000	1.00000000
7	131	0	0.00000000	1.00000000
7	132	0	0.00000000	1.00000000
7	133	0	0.00000000	1.00000000
7	134	0	0.00000000	1.00000000
7	135	0	0.00000000	1.00000000
7	136	0	0.00000000	1.00000000
7	137	0	0.00000000	1.00000000
7	138	0	0.00000000	1.00000000
7	139	0	0.00000000	1.00000000
7	140	0	0.00000000	1.00000000
7	141	0	0.00000000	1.00000000
7	142	0	0.00000000	1.00000000
7	143	0	0.00000000	1.00000000
7	144	0	0.00000000	1.00000000
7	145	0	0.00000000	1.00000000
7	146	0	0.00000000	1.00000000
7	147	0	0.00000000	1.00000000
7	148	0	0.00000000	1.00000000
7	149	0	0.00000000	1.00000000
7	150	0	0.00000000	1.00000000
7	151	0	0.00000000	1.00000000
7	152	0	0.00000000	1.00000000
7	153	0	0.00000000	1.00000000
7	154	0	0.00000000	1.00000000
7	155	0	0.00000000	1.00000000
7	156	0	0.00000000	1.00000000
7	157	0	0.00000000	1.00000000
7	158	0	0.00000000	1.00000000
7	159	0	0.00000000	1.00000000
7	160	0	0.00000000	1.00000000
7	161	0	0.00000000	1.00000000
7	162	0	0.00000000	1.00000000
7	163	0	0.00000000	1.00000000
7	164	0	0.00000000	1.00000000
7	165	0	0.00000000	1.00000000
7	166	0	0.00000000	1.00000000
7	167	0	0.00000000	1.00000000
7	168	0	0.00000000	1.00000000
7	169	0	0.00000000	1.00000000
7	170	0	0.00000000	1.00000000
7	171	0	0.00000000	1.00000000
7	172	0	0.00000000	1.00000000
7	173	0	0.00000000	1.00000000
7	174	0	0.00000000	1.00000000
7	175	0	0.00000000	1.00000000
7	176	0	0.00000000	1.00000000
7	177	0	0.00000000	1.00000000
7	178	0	0.00000000	1.00000000
7	179	0	0.00000000	1.00000000
7	180	0	0.00000000	1.00000000
7	181	0	0.00000000	1.00000000
7	182	0	0.00000000	1.00000000
7	183	0	0.00000000	1.00000000
7	184	0	0.00000000	1.00000000
7	185	0	0.00000000	1.00000000
7	186	0	0.00000000	1.00000000
7	187	0	0.00000000	1.00000000
7	188	0	0.00000000	1.00000000
7	189	0	0.00000000	1.00000000
7	190	0	0.00000000	1.00000000
7	191	0	0.00000000	1.00000000
8	0	0	0.00000000	1.00000000
8	1	0	0.00000000	1.00000000
8	2	0	0.00000000	1.00000000
8	3	0	0.00000000	1.00000000
8	4	0	0.00000000	1.00000000
8	5	0	0.00000000	1.00000000
8	6	0	0.00000000	1.00000000
8	7	0	0.00000000	1.00000000
8	8	0	0.00000000	1.00000000
8	9	0	0.00000000	1.00000000
8	10	0	0.00000000	1.00000000
8	11	0	0.00000000	1.00000000
8	12	0	0.00000000	1.00000000
8	13	0	0.00000000	1.00000000
8	14	0	0.00000000	1.00000000
8	15	0	0.00000000	1.00000000
8	16	0	0.00000000	1.00000000
8	17	0	0.00000000	1.00000000
8	18	0	0.00000000	1.00000000
8	19	0	0.00000000	1.00000000
8	20	0	0.00000000	1.00000000
8	21	0	0.00000000	1.00000000
8	22	0	0.00000000	1.00000000
8	23	0	0.00000000	1.00000000
8	24	0	0.00000000	1.00000000
8	25	0	0.00000000	1.00000000
8	26	0	0.00000000	1.00000000
8	27	0	0.00000000	1.00000000
8	28	0	0.00000000	1.00000000
8	29	0	0.00000000	1.00000000
8	30	0	0.00000000	1.00000000
8	31	0	0.00000000	1.00000000
8	32	0	0.00000000	1.00000000
8	33	0	0.00000000	1.00000000
8	34	0	0.00000000	1.00000000
8	35	0	0.00000000	1.00000000
8	36	0	0.00000000	1.00000000
8	37	0	0.00000000	1.00000000
8	38	0	0.00000000	1.00000000
8	39	0	0.00000000	1.00000000
8	40	0	0.00000000	1.00000000
8	41	0	0.00000000	1.00000000
8	42	0	0.00000000	1.00000000
8	43	0	0.00000000	1.00000000
8	44	0	0.00000000	1.00000000
8	45	0	0.00000000	1.00000000
8	46	0	0.00000000	1.00000000
8	47	0	0.00000000	1.00000000
8	48	0	0.00000000	1.00000000
8	49	0	0.00000000	1.00000000
8	50	0	0.00000000	1.00000000
8	51	0	0.00000000	1.00000000
8	52	0	0.00000000	1.00000000
8	53	0	0.00000000	1.00000000
8	54	0	0.00000000	1.00000000
8	55	0	0.00000000	1.00000000
8	56	0	0.00000000	1.00000000
8	57	0	0.00000000	1.00000000
8	58	0	0.00000000	1.00000000
8	59	0	0.00000000	1.00000000
8	60	0	0.00000000	1.00000000
8	61	0	0.00000000	1.00000000
8	62	0	0.00000000	1.00000000
8	63	0	0.00000000	1.00000000
8	64	0	0.00000000	1.00000000
8	65	0	0.00000000	1.00000000
8	66	0	0.00000000	1.00000000
8	67	0	0.00000000	1.00000000
8	68	0	0.00000000	1.00000000
8	69	0	0.00000000	1.00000000
8	70	0	0.00000000	1.00000000
8	71	0	0.00000000	1.00000000
8	72	0	0.00000000	1.00000000
8	73	0	0.00000000	1.00000000
8	74	0	0.00000000	1.00000000
8	75	0	0.00000000	1.00000000
8	76	0	0.00000000	1.00000000
8	77	0	0.00000000	1.00000000
8	78	0	0.00000000	1.00000000
8	79	0	0.00000000	1.00000000
8	80	0	0.00000000	1.00000000
8	81	0	0.00000000	1.00000000
8	82	0	0.00000000	1.00000000
8	83	0	0.00000000	1.00000000
8	84	0	0.00000000	1.00000000
8	85	0	0.00000000	1.00000000
8	86	0	0.00000000	1.00000000
8	87	0	0.00000000	1.00000000
8	88	0	0.00000000	1.00000000
8	89	0	0.00000000	1.00000000
8	90	0	0.00000000	1.00000000
8	91	0	0.00000000	1.00000000
8	92	0	0.00000000	1.00000000
8	93	0	0.00000000	1.00000000
8	94	0	0.00000000	1.00000000
8	95	0	0.00000000	1.00000000
8	96	0	0.00000000	1.00000000
8	97	0	0.00000000	1.00000000
8	98	0	0.00000000	1.00000000
8	99	0	0.00000000	1.00000000
8	100	0	0.00000000	1.00000000
8	101	0	0.00000000	1.00000000
8	102	0	0.00000000	1.00000000
8	103	0	0.00000000	1.00000000
8	104	0	0.00000000	1.00000000
8	105	0	0.00000000	1.00000000
8	106	0	0.00000000	1.00000000
8	107	0	0.00000000	1.00000000
8	108	0	0.00000000	1.00000000
8	109	0	0.00000000	1.00000000
8	110	0	0.00000000	1.00000000
8	111	0	0.00000000	1.00000000
8	112	0	0.00000000	1.00000000
8	113	0	0.00000000	1.00000000
8	114	0	0.00000000	1.00000000
8	115	0	0.00000000	1.00000000
8	116	0	0.00000000	1.00000000
8	117	0	0.00000000	1.00000000
8	118	0	0.00000000	1.00000000
8	119	0	0.00000000	1.00000000
8	120	0	0.00000000	1.00000000
8	121	0	0.00000000	1.00000000
8	122	0	0.00000000	1.00000000
8	123	0	0.00000000	1.00000000
8	124	0	0.00000000	1.00000000
8	125	0	0.00000000	1.00000000
8	126	0	0.00000000	1.00000000
8	127	0	0.00000000	1.00000000
8	128	0	0.00000000	1.00000000
8	129	0	0.00000000	1.00000000
8	130	0	0.00000000	1.00000000
8	131	0	0.00000000	1.00000000
8	132	0	0.00000000	1.00000000
8	133	0	0.00000000	1.00000000
8	134	0	0.00000000	1.00000000
8	135	0	0.00000000	1.00000000
8	136	0	0.00000000	1.00000000
8	137	0	0.00000000	1.00000000
8	138	0	0.00000000	1.00000000
8	139	0	0.00000000	1.00000000
8	140	0	0.00000000	1.00000000
8	141	0	0.00000000	1.00000000
8	142	0	0.00000000	1.00000000
8	143	0	0.00000000	1.00000000
8	144	0	0.00000000	1.00000000
8	145	0	0.00000000	1.00000000
8	146	0	0.00000000	1.00000000
8	147	0	0.00000000	1.00000000
8	148	0	0.00000000	1.00000000
8	149	0	0.00000000	1.00000000
8	150	0	0.00000000	1.00000000
8	151	0	0.00000000	1.00000000
8	152	0	0.00000000	1.00000000
8	153	0	0.00000000	1.00000000
8	154	0	0.00000000	1.00000000
8	155	0	0.00000000	1.00000000
8	156	0	0.00000000	1.00000000
8	157	0	0.00000000	1.00000000
8	158	0	0.00000000	1.00000000
8	159	0	0.00000000	1.00000000
8	160	0	0.00000000	1.00000000
8	161	0	0.00000000	1.00000000
8	162	0	0.00000000	1.00000000
8	163	0	0.00000000	1.00000000
8	164	0	0.00000000	1.00000000
8	165	0	0.00000000	1.00000000
8	166	0	0.00000000	1.00000000
8	167	0	0.00000000	1.00000000
8	168	0	0.00000000	1.00000000
8	169	0	0.00000000	1.00000000
8	170	0	0.00000000	1.00000000
8	171	0	0.00000000	1.00000000
8	172	0	0.00000000	1.00000000
8	173	0	0.00000000	1.00000000
8	174	0	0.00000000	1.00000000
8	175	0	0.00000000	1.00000000
8	176	0	0.00000000	1.00000000
8	177	0	0.00000000	1.00000000
8	178	0	0.00000000	1.00000000
8	179	0	0.00000000	1.00000000
8	180	0	0.00000000	1.00000000
8	181	0	0.00000000	1.00000000
8	182	0	0.00000000	1.00000000
8	183	0	0.00000000	1.00000000
8	184	0	0.00000000	1.00000000
8	185	0	0.00000000	1.00000000
8	186	0	0.00000000	1.00000000
8	187	0	0.00000000	1.00000000
8	188	0	0.00000000	1.00000000
8	189	0	0.00000000	1.00000000
8	190	0	0.00000000	1.00000000
8	191	0	0.00000000	1.00000000
8	192	0	0.00000000	1.00000000
8	193	0	0.00000000	1.00000000
8	194	0	0.00000000	1.00000000
8	195	0	0.00000000	1.00000000
8	196	0	0.00000000	1.00000000
8	197	0	0.00000000	1.00000000
8	198	0	0.00000000	1.00000000
8	199	0	0.00000000	1.00000000
8	200	0	0.00000000	1.00000000
8	201	0	0.00000000	1.00000000
8	202	0	0.00000000	1.00000000
8	203	0	0.00000000	1.00000000
8	204	0	0.00000000	1.00000000
8	205	0	0.00000000	1.00000000
8	206	0	0.00000000	1.00000000
8	207	0	0.00000000	1.00000000
8	208	0	0.00000000	1.00000000
8	209	0	0.00000000	1.00000000
8	210	0	0.00000000	1.00000000
8	211	0	0.00000000	1.00000000
8	212	0	0.00000000	1.00000000
8	213	0	0.00000000	1.00000000
8	214	0	0.00000000	1.00000000
8	215	0	0.00000000	1.00000000
9	0	0	0.00000000	1.00000000
9	1	0	0.00000000	1.00000000
9	2	0	0.00000000	1.00000000
9	3	0	0.00000000	1.00000000
9	4	0	0.00000000	1.00000000
9	5	0	0.00000000	1.00000000
9	6	0	0.00000000	1.00000000
9	7	0	0.00000000	1.00000000
9	8	0	0.00000000	1.00000000
9	9	0	0.00000000	1.00000000
9	10	0	0.00000000	1.00000000
9	11	0	0.00000000	1.00000000
9	12	0	0.00000000	1.00000000
9	13	0	0.00000000	1.00000000
9	14	0	0.00000000	1.00000000
9	15	0	0.00000000	1.00000000
9	16	0	0.00000000	1.00000000
9	17	0	0.00000000	1.00000000
9	18	0	0.00000000	1.00000000
9	19	0	0.00000000	1.00000000
9	20	0	0.00000000	1.00000000
9	21	0	0.00000000	1.00000000
9	22	0	0.00000000	1.00000000
9	23	0	0.00000000	1.00000000
9	24	0	0.00000000	1.00000000
9	25	0	0.00000000	1.00000000
9	26	0	0.00000000	1.00000000
9	27	0	0.00000000	1.00000000
9	28	0	0.00000000	1.00000000
9	29	0	0.00000000	1.00000000
9	30	0	0.00000000	1.00000000
9	31	0	0.00000000	1.00000000
9	32	0	0.00000000	1.00000000
9	33	0	0.00000000	1.00000000
9	34	0	0.00000000	1.00000000
9	35	0	0.00000000	1.00000000
9	36	0	0.00000000	1.00000000
9	37	0	0.00000000	1.00000000
9	38	0	0.00000000	1.00000000
9	39	0	0.00000000	1.00000000
9	40	0	0.00000000	1.00000000
9	41	0	0.00000000	1.00000000
9	42	0	0.00000000	1.00000000
9	43	0	0.00000000	1.00000000
9	44	0	0.00000000	1.00000000
9	45	0	0.00000000	1.00000000
9	46	0	0.00000000	1.00000000
9	47	0	0.00000000	1.00000000
9	48	0	0.00000000	1.00000000
9	49	0	0.00000000	1.00000000
9	50	0	0.00000000	1.00000000
9	51	0	0.00000000	1.00000000
9	52	0	0.00000000	1.00000000
9	53	0	0.00000000	1.00000000
9	54	0	0.00000000	1.00000000
9	55	0	0.00000000	1.00000000
9	56	0	0.00000000	1.00000000
9	57	0	0.00000000	1.00000000
9	58	0	0.00000000	1.00000000
9	59	0	0.00000000	1.00000000
9	60	0	0.00000000	1.00000000
9	61	0	0.00000000	1.00000000
9	62	0	0.00000000	1.00000000
9	63	0	0.00000000	1.00000000
9	64	0	0.00000000	1.00000000
9	65	0	0.00000000	1.00000000
9	66	0	0.00000000	1.00000000
9	67	0	0.00000000	1.00000000
9	68	0	0.00000000	1.00000000
9	69	0	0.00000000	1.00000000
9	70	0	0.00000000	1.00000000
9	71	0	0.00000000	1.00000000
9	72	0	0.00000000	1.00000000
9	73	0	0.00000000	1.00000000
9	74	0	0.00000000	1.00000000
9	75	0	0.00000000	1.00000000
9	76	0	0.00000000	1.00000000
9	77	0	0.00000000	1.00000000
9	78	0	0.00000000	1.00000000
9	79	0	0.00000000	1.00000000
9	80	0	0.00000000	1.00000000
9	81	0	0.00000000	1.00000000
9	82	0	0.00000000	1.00000000
9	83	0	0.00000000	1.00000000
9	84	0	0.00000000	1.00000000
9	85	0	0.00000000	1.00000000
9	86	0	0.00000000	1.00000000
9	87	0	0.00000000	1.00000000
9	88	0	0.00000000	1.00000000
9	89	0	0.00000000	1.00000000
9	90	0	0.00000000	1.00000000
9	91	0	0.00000000	1.00000000
9	92	0	0.00000000	1.00000000
9	93	0	0.00000000	1.00000000
9	94	0	0.00000000	1.00000000
9	95	0	0.00000000	1.00000000
9	96	0	0.00000000	1.00000000
9	97	0	0.00000000	1.00000000
9	98	0	0.00000000	1.00000000
9	99	0	0.00000000	1.00000000
9	100	0	0.00000000	1.00000000
9	101	0	0.00000000	1.00000000
9	102	0	0.00000000	1.00000000
9	103	0	0.00000000	1.00000000
9	104	0	0.00000000	1.00000000
9	105	0	0.00000000	1.00000000
9	106	0	0.00000000	1.00000000
9	107	0	0.00000000	1.00000000
9	108	0	0.00000000	1.00000000
9	109	0	0.00000000	1.00000000
9	110	0	0.00000000	1.00000000
9	111	0	0.00000000	1.00000000
9	112	0	0.00000000	1.00000000
9	113	0	0.00000000	1.00000000
9	114	0	0.00000000	1.00000000
9	115	0	0.00000000	1.00000000
9	116	0	0.00000000	1.00000000
9	117	0	0.00000000	1.00000000
9	118	0	0.00000000	1.00000000
9	119	0	0.00000000	1.00000000
9	120	0	0.00000000	1.00000000
9	121	0	0.00000000	1.00000000
9	122	0	0.00000000	1.00000000
9	123	0	0.00000000	1.00000000
9	124	0	0.00000000	1.00000000
9	125	0	0.00000000	1.00000000
9	126	0	0.00000000	1.00000000
9	127	0	0.00000000	1.00000000
9	128	0	0.00000000	1.00000000
9	129	0	0.00000000	1.00000000
9	130	0	0.00000000	1.00000000
9	131	0	0.00000000	1.00000000
9	132	0	0.00000000	1.00000000
9	133	0	0.00000000	1.00000000
9	134	0	0.00000000	1.00000000
9	135	0	0.00000000	1.00000000
9	136	0	0.00000000	1.00000000
9	137	0	0.00000000	1.00000000
9	138	0	0.00000000	1.00000000
9	139	0	0.00000000	1.00000000
9	140	0	0.00000000	1.00000000
9	141	0	0.00000000	1.00000000
9	142	0	0.00000000	1.00000000
9	143	0	0.00000000	1.00000000
9	144	0	0.00000000	1.00000000
9	145	0	0.00000000	1.00000000
9	146	0	0.00000000	1.00000000
9	147	0	0.00000000	1.00000000
9	148	0	0.00000000	1.00000000
9	149	0	0.00000000	1.00000000
9	150	0	0.00000000	1.00000000
9	151	0	0.00000000	1.00000000
9	152	0	0.00000000	1.00000000
9	153	0	0.00000000	1.00000000
9	154	0	0.00000000	1.00000000
9	155	0	0.00000000	1.00000000
9	156	0	0.00000000	1.00000000
9	157	0	0.00000000	1.00000000
9	158	0	0.00000000	1.00000000
9	159	0	0.00000000	1.00000000
9	160	0	0.00000000	1.00000000
9	161	0	0.00000000	1.00000000
9	162	0	0.00000000	1.00000000
9	163	0	0.00000000	1.00000000
9	164	0	0.00000000	1.00000000
9	165	0	0.00000000	1.00000000
9	166	0	0.00000000	1.00000000
9	167	0	0.00000000	1.00000000
9	168	0	0.00000000	1.00000000
9	169	0	0.00000000	1.00000000
9	170	0	0.00000000	1.00000000
9	171	0	0.00000000	1.00000000
9	172	0	0.00000000	1.00000000
9	173	0	0.00000000	1.00000000
9	174	0	0.00000000	1.00000000
9	175	0	0.00000000	1.00000000
9	176	0	0.00000000	1.00000000
9	177	0	0.00000000	1.00000000
9	178	0	0.00000000	1.00000000
9	179	0	0.00000000	1.00000000
9	180	0	0.00000000	1.00000000
9	181	0	0.00000000	1.00000000
9	182	0	0.00000000	1.00000000
9	183	0	0.00000000	1.00000000
9	184	0	0.00000000	1.00000000
9	185	0	0.00000000	1.00000000
9	186	0	0.00000000	1.00000000
9	187	0	0.00000000	1.00000000
9	188	0	0.00000000	1.00000000
9	189	0	0.00000000	1.00000000
9	190	0	0.00000000	1.00000000
9	191	0	0.00000000	1.00000000
9	192	0	0.00000000	1.00000000
9	193	0	0.00000000	1.00000000
9	194	0	0.00000000	1.00000000
9	195	0	0.00000000	1.00000000
9	196	0	0.00000000	1.00000000
9	197	0	0.00000000	1.00000000
9	198	0	0.00000000	1.00000000
9	199	0	0.00000000	1.00000000
9	200	0	0.00000000	1.00000000
9	201	0	0.00000000	1.00000000
9	202	0	0.00000000	1.00000000
9	203	0	0.00000000	1.00000000
9	204	0	0.00000000	1.00000000
9	205	0	0.00000000	1.00000000
9	206	0	0.00000000	1.00000000
9	207	0	0.00000000	1.00000000
9	208	0	0.00000000	1.00000000
9	209	0	0.00000000	1.00000000
9	210	0	0.00000000	1.00000000
9	211	0	0.00000000	1.00000000
9	212	0	0.00000000	1.00000000
9	213	0	0.00000000	1.00000000
9	214	0	0.00000000	1.00000000
9	215	0	0.00000000	1.00000000
9	216	0	0.00000000	1.00000000
9	217	0	0.00000000	1.00000000
9	218	0	0.00000000	1.00000000
9	219	0	0.00000000	1.00000000
9	220	0	0.00000000	1.00000000
9	221	0	0.00000000	1.00000000
9	222	0	0.00000000	1.00000000
9	223	0	0.00000000	1.00000000
9	224	0	0.00000000	1.00000000
9	225	0	0.00000000	1.00000000
9	226	0	0.00000000	1.00000000
9	227	0	0.00000000	1.00000000
9	228	0	0.00000000	1.00000000
9	229	0	0.00000000	1.00000000
9	230	0	0.00000000	1.00000000
9	231	0	0.00000000	1.00000000
9	232	0	0.00000000	1.00000000
9	233	0	0.00000000	1.00000000
9	234	0	0.00000000	1.00000000
9	235	0	0.00000000	1.00000000
9	236	0	0.00000000	1.00000000
9	237	0	0.00000000	1.00000000
9	238	0	0.00000000	1.00000000
9	239	0	0.00000000	1.00000000
10	0	0	0.00000000	1.00000000
10	1	0	0.00000000	1.00000000
10	2	0	0.00000000	1.00000000
10	3	0	0.00000000	1.00000000
10	4	0	0.00000000	1.00000000
10	5	0	0.00000000	1.00000000
10	6	0	0.00000000	1.00000000
10	7	0	0.00000000	1.00000000
10	8	0	0.00000000	1.00000000
10	9	0	0.00000000	1.00000000
10	10	0	0.00000000	1.00000000
10	11	0	0.00000000	1.00000000
10	12	0	0.00000000	1.00000000
10	13	0	0.00000000	1.00000000
10	14	0	0.00000000	1.00000000
10	15	0	0.00000000	1.00000000
10	16	0	0.00000000	1.00000000
10	17	0	0.00000000	1.00000000
10	18	0	0.00000000	1.00000000
10	19	0	0.00000000	1.00000000
10	20	0	0.00000000	1.00000000
10	21	0	0.00000000	1.00000000
10	22	0	0.00000000	1.00000000
10	23	0	0.00000000	1.00000000
10	24	0	0.00000000	1.00000000
10	25	0	0.00000000	1.00000000
10	26	0	0.00000000	1.00000000
10	27	0	0.00000000	1.00000000
10	28	0	0.00000000	1.00000000
10	29	0	0.00000000	1.00000000
10	30	0	0.00000000	1.00000000
10	31	0	0.00000000	1.00000000
10	32	0	0.00000000	1.00000000
10	33	0	0.00000000	1.00000000
10	34	0	0.00000000	1.00000000
10	35	0	0.00000000	1.00000000
10	36	0	0.00000000	1.00000000
10	37	0	0.00000000	1.00000000
10	38	0	0.00000000	1.00000000
10	39	0	0.00000000	1.00000000
10	40	0	0.00000000	1.00000000
10	41	0	0.00000000	1.00000000
10	42	0	0.00000000	1.00000000
10	43	0	0.00000000	1.00000000
10	44	0	0.00000000	1.00000000
10	45	0	0.00000000	1.00000000
10	46	0	0.00000000	1.00000000
10	47	0	0.00000000	1.00000000
10	48	0	0.00000000	1.00000000
10	49	0	0.00000000	1.00000000
10	50	0	0.00000000	1.00000000
10	51	0	0.00000000	1.00000000
10	52	0	0.00000000	1.00000000
10	53	0	0.00000000	1.00000000
10	54	0	0.00000000	1.00000000
10	55	0	0.00000000	1.00000000
10	56	0	0.00000000	1.00000000
10	57	0	0.00000000	1.00000000
10	58	0	0.00000000	1.00000000
10	59	0	0.00000000	1.00000000
10	60	0	0.00000000	1.00000000
10	61	0	0.00000000	1.00000000
10	62	0	0.00000000	1.00000000
10	63	0	0.00000000	1.00000000
10	64	0	0.00000000	1.00000000
10	65	0	0.00000000	1.00000000
10	66	0	0.00000000	1.00000000
10	67	0	0.00000000	1.00000000
10	68	0	0.00000000	1.00000000
10	69	0	0.00000000	1.00000000
10	70	0	0.00000000	1.00000000
10	71	0	0.00000000	1.00000000
10	72	0	0.00000000	1.00000000
10	73	0	0.00000000	1.00000000
10	74	0	0.00000000	1.00000000
10	75	0	0.00000000	1.00000000
10	76	0	0.00000000	1.00000000
10	77	0	0.00000000	1.00000000
10	78	0	0.00000000	1.00000000
10	79	0	0.00000000	1.00000000
10	80	0	0.00000000	1.00000000
10	81	0	0.00000000	1.00000000
10	82	0	0.00000000	1.00000000
10	83	0	0.00000000	1.00000000
10	84	0	0.00000000	1.00000000
10	85	0	0.00000000	1.00000000
10	86	0	0.00000000	1.00000000
10	87	0	0.00000000	1.00000000
10	88	0	0.00000000	1.00000000
10	89	0	0.00000000	1.00000000
10	90	0	0.00000000	1.00000000
10	91	0	0.00000000	1.00000000
10	92	0	0.00000000	1.00000000
10	93	0	0.00000000	1.00000000
10	94	0	0.00000000	1.00000000
10	95	0	0.00000000	1.00000000
10	96	0	0.00000000	1.00000000
10	97	0	0.00000000	1.00000000
10	98	0	0.00000000	1.00000000
10	99	0	0.00000000	1.00000000
10	100	0	0.00000000	1.00000000
10	101	0	0.00000000	1.00000000
10	102	0	0.00000000	1.00000000
10	103	0	0.00000000	1.00000000
10	104	0	0.00000000	1.00000000
10	105	0	0.00000000	1.00000000
10	106	0	0.00000000	1.00000000
10	107	0	0.00000000	1.00000000
10	108	0	0.00000000	1.00000000
10	109	0	0.00000000	1.00000000
10	110	0	0.00000000	1.00000000
10	111	0	0.00000000	1.00000000
10	112	0	0.00000000	1.00000000
10	113	0	0.00000000	1.00000000
10	114	0	0.00000000	1.00000000
10	115	0	0.00000000	1.00000000
10	116	0	0.00000000	1.00000000
10	117	0	0.00000000	1.00000000
10	118	0	0.00000000	1.00000000
10	119	0	0.00000000	1.00000000
10	120	0	0.00000000	1.00000000
10	121	0	0.00000000	1.00000000
10	122	0	0.00000000	1.00000000
10	123	0	0.00000000	1.00000000
10	124	0	0.00000000	1.00000000
10	125	0	0.00000000	1.00000000
10	126	0	0.00000000	1.00000000
10	127	0	0.00000000	1.00000000
10	128	0	0.00000000	1.00000000
10	129	0	0.00000000	1.00000000
10	130	0	0.00000000	1.00000000
10	131	0	0.00000000	1.00000000
10	132	0	0.00000000	1.00000000
10	133	0	0.00000000	1.00000000
10	134	0	0.00000000	1.00000000
10	135	0	0.00000000	1.00000000
10	136	0	0.00000000	1.00000000
10	137	0	0.00000000	1.00000000
10	138	0	0.00000000	1.00000000
10	139	0	0.00000000	1.00000000
10	140	0	0.00000000	1.00000000
10	141	0	0.00000000	1.00000000
10	142	0	0.00000000	1.00000000
10	143	0	0.00000000	1.00000000
10	144	0	0.00000000	1.00000000
10	145	0	0.00000000	1.00000000
10	146	0	0.00000000	1.00000000
10	147	0	0.00000000	1.00000000
10	148	0	0.00000000	1.00000000
10	149	0	0.00000000	1.00000000
10	150	0	0.00000000	1.00000000
10	151	0	0.00000000	1.00000000
10	152	0	0.00000000	1.00000000
10	153	0	0.00000000	1.00000000
10	154	0	0.00000000	1.00000000
10	155	0	0.00000000	1.00000000
10	156	0	0.00000000	1.00000000
10	157	0	0.00000000	1.00000000
10	158	0	0.00000000	1.00000000
10	159	0	0.00000000	1.00000000
10	160	0	0.00000000	1.00000000
10	161	0	0.00000000	1.00000000
10	162	0	0.00000000	1.00000000
10	163	0	0.00000000	1.00000000
10	164	0	0.00000000	1.00000000
10	165	0	0.00000000	1.00000000
10	166	0	0.00000000	1.00000000
10	167	0	0.00000000	1.00000000
10	168	0	0.00000000	1.00000000
10	169	0	0.00000000	1.00000000
10	170	0	0.00000000	1.00000000
10	171	0	0.00000000	1.00000000
10	172	0	0.00000000	1.00000000
10	173	0	0.00000000	1.00000000
10	174	0	0.00000000	1.00000000
10	175	0	0.00000000	1.00000000
10	176	0	0.00000000	1.00000000
10	177	0	0.00000000	1.00000000
10	178	0	0.00000000	1.00000000
10	179	0	0.00000000	1.00000000
10	180	0	0.00000000	1.00000000
10	181	0	0.00000000	1.00000000
10	182	0	0.00000000	1.00000000
10	183	0	0.00000000	1.00000000
10	184	0	0.00000000	1.00000000
10	185	0	0.00000000	1.00000000
10	186	0	0.00000000	1.00000000
10	187	0	0.00000000	1.00000000
10	188	0	0.00000000	1.00000000
10	189	0	0.00000000	1.00000000
10	190	0	0.00000000	1.00000000
10	191	0	0.00000000	1.00000000
10	192	0	0.00000000	1.00000000
10	193	0	0.00000000	1.00000000
10	194	0	0.00000000	1.00000000
10	195	0	0.00000000	1.00000000
10	196	0	0.00000000	1.00000000
10	197	0	0.00000000	1.00000000
10	198	0	0.00000000	1.00000000
10	199	0	0.00000000	1.00000000
10	200	0	0.00000000	1.00000000
10	201	0	0.00000000	1.00000000
10	202	0	0.00000000	1.00000000
10	203	0	0.00000000	1.00000000
10	204	0	0.00000000	1.00000000
10	205	0	0.00000000	1.00000000
10	206	0	0.00000000	1.00000000
10	207	0	0.00000000	1.00000000
11	0	0	0.00000000	1.00000000
11	1	0	0.00000000	1.00000000
11	2	0	0.00000000	1.00000000
11	3	0	0.00000000	1.00000000
11	4	0	0.00000000	1.00000000
11	5	0	0.00000000	1.00000000
11	6	0	0.00000000	1.00000000
11	7	0	0.00000000	1.00000000
11	8	0	0.00000000	1.00000000
11	9	0	0.00000000	1.00000000
11	10	0	0.00000000	1.00000000
11	11	0	0.00000000	1.00000000
11	12	0	0.00000000	1.00000000
11	13	0	0.00000000	1.00000000
11	14	0	0.00000000	1.00000000
11	15	0	0.00000000	1.00000000
11	16	0	0.00000000	1.00000000
11	17	0	0.00000000	1.00000000
11	18	0	0.00000000	1.00000000
11	19	0	0.00000000	1.00000000
11	20	0	0.00000000	1.00000000
11	21	0	0.00000000	1.00000000
11	22	0	0.00000000	1.00000000
11	23	0	0.00000000	1.00000000
11	24	0	0.00000000	1.00000000
11	25	0	0.00000000	1.00000000
11	26	0	0.00000000	1.00000000
11	27	0	0.00000000	1.00000000
11	28	0	0.00000000	1.00000000
11	29	0	0.00000000	1.00000000
11	30	0	0.00000000	1.00000000
11	31	0	0.00000000	1.00000000
11	32	0	0.00000000	1.00000000
11	33	0	0.00000000	1.00000000
11	34	0	0.00000000	1.00000000
11	35	0	0.00000000	1.00000000
11	36	0	0.00000000	1.00000000
11	37	0	0.00000000	1.00000000
11	38	0	0.00000000	1.00000000
11	39	0	0.00000000	1.00000000
11	40	0	0.00000000	1.00000000
11	41	0	0.00000000	1.00000000
11	42	0	0.00000000	1.00000000
11	43	0	0.00000000	1.00000000
11	44	0	0.00000000	1.00000000
11	45	0	0.00000000	1.00000000
11	46	0	0.00000000	1.00000000
11	47	0	0.00000000	1.00000000
11	48	0	0.00000000	1.00000000
11	49	0	0.00000000	1.00000000
11	50	0	0.00000000	1.00000000
11	51	0	0.00000000	1.00000000
11	52	0	0.00000000	1.00000000
11	53	0	0.00000000	1.00000000
11	54	0	0.00000000	1.00000000
11	55	0	0.00000000	1.00000000
11	56	0	0.00000000	1.00000000
11	57	0	0.00000000	1.00000000
11	58	0	0.00000000	1.00000000
11	59	0	0.00000000	1.00000000
11	60	0	0.00000000	1.00000000
11	61	0	0.00000000	1.00000000
11	62	0	0.00000000	1.00000000
11	63	0	0.00000000	1.00000000
11	64	0	0.00000000	1.00000000
11	65	0	0.00000000	1.00000000
11	66	0	0.00000000	1.00000000
11	67	0	0.00000000	1.00000000
11	68	0	0.00000000	1.00000000
11	69	0	0.00000000	1.00000000
11	70	0	0.00000000	1.00000000
11	71	0	0.00000000	1.00000000
11	72	0	0.00000000	1.00000000
11	73	0	0.00000000	1.00000000
11	74	0	0.00000000	1.00000000
11	75	0	0.00000000	1.00000000
11	76	0	0.00000000	1.00000000
11	77	0	0.00000000	1.00000000
11	78	0	0.00000000	1.00000000
11	79	0	0.00000000	1.00000000
11	80	0	0.00000000	1.00000000
11	81	0	0.00000000	1.00000000
11	82	0	0.00000000	1.00000000
11	83	0	0.00000000	1.00000000
11	84	0	0.00000000	1.00000000
11	85	0	0.00000000	1.00000000
11	86	0	0.00000000	1.00000000
11	87	0	0.00000000	1.00000000
11	88	0	0.00000000	1.00000000
11	89	0	0.00000000	1.00000000
11	90	0	0.00000000	1.00000000
11	91	0	0.00000000	1.00000000
11	92	0	0.00000000	1.00000000
11	93	0	0.00000000	1.00000000
11	94	0	0.00000000	1.00000000
11	95	0	0.00000000	1.00000000
11	96	0	0.00000000	1.00000000
11	97	0	0.00000000	1.00000000
11	98	0	0.00000000	1.00000000
11	99	0	0.00000000	1.00000000
11	100	0	0.00000000	1.00000000
11	101	0	0.00000000	1.00000000
11	102	0	0.00000000	1.00000000
11	103	0	0.00000000	1.00000000
11	104	0	0.00000000	1.00000000
11	105	0	0.00000000	1.00000000
11	106	0	0.00000000	1.00000000
11	107	0	0.00000000	1.00000000
11	108	0	0.00000000	1.00000000
11	109	0	0.00000000	1.00000000
11	110	0	0.00000000	1.00000000
11	111	0	0.00000000	1.00000000
11	112	0	0.00000000	1.00000000
11	113	0	0.00000000	1.00000000
11	114	0	0.00000000	1.00000000
11	115	0	0.00000000	1.00000000
11	116	0	0.00000000	1.00000000
11	117	0	0.00000000	1.00000000
11	118	0	0.00000000	1.00000000
11	119	0	0.00000000	1.00000000
11	120	0	0.00000000	1.00000000
11	121	0	0.00000000	1.00000000
11	122	0	0.00000000	1.00000000
11	123	0	0.00000000	1.00000000
11	124	0	0.00000000	1.00000000
11	125	0	0.00000000	1.00000000
11	126	0	0.00000000	1.00000000
11	127	0	0.00000000	1.00000000
11	128	0	0.00000000	1.00000000
11	129	0	0.00000000	1.00000000
11	130	0	0.00000000	1.00000000
11	131	0	0.00000000	1.00000000
11	132	0	0.00000000	1.00000000
11	133	0	0.00000000	1.00000000
11	134	0	0.00000000	1.00000000
11	135	0	0.00000000	1.00000000
11	136	0	0.00000000	1.00000000
11	137	0	0.00000000	1.00000000
11	138	0	0.00000000	1.00000000
11	139	0	0.00000000	1.00000000
11	140	0	0.00000000	1.00000000
11	141	0	0.00000000	1.00000000
11	142	0	0.00000000	1.00000000
11	143	0	0.00000000	1.00000000
11	144	0	0.00000000	1.00000000
11	145	0	0.00000000	1.00000000
11	146	0	0.00000000	1.00000000
11	147	0	0.00000000	1.00000000
11	148	0	0.00000000	1.00000000
11	149	0	0.00000000	1.00000000
11	150	0	0.00000000	1.00000000
11	151	0	0.00000000	1.00000000
11	152	0	0.00000000	1.00000000
11	153	0	0.00000000	1.00000000
11	154	0	0.00000000	1.00000000
11	155	0	0.00000000	1.00000000
11	156	0	0.00000000	1.00000000
11	157	0	0.00000000	1.00000000
11	158	0	0.00000000	1.00000000
11	159	0	0.00000000	1.00000000
11	160	0	0.00000000	1.00000000
11	161	0	0.00000000	1.00000000
11	162	0	0.00000000	1.00000000
11	163	0	0.00000000	1.00000000
11	164	0	0.00000000	1.00000000
11	165	0	0.00000000	1.00000000
11	166	0	0.00000000	1.00000000
11	167	0	0.00000000	1.00000000
11	168	0	0.00000000	1.00000000
11	169	0	0.00000000	1.00000000
11	170	0	0.00000000	1.00000000
11	171	0	0.00000000	1.00000000
11	172	0	0.00000000	1.00000000
11	173	0	0.00000000	1.00000000
11	174	0	0.00000000	1.00000000
11	175	0	0.00000000	1.00000000
11	176	0	0.00000000	1.00000000
11	177	0	0.00000000	1.00000000
11	178	0	0.00000000	1.00000000
11	179	0	0.00000000	1.00000000
11	180	0	0.00000000	1.00000000
11	181	0	0.00000000	1.00000000
11	182	0	0.00000000	1.00000000
11	183	0	0.00000000	1.00000000
11	184	0	0.00000000	1.00000000
11	185	0	0.00000000	1.00000000
11	186	0	0.00000000	1.00000000
11	187	0	0.00000000	1.00000000
11	188	0	0.00000000	1.00000000
11	189	0	0.00000000	1.00000000
11	190	0	0.00000000	1.00000000
11	191	0	0.00000000	1.00000000
11	192	0	0.00000000	1.00000000
11	193	0	0.00000000	1.00000000
11	194	0	0.00000000	1.00000000
11	195	0	0.00000000	1.00000000
11	196	0	0.00000000	1.00000000
11	197	0	0.00000000	1.00000000
11	198	0	0.00000000	1.00000000
11	199	0	0.00000000	1.00000000
11	200	0	0.00000000	1.00000000
11	201	0	0.00000000	1.00000000
11	202	0	0.00000000	1.00000000
11	203	0	0.00000000	1.00000000
11	204	0	0.00000000	1.00000000
11	205	0	0.00000000	1.00000000
11	206	0	0.00000000	1.00000000
11	207	0	0.00000000	1.00000000
11	208	0	0.00000000	1.00000000
11	209	0	0.00000000	1.00000000
11	210	0	0.00000000	1.00000000
11	211	0	0.00000000	1.00000000
11	212	0	0.00000000	1.00000000
11	213	0	0.00000000	1.00000000
11	214	0	0.00000000	1.00000000
11	215	0	0.00000000	1.00000000
11	216	0	0.00000000	1.00000000
11	217	0	0.00000000	1.00000000
12	0	0	0.00000000	1.00000000
12	1	0	0.00000000	1.00000000
12	2	0	0.00000000	1.00000000
12	3	0	0.00000000	1.00000000
12	4	0	0.00000000	1.00000000
12	5	0	0.00000000	1.00000000
12	6	0	0.00000000	1.00000000
12	7	0	0.00000000	1.00000000
12	8	0	0.00000000	1.00000000
12	9	0	0.00000000	1.00000000
12	10	0	0.00000000	1.00000000
12	11	0	0.00000000	1.00000000
12	12	0	0.00000000	1.00000000
12	13	0	0.00000000	1.00000000
12	14	0	0.00000000	1.00000000
12	15	0	0.00000000	1.00000000
12	16	0	0.00000000	1.00000000
12	17	0	0.00000000	1.00000000
12	18	0	0.00000000	1.00000000
12	19	0	0.00000000	1.00000000
12	20	0	0.00000000	1.00000000
12	21	0	0.00000000	1.00000000
12	22	0	0.00000000	1.00000000
12	23	0	0.00000000	1.00000000
12	24	0	0.00000000	1.00000000
12	25	0	0.00000000	1.00000000
12	26	0	0.00000000	1.00000000
12	27	0	0.00000000	1.00000000
12	28	0	0.00000000	1.00000000
12	29	0	0.00000000	1.00000000
12	30	0	0.00000000	1.00000000
12	31	0	0.00000000	1.00000000
12	32	0	0.00000000	1.00000000
12	33	0	0.00000000	1.00000000
12	34	0	0.00000000	1.00000000
12	35	0	0.00000000	1.00000000
12	36	0	0.00000000	1.00000000
12	37	0	0.00000000	1.00000000
12	38	0	0.00000000	1.00000000
12	39	0	0.00000000	1.00000000
12	40	0	0.00000000	1.00000000
12	41	0	0.00000000	1.00000000
12	42	0	0.00000000	1.00000000
12	43	0	0.00000000	1.00000000
12	44	0	0.00000000	1.00000000
12	45	0	0.00000000	1.00000000
12	46	0	0.00000000	1.00000000
12	47	0	0.00000000	1.00000000
12	48	0	0.00000000	1.00000000
12	49	0	0.00000000	1.00000000
12	50	0	0.00000000	1.00000000
12	51	0	0.00000000	1.00000000
12	52	0	0.00000000	1.00000000
12	53	0	0.00000000	1.00000000
12	54	0	0.00000000	1.00000000
12	55	0	0.00000000	1.00000000
12	56	0	0.00000000	1.00000000
12	57	0	0.00000000	1.00000000
12	58	0	0.00000000	1.00000000
12	59	0	0.00000000	1.00000000
12	60	0	0.00000000	1.00000000
12	61	0	0.00000000	1.00000000
12	62	0	0.00000000	1.00000000
12	63	0	0.00000000	1.00000000
12	64	0	0.00000000	1.00000000
12	65	0	0.00000000	1.00000000
12	66	0	0.00000000	1.00000000
12	67	0	0.00000000	1.00000000
12	68	0	0.00000000	1.00000000
12	69	0	0.00000000	1.00000000
12	70	0	0.00000000	1.00000000
12	71	0	0.00000000	1.00000000
12	72	0	0.00000000	1.00000000
12	73	0	0.00000000	1.00000000
12	74	0	0.00000000	1.00000000
12	75	0	0.00000000	1.00000000
12	76	0	0.00000000	1.00000000
12	77	0	0.00000000	1.00000000
12	78	0	0.00000000	1.00000000
12	79	0	0.00000000	1.00000000
12	80	0	0.00000000	1.00000000
12	81	0	0.00000000	1.00000000
12	82	0	0.00000000	1.00000000
12	83	0	0.00000000	1.00000000
12	84	0	0.00000000	1.00000000
12	85	0	0.00000000	1.00000000
12	86	0	0.00000000	1.00000000
12	87	0	0.00000000	1.00000000
12	88	0	0.00000000	1.00000000
12	89	0	0.00000000	1.00000000
12	90	0	0.00000000	1.00000000
12	91	0	0.00000000	1.00000000
12	92	0	0.00000000	1.00000000
12	93	0	0.00000000	1.00000000
12	94	0	0.00000000	1.00000000
12	95	0	0.00000000	1.00000000
12	96	0	0.00000000	1.00000000
12	97	0	0.00000000	1.00000000
12	98	0	0.00000000	1.00000000
12	99	0	0.00000000	1.00000000
12	100	0	0.00000000	1.00000000
12	101	0	0.00000000	1.00000000
12	102	0	0.00000000	1.00000000
12	103	0	0.00000000	1.00000000
12	104	0	0.00000000	1.00000000
12	105	0	0.00000000	1.00000000
12	106	0	0.00000000	1.00000000
12	107	0	0.00000000	1.00000000
12	108	0	0.00000000	1.00000000
12	109	0	0.00000000	1.00000000
12	110	0	0.00000000	1.00000000
12	111	0	0.00000000	1.00000000
12	112	0	0.00000000	1.00000000
12	113	0	0.00000000	1.00000000
12	114	0	0.00000000	1.00000000
12	115	0	0.00000000	1.00000000
12	116	0	0.00000000	1.00000000
12	117	0	0.00000000	1.00000000
12	118	0	0.00000000	1.00000000
12	119	0	0.00000000	1.00000000
12	120	0	0.00000000	1.00000000
12	121	0	0.00000000	1.00000000
12	122	0	0.00000000	1.00000000
12	123	0	0.00000000	1.00000000
12	124	0	0.00000000	1.00000000
12	125	0	0.00000000	1.00000000
12	126	0	0.00000000	1.00000000
12	127	0	0.00000000	1.00000000
12	128	0	0.00000000	1.00000000
12	129	0	0.00000000	1.00000000
12	130	0	0.00000000	1.00000000
12	131	0	0.00000000	1.00000000
12	132	0	0.00000000	1.00000000
12	133	0	0.00000000	1.00000000
12	134	0	0.00000000	1.00000000
12	135	0	0.00000000	1.00000000
12	136	0	0.00000000	1.00000000
12	137	0	0.00000000	1.00000000
12	138	0	0.00000000	1.00000000
12	139	0	0.00000000	1.00000000
12	140	0	0.00000000	1.00000000
12	141	0	0.00000000	1.00000000
12	142	0	0.00000000	1.00000000
12	143	0	0.00000000	1.00000000
12	144	0	0.00000000	1.00000000
12	145	0	0.00000000	1.00000000
12	146	0	0.00000000	1.00000000
12	147	0	0.00000000	1.00000000
12	148	0	0.00000000	1.00000000
12	149	0	0.00000000	1.00000000
12	150	0	0.00000000	1.00000000
12	151	0	0.00000000	1.00000000
12	152	0	0.00000000	1.00000000
12	153	0	0.00000000	1.00000000
12	154	0	0.00000000	1.00000000
12	155	0	0.00000000	1.00000000
12	156	0	0.00000000	1.00000000
12	157	0	0.00000000	1.00000000
12	158	0	0.00000000	1.00000000
12	159	0	0.00000000	1.00000000
12	160	0	0.00000000	1.00000000
12	161	0	0.00000000	1.00000000
12	162	0	0.00000000	1.00000000
12	163	0	0.00000000	1.00000000
12	164	0	0.00000000	1.00000000
12	165	0	0.00000000	1.00000000
12	166	0	0.00000000	1.00000000
12	167	0	0.00000000	1.00000000
12	168	0	0.00000000	1.00000000
12	169	0	0.00000000	1.00000000
12	170	0	0.00000000	1.00000000
12	171	0	0.00000000	1.00000000
12	172	0	0.00000000	1.00000000
12	173	0	0.00000000	1.00000000
12	174	0	0.00000000	1.00000000
12	175	0	0.00000000	1.00000000
12	176	0	0.00000000	1.00000000
12	177	0	0.00000000	1.00000000
12	178	0	0.00000000	1.00000000
12	179	0	0.00000000	1.00000000
12	180	0	0.00000000	1.00000000
12	181	0	0.00000000	1.00000000
12	182	0	0.00000000	1.00000000
12	183	0	0.00000000	1.00000000
12	184	0	0.00000000	1.00000000
12	185	0	0.00000000	1.00000000
12	186	0	0.00000000	1.00000000
12	187	0	0.00000000	1.00000000
12	188	0	0.00000000	1.00000000
12	189	0	0.00000000	1.00000000
12	190	0	0.00000000	1.00000000
12	191	0	0.00000000	1.00000000
12	192	0	0.00000000	1.00000000
12	193	0	0.00000000	1.00000000
12	194	0	0.00000000	1.00000000
12	195	0	0.00000000	1.00000000
12	196	0	0.00000000	1.00000000
12	197	0	0.00000000	1.00000000
12	198	0	0.00000000	1.00000000
12	199	0	0.00000000	1.00000000
12	200	0	0.00000000	1.00000000
12	201	0	0.00000000	1.00000000
12	202	0	0.00000000	1.00000000
12	203	0	0.00000000	1.00000000
12	204	0	0.00000000	1.00000000
12	205	0	0.00000000	1.00000000
12	206	0	0.00000000	1.00000000
12	207	0	0.00000000	1.00000000
12	208	0	0.00000000	1.00000000
12	209	0	0.00000000	1.00000000
12	210	0	0.00000000	1.00000000
12	211	0	0.00000000	1.00000000
12	212	0	0.00000000	1.00000000
12	213	0	0.00000000	1.00000000
12	214	0	0.00000000	1.00000000
12	215	0	0.00000000	1.00000000
12	216	0	0.00000000	1.00000000
12	217	0	0.00000000	1.00000000
12	218	0	0.00000000	1.00000000
12	219	0	0.00000000	1.00000000
12	220	0	0.00000000	1.00000000
12	221	0	0.00000000	1.00000000
12	222	0	0.00000000	1.00000000
12	223	0	0.00000000	1.00000000
12	224	0	0.00000000	1.00000000
12	225	0	0.00000000	1.00000000
12	226	0	0.00000000	1.00000000
12	227	0	0.00000000	1.00000000
12	228	0	0.00000000	1.00000000
12	229	0	0.00000000	1.00000000
13	0	0	0.00000000	1.00000000
13	1	0	0.00000000	1.00000000
13	2	0	0.00000000	1.00000000
13	3	0	0.00000000	1.00000000
13	4	0	0.00000000	1.00000000
13	5	0	0.00000000	1.00000000
13	6	0	0.00000000	1.00000000
13	7	0	0.00000000	1.00000000
13	8	0	0.00000000	1.00000000
13	9	0	0.00000000	1.00000000
13	10	0	0.00000000	1.00000000
13	11	0	0.00000000	1.00000000
13	12	0	0.00000000	1.00000000
13	13	0	0.00000000	1.00000000
13	14	0	0.00000000	1.00000000
13	15	0	0.00000000	1.00000000
13	16	0	0.00000000	1.00000000
13	17	0	0.00000000	1.00000000
13	18	0	0.00000000	1.00000000
13	19	0	0.00000000	1.00000000
13	20	0	0.00000000	1.00000000
13	21	0	0.00000000	1.00000000
13	22	0	0.00000000	1.00000000
13	23	0	0.00000000	1.00000000
13	24	0	0.00000000	1.00000000
13	25	0	0.00000000	1.00000000
13	26	0	0.00000000	1.00000000
13	27	0	0.00000000	1.00000000
13	28	0	0.00000000	1.00000000
13	29	0	0.00000000	1.00000000
13	30	0	0.00000000	1.00000000
13	31	0	0.00000000	1.00000000
13	32	0	0.00000000	1.00000000
13	33	0	0.00000000	1.00000000
13	34	0	0.00000000	1.00000000
13	35	0	0.00000000	1.00000000
13	36	0	0.00000000	1.00000000
13	37	0	0.00000000	1.00000000
13	38	0	0.00000000	1.00000000
13	39	0	0.00000000	1.00000000
13	40	0	0.00000000	1.00000000
13	41	0	0.00000000	1.00000000
13	42	0	0.00000000	1.00000000
13	43	0	0.00000000	1.00000000
13	44	0	0.00000000	1.00000000
13	45	0	0.00000000	1.00000000
13	46	0	0.00000000	1.00000000
13	47	0	0.00000000	1.00000000
13	48	0	0.00000000	1.00000000
13	49	0	0.00000000	1.00000000
13	50	0	0.00000000	1.00000000
13	51	0	0.00000000	1.00000000
13	52	0	0.00000000	1.00000000
13	53	0	0.00000000	1.00000000
13	54	0	0.00000000	1.00000000
13	55	0	0.00000000	1.00000000
13	56	0	0.00000000	1.00000000
13	57	0	0.00000000	1.00000000
13	58	0	0.00000000	1.00000000
13	59	0	0.00000000	1.00000000
13	60	0	0.00000000	1.00000000
13	61	0	0.00000000	1.00000000
13	62	0	0.00000000	1.00000000
13	63	0	0.00000000	1.00000000
13	64	0	0.00000000	1.00000000
13	65	0	0.00000000	1.00000000
13	66	0	0.00000000	1.00000000
13	67	0	0.00000000	1.00000000
13	68	0	0.00000000	1.00000000
13	69	0	0.00000000	1.00000000
13	70	0	0.00000000	1.00000000
13	71	0	0.00000000	1.00000000
13	72	0	0.00000000	1.00000000
13	73	0	0.00000000	1.00000000
13	74	0	0.00000000	1.00000000
13	75	0	0.00000000	1.00000000
13	76	0	0.00000000	1.00000000
13	77	0	0.00000000	1.00000000
13	78	0	0.00000000	1.00000000
13	79	0	0.00000000	1.00000000
13	80	0	0.00000000	1.00000000
13	81	0	0.00000000	1.00000000
13	82	0	0.00000000	1.00000000
13	83	0	0.00000000	1.00000000
13	84	0	0.00000000	1.00000000
13	85	0	0.00000000	1.00000000
13	86	0	0.00000000	1.00000000
13	87	0	0.00000000	1.00000000
13	88	0	0.00000000	1.00000000
13	89	0	0.00000000	1.00000000
13	90	0	0.00000000	1.00000000
13	91	0	0.00000000	1.00000000
13	92	0	0.00000000	1.00000000
13	93	0	0.00000000	1.00000000
13	94	0	0.00000000	1.00000000
13	95	0	0.00000000	1.00000000
13	96	0	0.00000000	1.00000000
13	97	0	0.00000000	1.00000000
13	98	0	0.00000000	1.00000000
13	99	0	0.00000000	1.00000000
13	100	0	0.00000000	1.00000000
13	101	0	0.00000000	1.00000000
13	102	0	0.00000000	1.00000000
13	103	0	0.00000000	1.00000000
13	104	0	0.00000000	1.00000000
13	105	0	0.00000000	1.00000000
13	106	0	0.00000000	1.00000000
13	107	0	0.00000000	1.00000000
13	108	0	0.00000000	1.00000000
13	109	0	0.00000000	1.00000000
13	110	0	0.00000000	1.00000000
13	111	0	0.00000000	1.00000000
13	112	0	0.00000000	1.00000000
13	113	0	0.00000000	1.00000000
13	114	0	0.00000000	1.00000000
13	115	0	0.00000000	1.00000000
13	116	0	0.00000000	1.00000000
13	117	0	0.00000000	1.00000000
13	118	0	0.00000000	1.00000000
13	119	0	0.00000000	1.00000000
13	120	0	0.00000000	1.00000000
13	121	0	0.00000000	1.00000000
13	122	0	0.00000000	1.00000000
13	123	0	0.00000000	1.00000000
13	124	0	0.00000000	1.00000000
13	125	0	0.00000000	1.00000000
13	126	0	0.00000000	1.00000000
13	127	0	0.00000000	1.00000000
13	128	0	0.00000000	1.00000000
13	129	0	0.00000000	1.00000000
13	130	0	0.00000000	1.00000000
13	131	0	0.00000000	1.00000000
13	132	0	0.00000000	1.00000000
13	133	0	0.00000000	1.00000000
13	134	0	0.00000000	1.00000000
13	135	0	0.00000000	1.00000000
13	136	0	0.00000000	1.00000000
13	137	0	0.00000000	1.00000000
13	138	0	0.00000000	1.00000000
13	139	0	0.00000000	1.00000000
13	140	0	0.00000000	1.00000000
13	141	0	0.00000000	1.00000000
13	142	0	0.00000000	1.00000000
13	143	0	0.00000000	1.00000000
13	144	0	0.00000000	1.00000000
13	145	0	0.00000000	1.00000000
13	146	0	0.00000000	1.00000000
13	147	0	0.00000000	1.00000000
13	148	0	0.00000000	1.00000000
13	149	0	0.00000000	1.00000000
13	150	0	0.00000000	1.00000000
13	151	0	0.00000000	1.00000000
13	152	0	0.00000000	1.00000000
13	153	0	0.00000000	1.00000000
13	154	0	0.00000000	1.00000000
13	155	0	0.00000000	1.00000000
13	156	0	0.00000000	1.00000000
13	157	0	0.00000000	1.00000000
13	158	0	0.00000000	1.00000000
13	159	0	0.00000000	1.00000000
13	160	0	0.00000000	1.00000000
13	161	0	0.00000000	1.00000000
13	162	0	0.00000000	1.00000000
13	163	0	0.00000000	1.00000000
13	164	0	0.00000000	1.00000000
13	165	0	0.00000000	1.00000000
13	166	0	0.00000000	1.00000000
13	167	0	0.00000000	1.00000000
13	168	0	0.00000000	1.00000000
13	169	0	0.00000000	1.00000000
13	170	0	0.00000000	1.00000000
13	171	0	0.00000000	1.00000000
13	172	0	0.00000000	1.00000000
13	173	0	0.00000000	1.00000000
13	174	0	0.00000000	1.00000000
13	175	0	0.00000000	1.00000000
13	176	0	0.00000000	1.00000000
13	177	0	0.00000000	1.00000000
13	178	0	0.00000000	1.00000000
13	179	0	0.00000000	1.00000000
13	180	0	0.00000000	1.00000000
13	181	0	0.00000000	1.00000000
13	182	0	0.00000000	1.00000000
13	183	0	0.00000000	1.00000000
13	184	0	0.00000000	1.00000000
13	185	0	0.00000000	1.00000000
13	186	0	0.00000000	1.00000000
13	187	0	0.00000000	1.00000000
13	188	0	0.00000000	1.00000000
13	189	0	0.00000000	1.00000000
13	190	0	0.00000000	1.00000000
13	191	0	0.00000000	1.00000000
13	192	0	0.00000000	1.00000000
13	193	0	0.00000000	1.00000000
13	194	0	0.00000000	1.00000000
13	195	0	0.00000000	1.00000000
13	196	0	0.00000000	1.00000000
13	197	0	0.00000000	1.00000000
13	198	0	0.00000000	1.00000000
13	199	0	0.00000000	1.00000000
13	200	0	0.00000000	1.00000000
13	201	0	0.00000000	1.00000000
13	202	0	0.00000000	1.00000000
13	203	0	0.00000000	1.00000000
13	204	0	0.00000000	1.00000000
13	205	0	0.00000000	1.00000000
13	206	0	0.00000000	1.00000000
13	207	0	0.00000000	1.00000000
13	208	0	0.00000000	1.00000000
13	209	0	0.00000000	1.00000000
13	210	0	0.00000000	1.00000000
13	211	0	0.00000000	1.00000000
13	212	0	0.00000000	1.00000000
13	213	0	0.00000000	1.00000000
14	0	0	0.00000000	1.00000000
14	1	0	0.00000000	1.00000000
14	2	0	0.00000000	1.00000000
14	3	0	0.00000000	1.00000000
14	4	0	0.00000000	1.00000000
14	5	0	0.00000000	1.00000000
14	6	0	0.00000000	1.00000000
14	7	0	0.00000000	1.00000000
14	8	0	0.00000000	1.00000000
14	9	0	0.00000000	1.00000000
14	10	0	0.00000000	1.00000000
14	11	0	0.00000000	1.00000000
14	12	0	0.00000000	1.00000000
14	13	0	0.00000000	1.00000000
14	14	0	0.00000000	1.00000000
14	15	0	0.00000000	1.00000000
14	16	0	0.00000000	1.00000000
14	17	0	0.00000000	1.00000000
14	18	0	0.00000000	1.00000000
14	19	0	0.00000000	1.00000000
14	20	0	0.00000000	1.00000000
14	21	0	0.00000000	1.00000000
14	22	0	0.00000000	1.00000000
14	23	0	0.00000000	1.00000000
14	24	0	0.00000000	1.00000000
14	25	0	0.00000000	1.00000000
14	26	0	0.00000000	1.00000000
14	27	0	0.00000000	1.00000000
14	28	0	0.00000000	1.00000000
14	29	0	0.00000000	1.00000000
14	30	0	0.00000000	1.00000000
14	31	0	0.00000000	1.00000000
14	32	0	0.00000000	1.00000000
14	33	0	0.00000000	1.00000000
14	34	0	0.00000000	1.00000000
14	35	0	0.00000000	1.00000000
14	36	0	0.00000000	1.00000000
14	37	0	0.00000000	1.00000000
14	38	0	0.00000000	1.00000000
14	39	0	0.00000000	1.00000000
14	40	0	0.00000000	1.00000000
14	41	0	0.00000000	1.00000000
14	42	0	0.00000000	1.00000000
14	43	0	0.00000000	1.00000000
14	44	0	0.00000000	1.00000000
14	45	0	0.00000000	1.00000000
14	46	0	0.00000000	1.00000000
14	47	0	0.00000000	1.00000000
14	48	0	0.00000000	1.00000000
14	49	0	0.00000000	1.00000000
14	50	0	0.00000000	1.00000000
14	51	0	0.00000000	1.00000000
14	52	0	0.00000000	1.00000000
14	53	0	0.00000000	1.00000000
14	54	0	0.00000000	1.00000000
14	55	0	0.00000000	1.00000000
14	56	0	0.00000000	1.00000000
14	57	0	0.00000000	1.00000000
14	58	0	0.00000000	1.00000000
14	59	0	0.00000000	1.00000000
14	60	0	0.00000000	1.00000000
14	61	0	0.00000000	1.00000000
14	62	0	0.00000000	1.00000000
14	63	0	0.00000000	1.00000000
14	64	0	0.00000000	1.00000000
14	65	0	0.00000000	1.00000000
14	66	0	0.00000000	1.00000000
14	67	0	0.00000000	1.00000000
14	68	0	0.00000000	1.00000000
14	69	0	0.00000000	1.00000000
14	70	0	0.00000000	1.00000000
14	71	0	0.00000000	1.00000000
14	72	0	0.00000000	1.00000000
14	73	0	0.00000000	1.00000000
14	74	0	0.00000000	1.00000000
14	75	0	0.00000000	1.00000000
14	76	0	0.00000000	1.00000000
14	77	0	0.00000000	1.00000000
14	78	0	0.00000000	1.00000000
14	79	0	0.00000000	1.00000000
14	80	0	0.00000000	1.00000000
14	81	0	0.00000000	1.00000000
14	82	0	0.00000000	1.00000000
14	83	0	0.00000000	1.00000000
14	84	0	0.00000000	1.00000000
14	85	0	0.00000000	1.00000000
14	86	0	0.00000000	1.00000000
14	87	0	0.00000000	1.00000000
14	88	0	0.00000000	1.00000000
14	89	0	0.00000000	1.00000000
14	90	0	0.00000000	1.00000000
14	91	0	0.00000000	1.00000000
14	92	0	0.00000000	1.00000000
14	93	0	0.00000000	1.00000000
14	94	0	0.00000000	1.00000000
14	95	0	0.00000000	1.00000000
14	96	0	0.00000000	1.00000000
14	97	0	0.00000000	1.00000000
14	98	0	0.00000000	1.00000000
14	99	0	0.00000000	1.00000000
14	100	0	0.00000000	1.00000000
14	101	0	0.00000000	1.00000000
14	102	0	0.00000000	1.00000000
14	103	0	0.00000000	1.00000000
14	104	0	0.00000000	1.00000000
14	105	0	0.00000000	1.00000000
14	106	0	0.00000000	1.00000000
14	107	0	0.00000000	1.00000000
14	108	0	0.00000000	1.00000000
14	109	0	0.00000000	1.00000000
14	110	0	0.00000000	1.00000000
14	111	0	0.00000000	1.00000000
14	112	0	0.00000000	1.00000000
14	113	0	0.00000000	1.00000000
14	114	0	0.00000000	1.00000000
14	115	0	0.00000000	1.00000000
14	116	0	0.00000000	1.00000000
14	117	0	0.00000000	1.00000000
14	118	0	0.00000000	1.00000000
14	119	0	0.00000000	1.00000000
14	120	0	0.00000000	1.00000000
14	121	0	0.00000000	1.00000000
14	122	0	0.00000000	1.00000000
14	123	0	0.00000000	1.00000000
14	124	0	0.00000000	1.00000000
14	125	0	0.00000000	1.00000000
14	126	0	0.00000000	1.00000000
14	127	0	0.00000000	1.00000000
14	128	0	0.00000000	1.00000000
14	129	0	0.00000000	1.00000000
14	130	0	0.00000000	1.00000000
14	131	0	0.00000000	1.00000000
14	132	0	0.00000000	1.00000000
14	133	0	0.00000000	1.00000000
14	134	0	0.00000000	1.00000000
14	135	0	0.00000000	1.00000000
14	136	0	0.00000000	1.00000000
14	137	0	0.00000000	1.00000000
14	138	0	0.00000000	1.00000000
14	139	0	0.00000000	1.00000000
14	140	0	0.00000000	1.00000000
14	141	0	0.00000000	1.00000000
14	142	0	0.00000000	1.00000000
14	143	0	0.00000000	1.00000000
14	144	0	0.00000000	1.00000000
14	145	0	0.00000000	1.00000000
14	146	0	0.00000000	1.00000000
14	147	0	0.00000000	1.00000000
14	148	0	0.00000000	1.00000000
14	149	0	0.00000000	1.00000000
14	150	0	0.00000000	1.00000000
14	151	0	0.00000000	1.00000000
14	152	0	0.00000000	1.00000000
14	153	0	0.00000000	1.00000000
14	154	0	0.00000000	1.00000000
14	155	0	0.00000000	1.00000000
14	156	0	0.00000000	1.00000000
14	157	0	0.00000000	1.00000000
14	158	0	0.00000000	1.00000000
14	159	0	0.00000000	1.00000000
14	160	0	0.00000000	1.00000000
14	161	0	0.00000000	1.00000000
14	162	0	0.00000000	1.00000000
14	163	0	0.00000000	1.00000000
14	164	0	0.00000000	1.00000000
14	165	0	0.00000000	1.00000000
14	166	0	0.00000000	1.00000000
14	167	0	0.00000000	1.00000000
14	168	0	0.00000000	1.00000000
14	169	0	0.00000000	1.00000000
14	170	0	0.00000000	1.00000000
14	171	0	0.00000000	1.00000000
14	172	0	0.00000000	1.00000000
14	173	0	0.00000000	1.00000000
14	174	0	0.00000000	1.00000000
14	175	0	0.00000000	1.00000000
14	176	0	0.00000000	1.00000000
14	177	0	0.00000000	1.00000000
14	178	0	0.00000000	1.00000000
14	179	0	0.00000000	1.00000000
14	180	0	0.00000000	1.00000000
14	181	0	0.00000000	1.00000000
14	182	0	0.00000000	1.00000000
14	183	0	0.00000000	1.00000000
14	184	0	0.00000000	1.00000000
14	185	0	0.00000000	1.00000000
14	186	0	0.00000000	1.00000000
14	187	0	0.00000000	1.00000000
14	188	0	0.00000000	1.00000000
14	189	0	0.00000000	1.00000000
14	190	0	0.00000000	1.00000000
14	191	0	0.00000000	1.00000000
14	192	0	0.00000000	1.00000000
14	193	0	0.00000000	1.00000000
14	194	0	0.00000000	1.00000000
14	195	0	0.00000000	1.00000000
14	196	0	0.00000000	1.00000000
14	197	0	0.00000000	1.00000000
14	198	0	0.00000000	1.00000000
14	199	0	0.00000000	1.00000000
14	200	0	0.00000000	1.00000000
14	201	0	0.00000000	1.00000000
14	202	0	0.00000000	1.00000000
14	203	0	0.00000000	1.00000000
14	204	0	0.00000000	1.00000000
14	205	0	0.00000000	1.00000000
14	206	0	0.00000000	1.00000000
14	207	0	0.00000000	1.00000000
14	208	0	0.00000000	1.00000000
14	209	0	0.00000000	1.00000000
14	210	0	0.00000000	1.00000000
14	211	0	0.00000000	1.00000000
15	0	0	0.00000000	1.00000000
15	1	0	0.00000000	1.00000000
15	2	0	0.00000000	1.00000000
15	3	0	0.00000000	1.00000000
15	4	0	0.00000000	1.00000000
15	5	0	0.00000000	1.00000000
15	6	0	0.00000000	1.00000000
15	7	0	0.00000000	1.00000000
15	8	0	0.00000000	1.00000000
15	9	0	0.00000000	1.00000000
15	10	0	0.00000000	1.00000000
15	11	0	0.00000000	1.00000000
15	12	0	0.00000000	1.00000000
15	13	0	0.00000000	1.00000000
15	14	0	0.00000000	1.00000000
15	15	0	0.00000000	1.00000000
15	16	0	0.00000000	1.00000000
15	17	0	0.00000000	1.00000000
15	18	0	0.00000000	1.00000000
15	19	0	0.00000000	1.00000000
15	20	0	0.00000000	1.00000000
15	21	0	0.00000000	1.00000000
15	22	0	0.00000000	1.00000000
15	23	0	0.00000000	1.00000000
15	24	0	0.00000000	1.00000000
15	25	0	0.00000000	1.00000000
15	26	0	0.00000000	1.00000000
15	27	0	0.00000000	1.00000000
15	28	0	0.00000000	1.00000000
15	29	0	0.00000000	1.00000000
15	30	0	0.00000000	1.00000000
15	31	0	0.00000000	1.00000000
15	32	0	0.00000000	1.00000000
15	33	0	0.00000000	1.00000000
15	34	0	0.00000000	1.00000000
15	35	0	0.00000000	1.00000000
15	36	0	0.00000000	1.00000000
15	37	0	0.00000000	1.00000000
15	38	0	0.00000000	1.00000000
15	39	0	0.00000000	1.00000000
15	40	0	0.00000000	1.00000000
15	41	0	0.00000000	1.00000000
15	42	0	0.00000000	1.00000000
15	43	0	0.00000000	1.00000000
15	44	0	0.00000000	1.00000000
15	45	0	0.00000000	1.00000000
15	46	0	0.00000000	1.00000000
15	47	0	0.00000000	1.00000000
15	48	0	0.00000000	1.00000000
15	49	0	0.00000000	1.00000000
15	50	0	0.00000000	1.00000000
15	51	0	0.00000000	1.00000000
15	52	0	0.00000000	1.00000000
15	53	0	0.00000000	1.00000000
15	54	0	0.00000000	1.00000000
15	55	0	0.00000000	1.00000000
15	56	0	0.00000000	1.00000000
15	57	0	0.00000000	1.00000000
15	58	0	0.00000000	1.00000000
15	59	0	0.00000000	1.00000000
15	60	0	0.00000000	1.00000000
15	61	0	0.00000000	1.00000000
15	62	0	0.00000000	1.00000000
15	63	0	0.00000000	1.00000000
15	64	0	0.00000000	1.00000000
15	65	0	0.00000000	1.00000000
15	66	0	0.00000000	1.00000000
15	67	0	0.00000000	1.00000000
15	68	0	0.00000000	1.00000000
15	69	0	0.00000000	1.00000000
15	70	0	0.00000000	1.00000000
15	71	0	0.00000000	1.00000000
15	72	0	0.00000000	1.00000000
15	73	0	0.00000000	1.00000000
15	74	0	0.00000000	1.00000000
15	75	0	0.00000000	1.00000000
15	76	0	0.00000000	1.00000000
15	77	0	0.00000000	1.00000000
15	78	0	0.00000000	1.00000000
15	79	0	0.00000000	1.00000000
15	80	0	0.00000000	1.00000000
15	81	0	0.00000000	1.00000000
15	82	0	0.00000000	1.00000000
15	83	0	0.00000000	1.00000000
15	84	0	0.00000000	1.00000000
15	85	0	0.00000000	1.00000000
15	86	0	0.00000000	1.00000000
15	87	0	0.00000000	1.00000000
15	88	0	0.00000000	1.00000000
15	89	0	0.00000000	1.00000000
15	90	0	0.00000000	1.00000000
15	91	0	0.00000000	1.00000000
15	92	0	0.00000000	1.00000000
15	93	0	0.00000000	1.00000000
15	94	0	0.00000000	1.00000000
15	95	0	0.00000000	1.00000000
15	96	0	0.00000000	1.00000000
15	97	0	0.00000000	1.00000000
15	98	0	0.00000000	1.00000000
15	99	0	0.00000000	1.00000000
15	100	0	0.00000000	1.00000000
15	101	0	0.00000000	1.00000000
15	102	0	0.00000000	1.00000000
15	103	0	0.00000000	1.00000000
15	104	0	0.00000000	1.00000000
15	105	0	0.00000000	1.00000000
15	106	0	0.00000000	1.00000000
15	107	0	0.00000000	1.00000000
15	108	0	0.00000000	1.00000000
15	109	0	0.00000000	1.00000000
15	110	0	0.00000000	1.00000000
15	111	0	0.00000000	1.00000000
15	112	0	0.00000000	1.00000000
15	113	0	0.00000000	1.00000000
15	114	0	0.00000000	1.00000000
15	115	0	0.00000000	1.00000000
15	116	0	0.00000000	1.00000000
15	117	0	0.00000000	1.00000000
15	118	0	0.00000000	1.00000000
15	119	0	0.00000000	1.00000000
15	120	0	0.00000000	1.00000000
15	121	0	0.00000000	1.00000000
15	122	0	0.00000000	1.00000000
15	123	0	0.00000000	1.00000000
15	124	0	0.00000000	1.00000000
15	125	0	0.00000000	1.00000000
15	126	0	0.00000000	1.00000000
15	127	0	0.00000000	1.00000000
15	128	0	0.00000000	1.00000000
15	129	0	0.00000000	1.00000000
15	130	0	0.00000000	1.00000000
15	131	0	0.00000000	1.00000000
15	132	0	0.00000000	1.00000000
15	133	0	0.00000000	1.00000000
15	134	0	0.00000000	1.00000000
15	135	0	0.00000000	1.00000000
15	136	0	0.00000000	1.00000000
15	137	0	0.00000000	1.00000000
15	138	0	0.00000000	1.00000000
15	139	0	0.00000000	1.00000000
15	140	0	0.00000000	1.00000000
15	141	0	0.00000000	1.00000000
15	142	0	0.00000000	1.00000000
15	143	0	0.00000000	1.00000000
15	144	0	0.00000000	1.00000000
15	145	0	0.00000000	1.00000000
15	146	0	0.00000000	1.00000000
15	147	0	0.00000000	1.00000000
15	148	0	0.00000000	1.00000000
15	149	0	0.00000000	1.00000000
15	150	0	0.00000000	1.00000000
15	151	0	0.00000000	1.00000000
15	152	0	0.00000000	1.00000000
15	153	0	0.00000000	1.00000000
15	154	0	0.00000000	1.00000000
15	155	0	0.00000000	1.00000000
15	156	0	0.00000000	1.00000000
15	157	0	0.00000000	1.00000000
15	158	0	0.00000000	1.00000000
15	159	0	0.00000000	1.00000000
15	160	0	0.00000000	1.00000000
15	161	0	0.00000000	1.00000000
15	162	0	0.00000000	1.00000000
15	163	0	0.00000000	1.00000000
15	164	0	0.00000000	1.00000000
15	165	0	0.00000000	1.00000000
15	166	0	0.00000000	1.00000000
15	167	0	0.00000000	1.00000000
15	168	0	0.00000000	1.00000000
15	169	0	0.00000000	1.00000000
15	170	0	0.00000000	1.00000000
15	171	0	0.00000000	1.00000000
15	172	0	0.00000000	1.00000000
15	173	0	0.00000000	1.00000000
15	174	0	0.00000000	1.00000000
15	175	0	0.00000000	1.00000000
15	176	0	0.00000000	1.00000000
15	177	0	0.00000000	1.00000000
15	178	0	0.00000000	1.00000000
15	179	0	0.00000000	1.00000000
15	180	0	0.00000000	1.00000000
15	181	0	0.00000000	1.00000000
15	182	0	0.00000000	1.00000000
15	183	0	0.00000000	1.00000000
15	184	0	0.00000000	1.00000000
15	185	0	0.00000000	1.00000000
15	186	0	0.00000000	1.00000000
15	187	0	0.00000000	1.00000000
15	188	0	0.00000000	1.00000000
15	189	0	0.00000000	1.00000000
15	190	0	0.00000000	1.00000000
15	191	0	0.00000000	1.00000000
15	192	0	0.00000000	1.00000000
15	193	0	0.00000000	1.00000000
15	194	0	0.00000000	1.00000000
15	195	0	0.00000000	1.00000000
15	196	0	0.00000000	1.00000000
15	197	0	0.00000000	1.00000000
15	198	0	0.00000000	1.00000000
15	199	0	0.00000000	1.00000000
15	200	0	0.00000000	1.00000000
15	201	0	0.00000000	1.00000000
15	202	0	0.00000000	1.00000000
15	203	0	0.00000000	1.00000000
15	204	0	0.00000000	1.00000000
15	205	0	0.00000000	1.00000000
15	206	0	0.00000000	1.00000000
15	207	0	0.00000000	1.00000000
15	208	0	0.00000000	1.00000000
15	209	0	0.00000000	1.00000000
15	210	0	0.00000000	1.00000000
15	211	0	0.00000000	1.00000000
15	212	0	0.00000000	1.00000000
15	213	0	0.00000000	1.00000000
16	0	0	0.00000000	1.00000000
16	1	0	0.00000000	1.00000000
16	2	0	0.00000000	1.00000000
16	3	0	0.00000000	1.00000000
16	4	0	0.00000000	1.00000000
16	5	0	0.00000000	1.00000000
16	6	0	0.00000000	1.00000000
16	7	0	0.00000000	1.00000000
16	8	0	0.00000000	1.00000000
16	9	0	0.00000000	1.00000000
16	10	0	0.00000000	1.00000000
16	11	0	0.00000000	1.00000000
16	12	0	0.00000000	1.00000000
16	13	0	0.00000000	1.00000000
16	14	0	0.00000000	1.00000000
16	15	0	0.00000000	1.00000000
16	16	0	0.00000000	1.00000000
16	17	0	0.00000000	1.00000000
16	18	0	0.00000000	1.00000000
16	19	0	0.00000000	1.00000000
16	20	0	0.00000000	1.00000000
16	21	0	0.00000000	1.00000000
16	22	0	0.00000000	1.00000000
16	23	0	0.00000000	1.00000000
16	24	0	0.00000000	1.00000000
16	25	0	0.00000000	1.00000000
16	26	0	0.00000000	1.00000000
16	27	0	0.00000000	1.00000000
16	28	0	0.00000000	1.00000000
16	29	0	0.00000000	1.00000000
16	30	0	0.00000000	1.00000000
16	31	0	0.00000000	1.00000000
16	32	0	0.00000000	1.00000000
16	33	0	0.00000000	1.00000000
16	34	0	0.00000000	1.00000000
16	35	0	0.00000000	1.00000000
16	36	0	0.00000000	1.00000000
16	37	0	0.00000000	1.00000000
16	38	0	0.00000000	1.00000000
16	39	0	0.00000000	1.00000000
16	40	0	0.00000000	1.00000000
16	41	0	0.00000000	1.00000000
16	42	0	0.00000000	1.00000000
16	43	0	0.00000000	1.00000000
16	44	0	0.00000000	1.00000000
16	45	0	0.00000000	1.00000000
16	46	0	0.00000000	1.00000000
16	47	0	0.00000000	1.00000000
16	48	0	0.00000000	1.00000000
16	49	0	0.00000000	1.00000000
16	50	0	0.00000000	1.00000000
16	51	0	0.00000000	1.00000000
16	52	0	0.00000000	1.00000000
16	53	0	0.00000000	1.00000000
16	54	0	0.00000000	1.00000000
16	55	0	0.00000000	1.00000000
16	56	0	0.00000000	1.00000000
16	57	0	0.00000000	1.00000000
16	58	0	0.00000000	1.00000000
16	59	0	0.00000000	1.00000000
16	60	0	0.00000000	1.00000000
16	61	0	0.00000000	1.00000000
16	62	0	0.00000000	1.00000000
16	63	0	0.00000000	1.00000000
16	64	0	0.00000000	1.00000000
16	65	0	0.00000000	1.00000000
16	66	0	0.00000000	1.00000000
16	67	0	0.00000000	1.00000000
16	68	0	0.00000000	1.00000000
16	69	0	0.00000000	1.00000000
16	70	0	0.00000000	1.00000000
16	71	0	0.00000000	1.00000000
16	72	0	0.00000000	1.00000000
16	73	0	0.00000000	1.00000000
16	74	0	0.00000000	1.00000000
16	75	0	0.00000000	1.00000000
16	76	0	0.00000000	1.00000000
16	77	0	0.00000000	1.00000000
16	78	0	0.00000000	1.00000000
16	79	0	0.00000000	1.00000000
16	80	0	0.00000000	1.00000000
16	81	0	0.00000000	1.00000000
16	82	0	0.00000000	1.00000000
16	83	0	0.00000000	1.00000000
16	84	0	0.00000000	1.00000000
16	85	0	0.00000000	1.00000000
16	86	0	0.00000000	1.00000000
16	87	0	0.00000000	1.00000000
16	88	0	0.00000000	1.00000000
16	89	0	0.00000000	1.00000000
16	90	0	0.00000000	1.00000000
16	91	0	0.00000000	1.00000000
16	92	0	0.00000000	1.00000000
16	93	0	0.00000000	1.00000000
16	94	0	0.00000000	1.00000000
16	95	0	0.00000000	1.00000000
16	96	0	0.00000000	1.00000000
16	97	0	0.00000000	1.00000000
16	98	0	0.00000000	1.00000000
16	99	0	0.00000000	1.00000000
16	100	0	0.00000000	1.00000000
16	101	0	0.00000000	1.00000000
16	102	0	0.00000000	1.00000000
16	103	0	0.00000000	1.00000000
16	104	0	0.00000000	1.00000000
16	105	0	0.00000000	1.00000000
16	106	0	0.00000000	1.00000000
16	107	0	0.00000000	1.00000000
16	108	0	0.00000000	1.00000000
16	109	0	0.00000000	1.00000000
16	110	0	0.00000000	1.00000000
16	111	0	0.00000000	1.00000000
16	112	0	0.00000000	1.00000000
16	113	0	0.00000000	1.00000000
16	114	0	0.00000000	1.00000000
16	115	0	0.00000000	1.00000000
16	116	0	0.00000000	1.00000000
16	117	0	0.00000000	1.00000000
16	118	0	0.00000000	1.00000000
16	119	0	0.00000000	1.00000000
16	120	0	0.00000000	1.00000000
16	121	0	0.00000000	1.00000000
16	122	0	0.00000000	1.00000000
16	123	0	0.00000000	1.00000000
16	124	0	0.00000000	1.00000000
16	125	0	0.00000000	1.00000000
16	126	0	0.00000000	1.00000000
16	127	0	0.00000000	1.00000000
16	128	0	0.00000000	1.00000000
16	129	0	0.00000000	1.00000000
16	130	0	0.00000000	1.00000000
16	131	0	0.00000000	1.00000000
16	132	0	0.00000000	1.00000000
16	133	0	0.00000000	1.00000000
16	134	0	0.00000000	1.00000000
16	135	0	0.00000000	1.00000000
16	136	0	0.00000000	1.00000000
16	137	0	0.00000000	1.00000000
16	138	0	0.00000000	1.00000000
16	139	0	0.00000000	1.00000000
16	140	0	0.00000000	1.00000000
16	141	0	0.00000000	1.00000000
16	142	0	0.00000000	1.00000000
16	143	0	0.00000000	1.00000000
16	144	0	0.00000000	1.00000000
16	145	0	0.00000000	1.00000000
16	146	0	0.00000000	1.00000000
16	147	0	0.00000000	1.00000000
16	148	0	0.00000000	1.00000000
16	149	0	0.00000000	1.00000000
16	150	0	0.00000000	1.00000000
16	151	0	0.00000000	1.00000000
16	152	0	0.00000000	1.00000000
16	153	0	0.00000000	1.00000000
16	154	0	0.00000000	1.00000000
16	155	0	0.00000000	1.00000000
16	156	0	0.00000000	1.00000000
16	157	0	0.00000000	1.00000000
16	158	0	0.00000000	1.00000000
16	159	0	0.00000000	1.00000000
16	160	0	0.00000000	1.00000000
16	161	0	0.00000000	1.00000000
16	162	0	0.00000000	1.00000000
16	163	0	0.00000000	1.00000000
16	164	0	0.00000000	1.00000000
16	165	0	0.00000000	1.00000000
16	166	0	0.00000000	1.00000000
16	167	0	0.00000000	1.00000000
16	168	0	0.00000000	1.00000000
16	169	0	0.00000000	1.00000000
16	170	0	0.00000000	1.00000000
16	171	0	0.00000000	1.00000000
16	172	0	0.00000000	1.00000000
16	173	0	0.00000000	1.00000000
16	174	0	0.00000000	1.00000000
16	175	0	0.00000000	1.00000000
16	176	0	0.00000000	1.00000000
16	177	0	0.00000000	1.00000000
16	178	0	0.00000000	1.00000000
16	179	0	0.00000000	1.00000000
16	180	0	0.00000000	1.00000000
16	181	0	0.00000000	1.00000000
16	182	0	0.00000000	1.00000000
16	183	0	0.00000000	1.00000000
16	184	0	0.00000000	1.00000000
16	185	0	0.00000000	1.00000000
16	186	0	0.00000000	1.00000000
16	187	0	0.00000000	1.00000000
16	188	0	0.00000000	1.00000000
16	189	0	0.00000000	1.00000000
16	190	0	0.00000000	1.00000000
16	191	0	0.00000000	1.00000000
16	192	0	0.00000000	1.00000000
16	193	0	0.00000000	1.00000000
16	194	0	0.00000000	1.00000000
16	195	0	0.00000000	1.00000000
16	196	0	0.00000000	1.00000000
16	197	0	0.00000000	1.00000000
16	198	0	0.00000000	1.00000000
16	199	0	0.00000000	1.00000000
16	200	0	0.00000000	1.00000000
16	201	0	0.00000000	1.00000000
16	202	0	0.00000000	1.00000000
16	203	0	0.00000000	1.00000000
16	204	0	0.00000000	1.00000000
16	205	0	0.00000000	1.00000000
16	206	0	0.00000000	1.00000000
16	207	0	0.00000000	1.00000000
16	208	0	0.00000000	1.00000000
16	209	0	0.00000000	1.00000000
16	210	0	0.00000000	1.00000000
16	211	0	0.00000000	1.00000000
16	212	0	0.00000000	1.00000000
16	213	0	0.00000000	1.00000000
16	214	0	0.00000000	1.00000000
16	215	0	0.00000000	1.00000000
16	216	0	0.00000000	1.00000000
16	217	0	0.00000000	1.00000000
16	218	0	0.00000000	1.00000000
16	219	0	0.00000000	1.00000000
17	0	0	0.00000000	1.00000000
17	1	0	0.00000000	1.00000000
17	2	0	0.00000000	1.00000000
17	3	0	0.00000000	1.00000000
17	4	0	0.00000000	1.00000000
17	5	0	0.00000000	1.00000000
17	6	0	0.00000000	1.00000000
17	7	0	0.00000000	1.00000000
17	8	0	0.00000000	1.00000000
17	9	0	0.00000000	1.00000000
17	10	0	0.00000000	1.00000000
17	11	0	0.00000000	1.00000000
17	12	0	0.00000000	1.00000000
17	13	0	0.00000000	1.00000000
17	14	0	0.00000000	1.00000000
17	15	0	0.00000000	1.00000000
17	16	0	0.00000000	1.00000000
17	17	0	0.00000000	1.00000000
17	18	0	0.00000000	1.00000000
17	19	0	0.00000000	1.00000000
17	20	0	0.00000000	1.00000000
17	21	0	0.00000000	1.00000000
17	22	0	0.00000000	1.00000000
17	23	0	0.00000000	1.00000000
17	24	0	0.00000000	1.00000000
17	25	0	0.00000000	1.00000000
17	26	0	0.00000000	1.00000000
17	27	0	0.00000000	1.00000000
17	28	0	0.00000000	1.00000000
17	29	0	0.00000000	1.00000000
17	30	0	0.00000000	1.00000000
17	31	0	0.00000000	1.00000000
17	32	0	0.00000000	1.00000000
17	33	0	0.00000000	1.00000000
17	34	0	0.00000000	1.00000000
17	35	0	0.00000000	1.00000000
17	36	0	0.00000000	1.00000000
17	37	0	0.00000000	1.00000000
17	38	0	0.00000000	1.00000000
17	39	0	0.00000000	1.00000000
17	40	0	0.00000000	1.00000000
17	41	0	0.00000000	1.00000000
17	42	0	0.00000000	1.00000000
17	43	0	0.00000000	1.00000000
17	44	0	0.00000000	1.00000000
17	45	0	0.00000000	1.00000000
17	46	0	0.00000000	1.00000000
17	47	0	0.00000000	1.00000000
17	48	0	0.00000000	1.00000000
17	49	0	0.00000000	1.00000000
17	50	0	0.00000000	1.00000000
17	51	0	0.00000000	1.00000000
17	52	0	0.00000000	1.00000000
17	53	0	0.00000000	1.00000000
17	54	0	0.00000000	1.00000000
17	55	0	0.00000000	1.00000000
17	56	0	0.00000000	1.00000000
17	57	0	0.00000000	1.00000000
17	58	0	0.00000000	1.00000000
17	59	0	0.00000000	1.00000000
17	60	0	0.00000000	1.00000000
17	61	0	0.00000000	1.00000000
17	62	0	0.00000000	1.00000000
17	63	0	0.00000000	1.00000000
17	64	0	0.00000000	1.00000000
17	65	0	0.00000000	1.00000000
17	66	0	0.00000000	1.00000000
17	67	0	0.00000000	1.00000000
17	68	0	0.00000000	1.00000000
17	69	0	0.00000000	1.00000000
17	70	0	0.00000000	1.00000000
17	71	0	0.00000000	1.00000000
17	72	0	0.00000000	1.00000000
17	73	0	0.00000000	1.00000000
17	74	0	0.00000000	1.00000000
17	75	0	0.00000000	1.00000000
17	76	0	0.00000000	1.00000000
17	77	0	0.00000000	1.00000000
17	78	0	0.00000000	1.00000000
17	79	0	0.00000000	1.00000000
17	80	0	0.00000000	1.00000000
17	81	0	0.00000000	1.00000000
17	82	0	0.00000000	1.00000000
17	83	0	0.00000000	1.00000000
17	84	0	0.00000000	1.00000000
17	85	0	0.00000000	1.00000000
17	86	0	0.00000000	1.00000000
17	87	0	0.00000000	1.00000000
17	88	0	0.00000000	1.00000000
17	89	0	0.00000000	1.00000000
17	90	0	0.00000000	1.00000000
17	91	0	0.00000000	1.00000000
17	92	0	0.00000000	1.00000000
17	93	0	0.00000000	1.00000000
17	94	0	0.00000000	1.00000000
17	95	0	0.00000000	1.00000000
17	96	0	0.00000000	1.00000000
17	97	0	0.00000000	1.00000000
17	98	0	0.00000000	1.00000000
17	99	0	0.00000000	1.00000000
17	100	0	0.00000000	1.00000000
17	101	0	0.00000000	1.00000000
17	102	0	0.00000000	1.00000000
17	103	0	0.00000000	1.00000000
17	104	0	0.00000000	1.00000000
17	105	0	0.00000000	1.00000000
17	106	0	0.00000000	1.00000000
17	107	0	0.00000000	1.00000000
17	108	0	0.00000000	1.00000000
17	109	0	0.00000000	1.00000000
17	110	0	0.00000000	1.00000000
17	111	0	0.00000000	1.00000000
17	112	0	0.00000000	1.00000000
17	113	0	0.00000000	1.00000000
17	114	0	0.00000000	1.00000000
17	115	0	0.00000000	1.00000000
17	116	0	0.00000000	1.00000000
17	117	0	0.00000000	1.00000000
17	118	0	0.00000000	1.00000000
17	119	0	0.00000000	1.00000000
17	120	0	0.00000000	1.00000000
17	121	0	0.00000000	1.00000000
17	122	0	0.00000000	1.00000000
17	123	0	0.00000000	1.00000000
17	124	0	0.00000000	1.00000000
17	125	0	0.00000000	1.00000000
17	126	0	0.00000000	1.00000000
17	127	0	0.00000000	1.00000000
17	128	0	0.00000000	1.00000000
17	129	0	0.00000000	1.00000000
17	130	0	0.00000000	1.00000000
17	131	0	0.00000000	1.00000000
17	132	0	0.00000000	1.00000000
17	133	0	0.00000000	1.00000000
17	134	0	0.00000000	1.00000000
17	135	0	0.00000000	1.00000000
17	136	0	0.00000000	1.00000000
17	137	0	0.00000000	1.00000000
17	138	0	0.00000000	1.00000000
17	139	0	0.00000000	1.00000000
17	140	0	0.00000000	1.00000000
17	141	0	0.00000000	1.00000000
17	142	0	0.00000000	1.00000000
17	143	0	0.00000000	1.00000000
17	144	0	0.00000000	1.00000000
17	145	0	0.00000000	1.00000000
17	146	0	0.00000000	1.00000000
17	147	0	0.00000000	1.00000000
17	148	0	0.00000000	1.00000000
17	149	0	0.00000000	1.00000000
17	150	0	0.00000000	1.00000000
17	151	0	0.00000000	1.00000000
17	152	0	0.00000000	1.00000000
17	153	0	0.00000000	1.00000000
17	154	0	0.00000000	1.00000000
17	155	0	0.00000000	1.00000000
17	156	0	0.00000000	1.00000000
17	157	0	0.00000000	1.00000000
17	158	0	0.00000000	1.00000000
17	159	0	0.00000000	1.00000000
17	160	0	0.00000000	1.00000000
17	161	0	0.00000000	1.00000000
17	162	0	0.00000000	1.00000000
17	163	0	0.00000000	1.00000000
17	164	0	0.00000000	1.00000000
17	165	0	0.00000000	1.00000000
17	166	0	0.00000000	1.00000000
17	167	0	0.00000000	1.00000000
17	168	0	0.00000000	1.00000000
17	169	0	0.00000000	1.00000000
17	170	0	0.00000000	1.00000000
17	171	0	0.00000000	1.00000000
17	172	0	0.00000000	1.00000000
17	173	0	0.00000000	1.00000000
17	174	0	0.00000000	1.00000000
17	175	0	0.00000000	1.00000000
17	176	0	0.00000000	1.00000000
17	177	0	0.00000000	1.00000000
17	178	0	0.00000000	1.00000000
17	179	0	0.00000000	1.00000000
17	180	0	0.00000000	1.00000000
17	181	0	0.00000000	1.00000000
17	182	0	0.00000000	1.00000000
17	183	0	0.00000000	1.00000000
17	184	0	0.00000000	1.00000000
17	185	0	0.00000000	1.00000000
17	186	0	0.00000000	1.00000000
17	187	0	0.00000000	1.00000000
17	188	0	0.00000000	1.00000000
17	189	0	0.00000000	1.00000000
17	190	0	0.00000000	1.00000000
17	191	0	0.00000000	1.00000000
17	192	0	0.00000000	1.00000000
17	193	0	0.00000000	1.00000000
17	194	0	0.00000000	1.00000000
17	195	0	0.00000000	1.00000000
17	196	0	0.00000000	1.00000000
17	197	0	0.00000000	1.00000000
17	198	0	0.00000000	1.00000000
17	199	0	0.00000000	1.00000000
17	200	0	0.00000000	1.00000000
17	201	0	0.00000000	1.00000000
17	202	0	0.00000000	1.00000000
17	203	0	0.00000000	1.00000000
17	204	0	0.00000000	1.00000000
17	205	0	0.00000000	1.00000000
17	206	0	0.00000000	1.00000000
17	207	0	0.00000000	1.00000000
17	208	0	0.00000000	1.00000000
17	209	0	0.00000000	1.00000000
17	210	0	0.00000000	1.00000000
17	211	0	0.00000000	1.00000000
17	212	0	0.00000000	1.00000000
17	213	0	0.00000000	1.00000000
17	214	0	0.00000000	1.00000000
17	215	0	0.00000000	1.00000000
17	216	0	0.00000000	1.00000000
17	217	0	0.00000000	1.00000000
17	218	0	0.00000000	1.00000000
17	219	0	0.00000000	1.00000000
17	220	0	0.00000000	1.00000000
17	221	0	0.00000000	1.00000000
17	222	0	0.00000000	1.00000000
17	223	0	0.00000000	1.00000000
18	0	0	0.00000000	1.00000000
18	1	0	0.00000000	1.00000000
18	2	0	0.00000000	1.00000000
18	3	0	0.00000000	1.00000000
18	4	0	0.00000000	1.00000000
18	5	0	0.00000000	1.00000000
18	6	0	0.00000000	1.00000000
18	7	0	0.00000000	1.00000000
18	8	0	0.00000000	1.00000000
18	9	0	0.00000000	1.00000000
18	10	0	0.00000000	1.00000000
18	11	0	0.00000000	1.00000000
18	12	0	0.00000000	1.00000000
18	13	0	0.00000000	1.00000000
18	14	0	0.00000000	1.00000000
18	15	0	0.00000000	1.00000000
18	16	0	0.00000000	1.00000000
18	17	0	0.00000000	1.00000000
18	18	0	0.00000000	1.00000000
18	19	0	0.00000000	1.00000000
18	20	0	0.00000000	1.00000000
18	21	0	0.00000000	1.00000000
18	22	0	0.00000000	1.00000000
18	23	0	0.00000000	1.00000000
18	24	0	0.00000000	1.00000000
18	25	0	0.00000000	1.00000000
18	26	0	0.00000000	1.00000000
18	27	0	0.00000000	1.00000000
18	28	0	0.00000000	1.00000000
18	29	0	0.00000000	1.00000000
18	30	0	0.00000000	1.00000000
18	31	0	0.00000000	1.00000000
18	32	0	0.00000000	1.00000000
18	33	0	0.00000000	1.00000000
18	34	0	0.00000000	1.00000000
18	35	0	0.00000000	1.00000000
18	36	0	0.00000000	1.00000000
18	37	0	0.00000000	1.00000000
18	38	0	0.00000000	1.00000000
18	39	0	0.00000000	1.00000000
18	40	0	0.00000000	1.00000000
18	41	0	0.00000000	1.00000000
18	42	0	0.00000000	1.00000000
18	43	0	0.00000000	1.00000000
18	44	0	0.00000000	1.00000000
18	45	0	0.00000000	1.00000000
18	46	0	0.00000000	1.00000000
18	47	0	0.00000000	1.00000000
18	48	0	0.00000000	1.00000000
18	49	0	0.00000000	1.00000000
18	50	0	0.00000000	1.00000000
18	51	0	0.00000000	1.00000000
18	52	0	0.00000000	1.00000000
18	53	0	0.00000000	1.00000000
18	54	0	0.00000000	1.00000000
18	55	0	0.00000000	1.00000000
18	56	0	0.00000000	1.00000000
18	57	0	0.00000000	1.00000000
18	58	0	0.00000000	1.00000000
18	59	0	0.00000000	1.00000000
18	60	0	0.00000000	1.00000000
18	61	0	0.00000000	1.00000000
18	62	0	0.00000000	1.00000000
18	63	0	0.00000000	1.00000000
18	64	0	0.00000000	1.00000000
18	65	0	0.00000000	1.00000000
18	66	0	0.00000000	1.00000000
18	67	0	0.00000000	1.00000000
18	68	0	0.00000000	1.00000000
18	69	0	0.00000000	1.00000000
18	70	0	0.00000000	1.00000000
18	71	0	0.00000000	1.00000000
18	72	0	0.00000000	1.00000000
18	73	0	0.00000000	1.00000000
18	74	0	0.00000000	1.00000000
18	75	0	0.00000000	1.00000000
18	76	0	0.00000000	1.00000000
18	77	0	0.00000000	1.00000000
18	78	0	0.00000000	1.00000000
18	79	0	0.00000000	1.00000000
18	80	0	0.00000000	1.00000000
18	81	0	0.00000000	1.00000000
18	82	0	0.00000000	1.00000000
18	83	0	0.00000000	1.00000000
18	84	0	0.00000000	1.00000000
18	85	0	0.00000000	1.00000000
18	86	0	0.00000000	1.00000000
18	87	0	0.00000000	1.00000000
18	88	0	0.00000000	1.00000000
18	89	0	0.00000000	1.00000000
18	90	0	0.00000000	1.00000000
18	91	0	0.00000000	1.00000000
18	92	0	0.00000000	1.00000000
18	93	0	0.00000000	1.00000000
18	94	0	0.00000000	1.00000000
18	95	0	0.00000000	1.00000000
18	96	0	0.00000000	1.00000000
18	97	0	0.00000000	1.00000000
18	98	0	0.00000000	1.00000000
18	99	0	0.00000000	1.00000000
18	100	0	0.00000000	1.00000000
18	101	0	0.00000000	1.00000000
18	102	0	0.00000000	1.00000000
18	103	0	0.00000000	1.00000000
18	104	0	0.00000000	1.00000000
18	105	0	0.00000000	1.00000000
18	106	0	0.00000000	1.00000000
18	107	0	0.00000000	1.00000000
18	108	0	0.00000000	1.00000000
18	109	0	0.00000000	1.00000000
18	110	0	0.00000000	1.00000000
18	111	0	0.00000000	1.00000000
18	112	0	0.00000000	1.00000000
18	113	0	0.00000000	1.00000000
18	114	0	0.00000000	1.00000000
18	115	0	0.00000000	1.00000000
18	116	0	0.00000000	1.00000000
18	117	0	0.00000000	1.00000000
18	118	0	0.00000000	1.00000000
18	119	0	0.00000000	1.00000000
18	120	0	0.00000000	1.00000000
18	121	0	0.00000000	1.00000000
18	122	0	0.00000000	1.00000000
18	123	0	0.00000000	1.00000000
18	124	0	0.00000000	1.00000000
18	125	0	0.00000000	1.00000000
18	126	0	0.00000000	1.00000000
18	127	0	0.00000000	1.00000000
18	128	0	0.00000000	1.00000000
18	129	0	0.00000000	1.00000000
18	130	0	0.00000000	1.00000000
18	131	0	0.00000000	1.00000000
18	132	0	0.00000000	1.00000000
18	133	0	0.00000000	1.00000000
18	134	0	0.00000000	1.00000000
18	135	0	0.00000000	1.00000000
18	136	0	0.00000000	1.00000000
18	137	0	0.00000000	1.00000000
18	138	0	0.00000000	1.00000000
18	139	0	0.00000000	1.00000000
18	140	0	0.00000000	1.00000000
18	141	0	0.00000000	1.00000000
18	142	0	0.00000000	1.00000000
18	143	0	0.00000000	1.00000000
18	144	0	0.00000000	1.00000000
18	145	0	0.00000000	1.00000000
18	146	0	0.00000000	1.00000000
18	147	0	0.00000000	1.00000000
18	148	0	0.00000000	1.00000000
18	149	0	0.00000000	1.00000000
18	150	0	0.00000000	1.00000000
18	151	0	0.00000000	1.00000000
18	152	0	0.00000000	1.00000000
18	153	0	0.00000000	1.00000000
18	154	0	0.00000000	1.00000000
18	155	0	0.00000000	1.00000000
18	156	0	0.00000000	1.00000000
18	157	0	0.00000000	1.00000000
18	158	0	0.00000000	1.00000000
18	159	0	0.00000000	1.00000000
18	160	0	0.00000000	1.00000000
18	161	0	0.00000000	1.00000000
18	162	0	0.00000000	1.00000000
18	163	0	0.00000000	1.00000000
18	164	0	0.00000000	1.00000000
18	165	0	0.00000000	1.00000000
18	166	0	0.00000000	1.00000000
18	167	0	0.00000000	1.00000000
18	168	0	0.00000000	1.00000000
18	169	0	0.00000000	1.00000000
18	170	0	0.00000000	1.00000000
18	171	0	0.00000000	1.00000000
18	172	0	0.00000000	1.00000000
18	173	0	0.00000000	1.00000000
18	174	0	0.00000000	1.00000000
18	175	0	0.00000000	1.00000000
18	176	0	0.00000000	1.00000000
18	177	0	0.00000000	1.00000000
18	178	0	0.00000000	1.00000000
18	179	0	0.00000000	1.00000000
18	180	0	0.00000000	1.00000000
18	181	0	0.00000000	1.00000000
18	182	0	0.00000000	1.00000000
18	183	0	0.00000000	1.00000000
18	184	0	0.00000000	1.00000000
18	185	0	0.00000000	1.00000000
18	186	0	0.00000000	1.00000000
18	187	0	0.00000000	1.00000000
18	188	0	0.00000000	1.00000000
18	189	0	0.00000000	1.00000000
18	190	0	0.00000000	1.00000000
18	191	0	0.00000000	1.00000000
18	192	0	0.00000000	1.00000000
18	193	0	0.00000000	1.00000000
18	194	0	0.00000000	1.00000000
18	195	0	0.00000000	1.00000000
18	196	0	0.00000000	1.00000000
18	197	0	0.00000000	1.00000000
18	198	0	0.00000000	1.00000000
18	199	0	0.00000000	1.00000000
18	200	0	0.00000000	1.00000000
18	201	0	0.00000000	1.00000000
18	202	0	0.00000000	1.00000000
18	203	0	0.00000000	1.00000000
18	204	0	0.00000000	1.00000000
18	205	0	0.00000000	1.00000000
18	206	0	0.00000000	1.00000000
18	207	0	0.00000000	1.00000000
18	208	0	0.00000000	1.00000000
18	209	0	0.00000000	1.00000000
18	210	0	0.00000000	1.00000000
18	211	0	0.00000000	1.00000000
18	212	0	0.00000000	1.00000000
18	213	0	0.00000000	1.00000000
18	214	0	0.00000000	1.00000000
18	215	0	0.00000000	1.00000000
18	216	0	0.00000000	1.00000000
18	217	0	0.00000000	1.00000000
18	218	0	0.00000000	1.00000000
18	219	0	0.00000000	1.00000000
18	220	0	0.00000000	1.00000000
18	221	0	0.00000000	1.00000000
18	222	0	0.00000000	1.00000000
18	223	0	0.00000000	1.00000000
18	224	0	0.00000000	1.00000000
18	225	0	0.00000000	1.00000000
18	226	0	0.00000000	1.00000000
18	227	0	0.00000000	1.00000000
18	228	0	0.00000000	1.00000000
18	229	0	0.00000000	1.00000000
18	230	0	0.00000000	1.00000000
18	231	0	0.00000000	1.00000000
19	0	0	0.00000000	1.00000000
19	1	0	0.00000000	1.00000000
19	2	0	0.00000000	1.00000000
19	3	0	0.00000000	1.00000000
19	4	0	0.00000000	1.00000000
19	5	0	0.00000000	1.00000000
19	6	0	0.00000000	1.00000000
19	7	0	0.00000000	1.00000000
19	8	0	0.00000000	1.00000000
19	9	0	0.00000000	1.00000000
19	10	0	0.00000000	1.00000000
19	11	0	0.00000000	1.00000000
19	12	0	0.00000000	1.00000000
19	13	0	0.00000000	1.00000000
19	14	0	0.00000000	1.00000000
19	15	0	0.00000000	1.00000000
19	16	0	0.00000000	1.00000000
19	17	0	0.00000000	1.00000000
19	18	0	0.00000000	1.00000000
19	19	0	0.00000000	1.00000000
19	20	0	0.00000000	1.00000000
19	21	0	0.00000000	1.00000000
19	22	0	0.00000000	1.00000000
19	23	0	0.00000000	1.00000000
19	24	0	0.00000000	1.00000000
19	25	0	0.00000000	1.00000000
19	26	0	0.00000000	1.00000000
19	27	0	0.00000000	1.00000000
19	28	0	0.00000000	1.00000000
19	29	0	0.00000000	1.00000000
19	30	0	0.00000000	1.00000000
19	31	0	0.00000000	1.00000000
19	32	0	0.00000000	1.00000000
19	33	0	0.00000000	1.00000000
19	34	0	0.00000000	1.00000000
19	35	0	0.00000000	1.00000000
19	36	0	0.00000000	1.00000000
19	37	0	0.00000000	1.00000000
19	38	0	0.00000000	1.00000000
19	39	0	0.00000000	1.00000000
19	40	0	0.00000000	1.00000000
19	41	0	0.00000000	1.00000000
19	42	0	0.00000000	1.00000000
19	43	0	0.00000000	1.00000000
19	44	0	0.00000000	1.00000000
19	45	0	0.00000000	1.00000000
19	46	0	0.00000000	1.00000000
19	47	0	0.00000000	1.00000000
19	48	0	0.00000000	1.00000000
19	49	0	0.00000000	1.00000000
19	50	0	0.00000000	1.00000000
19	51	0	0.00000000	1.00000000
19	52	0	0.00000000	1.00000000
19	53	0	0.00000000	1.00000000
19	54	0	0.00000000	1.00000000
19	55	0	0.00000000	1.00000000
19	56	0	0.00000000	1.00000000
19	57	0	0.00000000	1.00000000
19	58	0	0.00000000	1.00000000
19	59	0	0.00000000	1.00000000
19	60	0	0.00000000	1.00000000
19	61	0	0.00000000	1.00000000
19	62	0	0.00000000	1.00000000
19	63	0	0.00000000	1.00000000
19	64	0	0.00000000	1.00000000
19	65	0	0.00000000	1.00000000
19	66	0	0.00000000	1.00000000
19	67	0	0.00000000	1.00000000
19	68	0	0.00000000	1.00000000
19	69	0	0.00000000	1.00000000
19	70	0	0.00000000	1.00000000
19	71	0	0.00000000	1.00000000
19	72	0	0.00000000	1.00000000
19	73	0	0.00000000	1.00000000
19	74	0	0.00000000	1.00000000
19	75	0	0.00000000	1.00000000
19	76	0	0.00000000	1.00000000
19	77	0	0.00000000	1.00000000
19	78	0	0.00000000	1.00000000
19	79	0	0.00000000	1.00000000
19	80	0	0.00000000	1.00000000
19	81	0	0.00000000	1.00000000
19	82	0	0.00000000	1.00000000
19	83	0	0.00000000	1.00000000
19	84	0	0.00000000	1.00000000
19	85	0	0.00000000	1.00000000
19	86	0	0.00000000	1.00000000
19	87	0	0.00000000	1.00000000
19	88	0	0.00000000	1.00000000
19	89	0	0.00000000	1.00000000
19	90	0	0.00000000	1.00000000
19	91	0	0.00000000	1.00000000
19	92	0	0.00000000	1.00000000
19	93	0	0.00000000	1.00000000
19	94	0	0.00000000	1.00000000
19	95	0	0.00000000	1.00000000
19	96	0	0.00000000	1.00000000
19	97	0	0.00000000	1.00000000
19	98	0	0.00000000	1.00000000
19	99	0	0.00000000	1.00000000
19	100	0	0.00000000	1.00000000
19	101	0	0.00000000	1.00000000
19	102	0	0.00000000	1.00000000
19	103	0	0.00000000	1.00000000
19	104	0	0.00000000	1.00000000
19	105	0	0.00000000	1.00000000
19	106	0	0.00000000	1.00000000
19	107	0	0.00000000	1.00000000
19	108	0	0.00000000	1.00000000
19	109	0	0.00000000	1.00000000
19	110	0	0.00000000	1.00000000
19	111	0	0.00000000	1.00000000
19	112	0	0.00000000	1.00000000
19	113	0	0.00000000	1.00000000
19	114	0	0.00000000	1.00000000
19	115	0	0.00000000	1.00000000
19	116	0	0.00000000	1.00000000
19	117	0	0.00000000	1.00000000
19	118	0	0.00000000	1.00000000
19	119	0	0.00000000	1.00000000
19	120	0	0.00000000	1.00000000
19	121	0	0.00000000	1.00000000
19	122	0	0.00000000	1.00000000
19	123	0	0.00000000	1.00000000
19	124	0	0.00000000	1.00000000
19	125	0	0.00000000	1.00000000
19	126	0	0.00000000	1.00000000
19	127	0	0.00000000	1.00000000
19	128	0	0.00000000	1.00000000
19	129	0	0.00000000	1.00000000
19	130	0	0.00000000	1.00000000
19	131	0	0.00000000	1.00000000
19	132	0	0.00000000	1.00000000
19	133	0	0.00000000	1.00000000
19	134	0	0.00000000	1.00000000
19	135	0	0.00000000	1.00000000
19	136	0	0.00000000	1.00000000
19	137	0	0.00000000	1.00000000
19	138	0	0.00000000	1.00000000
19	139	0	0.00000000	1.00000000
19	140	0	0.00000000	1.00000000
19	141	0	0.00000000	1.00000000
19	142	0	0.00000000	1.00000000
19	143	0	0.00000000	1.00000000
19	144	0	0.00000000	1.00000000
19	145	0	0.00000000	1.00000000
19	146	0	0.00000000	1.00000000
19	147	0	0.00000000	1.00000000
19	148	0	0.00000000	1.00000000
19	149	0	0.00000000	1.00000000
19	150	0	0.00000000	1.00000000
19	151	0	0.00000000	1.00000000
19	152	0	0.00000000	1.00000000
19	153	0	0.00000000	1.00000000
19	154	0	0.00000000	1.00000000
19	155	0	0.00000000	1.00000000
19	156	0	0.00000000	1.00000000
19	157	0	0.00000000	1.00000000
19	158	0	0.00000000	1.00000000
19	159	0	0.00000000	1.00000000
19	160	0	0.00000000	1.00000000
19	161	0	0.00000000	1.00000000
19	162	0	0.00000000	1.00000000
19	163	0	0.00000000	1.00000000
19	164	0	0.00000000	1.00000000
19	165	0	0.00000000	1.00000000
19	166	0	0.00000000	1.00000000
19	167	0	0.00000000	1.00000000
19	168	0	0.00000000	1.00000000
19	169	0	0.00000000	1.00000000
19	170	0	0.00000000	1.00000000
19	171	0	0.00000000	1.00000000
19	172	0	0.00000000	1.00000000
19	173	0	0.00000000	1.00000000
19	174	0	0.00000000	1.00000000
19	175	0	0.00000000	1.00000000
19	176	0	0.00000000	1.00000000
19	177	0	0.00000000	1.00000000
19	178	0	0.00000000	1.00000000
19	179	0	0.00000000	1.00000000
19	180	0	0.00000000	1.00000000
19	181	0	0.00000000	1.00000000
19	182	0	0.00000000	1.00000000
19	183	0	0.00000000	1.00000000
19	184	0	0.00000000	1.00000000
19	185	0	0.00000000	1.00000000
19	186	0	0.00000000	1.00000000
19	187	0	0.00000000	1.00000000
19	188	0	0.00000000	1.00000000
19	189	0	0.00000000	1.00000000
19	190	0	0.00000000	1.00000000
19	191	0	0.00000000	1.00000000
19	192	0	0.00000000	1.00000000
19	193	0	0.00000000	1.00000000
19	194	0	0.00000000	1.00000000
19	195	0	0.00000000	1.00000000
19	196	0	0.00000000	1.00000000
19	197	0	0.00000000	1.00000000
19	198	0	0.00000000	1.00000000
19	199	0	0.00000000	1.00000000
19	200	0	0.00000000	1.00000000
19	201	0	0.00000000	1.00000000
19	202	0	0.00000000	1.00000000
19	203	0	0.00000000	1.00000000
19	204	0	0.00000000	1.00000000
19	205	0	0.00000000	1.00000000
19	206	0	0.00000000	1.00000000
19	207	0	0.00000000	1.00000000
19	208	0	0.00000000	1.00000000
19	209	0	0.00000000	1.00000000
19	210	0	0.00000000	1.00000000
19	211	0	0.00000000	1.00000000
19	212	0	0.00000000	1.00000000
19	213	0	0.00000000	1.00000000
19	214	0	0.00000000	1.00000000
19	215	0	0.00000000	1.00000000
19	216	0	0.00000000	1.00000000
19	217	0	0.00000000	1.00000000
19	218	0	0.00000000	1.00000000
19	219	0	0.00000000	1.00000000
19	220	0	0.00000000	1.00000000
19	221	0	0.00000000	1.00000000
19	222	0	0.00000000	1.00000000
19	223	0	0.00000000	1.00000000
19	224	0	0.00000000	1.00000000
19	225	0	0.00000000	1.00000000
19	226	0	0.00000000	1.00000000
19	227	0	0.00000000	1.00000000
19	228	0	0.00000000	1.00000000
19	229	0	0.00000000	1.00000000
19	230	0	0.00000000	1.00000000
19	231	0	0.00000000	1.00000000
19	232	0	0.00000000	1.00000000
19	233	0	0.00000000	1.00000000
19	234	0	0.00000000	1.00000000
19	235	0	0.00000000	1.00000000
19	236	0	0.00000000	1.00000000
19	237	0	0.00000000	1.00000000
20	0	0	0.00000000	1.00000000
20	1	0	0.00000000	1.00000000
20	2	0	0.00000000	1.00000000
20	3	0	0.00000000	1.00000000
20	4	0	0.00000000	1.00000000
20	5	0	0.00000000	1.00000000
20	6	0	0.00000000	1.00000000
20	7	0	0.00000000	1.00000000
20	8	0	0.00000000	1.00000000
20	9	0	0.00000000	1.00000000
20	10	0	0.00000000	1.00000000
20	11	0	0.00000000	1.00000000
20	12	0	0.00000000	1.00000000
20	13	0	0.00000000	1.00000000
20	14	0	0.00000000	1.00000000
20	15	0	0.00000000	1.00000000
20	16	0	0.00000000	1.00000000
20	17	0	0.00000000	1.00000000
20	18	0	0.00000000	1.00000000
20	19	0	0.00000000	1.00000000
20	20	0	0.00000000	1.00000000
20	21	0	0.00000000	1.00000000
20	22	0	0.00000000	1.00000000
20	23	0	0.00000000	1.00000000
20	24	0	0.00000000	1.00000000
20	25	0	0.00000000	1.00000000
20	26	0	0.00000000	1.00000000
20	27	0	0.00000000	1.00000000
20	28	0	0.00000000	1.00000000
20	29	0	0.00000000	1.00000000
20	30	0	0.00000000	1.00000000
20	31	0	0.00000000	1.00000000
20	32	0	0.00000000	1.00000000
20	33	0	0.00000000	1.00000000
20	34	0	0.00000000	1.00000000
20	35	0	0.00000000	1.00000000
20	36	0	0.00000000	1.00000000
20	37	0	0.00000000	1.00000000
20	38	0	0.00000000	1.00000000
20	39	0	0.00000000	1.00000000
20	40	0	0.00000000	1.00000000
20	41	0	0.00000000	1.00000000
20	42	0	0.00000000	1.00000000
20	43	0	0.00000000	1.00000000
20	44	0	0.00000000	1.00000000
20	45	0	0.00000000	1.00000000
20	46	0	0.00000000	1.00000000
20	47	0	0.00000000	1.00000000
20	48	0	0.00000000	1.00000000
20	49	0	0.00000000	1.00000000
20	50	0	0.00000000	1.00000000
20	51	0	0.00000000	1.00000000
20	52	0	0.00000000	1.00000000
20	53	0	0.00000000	1.00000000
20	54	0	0.00000000	1.00000000
20	55	0	0.00000000	1.00000000
20	56	0	0.00000000	1.00000000
20	57	0	0.00000000	1.00000000
20	58	0	0.00000000	1.00000000
20	59	0	0.00000000	1.00000000
20	60	0	0.00000000	1.00000000
20	61	0	0.00000000	1.00000000
20	62	0	0.00000000	1.00000000
20	63	0	0.00000000	1.00000000
20	64	0	0.00000000	1.00000000
20	65	0	0.00000000	1.00000000
20	66	0	0.00000000	1.00000000
20	67	0	0.00000000	1.00000000
20	68	0	0.00000000	1.00000000
20	69	0	0.00000000	1.00000000
20	70	0	0.00000000	1.00000000
20	71	0	0.00000000	1.00000000
20	72	0	0.00000000	1.00000000
20	73	0	0.00000000	1.00000000
20	74	0	0.00000000	1.00000000
20	75	0	0.00000000	1.00000000
20	76	0	0.00000000	1.00000000
20	77	0	0.00000000	1.00000000
20	78	0	0.00000000	1.00000000
20	79	0	0.00000000	1.00000000
20	80	0	0.00000000	1.00000000
20	81	0	0.00000000	1.00000000
20	82	0	0.00000000	1.00000000
20	83	0	0.00000000	1.00000000
20	84	0	0.00000000	1.00000000
20	85	0	0.00000000	1.00000000
20	86	0	0.00000000	1.00000000
20	87	0	0.00000000	1.00000000
20	88	0	0.00000000	1.00000000
20	89	0	0.00000000	1.00000000
20	90	0	0.00000000	1.00000000
20	91	0	0.00000000	1.00000000
20	92	0	0.00000000	1.00000000
20	93	0	0.00000000	1.00000000
20	94	0	0.00000000	1.00000000
20	95	0	0.00000000	1.00000000
20	96	0	0.00000000	1.00000000
20	97	0	0.00000000	1.00000000
20	98	0	0.00000000	1.00000000
20	99	0	0.00000000	1.00000000
20	100	0	0.00000000	1.00000000
20	101	0	0.00000000	1.00000000
20	102	0	0.00000000	1.00000000
20	103	0	0.00000000	1.00000000
20	104	0	0.00000000	1.00000000
20	105	0	0.00000000	1.00000000
20	106	0	0.00000000	1.00000000
20	107	0	0.00000000	1.00000000
20	108	0	0.00000000	1.00000000
20	109	0	0.00000000	1.00000000
20	110	0	0.00000000	1.00000000
20	111	0	0.00000000	1.00000000
20	112	0	0.00000000	1.00000000
20	113	0	0.00000000	1.00000000
20	114	0	0.00000000	1.00000000
20	115	0	0.00000000	1.00000000
20	116	0	0.00000000	1.00000000
20	117	0	0.00000000	1.00000000
20	118	0	0.00000000	1.00000000
20	119	0	0.00000000	1.00000000
20	120	0	0.00000000	1.00000000
20	121	0	0.00000000	1.00000000
20	122	0	0.00000000	1.00000000
20	123	0	0.00000000	1.00000000
20	124	0	0.00000000	1.00000000
20	125	0	0.00000000	1.00000000
20	126	0	0.00000000	1.00000000
20	127	0	0.00000000	1.00000000
20	128	0	0.00000000	1.00000000
20	129	0	0.00000000	1.00000000
20	130	0	0.00000000	1.00000000
20	131	0	0.00000000	1.00000000
20	132	0	0.00000000	1.00000000
20	133	0	0.00000000	1.00000000
20	134	0	0.00000000	1.00000000
20	135	0	0.00000000	1.00000000
20	136	0	0.00000000	1.00000000
20	137	0	0.00000000	1.00000000
20	138	0	0.00000000	1.00000000
20	139	0	0.00000000	1.00000000
20	140	0	0.00000000	1.00000000
20	141	0	0.00000000	1.00000000
20	142	0	0.00000000	1.00000000
20	143	0	0.00000000	1.00000000
20	144	0	0.00000000	1.00000000
20	145	0	0.00000000	1.00000000
20	146	0	0.00000000	1.00000000
20	147	0	0.00000000	1.00000000
20	148	0	0.00000000	1.00000000
20	149	0	0.00000000	1.00000000
20	150	0	0.00000000	1.00000000
20	151	0	0.00000000	1.00000000
20	152	0	0.00000000	1.00000000
20	153	0	0.00000000	1.00000000
20	154	0	0.00000000	1.00000000
20	155	0	0.00000000	1.00000000
20	156	0	0.00000000	1.00000000
20	157	0	0.00000000	1.00000000
20	158	0	0.00000000	1.00000000
20	159	0	0.00000000	1.00000000
20	160	0	0.00000000	1.00000000
20	161	0	0.00000000	1.00000000
20	162	0	0.00000000	1.00000000
20	163	0	0.00000000	1.00000000
20	164	0	0.00000000	1.00000000
20	165	0	0.00000000	1.00000000
20	166	0	0.00000000	1.00000000
20	167	0	0.00000000	1.00000000
20	168	0	0.00000000	1.00000000
20	169	0	0.00000000	1.00000000
20	170	0	0.00000000	1.00000000
20	171	0	0.00000000	1.00000000
20	172	0	0.00000000	1.00000000
20	173	0	0.00000000	1.00000000
20	174	0	0.00000000	1.00000000
20	175	0	0.00000000	1.00000000
20	176	0	0.00000000	1.00000000
20	177	0	0.00000000	1.00000000
20	178	0	0.00000000	1.00000000
20	179	0	0.00000000	1.00000000
20	180	0	0.00000000	1.00000000
20	181	0	0.00000000	1.00000000
20	182	0	0.00000000	1.00000000
20	183	0	0.00000000	1.00000000
20	184	0	0.00000000	1.00000000
20	185	0	0.00000000	1.00000000
20	186	0	0.00000000	1.00000000
20	187	0	0.00000000	1.00000000
20	188	0	0.00000000	1.00000000
20	189	0	0.00000000	1.00000000
20	190	0	0.00000000	1.00000000
20	191	0	0.00000000	1.00000000
20	192	0	0.00000000	1.00000000
20	193	0	0.00000000	1.00000000
20	194	0	0.00000000	1.00000000
20	195	0	0.00000000	1.00000000
20	196	0	0.00000000	1.00000000
20	197	0	0.00000000	1.00000000
20	198	0	0.00000000	1.00000000
20	199	0	0.00000000	1.00000000
20	200	0	0.00000000	1.00000000
20	201	0	0.00000000	1.00000000
20	202	0	0.00000000	1.00000000
20	203	0	0.00000000	1.00000000
20	204	0	0.00000000	1.00000000
20	205	0	0.00000000	1.00000000
20	206	0	0.00000000	1.00000000
20	207	0	0.00000000	1.00000000
20	208	0	0.00000000	1.00000000
20	209	0	0.00000000	1.00000000
20	210	0	0.00000000	1.00000000
20	211	0	0.00000000	1.00000000
20	212	0	0.00000000	1.00000000
20	213	0	0.00000000	1.00000000
20	214	0	0.00000000	1.00000000
20	215	0	0.00000000	1.00000000
20	216	0	0.00000000	1.00000000
20	217	0	0.00000000	1.00000000
20	218	0	0.00000000	1.00000000
20	219	0	0.00000000	1.00000000
20	220	0	0.00000000	1.00000000
20	221	0	0.00000000	1.00000000
20	222	0	0.00000000	1.00000000
20	223	0	0.00000000	1.00000000
20	224	0	0.00000000	1.00000000
20	225	0	0.00000000	1.00000000
20	226	0	0.00000000	1.00000000
20	227	0	0.00000000	1.00000000
20	228	0	0.00000000	1.00000000
20	229	0	0.00000000	1.00000000
20	230	0	0.00000000	1.00000000
20	231	0	0.00000000	1.00000000
20	232	0	0.00000000	1.00000000
20	233	0	0.00000000	1.00000000
20	234	0	0.00000000	1.00000000
20	235	0	0.00000000	1.00000000
20	236	0	0.00000000	1.00000000
20	237	0	0.00000000	1.00000000
20	238	0	0.00000000	1.00000000
20	239	0	0.00000000	1.00000000
20	240	0	0.00000000	1.00000000
20	241	0	0.00000000	1.00000000
20	242	0	0.00000000	1.00000000
20	243	0	0.00000000	1.00000000
21	0	0	0.00000000	1.00000000
21	1	0	0.00000000	1.00000000
21	2	0	0.00000000	1.00000000
21	3	0	0.00000000	1.00000000
21	4	0	0.00000000	1.00000000
21	5	0	0.00000000	1.00000000
21	6	0	0.00000000	1.00000000
21	7	0	0.00000000	1.00000000
21	8	0	0.00000000	1.00000000
21	9	0	0.00000000	1.00000000
21	10	0	0.00000000	1.00000000
21	11	0	0.00000000	1.00000000
21	12	0	0.00000000	1.00000000
21	13	0	0.00000000	1.00000000
21	14	0	0.00000000	1.00000000
21	15	0	0.00000000	1.00000000
21	16	0	0.00000000	1.00000000
21	17	0	0.00000000	1.00000000
21	18	0	0.00000000	1.00000000
21	19	0	0.00000000	1.00000000
21	20	0	0.00000000	1.00000000
21	21	0	0.00000000	1.00000000
21	22	0	0.00000000	1.00000000
21	23	0	0.00000000	1.00000000
21	24	0	0.00000000	1.00000000
21	25	0	0.00000000	1.00000000
21	26	0	0.00000000	1.00000000
21	27	0	0.00000000	1.00000000
21	28	0	0.00000000	1.00000000
21	29	0	0.00000000	1.00000000
21	30	0	0.00000000	1.00000000
21	31	0	0.00000000	1.00000000
21	32	0	0.00000000	1.00000000
21	33	0	0.00000000	1.00000000
21	34	0	0.00000000	1.00000000
21	35	0	0.00000000	1.00000000
21	36	0	0.00000000	1.00000000
21	37	0	0.00000000	1.00000000
21	38	0	0.00000000	1.00000000
21	39	0	0.00000000	1.00000000
21	40	0	0.00000000	1.00000000
21	41	0	0.00000000	1.00000000
21	42	0	0.00000000	1.00000000
21	43	0	0.00000000	1.00000000
21	44	0	0.00000000	1.00000000
21	45	0	0.00000000	1.00000000
21	46	0	0.00000000	1.00000000
21	47	0	0.00000000	1.00000000
21	48	0	0.00000000	1.00000000
21	49	0	0.00000000	1.00000000
21	50	0	0.00000000	1.00000000
21	51	0	0.00000000	1.00000000
21	52	0	0.00000000	1.00000000
21	53	0	0.00000000	1.00000000
21	54	0	0.00000000	1.00000000
21	55	0	0.00000000	1.00000000
21	56	0	0.00000000	1.00000000
21	57	0	0.00000000	1.00000000
21	58	0	0.00000000	1.00000000
21	59	0	0.00000000	1.00000000
21	60	0	0.00000000	1.00000000
21	61	0	0.00000000	1.00000000
21	62	0	0.00000000	1.00000000
21	63	0	0.00000000	1.00000000
21	64	0	0.00000000	1.00000000
21	65	0	0.00000000	1.00000000
21	66	0	0.00000000	1.00000000
21	67	0	0.00000000	1.00000000
21	68	0	0.00000000	1.00000000
21	69	0	0.00000000	1.00000000
21	70	0	0.00000000	1.00000000
21	71	0	0.00000000	1.00000000
21	72	0	0.00000000	1.00000000
21	73	0	0.00000000	1.00000000
21	74	0	0.00000000	1.00000000
21	75	0	0.00000000	1.00000000
21	76	0	0.00000000	1.00000000
21	77	0	0.00000000	1.00000000
21	78	0	0.00000000	1.00000000
21	79	0	0.00000000	1.00000000
21	80	0	0.00000000	1.00000000
21	81	0	0.00000000	1.00000000
21	82	0	0.00000000	1.00000000
21	83	0	0.00000000	1.00000000
21	84	0	0.00000000	1.00000000
21	85	0	0.00000000	1.00000000
21	86	0	0.00000000	1.00000000
21	87	0	0.00000000	1.00000000
21	88	0	0.00000000	1.00000000
21	89	0	0.00000000	1.00000000
21	90	0	0.00000000	1.00000000
21	91	0	0.00000000	1.00000000
21	92	0	0.00000000	1.00000000
21	93	0	0.00000000	1.00000000
21	94	0	0.00000000	1.00000000
21	95	0	0.00000000	1.00000000
21	96	0	0.00000000	1.00000000
21	97	0	0.00000000	1.00000000
21	98	0	0.00000000	1.00000000
21	99	0	0.00000000	1.00000000
21	100	0	0.00000000	1.00000000
21	101	0	0.00000000	1.00000000
21	102	0	0.00000000	1.00000000
21	103	0	0.00000000	1.00000000
21	104	0	0.00000000	1.00000000
21	105	0	0.00000000	1.00000000
21	106	0	0.00000000	1.00000000
21	107	0	0.00000000	1.00000000
21	108	0	0.00000000	1.00000000
21	109	0	0.00000000	1.00000000
21	110	0	0.00000000	1.00000000
21	111	0	0.00000000	1.00000000
21	112	0	0.00000000	1.00000000
21	113	0	0.00000000	1.00000000
21	114	0	0.00000000	1.00000000
21	115	0	0.00000000	1.00000000
21	116	0	0.00000000	1.00000000
21	117	0	0.00000000	1.00000000
21	118	0	0.00000000	1.00000000
21	119	0	0.00000000	1.00000000
21	120	0	0.00000000	1.00000000
21	121	0	0.00000000	1.00000000
21	122	0	0.00000000	1.00000000
21	123	0	0.00000000	1.00000000
21	124	0	0.00000000	1.00000000
21	125	0	0.00000000	1.00000000
21	126	0	0.00000000	1.00000000
21	127	0	0.00000000	1.00000000
21	128	0	0.00000000	1.00000000
21	129	0	0.00000000	1.00000000
21	130	0	0.00000000	1.00000000
21	131	0	0.00000000	1.00000000
21	132	0	0.00000000	1.00000000
21	133	0	0.00000000	1.00000000
21	134	0	0.00000000	1.00000000
21	135	0	0.00000000	1.00000000
21	136	0	0.00000000	1.00000000
21	137	0	0.00000000	1.00000000
21	138	0	0.00000000	1.00000000
21	139	0	0.00000000	1.00000000
21	140	0	0.00000000	1.00000000
21	141	0	0.00000000	1.00000000
21	142	0	0.00000000	1.00000000
21	143	0	0.00000000	1.00000000
21	144	0	0.00000000	1.00000000
21	145	0	0.00000000	1.00000000
21	146	0	0.00000000	1.00000000
21	147	0	0.00000000	1.00000000
21	148	0	0.00000000	1.00000000
21	149	0	0.00000000	1.00000000
21	150	0	0.00000000	1.00000000
21	151	0	0.00000000	1.00000000
21	152	0	0.00000000	1.00000000
21	153	0	0.00000000	1.00000000
21	154	0	0.00000000	1.00000000
21	155	0	0.00000000	1.00000000
21	156	0	0.00000000	1.00000000
21	157	0	0.00000000	1.00000000
21	158	0	0.00000000	1.00000000
21	159	0	0.00000000	1.00000000
21	160	0	0.00000000	1.00000000
21	161	0	0.00000000	1.00000000
21	162	0	0.00000000	1.00000000
21	163	0	0.00000000	1.00000000
21	164	0	0.00000000	1.00000000
21	165	0	0.00000000	1.00000000
21	166	0	0.00000000	1.00000000
21	167	0	0.00000000	1.00000000
21	168	0	0.00000000	1.00000000
21	169	0	0.00000000	1.00000000
21	170	0	0.00000000	1.00000000
21	171	0	0.00000000	1.00000000
21	172	0	0.00000000	1.00000000
21	173	0	0.00000000	1.00000000
21	174	0	0.00000000	1.00000000
21	175	0	0.00000000	1.00000000
21	176	0	0.00000000	1.00000000
21	177	0	0.00000000	1.00000000
21	178	0	0.00000000	1.00000000
21	179	0	0.00000000	1.00000000
21	180	0	0.00000000	1.00000000
21	181	0	0.00000000	1.00000000
21	182	0	0.00000000	1.00000000
21	183	0	0.00000000	1.00000000
21	184	0	0.00000000	1.00000000
21	185	0	0.00000000	1.00000000
21	186	0	0.00000000	1.00000000
21	187	0	0.00000000	1.00000000
21	188	0	0.00000000	1.00000000
21	189	0	0.00000000	1.00000000
21	190	0	0.00000000	1.00000000
21	191	0	0.00000000	1.00000000
21	192	0	0.00000000	1.00000000
21	193	0	0.00000000	1.00000000
21	194	0	0.00000000	1.00000000
21	195	0	0.00000000	1.00000000
21	196	0	0.00000000	1.00000000
21	197	0	0.00000000	1.00000000
21	198	0	0.00000000	1.00000000
21	199	0	0.00000000	1.00000000
21	200	0	0.00000000	1.00000000
21	201	0	0.00000000	1.00000000
21	202	0	0.00000000	1.00000000
21	203	0	0.00000000	1.00000000
21	204	0	0.00000000	1.00000000
21	205	0	0.00000000	1.00000000
21	206	0	0.00000000	1.00000000
21	207	0	0.00000000	1.00000000
21	208	0	0.00000000	1.00000000
21	209	0	0.00000000	1.00000000
21	210	0	0.00000000	1.00000000
21	211	0	0.00000000	1.00000000
21	212	0	0.00000000	1.00000000
21	213	0	0.00000000	1.00000000
21	214	0	0.00000000	1.00000000
21	215	0	0.00000000	1.00000000
21	216	0	0.00000000	1.00000000
21	217	0	0.00000000	1.00000000
21	218	0	0.00000000	1.00000000
21	219	0	0.00000000	1.00000000
21	220	0	0.00000000	1.00000000
21	221	0	0.00000000	1.00000000
21	222	0	0.00000000	1.00000000
21	223	0	0.00000000	1.00000000
21	224	0	0.00000000	1.00000000
21	225	0	0.00000000	1.00000000
21	226	0	0.00000000	1.00000000
21	227	0	0.00000000	1.00000000
21	228	0	0.00000000	1.00000000
21	229	0	0.00000000	1.00000000
21	230	0	0.00000000	1.00000000
21	231	0	0.00000000	1.00000000
22	0	0	0.00000000	1.00000000
22	1	0	0.00000000	1.00000000
22	2	0	0.00000000	1.00000000
22	3	0	0.00000000	1.00000000
22	4	0	0.00000000	1.00000000
22	5	0	0.00000000	1.00000000
22	6	0	0.00000000	1.00000000
22	7	0	0.00000000	1.00000000
22	8	0	0.00000000	1.00000000
22	9	0	0.00000000	1.00000000
22	10	0	0.00000000	1.00000000
22	11	0	0.00000000	1.00000000
22	12	0	0.00000000	1.00000000
22	13	0	0.00000000	1.00000000
22	14	0	0.00000000	1.00000000
22	15	0	0.00000000	1.00000000
22	16	0	0.00000000	1.00000000
22	17	0	0.00000000	1.00000000
22	18	0	0.00000000	1.00000000
22	19	0	0.00000000	1.00000000
22	20	0	0.00000000	1.00000000
22	21	0	0.00000000	1.00000000
22	22	0	0.00000000	1.00000000
22	23	0	0.00000000	1.00000000
22	24	0	0.00000000	1.00000000
22	25	0	0.00000000	1.00000000
22	26	0	0.00000000	1.00000000
22	27	0	0.00000000	1.00000000
22	28	0	0.00000000	1.00000000
22	29	0	0.00000000	1.00000000
22	30	0	0.00000000	1.00000000
22	31	0	0.00000000	1.00000000
22	32	0	0.00000000	1.00000000
22	33	0	0.00000000	1.00000000
22	34	0	0.00000000	1.00000000
22	35	0	0.00000000	1.00000000
22	36	0	0.00000000	1.00000000
22	37	0	0.00000000	1.00000000
22	38	0	0.00000000	1.00000000
22	39	0	0.00000000	1.00000000
22	40	0	0.00000000	1.00000000
22	41	0	0.00000000	1.00000000
22	42	0	0.00000000	1.00000000
22	43	0	0.00000000	1.00000000
22	44	0	0.00000000	1.00000000
22	45	0	0.00000000	1.00000000
22	46	0	0.00000000	1.00000000
22	47	0	0.00000000	1.00000000
22	48	0	0.00000000	1.00000000
22	49	0	0.00000000	1.00000000
22	50	0	0.00000000	1.00000000
22	51	0	0.00000000	1.00000000
22	52	0	0.00000000	1.00000000
22	53	0	0.00000000	1.00000000
22	54	0	0.00000000	1.00000000
22	55	0	0.00000000	1.00000000
22	56	0	0.00000000	1.00000000
22	57	0	0.00000000	1.00000000
22	58	0	0.00000000	1.00000000
22	59	0	0.00000000	1.00000000
22	60	0	0.00000000	1.00000000
22	61	0	0.00000000	1.00000000
22	62	0	0.00000000	1.00000000
22	63	0	0.00000000	1.00000000
22	64	0	0.00000000	1.00000000
22	65	0	0.00000000	1.00000000
22	66	0	0.00000000	1.00000000
22	67	0	0.00000000	1.00000000
22	68	0	0.00000000	1.00000000
22	69	0	0.00000000	1.00000000
22	70	0	0.00000000	1.00000000
22	71	0	0.00000000	1.00000000
22	72	0	0.00000000	1.00000000
22	73	0	0.00000000	1.00000000
22	74	0	0.00000000	1.00000000
22	75	0	0.00000000	1.00000000
22	76	0	0.00000000	1.00000000
22	77	0	0.00000000	1.00000000
22	78	0	0.00000000	1.00000000
22	79	0	0.00000000	1.00000000
22	80	0	0.00000000	1.00000000
22	81	0	0.00000000	1.00000000
22	82	0	0.00000000	1.00000000
22	83	0	0.00000000	1.00000000
22	84	0	0.00000000	1.00000000
22	85	0	0.00000000	1.00000000
22	86	0	0.00000000	1.00000000
22	87	0	0.00000000	1.00000000
22	88	0	0.00000000	1.00000000
22	89	0	0.00000000	1.00000000
22	90	0	0.00000000	1.00000000
22	91	0	0.00000000	1.00000000
22	92	0	0.00000000	1.00000000
22	93	0	0.00000000	1.00000000
22	94	0	0.00000000	1.00000000
22	95	0	0.00000000	1.00000000
22	96	0	0.00000000	1.00000000
22	97	0	0.00000000	1.00000000
22	98	0	0.00000000	1.00000000
22	99	0	0.00000000	1.00000000
22	100	0	0.00000000	1.00000000
22	101	0	0.00000000	1.00000000
22	102	0	0.00000000	1.00000000
22	103	0	0.00000000	1.00000000
22	104	0	0.00000000	1.00000000
22	105	0	0.00000000	1.00000000
22	106	0	0.00000000	1.00000000
22	107	0	0.00000000	1.00000000
22	108	0	0.00000000	1.00000000
22	109	0	0.00000000	1.00000000
22	110	0	0.00000000	1.00000000
22	111	0	0.00000000	1.00000000
22	112	0	0.00000000	1.00000000
22	113	0	0.00000000	1.00000000
22	114	0	0.00000000	1.00000000
22	115	0	0.00000000	1.00000000
22	116	0	0.00000000	1.00000000
22	117	0	0.00000000	1.00000000
22	118	0	0.00000000	1.00000000
22	119	0	0.00000000	1.00000000
22	120	0	0.00000000	1.00000000
22	121	0	0.00000000	1.00000000
22	122	0	0.00000000	1.00000000
22	123	0	0.00000000	1.00000000
22	124	0	0.00000000	1.00000000
22	125	0	0.00000000	1.00000000
22	126	0	0.00000000	1.00000000
22	127	0	0.00000000	1.00000000
22	128	0	0.00000000	1.00000000
22	129	0	0.00000000	1.00000000
22	130	0	0.00000000	1.00000000
22	131	0	0.00000000	1.00000000
22	132	0	0.00000000	1.00000000
22	133	0	0.00000000	1.00000000
22	134	0	0.00000000	1.00000000
22	135	0	0.00000000	1.00000000
22	136	0	0.00000000	1.00000000
22	137	0	0.00000000	1.00000000
22	138	0	0.00000000	1.00000000
22	139	0	0.00000000	1.00000000
22	140	0	0.00000000	1.00000000
22	141	0	0.00000000	1.00000000
22	142	0	0.00000000	1.00000000
22	143	0	0.00000000	1.00000000
22	144	0	0.00000000	1.00000000
22	145	0	0.00000000	1.00000000
22	146	0	0.00000000	1.00000000
22	147	0	0.00000000	1.00000000
22	148	0	0.00000000	1.00000000
22	149	0	0.00000000	1.00000000
22	150	0	0.00000000	1.00000000
22	151	0	0.00000000	1.00000000
22	152	0	0.00000000	1.00000000
22	153	0	0.00000000	1.00000000
22	154	0	0.00000000	1.00000000
22	155	0	0.00000000	1.00000000
22	156	0	0.00000000	1.00000000
22	157	0	0.00000000	1.00000000
22	158	0	0.00000000	1.00000000
22	159	0	0.00000000	1.00000000
22	160	0	0.00000000	1.00000000
22	161	0	0.00000000	1.00000000
22	162	0	0.00000000	1.00000000
22	163	0	0.00000000	1.00000000
22	164	0	0.00000000	1.00000000
22	165	0	0.00000000	1.00000000
22	166	0	0.00000000	1.00000000
22	167	0	0.00000000	1.00000000
22	168	0	0.00000000	1.00000000
22	169	0	0.00000000	1.00000000
22	170	0	0.00000000	1.00000000
22	171	0	0.00000000	1.00000000
22	172	0	0.00000000	1.00000000
22	173	0	0.00000000	1.00000000
22	174	0	0.00000000	1.00000000
22	175	0	0.00000000	1.00000000
22	176	0	0.00000000	1.00000000
22	177	0	0.00000000	1.00000000
22	178	0	0.00000000	1.00000000
22	179	0	0.00000000	1.00000000
22	180	0	0.00000000	1.00000000
22	181	0	0.00000000	1.00000000
22	182	0	0.00000000	1.00000000
22	183	0	0.00000000	1.00000000
22	184	0	0.00000000	1.00000000
22	185	0	0.00000000	1.00000000
22	186	0	0.00000000	1.00000000
22	187	0	0.00000000	1.00000000
22	188	0	0.00000000	1.00000000
22	189	0	0.00000000	1.00000000
22	190	0	0.00000000	1.00000000
22	191	0	0.00000000	1.00000000
22	192	0	0.00000000	1.00000000
22	193	0	0.00000000	1.00000000
22	194	0	0.00000000	1.00000000
22	195	0	0.00000000	1.00000000
22	196	0	0.00000000	1.00000000
22	197	0	0.00000000	1.00000000
22	198	0	0.00000000	1.00000000
22	199	0	0.00000000	1.00000000
22	200	0	0.00000000	1.00000000
22	201	0	0.00000000	1.00000000
22	202	0	0.00000000	1.00000000
22	203	0	0.00000000	1.00000000
22	204	0	0.00000000	1.00000000
22	205	0	0.00000000	1.00000000
22	206	0	0.00000000	1.00000000
22	207	0	0.00000000	1.00000000
22	208	0	0.00000000	1.00000000
22	209	0	0.00000000	1.00000000
22	210	0	0.00000000	1.00000000
22	211	0	0.00000000	1.00000000
22	212	0	0.00000000	1.00000000
22	213	0	0.00000000	1.00000000
22	214	0	0.00000000	1.00000000
22	215	0	0.00000000	1.00000000
22	216	0	0.00000000	1.00000000
22	217	0	0.00000000	1.00000000
23	0	0	0.00000000	1.00000000
23	1	0	0.00000000	1.00000000
23	2	0	0.00000000	1.00000000
23	3	0	0.00000000	1.00000000
23	4	0	0.00000000	1.00000000
23	5	0	0.00000000	1.00000000
23	6	0	0.00000000	1.00000000
23	7	0	0.00000000	1.00000000
23	8	0	0.00000000	1.00000000
23	9	0	0.00000000	1.00000000
23	10	0	0.00000000	1.00000000
23	11	0	0.00000000	1.00000000
23	12	0	0.00000000	1.00000000
23	13	0	0.00000000	1.00000000
23	14	0	0.00000000	1.00000000
23	15	0	0.00000000	1.00000000
23	16	0	0.00000000	1.00000000
23	17	0	0.00000000	1.00000000
23	18	0	0.00000000	1.00000000
23	19	0	0.00000000	1.00000000
23	20	0	0.00000000	1.00000000
23	21	0	0.00000000	1.00000000
23	22	0	0.00000000	1.00000000
23	23	0	0.00000000	1.00000000
23	24	0	0.00000000	1.00000000
23	25	0	0.00000000	1.00000000
23	26	0	0.00000000	1.00000000
23	27	0	0.00000000	1.00000000
23	28	0	0.00000000	1.00000000
23	29	0	0.00000000	1.00000000
23	30	0	0.00000000	1.00000000
23	31	0	0.00000000	1.00000000
23	32	0	0.00000000	1.00000000
23	33	0	0.00000000	1.00000000
23	34	0	0.00000000	1.00000000
23	35	0	0.00000000	1.00000000
23	36	0	0.00000000	1.00000000
23	37	0	0.00000000	1.00000000
23	38	0	0.00000000	1.00000000
23	39	0	0.00000000	1.00000000
23	40	0	0.00000000	1.00000000
23	41	0	0.00000000	1.00000000
23	42	0	0.00000000	1.00000000
23	43	0	0.00000000	1.00000000
23	44	0	0.00000000	1.00000000
23	45	0	0.00000000	1.00000000
23	46	0	0.00000000	1.00000000
23	47	0	0.00000000	1.00000000
23	48	0	0.00000000	1.00000000
23	49	0	0.00000000	1.00000000
23	50	0	0.00000000	1.00000000
23	51	0	0.00000000	1.00000000
23	52	0	0.00000000	1.00000000
23	53	0	0.00000000	1.00000000
23	54	0	0.00000000	1.00000000
23	55	0	0.00000000	1.00000000
23	56	0	0.00000000	1.00000000
23	57	0	0.00000000	1.00000000
23	58	0	0.00000000	1.00000000
23	59	0	0.00000000	1.00000000
23	60	0	0.00000000	1.00000000
23	61	0	0.00000000	1.00000000
23	62	0	0.00000000	1.00000000
23	63	0	0.00000000	1.00000000
23	64	0	0.00000000	1.00000000
23	65	0	0.00000000	1.00000000
23	66	0	0.00000000	1.00000000
23	67	0	0.00000000	1.00000000
23	68	0	0.00000000	1.00000000
23	69	0	0.00000000	1.00000000
23	70	0	0.00000000	1.00000000
23	71	0	0.00000000	1.00000000
23	72	0	0.00000000	1.00000000
23	73	0	0.00000000	1.00000000
23	74	0	0.00000000	1.00000000
23	75	0	0.00000000	1.00000000
23	76	0	0.00000000	1.00000000
23	77	0	0.00000000	1.00000000
23	78	0	0.00000000	1.00000000
23	79	0	0.00000000	1.00000000
23	80	0	0.00000000	1.00000000
23	81	0	0.00000000	1.00000000
23	82	0	0.00000000	1.00000000
23	83	0	0.00000000	1.00000000
23	84	0	0.00000000	1.00000000
23	85	0	0.00000000	1.00000000
23	86	0	0.00000000	1.00000000
23	87	0	0.00000000	1.00000000
23	88	0	0.00000000	1.00000000
23	89	0	0.00000000	1.00000000
23	90	0	0.00000000	1.00000000
23	91	0	0.00000000	1.00000000
23	92	0	0.00000000	1.00000000
23	93	0	0.00000000	1.00000000
23	94	0	0.00000000	1.00000000
23	95	0	0.00000000	1.00000000
23	96	0	0.00000000	1.00000000
23	97	0	0.00000000	1.00000000
23	98	0	0.00000000	1.00000000
23	99	0	0.00000000	1.00000000
23	100	0	0.00000000	1.00000000
23	101	0	0.00000000	1.00000000
23	102	0	0.00000000	1.00000000
23	103	0	0.00000000	1.00000000
23	104	0	0.00000000	1.00000000
23	105	0	0.00000000	1.00000000
23	106	0	0.00000000	1.00000000
23	107	0	0.00000000	1.00000000
23	108	0	0.00000000	1.00000000
23	109	0	0.00000000	1.00000000
23	110	0	0.00000000	1.00000000
23	111	0	0.00000000	1.00000000
23	112	0	0.00000000	1.00000000
23	113	0	0.00000000	1.00000000
23	114	0	0.00000000	1.00000000
23	115	0	0.00000000	1.00000000
23	116	0	0.00000000	1.00000000
23	117	0	0.00000000	1.00000000
23	118	0	0.00000000	1.00000000
23	119	0	0.00000000	1.00000000
23	120	0	0.00000000	1.00000000
23	121	0	0.00000000	1.00000000
23	122	0	0.00000000	1.00000000
23	123	0	0.00000000	1.00000000
23	124	0	0.00000000	1.00000000
23	125	0	0.00000000	1.00000000
23	126	0	0.00000000	1.00000000
23	127	0	0.00000000	1.00000000
23	128	0	0.00000000	1.00000000
23	129	0	0.00000000	1.00000000
23	130	0	0.00000000	1.00000000
23	131	0	0.00000000	1.00000000
23	132	0	0.00000000	1.00000000
23	133	0	0.00000000	1.00000000
23	134	0	0.00000000	1.00000000
23	135	0	0.00000000	1.00000000
23	136	0	0.00000000	1.00000000
23	137	0	0.00000000	1.00000000
23	138	0	0.00000000	1.00000000
23	139	0	0.00000000	1.00000000
23	140	0	0.00000000	1.00000000
23	141	0	0.00000000	1.00000000
23	142	0	0.00000000	1.00000000
23	143	0	0.00000000	1.00000000
23	144	0	0.00000000	1.00000000
23	145	0	0.00000000	1.00000000
23	146	0	0.00000000	1.00000000
23	147	0	0.00000000	1.00000000
23	148	0	0.00000000	1.00000000
23	149	0	0.00000000	1.00000000
23	150	0	0.00000000	1.00000000
23	151	0	0.00000000	1.00000000
23	152	0	0.00000000	1.00000000
23	153	0	0.00000000	1.00000000
23	154	0	0.00000000	1.00000000
23	155	0	0.00000000	1.00000000
23	156	0	0.00000000	1.00000000
23	157	0	0.00000000	1.00000000
23	158	0	0.00000000	1.00000000
23	159	0	0.00000000	1.00000000
23	160	0	0.00000000	1.00000000
23	161	0	0.00000000	1.00000000
23	162	0	0.00000000	1.00000000
23	163	0	0.00000000	1.00000000
23	164	0	0.00000000	1.00000000
23	165	0	0.00000000	1.00000000
23	166	0	0.00000000	1.00000000
23	167	0	0.00000000	1.00000000
23	168	0	0.00000000	1.00000000
23	169	0	0.00000000	1.00000000
23	170	0	0.00000000	1.00000000
23	171	0	0.00000000	1.00000000
23	172	0	0.00000000	1.00000000
23	173	0	0.00000000	1.00000000
23	174	0	0.00000000	1.00000000
23	175	0	0.00000000	1.00000000
23	176	0	0.00000000	1.00000000
23	177	0	0.00000000	1.00000000
23	178	0	0.00000000	1.00000000
23	179	0	0.00000000	1.00000000
23	180	0	0.00000000	1.00000000
23	181	0	0.00000000	1.00000000
23	182	0	0.00000000	1.00000000
23	183	0	0.00000000	1.00000000
23	184	0	0.00000000	1.00000000
23	185	0	0.00000000	1.00000000
23	186	0	0.00000000	1.00000000
23	187	0	0.00000000	1.00000000
23	188	0	0.00000000	1.00000000
23	189	0	0.00000000	1.00000000
23	190	0	0.00000000	1.00000000
23	191	0	0.00000000	1.00000000
23	192	0	0.00000000	1.00000000
23	193	0	0.00000000	1.00000000
23	194	0	0.00000000	1.00000000
23	195	0	0.00000000	1.00000000
23	196	0	0.00000000	1.00000000
23	197	0	0.00000000	1.00000000
23	198	0	0.00000000	1.00000000
23	199	0	0.00000000	1.00000000
23	200	0	0.00000000	1.00000000
23	201	0	0.00000000	1.00000000
23	202	0	0.00000000	1.00000000
23	203	0	0.00000000	1.00000000
23	204	0	0.00000000	1.00000000
23	205	0	0.00000000	1.00000000
23	206	0	0.00000000	1.00000000
23	207	0	0.00000000	1.00000000
23	208	0	0.00000000	1.00000000
23	209	0	0.00000000	1.00000000
24	0	0	0.00000000	1.00000000
24	1	0	0.00000000	1.00000000
24	2	0	0.00000000	1.00000000
24	3	0	0.00000000	1.00000000
24	4	0	0.00000000	1.00000000
24	5	0	0.00000000	1.00000000
24	6	0	0.00000000	1.00000000
24	7	0	0.00000000	1.00000000
24	8	0	0.00000000	1.00000000
24	9	0	0.00000000	1.00000000
24	10	0	0.00000000	1.00000000
24	11	0	0.00000000	1.00000000
24	12	0	0.00000000	1.00000000
24	13	0	0.00000000	1.00000000
24	14	0	0.00000000	1.00000000
24	15	0	0.00000000	1.00000000
24	16	0	0.00000000	1.00000000
24	17	0	0.00000000	1.00000000
24	18	0	0.00000000	1.00000000
24	19	0	0.00000000	1.00000000
24	20	0	0.00000000	1.00000000
24	21	0	0.00000000	1.00000000
24	22	0	0.00000000	1.00000000
24	23	0	0.00000000	1.00000000
24	24	0	0.00000000	1.00000000
24	25	0	0.00000000	1.00000000
24	26	0	0.00000000	1.00000000
24	27	0	0.00000000	1.00000000
24	28	0	0.00000000	1.00000000
24	29	0	0.00000000	1.00000000
24	30	0	0.00000000	1.00000000
24	31	0	0.00000000	1.00000000
24	32	0	0.00000000	1.00000000
24	33	0	0.00000000	1.00000000
24	34	0	0.00000000	1.00000000
24	35	0	0.00000000	1.00000000
24	36	0	0.00000000	1.00000000
24	37	0	0.00000000	1.00000000
24	38	0	0.00000000	1.00000000
24	39	0	0.00000000	1.00000000
24	40	0	0.00000000	1.00000000
24	41	0	0.00000000	1.00000000
24	42	0	0.00000000	1.00000000
24	43	0	0.00000000	1.00000000
24	44	0	0.00000000	1.00000000
24	45	0	0.00000000	1.00000000
24	46	0	0.00000000	1.00000000
24	47	0	0.00000000	1.00000000
24	48	0	0.00000000	1.00000000
24	49	0	0.00000000	1.00000000
24	50	0	0.00000000	1.00000000
24	51	0	0.00000000	1.00000000
24	52	0	0.00000000	1.00000000
24	53	0	0.00000000	1.00000000
24	54	0	0.00000000	1.00000000
24	55	0	0.00000000	1.00000000
24	56	0	0.00000000	1.00000000
24	57	0	0.00000000	1.00000000
24	58	0	0.00000000	1.00000000
24	59	0	0.00000000	1.00000000
24	60	0	0.00000000	1.00000000
24	61	0	0.00000000	1.00000000
24	62	0	0.00000000	1.00000000
24	63	0	0.00000000	1.00000000
24	64	0	0.00000000	1.00000000
24	65	0	0.00000000	1.00000000
24	66	0	0.00000000	1.00000000
24	67	0	0.00000000	1.00000000
24	68	0	0.00000000	1.00000000
24	69	0	0.00000000	1.00000000
24	70	0	0.00000000	1.00000000
24	71	0	0.00000000	1.00000000
24	72	0	0.00000000	1.00000000
24	73	0	0.00000000	1.00000000
24	74	0	0.00000000	1.00000000
24	75	0	0.00000000	1.00000000
24	76	0	0.00000000	1.00000000
24	77	0	0.00000000	1.00000000
24	78	0	0.00000000	1.00000000
24	79	0	0.00000000	1.00000000
24	80	0	0.00000000	1.00000000
24	81	0	0.00000000	1.00000000
24	82	0	0.00000000	1.00000000
24	83	0	0.00000000	1.00000000
24	84	0	0.00000000	1.00000000
24	85	0	0.00000000	1.00000000
24	86	0	0.00000000	1.00000000
24	87	0	0.00000000	1.00000000
24	88	0	0.00000000	1.00000000
24	89	0	0.00000000	1.00000000
24	90	0	0.00000000	1.00000000
24	91	0	0.00000000	1.00000000
24	92	0	0.00000000	1.00000000
24	93	0	0.00000000	1.00000000
24	94	0	0.00000000	1.00000000
24	95	0	0.00000000	1.00000000
24	96	0	0.00000000	1.00000000
24	97	0	0.00000000	1.00000000
24	98	0	0.00000000	1.00000000
24	99	0	0.00000000	1.00000000
24	100	0	0.00000000	1.00000000
24	101	0	0.00000000	1.00000000
24	102	0	0.00000000	1.00000000
24	103	0	0.00000000	1.00000000
24	104	0	0.00000000	1.00000000
24	105	0	0.00000000	1.00000000
24	106	0	0.00000000	1.00000000
24	107	0	0.00000000	1.00000000
24	108	0	0.00000000	1.00000000
24	109	0	0.00000000	1.00000000
24	110	0	0.00000000	1.00000000
24	111	0	0.00000000	1.00000000
24	112	0	0.00000000	1.00000000
24	113	0	0.00000000	1.00000000
24	114	0	0.00000000	1.00000000
24	115	0	0.00000000	1.00000000
24	116	0	0.00000000	1.00000000
24	117	0	0.00000000	1.00000000
24	118	0	0.00000000	1.00000000
24	119	0	0.00000000	1.00000000
24	120	0	0.00000000	1.00000000
24	121	0	0.00000000	1.00000000
24	122	0	0.00000000	1.00000000
24	123	0	0.00000000	1.00000000
24	124	0	0.00000000	1.00000000
24	125	0	0.00000000	1.00000000
24	126	0	0.00000000	1.00000000
24	127	0	0.00000000	1.00000000
24	128	0	0.00000000	1.00000000
24	129	0	0.00000000	1.00000000
24	130	0	0.00000000	1.00000000
24	131	0	0.00000000	1.00000000
24	132	0	0.00000000	1.00000000
24	133	0	0.00000000	1.00000000
24	134	0	0.00000000	1.00000000
24	135	0	0.00000000	1.00000000
24	136	0	0.00000000	1.00000000
24	137	0	0.00000000	1.00000000
24	138	0	0.00000000	1.00000000
24	139	0	0.00000000	1.00000000
24	140	0	0.00000000	1.00000000
24	141	0	0.00000000	1.00000000
24	142	0	0.00000000	1.00000000
24	143	0	0.00000000	1.00000000
24	144	0	0.00000000	1.00000000
24	145	0	0.00000000	1.00000000
24	146	0	0.00000000	1.00000000
24	147	0	0.00000000	1.00000000
24	148	0	0.00000000	1.00000000
24	149	0	0.00000000	1.00000000
24	150	0	0.00000000	1.00000000
24	151	0	0.00000000	1.00000000
24	152	0	0.00000000	1.00000000
24	153	0	0.00000000	1.00000000
24	154	0	0.00000000	1.00000000
24	155	0	0.00000000	1.00000000
24	156	0	0.00000000	1.00000000
24	157	0	0.00000000	1.00000000
24	158	0	0.00000000	1.00000000
24	159	0	0.00000000	1.00000000
24	160	0	0.00000000	1.00000000
24	161	0	0.00000000	1.00000000
24	162	0	0.00000000	1.00000000
24	163	0	0.00000000	1.00000000
24	164	0	0.00000000	1.00000000
24	165	0	0.00000000	1.00000000
24	166	0	0.00000000	1.00000000
24	167	0	0.00000000	1.00000000
24	168	0	0.00000000	1.00000000
24	169	0	0.00000000	1.00000000
24	170	0	0.00000000	1.00000000
24	171	0	0.00000000	1.00000000
24	172	0	0.00000000	1.00000000
24	173	0	0.00000000	1.00000000
24	174	0	0.00000000	1.00000000
24	175	0	0.00000000	1.00000000
24	176	0	0.00000000	1.00000000
24	177	0	0.00000000	1.00000000
24	178	0	0.00000000	1.00000000
24	179	0	0.00000000	1.00000000
24	180	0	0.00000000	1.00000000
24	181	0	0.00000000	1.00000000
24	182	0	0.00000000	1.00000000
24	183	0	0.00000000	1.00000000
24	184	0	0.00000000	1.00000000
24	185	0	0.00000000	1.00000000
24	186	0	0.00000000	1.00000000
24	187	0	0.00000000	1.00000000
24	188	0	0.00000000	1.00000000
24	189	0	0.00000000	1.00000000
24	190	0	0.00000000	1.00000000
24	191	0	0.00000000	1.00000000
24	192	0	0.00000000	1.00000000
24	193	0	0.00000000	1.00000000
24	194	0	0.00000000	1.00000000
24	195	0	0.00000000	1.00000000
24	196	0	0.00000000	1.00000000
24	197	0	0.00000000	1.00000000
24	198	0	0.00000000	1.00000000
24	199	0	0.00000000	1.00000000
24	200	0	0.00000000	1.00000000
24	201	0	0.00000000	1.00000000
24	202	0	0.00000000	1.00000000
24	203	0	0.00000000	1.00000000
24	204	0	0.00000000	1.00000000
24	205	0	0.00000000	1.00000000
25	0	0	0.00000000	1.00000000
25	1	0	0.00000000	1.00000000
25	2	0	0.00000000	1.00000000
25	3	0	0.00000000	1.00000000
25	4	0	0.00000000	1.00000000
25	5	0	0.00000000	1.00000000
25	6	0	0.00000000	1.00000000
25	7	0	0.00000000	1.00000000
25	8	0	0.00000000	1.00000000
25	9	0	0.00000000	1.00000000
25	10	0	0.00000000	1.00000000
25	11	0	0.00000000	1.00000000
25	12	0	0.00000000	1.00000000
25	13	0	0.00000000	1.00000000
25	14	0	0.00000000	1.00000000
25	15	0	0.00000000	1.00000000
25	16	0	0.00000000	1.00000000
25	17	0	0.00000000	1.00000000
25	18	0	0.00000000	1.00000000
25	19	0	0.00000000	1.00000000
25	20	0	0.00000000	1.00000000
25	21	0	0.00000000	1.00000000
25	22	0	0.00000000	1.00000000
25	23	0	0.00000000	1.00000000
25	24	0	0.00000000	1.00000000
25	25	0	0.00000000	1.00000000
25	26	0	0.00000000	1.00000000
25	27	0	0.00000000	1.00000000
25	28	0	0.00000000	1.00000000
25	29	0	0.00000000	1.00000000
25	30	0	0.00000000	1.00000000
25	31	0	0.00000000	1.00000000
25	32	0	0.00000000	1.00000000
25	33	0	0.00000000	1.00000000
25	34	0	0.00000000	1.00000000
25	35	0	0.00000000	1.00000000
25	36	0	0.00000000	1.00000000
25	37	0	0.00000000	1.00000000
25	38	0	0.00000000	1.00000000
25	39	0	0.00000000	1.00000000
25	40	0	0.00000000	1.00000000
25	41	0	0.00000000	1.00000000
25	42	0	0.00000000	1.00000000
25	43	0	0.00000000	1.00000000
25	44	0	0.00000000	1.00000000
25	45	0	0.00000000	1.00000000
25	46	0	0.00000000	1.00000000
25	47	0	0.00000000	1.00000000
25	48	0	0.00000000	1.00000000
25	49	0	0.00000000	1.00000000
25	50	0	0.00000000	1.00000000
25	51	0	0.00000000	1.00000000
25	52	0	0.00000000	1.00000000
25	53	0	0.00000000	1.00000000
25	54	0	0.00000000	1.00000000
25	55	0	0.00000000	1.00000000
25	56	0	0.00000000	1.00000000
25	57	0	0.00000000	1.00000000
25	58	0	0.00000000	1.00000000
25	59	0	0.00000000	1.00000000
25	60	0	0.00000000	1.00000000
25	61	0	0.00000000	1.00000000
25	62	0	0.00000000	1.00000000
25	63	0	0.00000000	1.00000000
25	64	0	0.00000000	1.00000000
25	65	0	0.00000000	1.00000000
25	66	0	0.00000000	1.00000000
25	67	0	0.00000000	1.00000000
25	68	0	0.00000000	1.00000000
25	69	0	0.00000000	1.00000000
25	70	0	0.00000000	1.00000000
25	71	0	0.00000000	1.00000000
25	72	0	0.00000000	1.00000000
25	73	0	0.00000000	1.00000000
25	74	0	0.00000000	1.00000000
25	75	0	0.00000000	1.00000000
25	76	0	0.00000000	1.00000000
25	77	0	0.00000000	1.00000000
25	78	0	0.00000000	1.00000000
25	79	0	0.00000000	1.00000000
25	80	0	0.00000000	1.00000000
25	81	0	0.00000000	1.00000000
25	82	0	0.00000000	1.00000000
25	83	0	0.00000000	1.00000000
25	84	0	0.00000000	1.00000000
25	85	0	0.00000000	1.00000000
25	86	0	0.00000000	1.00000000
25	87	0	0.00000000	1.00000000
25	88	0	0.00000000	1.00000000
25	89	0	0.00000000	1.00000000
25	90	0	0.00000000	1.00000000
25	91	0	0.00000000	1.00000000
25	92	0	0.00000000	1.00000000
25	93	0	0.00000000	1.00000000
25	94	0	0.00000000	1.00000000
25	95	0	0.00000000	1.00000000
25	96	0	0.00000000	1.00000000
25	97	0	0.00000000	1.00000000
25	98	0	0.00000000	1.00000000
25	99	0	0.00000000	1.00000000
25	100	0	0.00000000	1.00000000
25	101	0	0.00000000	1.00000000
25	102	0	0.00000000	1.00000000
25	103	0	0.00000000	1.00000000
25	104	0	0.00000000	1.00000000
25	105	0	0.00000000	1.00000000
25	106	0	0.00000000	1.00000000
25	107	0	0.00000000	1.00000000
25	108	0	0.00000000	1.00000000
25	109	0	0.00000000	1.00000000
25	110	0	0.00000000	1.00000000
25	111	0	0.00000000	1.00000000
25	112	0	0.00000000	1.00000000
25	113	0	0.00000000	1.00000000
25	114	0	0.00000000	1.00000000
25	115	0	0.00000000	1.00000000
25	116	0	0.00000000	1.00000000
25	117	0	0.00000000	1.00000000
25	118	0	0.00000000	1.00000000
25	119	0	0.00000000	1.00000000
25	120	0	0.00000000	1.00000000
25	121	0	0.00000000	1.00000000
25	122	0	0.00000000	1.00000000
25	123	0	0.00000000	1.00000000
25	124	0	0.00000000	1.00000000
25	125	0	0.00000000	1.00000000
25	126	0	0.00000000	1.00000000
25	127	0	0.00000000	1.00000000
25	128	0	0.00000000	1.00000000
25	129	0	0.00000000	1.00000000
25	130	0	0.00000000	1.00000000
25	131	0	0.00000000	1.00000000
25	132	0	0.00000000	1.00000000
25	133	0	0.00000000	1.00000000
25	134	0	0.00000000	1.00000000
25	135	0	0.00000000	1.00000000
25	136	0	0.00000000	1.00000000
25	137	0	0.00000000	1.00000000
25	138	0	0.00000000	1.00000000
25	139	0	0.00000000	1.00000000
25	140	0	0.00000000	1.00000000
25	141	0	0.00000000	1.00000000
25	142	0	0.00000000	1.00000000
25	143	0	0.00000000	1.00000000
25	144	0	0.00000000	1.00000000
25	145	0	0.00000000	1.00000000
25	146	0	0.00000000	1.00000000
25	147	0	0.00000000	1.00000000
25	148	0	0.00000000	1.00000000
25	149	0	0.00000000	1.00000000
25	150	0	0.00000000	1.00000000
25	151	0	0.00000000	1.00000000
25	152	0	0.00000000	1.00000000
25	153	0	0.00000000	1.00000000
25	154	0	0.00000000	1.00000000
25	155	0	0.00000000	1.00000000
25	156	0	0.00000000	1.00000000
25	157	0	0.00000000	1.00000000
25	158	0	0.00000000	1.00000000
25	159	0	0.00000000	1.00000000
25	160	0	0.00000000	1.00000000
25	161	0	0.00000000	1.00000000
25	162	0	0.00000000	1.00000000
25	163	0	0.00000000	1.00000000
25	164	0	0.00000000	1.00000000
25	165	0	0.00000000	1.00000000
25	166	0	0.00000000	1.00000000
25	167	0	0.00000000	1.00000000
25	168	0	0.00000000	1.00000000
25	169	0	0.00000000	1.00000000
25	170	0	0.00000000	1.00000000
25	171	0	0.00000000	1.00000000
25	172	0	0.00000000	1.00000000
25	173	0	0.00000000	1.00000000
25	174	0	0.00000000	1.00000000
25	175	0	0.00000000	1.00000000
25	176	0	0.00000000	1.00000000
25	177	0	0.00000000	1.00000000
25	178	0	0.00000000	1.00000000
25	179	0	0.00000000	1.00000000
25	180	0	0.00000000	1.00000000
25	181	0	0.00000000	1.00000000
25	182	0	0.00000000	1.00000000
25	183	0	0.00000000	1.00000000
25	184	0	0.00000000	1.00000000
25	185	0	0.00000000	1.00000000
25	186	0	0.00000000	1.00000000
25	187	0	0.00000000	1.00000000
25	188	0	0.00000000	1.00000000
25	189	0	0.00000000	1.00000000
25	190	0	0.00000000	1.00000000
25	191	0	0.00000000	1.00000000
25	192	0	0.00000000	1.00000000
25	193	0	0.00000000	1.00000000
25	194	0	0.00000000	1.00000000
25	195	0	0.00000000	1.00000000
25	196	0	0.00000000	1.00000000
25	197	0	0.00000000	1.00000000
25	198	0	0.00000000	1.00000000
25	199	0	0.00000000	1.00000000
25	200	0	0.00000000	1.00000000
25	201	0	0.00000000	1.00000000
26	0	0	0.00000000	1.00000000
26	1	0	0.00000000	1.00000000
26	2	0	0.00000000	1.00000000
26	3	0	0.00000000	1.00000000
26	4	0	0.00000000	1.00000000
26	5	0	0.00000000	1.00000000
26	6	0	0.00000000	1.00000000
26	7	0	0.00000000	1.00000000
26	8	0	0.00000000	1.00000000
26	9	0	0.00000000	1.00000000
26	10	0	0.00000000	1.00000000
26	11	0	0.00000000	1.00000000
26	12	0	0.00000000	1.00000000
26	13	0	0.00000000	1.00000000
26	14	0	0.00000000	1.00000000
26	15	0	0.00000000	1.00000000
26	16	0	0.00000000	1.00000000
26	17	0	0.00000000	1.00000000
26	18	0	0.00000000	1.00000000
26	19	0	0.00000000	1.00000000
26	20	0	0.00000000	1.00000000
26	21	0	0.00000000	1.00000000
26	22	0	0.00000000	1.00000000
26	23	0	0.00000000	1.00000000
26	24	0	0.00000000	1.00000000
26	25	0	0.00000000	1.00000000
26	26	0	0.00000000	1.00000000
26	27	0	0.00000000	1.00000000
26	28	0	0.00000000	1.00000000
26	29	0	0.00000000	1.00000000
26	30	0	0.00000000	1.00000000
26	31	0	0.00000000	1.00000000
26	32	0	0.00000000	1.00000000
26	33	0	0.00000000	1.00000000
26	34	0	0.00000000	1.00000000
26	35	0	0.00000000	1.00000000
26	36	0	0.00000000	1.00000000
26	37	0	0.00000000	1.00000000
26	38	0	0.00000000	1.00000000
26	39	0	0.00000000	1.00000000
26	40	0	0.00000000	1.00000000
26	41	0	0.00000000	1.00000000
26	42	0	0.00000000	1.00000000
26	43	0	0.00000000	1.00000000
26	44	0	0.00000000	1.00000000
26	45	0	0.00000000	1.00000000
26	46	0	0.00000000	1.00000000
26	47	0	0.00000000	1.00000000
26	48	0	0.00000000	1.00000000
26	49	0	0.00000000	1.00000000
26	50	0	0.00000000	1.00000000
26	51	0	0.00000000	1.00000000
26	52	0	0.00000000	1.00000000
26	53	0	0.00000000	1.00000000
26	54	0	0.00000000	1.00000000
26	55	0	0.00000000	1.00000000
26	56	0	0.00000000	1.00000000
26	57	0	0.00000000	1.00000000
26	58	0	0.00000000	1.00000000
26	59	0	0.00000000	1.00000000
26	60	0	0.00000000	1.00000000
26	61	0	0.00000000	1.00000000
26	62	0	0.00000000	1.00000000
26	63	0	0.00000000	1.00000000
26	64	0	0.00000000	1.00000000
26	65	0	0.00000000	1.00000000
26	66	0	0.00000000	1.00000000
26	67	0	0.00000000	1.00000000
26	68	0	0.00000000	1.00000000
26	69	0	0.00000000	1.00000000
26	70	0	0.00000000	1.00000000
26	71	0	0.00000000	1.00000000
26	72	0	0.00000000	1.00000000
26	73	0	0.00000000	1.00000000
26	74	0	0.00000000	1.00000000
26	75	0	0.00000000	1.00000000
26	76	0	0.00000000	1.00000000
26	77	0	0.00000000	1.00000000
26	78	0	0.00000000	1.00000000
26	79	0	0.00000000	1.00000000
26	80	0	0.00000000	1.00000000
26	81	0	0.00000000	1.00000000
26	82	0	0.00000000	1.00000000
26	83	0	0.00000000	1.00000000
26	84	0	0.00000000	1.00000000
26	85	0	0.00000000	1.00000000
26	86	0	0.00000000	1.00000000
26	87	0	0.00000000	1.00000000
26	88	0	0.00000000	1.00000000
26	89	0	0.00000000	1.00000000
26	90	0	0.00000000	1.00000000
26	91	0	0.00000000	1.00000000
26	92	0	0.00000000	1.00000000
26	93	0	0.00000000	1.00000000
26	94	0	0.00000000	1.00000000
26	95	0	0.00000000	1.00000000
26	96	0	0.00000000	1.00000000
26	97	0	0.00000000	1.00000000
26	98	0	0.00000000	1.00000000
26	99	0	0.00000000	1.00000000
26	100	0	0.00000000	1.00000000
26	101	0	0.00000000	1.00000000
26	102	0	0.00000000	1.00000000
26	103	0	0.00000000	1.00000000
26	104	0	0.00000000	1.00000000
26	105	0	0.00000000	1.00000000
26	106	0	0.00000000	1.00000000
26	107	0	0.00000000	1.00000000
26	108	0	0.00000000	1.00000000
26	109	0	0.00000000	1.00000000
26	110	0	0.00000000	1.00000000
26	111	0	0.00000000	1.00000000
26	112	0	0.00000000	1.00000000
26	113	0	0.00000000	1.00000000
26	114	0	0.00000000	1.00000000
26	115	0	0.00000000	1.00000000
26	116	0	0.00000000	1.00000000
26	117	0	0.00000000	1.00000000
26	118	0	0.00000000	1.00000000
26	119	0	0.00000000	1.00000000
26	120	0	0.00000000	1.00000000
26	121	0	0.00000000	1.00000000
26	122	0	0.00000000	1.00000000
26	123	0	0.00000000	1.00000000
26	124	0	0.00000000	1.00000000
26	125	0	0.00000000	1.00000000
26	126	0	0.00000000	1.00000000
26	127	0	0.00000000	1.00000000
26	128	0	0.00000000	1.00000000
26	129	0	0.00000000	1.00000000
26	130	0	0.00000000	1.00000000
26	131	0	0.00000000	1.00000000
26	132	0	0.00000000	1.00000000
26	133	0	0.00000000	1.00000000
26	134	0	0.00000000	1.00000000
26	135	0	0.00000000	1.00000000
26	136	0	0.00000000	1.00000000
26	137	0	0.00000000	1.00000000
26	138	0	0.00000000	1.00000000
26	139	0	0.00000000	1.00000000
26	140	0	0.00000000	1.00000000
26	141	0	0.00000000	1.00000000
26	142	0	0.00000000	1.00000000
26	143	0	0.00000000	1.00000000
26	144	0	0.00000000	1.00000000
26	145	0	0.00000000	1.00000000
26	146	0	0.00000000	1.00000000
26	147	0	0.00000000	1.00000000
26	148	0	0.00000000	1.00000000
26	149	0	0.00000000	1.00000000
26	150	0	0.00000000	1.00000000
26	151	0	0.00000000	1.00000000
26	152	0	0.00000000	1.00000000
26	153	0	0.00000000	1.00000000
26	154	0	0.00000000	1.00000000
26	155	0	0.00000000	1.00000000
26	156	0	0.00000000	1.00000000
26	157	0	0.00000000	1.00000000
26	158	0	0.00000000	1.00000000
26	159	0	0.00000000	1.00000000
26	160	0	0.00000000	1.00000000
26	161	0	0.00000000	1.00000000
26	162	0	0.00000000	1.00000000
26	163	0	0.00000000	1.00000000
26	164	0	0.00000000	1.00000000
26	165	0	0.00000000	1.00000000
26	166	0	0.00000000	1.00000000
26	167	0	0.00000000	1.00000000
26	168	0	0.00000000	1.00000000
26	169	0	0.00000000	1.00000000
26	170	0	0.00000000	1.00000000
26	171	0	0.00000000	1.00000000
26	172	0	0.00000000	1.00000000
26	173	0	0.00000000	1.00000000
26	174	0	0.00000000	1.00000000
26	175	0	0.00000000	1.00000000
26	176	0	0.00000000	1.00000000
26	177	0	0.00000000	1.00000000
26	178	0	0.00000000	1.00000000
26	179	0	0.00000000	1.00000000
26	180	0	0.00000000	1.00000000
26	181	0	0.00000000	1.00000000
26	182	0	0.00000000	1.00000000
26	183	0	0.00000000	1.00000000
26	184	0	0.00000000	1.00000000
26	185	0	0.00000000	1.00000000
26	186	0	0.00000000	1.00000000
26	187	0	0.00000000	1.00000000
26	188	0	0.00000000	1.00000000
26	189	0	0.00000000	1.00000000
26	190	0	0.00000000	1.00000000
26	191	0	0.00000000	1.00000000
26	192	0	0.00000000	1.00000000
26	193	0	0.00000000	1.00000000
26	194	0	0.00000000	1.00000000
26	195	0	0.00000000	1.00000000
26	196	0	0.00000000	1.00000000
26	197	0	0.00000000	1.00000000
26	198	0	0.00000000	1.00000000
26	199	0	0.00000000	1.00000000
27	0	0	0.00000000	1.00000000
27	1	0	0.00000000	1.00000000
27	2	0	0.00000000	1.00000000
27	3	0	0.00000000	1.00000000
27	4	0	0.00000000	1.00000000
27	5	0	0.00000000	1.00000000
27	6	0	0.00000000	1.00000000
27	7	0	0.00000000	1.00000000
27	8	0	0.00000000	1.00000000
27	9	0	0.00000000	1.00000000
27	10	0	0.00000000	1.00000000
27	11	0	0.00000000	1.00000000
27	12	0	0.00000000	1.00000000
27	13	0	0.00000000	1.00000000
27	14	0	0.00000000	1.00000000
27	15	0	0.00000000	1.00000000
27	16	0	0.00000000	1.00000000
27	17	0	0.00000000	1.00000000
27	18	0	0.00000000	1.00000000
27	19	0	0.00000000	1.00000000
27	20	0	0.00000000	1.00000000
27	21	0	0.00000000	1.00000000
27	22	0	0.00000000	1.00000000
27	23	0	0.00000000	1.00000000
27	24	0	0.00000000	1.00000000
27	25	0	0.00000000	1.00000000
27	26	0	0.00000000	1.00000000
27	27	0	0.00000000	1.00000000
27	28	0	0.00000000	1.00000000
27	29	0	0.00000000	1.00000000
27	30	0	0.00000000	1.00000000
27	31	0	0.00000000	1.00000000
27	32	0	0.00000000	1.00000000
27	33	0	0.00000000	1.00000000
27	34	0	0.00000000	1.00000000
27	35	0	0.00000000	1.00000000
27	36	0	0.00000000	1.00000000
27	37	0	0.00000000	1.00000000
27	38	0	0.00000000	1.00000000
27	39	0	0.00000000	1.00000000
27	40	0	0.00000000	1.00000000
27	41	0	0.00000000	1.00000000
27	42	0	0.00000000	1.00000000
27	43	0	0.00000000	1.00000000
27	44	0	0.00000000	1.00000000
27	45	0	0.00000000	1.00000000
27	46	0	0.00000000	1.00000000
27	47	0	0.00000000	1.00000000
27	48	0	0.00000000	1.00000000
27	49	0	0.00000000	1.00000000
27	50	0	0.00000000	1.00000000
27	51	0	0.00000000	1.00000000
27	52	0	0.00000000	1.00000000
27	53	0	0.00000000	1.00000000
27	54	0	0.00000000	1.00000000
27	55	0	0.00000000	1.00000000
27	56	0	0.00000000	1.00000000
27	57	0	0.00000000	1.00000000
27	58	0	0.00000000	1.00000000
27	59	0	0.00000000	1.00000000
27	60	0	0.00000000	1.00000000
27	61	0	0.00000000	1.00000000
27	62	0	0.00000000	1.00000000
27	63	0	0.00000000	1.00000000
27	64	0	0.00000000	1.00000000
27	65	0	0.00000000	1.00000000
27	66	0	0.00000000	1.00000000
27	67	0	0.00000000	1.00000000
27	68	0	0.00000000	1.00000000
27	69	0	0.00000000	1.00000000
27	70	0	0.00000000	1.00000000
27	71	0	0.00000000	1.00000000
27	72	0	0.00000000	1.00000000
27	73	0	0.00000000	1.00000000
27	74	0	0.00000000	1.00000000
27	75	0	0.00000000	1.00000000
27	76	0	0.00000000	1.00000000
27	77	0	0.00000000	1.00000000
27	78	0	0.00000000	1.00000000
27	79	0	0.00000000	1.00000000
27	80	0	0.00000000	1.00000000
27	81	0	0.00000000	1.00000000
27	82	0	0.00000000	1.00000000
27	83	0	0.00000000	1.00000000
27	84	0	0.00000000	1.00000000
27	85	0	0.00000000	1.00000000
27	86	0	0.00000000	1.00000000
27	87	0	0.00000000	1.00000000
27	88	0	0.00000000	1.00000000
27	89	0	0.00000000	1.00000000
27	90	0	0.00000000	1.00000000
27	91	0	0.00000000	1.00000000
27	92	0	0.00000000	1.00000000
27	93	0	0.00000000	1.00000000
27	94	0	0.00000000	1.00000000
27	95	0	0.00000000	1.00000000
27	96	0	0.00000000	1.00000000
27	97	0	0.00000000	1.00000000
27	98	0	0.00000000	1.00000000
27	99	0	0.00000000	1.00000000
27	100	0	0.00000000	1.00000000
27	101	0	0.00000000	1.00000000
27	102	0	0.00000000	1.00000000
27	103	0	0.00000000	1.00000000
27	104	0	0.00000000	1.00000000
27	105	0	0.00000000	1.00000000
27	106	0	0.00000000	1.00000000
27	107	0	0.00000000	1.00000000
27	108	0	0.00000000	1.00000000
27	109	0	0.00000000	1.00000000
27	110	0	0.00000000	1.00000000
27	111	0	0.00000000	1.00000000
27	112	0	0.00000000	1.00000000
27	113	0	0.00000000	1.00000000
27	114	0	0.00000000	1.00000000
27	115	0	0.00000000	1.00000000
27	116	0	0.00000000	1.00000000
27	117	0	0.00000000	1.00000000
27	118	0	0.00000000	1.00000000
27	119	0	0.00000000	1.00000000
27	120	0	0.00000000	1.00000000
27	121	0	0.00000000	1.00000000
27	122	0	0.00000000	1.00000000
27	123	0	0.00000000	1.00000000
27	124	0	0.00000000	1.00000000
27	125	0	0.00000000	1.00000000
27	126	0	0.00000000	1.00000000
27	127	0	0.00000000	1.00000000
27	128	0	0.00000000	1.00000000
27	129	0	0.00000000	1.00000000
27	130	0	0.00000000	1.00000000
27	131	0	0.00000000	1.00000000
27	132	0	0.00000000	1.00000000
27	133	0	0.00000000	1.00000000
27	134	0	0.00000000	1.00000000
27	135	0	0.00000000	1.00000000
27	136	0	0.00000000	1.00000000
27	137	0	0.00000000	1.00000000
27	138	0	0.00000000	1.00000000
27	139	0	0.00000000	1.00000000
27	140	0	0.00000000	1.00000000
27	141	0	0.00000000	1.00000000
27	142	0	0.00000000	1.00000000
27	143	0	0.00000000	1.00000000
27	144	0	0.00000000	1.00000000
27	145	0	0.00000000	1.00000000
27	146	0	0.00000000	1.00000000
27	147	0	0.00000000	1.00000000
27	148	0	0.00000000	1.00000000
27	149	0	0.00000000	1.00000000
27	150	0	0.00000000	1.00000000
27	151	0	0.00000000	1.00000000
27	152	0	0.00000000	1.00000000
27	153	0	0.00000000	1.00000000
27	154	0	0.00000000	1.00000000
27	155	0	0.00000000	1.00000000
27	156	0	0.00000000	1.00000000
27	157	0	0.00000000	1.00000000
27	158	0	0.00000000	1.00000000
27	159	0	0.00000000	1.00000000
27	160	0	0.00000000	1.00000000
27	161	0	0.00000000	1.00000000
27	162	0	0.00000000	1.00000000
27	163	0	0.00000000	1.00000000
27	164	0	0.00000000	1.00000000
27	165	0	0.00000000	1.00000000
27	166	0	0.00000000	1.00000000
27	167	0	0.00000000	1.00000000
27	168	0	0.00000000	1.00000000
27	169	0	0.00000000	1.00000000
27	170	0	0.00000000	1.00000000
27	171	0	0.00000000	1.00000000
27	172	0	0.00000000	1.00000000
27	173	0	0.00000000	1.00000000
27	174	0	0.00000000	1.00000000
27	175	0	0.00000000	1.00000000
27	176	0	0.00000000	1.00000000
27	177	0	0.00000000	1.00000000
27	178	0	0.00000000	1.00000000
27	179	0	0.00000000	1.00000000
27	180	0	0.00000000	1.00000000
27	181	0	0.00000000	1.00000000
27	182	0	0.00000000	1.00000000
27	183	0	0.00000000	1.00000000
27	184	0	0.00000000	1.00000000
27	185	0	0.00000000	1.00000000
27	186	0	0.00000000	1.00000000
27	187	0	0.00000000	1.00000000
27	188	0	0.00000000	1.00000000
27	189	0	0.00000000	1.00000000
27	190	0	0.00000000	1.00000000
27	191	0	0.00000000	1.00000000
27	192	0	0.00000000	1.00000000
27	193	0	0.00000000	1.00000000
27	194	0	0.00000000	1.00000000
27	195	0	0.00000000	1.00000000
28	0	0	0.00000000	1.00000000
28	1	0	0.00000000	1.00000000
28	2	0	0.00000000	1.00000000
28	3	0	0.00000000	1.00000000
28	4	0	0.00000000	1.00000000
28	5	0	0.00000000	1.00000000
28	6	0	0.00000000	1.00000000
28	7	0	0.00000000	1.00000000
28	8	0	0.00000000	1.00000000
28	9	0	0.00000000	1.00000000
28	10	0	0.00000000	1.00000000
28	11	0	0.00000000	1.00000000
28	12	0	0.00000000	1.00000000
28	13	0	0.00000000	1.00000000
28	14	0	0.00000000	1.00000000
28	15	0	0.00000000	1.00000000
28	16	0	0.00000000	1.00000000
28	17	0	0.00000000	1.00000000
28	18	0	0.00000000	1.00000000
28	19	0	0.00000000	1.00000000
28	20	0	0.00000000	1.00000000
28	21	0	0.00000000	1.00000000
28	22	0	0.00000000	1.00000000
28	23	0	0.00000000	1.00000000
28	24	0	0.00000000	1.00000000
28	25	0	0.00000000	1.00000000
28	26	0	0.00000000	1.00000000
28	27	0	0.00000000	1.00000000
28	28	0	0.00000000	1.00000000
28	29	0	0.00000000	1.00000000
28	30	0	0.00000000	1.00000000
28	31	0	0.00000000	1.00000000
28	32	0	0.00000000	1.00000000
28	33	0	0.00000000	1.00000000
28	34	0	0.00000000	1.00000000
28	35	0	0.00000000	1.00000000
28	36	0	0.00000000	1.00000000
28	37	0	0.00000000	1.00000000
28	38	0	0.00000000	1.00000000
28	39	0	0.00000000	1.00000000
28	40	0	0.00000000	1.00000000
28	41	0	0.00000000	1.00000000
28	42	0	0.00000000	1.00000000
28	43	0	0.00000000	1.00000000
28	44	0	0.00000000	1.00000000
28	45	0	0.00000000	1.00000000
28	46	0	0.00000000	1.00000000
28	47	0	0.00000000	1.00000000
28	48	0	0.00000000	1.00000000
28	49	0	0.00000000	1.00000000
28	50	0	0.00000000	1.00000000
28	51	0	0.00000000	1.00000000
28	52	0	0.00000000	1.00000000
28	53	0	0.00000000	1.00000000
28	54	0	0.00000000	1.00000000
28	55	0	0.00000000	1.00000000
28	56	0	0.00000000	1.00000000
28	57	0	0.00000000	1.00000000
28	58	0	0.00000000	1.00000000
28	59	0	0.00000000	1.00000000
28	60	0	0.00000000	1.00000000
28	61	0	0.00000000	1.00000000
28	62	0	0.00000000	1.00000000
28	63	0	0.00000000	1.00000000
28	64	0	0.00000000	1.00000000
28	65	0	0.00000000	1.00000000
28	66	0	0.00000000	1.00000000
28	67	0	0.00000000	1.00000000
28	68	0	0.00000000	1.00000000
28	69	0	0.00000000	1.00000000
28	70	0	0.00000000	1.00000000
28	71	0	0.00000000	1.00000000
28	72	0	0.00000000	1.00000000
28	73	0	0.00000000	1.00000000
28	74	0	0.00000000	1.00000000
28	75	0	0.00000000	1.00000000
28	76	0	0.00000000	1.00000000
28	77	0	0.00000000	1.00000000
28	78	0	0.00000000	1.00000000
28	79	0	0.00000000	1.00000000
28	80	0	0.00000000	1.00000000
28	81	0	0.00000000	1.00000000
28	82	0	0.00000000	1.00000000
28	83	0	0.00000000	1.00000000
28	84	0	0.00000000	1.00000000
28	85	0	0.00000000	1.00000000
28	86	0	0.00000000	1.00000000
28	87	0	0.00000000	1.00000000
28	88	0	0.00000000	1.00000000
28	89	0	0.00000000	1.00000000
28	90	0	0.00000000	1.00000000
28	91	0	0.00000000	1.00000000
28	92	0	0.00000000	1.00000000
28	93	0	0.00000000	1.00000000
28	94	0	0.00000000	1.00000000
28	95	0	0.00000000	1.00000000
28	96	0	0.00000000	1.00000000
28	97	0	0.00000000	1.00000000
28	98	0	0.00000000	1.00000000
28	99	0	0.00000000	1.00000000
28	100	0	0.00000000	1.00000000
28	101	0	0.00000000	1.00000000
28	102	0	0.00000000	1.00000000
28	103	0	0.00000000	1.00000000
28	104	0	0.00000000	1.00000000
28	105	0	0.00000000	1.00000000
28	106	0	0.00000000	1.00000000
28	107	0	0.00000000	1.00000000
28	108	0	0.00000000	1.00000000
28	109	0	0.00000000	1.00000000
28	110	0	0.00000000	1.00000000
28	111	0	0.00000000	1.00000000
28	112	0	0.00000000	1.00000000
28	113	0	0.00000000	1.00000000
28	114	0	0.00000000	1.00000000
28	115	0	0.00000000	1.00000000
28	116	0	0.00000000	1.00000000
28	117	0	0.00000000	1.00000000
28	118	0	0.00000000	1.00000000
28	119	0	0.00000000	1.00000000
28	120	0	0.00000000	1.00000000
28	121	0	0.00000000	1.00000000
28	122	0	0.00000000	1.00000000
28	123	0	0.00000000	1.00000000
28	124	0	0.00000000	1.00000000
28	125	0	0.00000000	1.00000000
28	126	0	0.00000000	1.00000000
28	127	0	0.00000000	1.00000000
28	128	0	0.00000000	1.00000000
28	129	0	0.00000000	1.00000000
28	130	0	0.00000000	1.00000000
28	131	0	0.00000000	1.00000000
28	132	0	0.00000000	1.00000000
28	133	0	0.00000000	1.00000000
28	134	0	0.00000000	1.00000000
28	135	0	0.00000000	1.00000000
28	136	0	0.00000000	1.00000000
28	137	0	0.00000000	1.00000000
28	138	0	0.00000000	1.00000000
28	139	0	0.00000000	1.00000000
28	140	0	0.00000000	1.00000000
28	141	0	0.00000000	1.00000000
28	142	0	0.00000000	1.00000000
28	143	0	0.00000000	1.00000000
28	144	0	0.00000000	1.00000000
28	145	0	0.00000000	1.00000000
28	146	0	0.00000000	1.00000000
28	147	0	0.00000000	1.00000000
28	148	0	0.00000000	1.00000000
28	149	0	0.00000000	1.00000000
28	150	0	0.00000000	1.00000000
28	151	0	0.00000000	1.00000000
28	152	0	0.00000000	1.00000000
28	153	0	0.00000000	1.00000000
28	154	0	0.00000000	1.00000000
28	155	0	0.00000000	1.00000000
28	156	0	0.00000000	1.00000000
28	157	0	0.00000000	1.00000000
28	158	0	0.00000000	1.00000000
28	159	0	0.00000000	1.00000000
28	160	0	0.00000000	1.00000000
28	161	0	0.00000000	1.00000000
28	162	0	0.00000000	1.00000000
28	163	0	0.00000000	1.00000000
28	164	0	0.00000000	1.00000000
28	165	0	0.00000000	1.00000000
28	166	0	0.00000000	1.00000000
28	167	0	0.00000000	1.00000000
28	168	0	0.00000000	1.00000000
28	169	0	0.00000000	1.00000000
28	170	0	0.00000000	1.00000000
28	171	0	0.00000000	1.00000000
28	172	0	0.00000000	1.00000000
28	173	0	0.00000000	1.00000000
28	174	0	0.00000000	1.00000000
28	175	0	0.00000000	1.00000000
28	176	0	0.00000000	1.00000000
28	177	0	0.00000000	1.00000000
29	0	0	0.00000000	1.00000000
29	1	0	0.00000000	1.00000000
29	2	0	0.00000000	1.00000000
29	3	0	0.00000000	1.00000000
29	4	0	0.00000000	1.00000000
29	5	0	0.00000000	1.00000000
29	6	0	0.00000000	1.00000000
29	7	0	0.00000000	1.00000000
29	8	0	0.00000000	1.00000000
29	9	0	0.00000000	1.00000000
29	10	0	0.00000000	1.00000000
29	11	0	0.00000000	1.00000000
29	12	0	0.00000000	1.00000000
29	13	0	0.00000000	1.00000000
29	14	0	0.00000000	1.00000000
29	15	0	0.00000000	1.00000000
29	16	0	0.00000000	1.00000000
29	17	0	0.00000000	1.00000000
29	18	0	0.00000000	1.00000000
29	19	0	0.00000000	1.00000000
29	20	0	0.00000000	1.00000000
29	21	0	0.00000000	1.00000000
29	22	0	0.00000000	1.00000000
29	23	0	0.00000000	1.00000000
29	24	0	0.00000000	1.00000000
29	25	0	0.00000000	1.00000000
29	26	0	0.00000000	1.00000000
29	27	0	0.00000000	1.00000000
29	28	0	0.00000000	1.00000000
29	29	0	0.00000000	1.00000000
29	30	0	0.00000000	1.00000000
29	31	0	0.00000000	1.00000000
29	32	0	0.00000000	1.00000000
29	33	0	0.00000000	1.00000000
29	34	0	0.00000000	1.00000000
29	35	0	0.00000000	1.00000000
29	36	0	0.00000000	1.00000000
29	37	0	0.00000000	1.00000000
29	38	0	0.00000000	1.00000000
29	39	0	0.00000000	1.00000000
29	40	0	0.00000000	1.00000000
29	41	0	0.00000000	1.00000000
29	42	0	0.00000000	1.00000000
29	43	0	0.00000000	1.00000000
29	44	0	0.00000000	1.00000000
29	45	0	0.00000000	1.00000000
29	46	0	0.00000000	1.00000000
29	47	0	0.00000000	1.00000000
29	48	0	0.00000000	1.00000000
29	49	0	0.00000000	1.00000000
29	50	0	0.00000000	1.00000000
29	51	0	0.00000000	1.00000000
29	52	0	0.00000000	1.00000000
29	53	0	0.00000000	1.00000000
29	54	0	0.00000000	1.00000000
29	55	0	0.00000000	1.00000000
29	56	0	0.00000000	1.00000000
29	57	0	0.00000000	1.00000000
29	58	0	0.00000000	1.00000000
29	59	0	0.00000000	1.00000000
29	60	0	0.00000000	1.00000000
29	61	0	0.00000000	1.00000000
29	62	0	0.00000000	1.00000000
29	63	0	0.00000000	1.00000000
29	64	0	0.00000000	1.00000000
29	65	0	0.00000000	1.00000000
29	66	0	0.00000000	1.00000000
29	67	0	0.00000000	1.00000000
29	68	0	0.00000000	1.00000000
29	69	0	0.00000000	1.00000000
29	70	0	0.00000000	1.00000000
29	71	0	0.00000000	1.00000000
29	72	0	0.00000000	1.00000000
29	73	0	0.00000000	1.00000000
29	74	0	0.00000000	1.00000000
29	75	0	0.00000000	1.00000000
29	76	0	0.00000000	1.00000000
29	77	0	0.00000000	1.00000000
29	78	0	0.00000000	1.00000000
29	79	0	0.00000000	1.00000000
29	80	0	0.00000000	1.00000000
29	81	0	0.00000000	1.00000000
29	82	0	0.00000000	1.00000000
29	83	0	0.00000000	1.00000000
29	84	0	0.00000000	1.00000000
29	85	0	0.00000000	1.00000000
29	86	0	0.00000000	1.00000000
29	87	0	0.00000000	1.00000000
29	88	0	0.00000000	1.00000000
29	89	0	0.00000000	1.00000000
29	90	0	0.00000000	1.00000000
29	91	0	0.00000000	1.00000000
29	92	0	0.00000000	1.00000000
29	93	0	0.00000000	1.00000000
29	94	0	0.00000000	1.00000000
29	95	0	0.00000000	1.00000000
29	96	0	0.00000000	1.00000000
29	97	0	0.00000000	1.00000000
29	98	0	0.00000000	1.00000000
29	99	0	0.00000000	1.00000000
29	100	0	0.00000000	1.00000000
29	101	0	0.00000000	1.00000000
29	102	0	0.00000000	1.00000000
29	103	0	0.00000000	1.00000000
29	104	0	0.00000000	1.00000000
29	105	0	0.00000000	1.00000000
29	106	0	0.00000000	1.00000000
29	107	0	0.00000000	1.00000000
29	108	0	0.00000000	1.00000000
29	109	0	0.00000000	1.00000000
29	110	0	0.00000000	1.00000000
29	111	0	0.00000000	1.00000000
29	112	0	0.00000000	1.00000000
29	113	0	0.00000000	1.00000000
29	114	0	0.00000000	1.00000000
29	115	0	0.00000000	1.00000000
29	116	0	0.00000000	1.00000000
29	117	0	0.00000000	1.00000000
29	118	0	0.00000000	1.00000000
29	119	0	0.00000000	1.00000000
29	120	0	0.00000000	1.00000000
29	121	0	0.00000000	1.00000000
29	122	0	0.00000000	1.00000000
29	123	0	0.00000000	1.00000000
29	124	0	0.00000000	1.00000000
29	125	0	0.00000000	1.00000000
29	126	0	0.00000000	1.00000000
29	127	0	0.00000000	1.00000000
29	128	0	0.00000000	1.00000000
29	129	0	0.00000000	1.00000000
30	0	0	0.00000000	1.00000000
30	1	0	0.00000000	1.00000000
30	2	0	0.00000000	1.00000000
30	3	0	0.00000000	1.00000000
30	4	0	0.00000000	1.00000000
30	5	0	0.00000000	1.00000000
30	6	0	0.00000000	1.00000000
30	7	0	0.00000000	1.00000000
30	8	0	0.00000000	1.00000000
30	9	0	0.00000000	1.00000000
30	10	0	0.00000000	1.00000000
30	11	0	0.00000000	1.00000000
30	12	0	0.00000000	1.00000000
30	13	0	0.00000000	1.00000000
30	14	0	0.00000000	1.00000000
30	15	0	0.00000000	1.00000000
30	16	0	0.00000000	1.00000000
30	17	0	0.00000000	1.00000000
30	18	0	0.00000000	1.00000000
30	19	0	0.00000000	1.00000000
30	20	0	0.00000000	1.00000000
30	21	0	0.00000000	1.00000000
30	22	0	0.00000000	1.00000000
30	23	0	0.00000000	1.00000000
30	24	0	0.00000000	1.00000000
30	25	0	0.00000000	1.00000000
30	26	0	0.00000000	1.00000000
30	27	0	0.00000000	1.00000000
30	28	0	0.00000000	1.00000000
30	29	0	0.00000000	1.00000000
30	30	0	0.00000000	1.00000000
30	31	0	0.00000000	1.00000000
30	32	0	0.00000000	1.00000000
30	33	0	0.00000000	1.00000000
30	34	0	0.00000000	1.00000000
30	35	0	0.00000000	1.00000000
30	36	0	0.00000000	1.00000000
30	37	0	0.00000000	1.00000000
30	38	0	0.00000000	1.00000000
30	39	0	0.00000000	1.00000000
30	40	0	0.00000000	1.00000000
30	41	0	0.00000000	1.00000000
30	42	0	0.00000000	1.00000000
30	43	0	0.00000000	1.00000000
30	44	0	0.00000000	1.00000000
30	45	0	0.00000000	1.00000000
30	46	0	0.00000000	1.00000000
30	47	0	0.00000000	1.00000000
30	48	0	0.00000000	1.00000000
30	49	0	0.00000000	1.00000000
30	50	0	0.00000000	1.00000000
30	51	0	0.00000000	1.00000000
30	52	0	0.00000000	1.00000000
30	53	0	0.00000000	1.00000000
30	54	0	0.00000000	1.00000000
30	55	0	0.00000000	1.00000000
30	56	0	0.00000000	1.00000000
30	57	0	0.00000000	1.00000000
30	58	0	0.00000000	1.00000000
30	59	0	0.00000000	1.00000000
30	60	0	0.00000000	1.00000000
30	61	0	0.00000000	1.00000000
30	62	0	0.00000000	1.00000000
30	63	0	0.00000000	1.00000000
30	64	0	0.00000000	1.00000000
30	65	0	0.00000000	1.00000000
30	66	0	0.00000000	1.00000000
30	67	0	0.00000000	1.00000000
30	68	0	0.00000000	1.00000000
30	69	0	0.00000000	1.00000000
30	70	0	0.00000000	1.00000000
30	71	0	0.00000000	1.00000000
30	72	0	0.00000000	1.00000000
30	73	0	0.00000000	1.00000000
30	74	0	0.00000000	1.00000000
30	75	0	0.00000000	1.00000000
30	76	0	0.00000000	1.00000000
30	77	0	0.00000000	1.00000000
30	78	0	0.00000000	1.00000000
30	79	0	0.00000000	1.00000000
30	80	0	0.00000000	1.00000000
30	81	0	0.00000000	1.00000000
30	82	0	0.00000000	1.00000000
30	83	0	0.00000000	1.00000000
30	84	0	0.00000000	1.00000000
30	85	0	0.00000000	1.00000000
30	86	0	0.00000000	1.00000000
30	87	0	0.00000000	1.00000000
30	88	0	0.00000000	1.00000000
30	89	0	0.00000000	1.00000000
30	90	0	0.00000000	1.00000000
30	91	0	0.00000000	1.00000000
30	92	0	0.00000000	1.00000000
30	93	0	0.00000000	1.00000000
30	94	0	0.00000000	1.00000000
30	95	0	0.00000000	1.00000000
30	96	0	0.00000000	1.00000000
30	97	0	0.00000000	1.00000000
30	98	0	0.00000000	1.00000000
30	99	0	0.00000000	1.00000000
30	100	0	0.00000000	1.00000000
30	101	0	0.00000000	1.00000000
30	102	0	0.00000000	1.00000000
30	103	0	0.00000000	1.00000000
30	104	0	0.00000000	1.00000000
30	105	0	0.00000000	1.00000000
30	106	0	0.00000000	1.00000000
30	107	0	0.00000000	1.00000000
31	0	0	0.00000000	1.00000000
31	1	0	0.00000000	1.00000000
31	2	0	0.00000000	1.00000000
31	3	0	0.00000000	1.00000000
31	4	0	0.00000000	1.00000000
31	5	0	0.00000000	1.00000000
31	6	0	0.00000000	1.00000000
31	7	0	0.00000000	1.00000000
31	8	0	0.00000000	1.00000000
31	9	0	0.00000000	1.00000000
31	10	0	0.00000000	1.00000000
31	11	0	0.00000000	1.00000000
31	12	0	0.00000000	1.00000000
31	13	0	0.00000000	1.00000000
31	14	0	0.00000000	1.00000000
31	15	0	0.00000000	1.00000000
31	16	0	0.00000000	1.00000000
31	17	0	0.00000000	1.00000000
31	18	0	0.00000000	1.00000000
31	19	0	0.00000000	1.00000000
31	20	0	0.00000000	1.00000000
31	21	0	0.00000000	1.00000000
31	22	0	0.00000000	1.00000000
31	23	0	0.00000000	1.00000000
31	24	0	0.00000000	1.00000000
31	25	0	0.00000000	1.00000000
31	26	0	0.00000000	1.00000000
31	27	0	0.00000000	1.00000000
31	28	0	0.00000000	1.00000000
31	29	0	0.00000000	1.00000000
31	30	0	0.00000000	1.00000000
31	31	0	0.00000000	1.00000000
31	32	0	0.00000000	1.00000000
31	33	0	0.00000000	1.00000000
31	34	0	0.00000000	1.00000000
31	35	0	0.00000000	1.00000000
31	36	0	0.00000000	1.00000000
31	37	0	0.00000000	1.00000000
31	38	0	0.00000000	1.00000000
31	39	0	0.00000000	1.00000000
31	40	0	0.00000000	1.00000000
31	41	0	0.00000000	1.00000000
31	42	0	0.00000000	1.00000000
31	43	0	0.00000000	1.00000000
31	44	0	0.00000000	1.00000000
31	45	0	0.00000000	1.00000000
31	46	0	0.00000000	1.00000000
31	47	0	0.00000000	1.00000000
31	48	0	0.00000000	1.00000000
31	49	0	0.00000000	1.00000000
31	50	0	0.00000000	1.00000000
31	51	0	0.00000000	1.00000000
31	52	0	0.00000000	1.00000000
31	53	0	0.00000000	1.00000000
31	54	0	0.00000000	1.00000000
31	55	0	0.00000000	1.00000000
31	56	0	0.00000000	1.00000000
31	57	0	0.00000000	1.00000000
31	58	0	0.00000000	1.00000000
31	59	0	0.00000000	1.00000000
31	60	0	0.00000000	1.00000000
31	61	0	0.00000000	1.00000000
31	62	0	0.00000000	1.00000000
31	63	0	0.00000000	1.00000000
31	64	0	0.00000000	1.00000000
31	65	0	0.00000000	1.00000000
31	66	0	0.00000000	1.00000000
31	67	0	0.00000000	1.00000000
31	68	0	0.00000000	1.00000000
31	69	0	0.00000000	1.00000000
31	70	0	0.00000000	1.00000000
31	71	0	0.00000000	1.00000000
31	72	0	0.00000000	1.00000000
31	73	0	0.00000000	1.00000000
31	74	0	0.00000000	1.00000000
31	75	0	0.00000000	1.00000000
31	76	0	0.00000000	1.00000000
31	77	0	0.00000000	1.00000000
31	78	0	0.00000000	1.00000000
31	79	0	0.00000000	1.00000000
31	80	0	0.00000000	1.00000000
31	81	0	0.00000000	1.00000000
31	82	0	0.00000000	1.00000000
31	83	0	0.00000000	1.00000000
31	84	0	0.00000000	1.00000000
31	85	0	0.00000000	1.00000000
31	86	0	0.00000000	1.00000000
31	87	0	0.00000000	1.00000000
31	88	0	0.00000000	1.00000000
31	89	0	0.00000000	1.00000000
########################################
# TPC TDC : ct = (t-p0)*p1             #
########################################
0	0	1	84.00000000	80.00000000
0	1	1	84.00000000	80.00000000
0	2	1	84.00000000	80.00000000
0	3	1	84.00000000	80.00000000
0	4	1	84.00000000	80.00000000
0	5	1	84.00000000	80.00000000
0	6	1	84.00000000	80.00000000
0	7	1	84.00000000	80.00000000
0	8	1	84.00000000	80.00000000
0	9	1	84.00000000	80.00000000
0	10	1	84.00000000	80.00000000
0	11	1	84.00000000	80.00000000
0	12	1	84.00000000	80.00000000
0	13	1	84.00000000	80.00000000
0	14	1	84.00000000	80.00000000
0	15	1	84.00000000	80.00000000
0	16	1	84.00000000	80.00000000
0	17	1	84.00000000	80.00000000
0	18	1	84.00000000	80.00000000
0	19	1	84.00000000	80.00000000
0	20	1	84.00000000	80.00000000
0	21	1	84.00000000	80.00000000
0	22	1	84.00000000	80.00000000
0	23	1	84.00000000	80.00000000
0	24	1	84.00000000	80.00000000
0	25	1	84.00000000	80.00000000
0	26	1	84.00000000	80.00000000
0	27	1	84.00000000	80.00000000
0	28	1	84.00000000	80.00000000
0	29	1	84.00000000	80.00000000
0	30	1	84.00000000	80.00000000
0	31	1	84.00000000	80.00000000
0	32	1	84.00000000	80.00000000
0	33	1	84.00000000	80.00000000
0	34	1	84.00000000	80.00000000
0	35	1	84.00000000	80.00000000
0	36	1	84.00000000	80.00000000
0	37	1	84.00000000	80.00000000
0	38	1	84.00000000	80.00000000
0	39	1	84.00000000	80.00000000
0	40	1	84.00000000	80.00000000
0	41	1	84.00000000	80.00000000
0	42	1	84.00000000	80.00000000
0	43	1	84.00000000	80.00000000
0	44	1	84.00000000	80.00000000
0	45	1	84.00000000	80.00000000
0	46	1	84.00000000	80.00000000
0	47	1	84.00000000	80.00000000
1	0	1	84.00000000	80.00000000
1	1	1	84.00000000	80.00000000
1	2	1	84.00000000	80.00000000
1	3	1	84.00000000	80.00000000
1	4	1	84.00000000	80.00000000
1	5	1	84.00000000	80.00000000
1	6	1	84.00000000	80.00000000
1	7	1	84.00000000	80.00000000
1	8	1	84.00000000	80.00000000
1	9	1	84.00000000	80.00000000
1	10	1	84.00000000	80.00000000
1	11	1	84.00000000	80.00000000
1	12	1	84.00000000	80.00000000
1	13	1	84.00000000	80.00000000
1	14	1	84.00000000	80.00000000
1	15	1	84.00000000	80.00000000
1	16	1	84.00000000	80.00000000
1	17	1	84.00000000	80.00000000
1	18	1	84.00000000	80.00000000
1	19	1	84.00000000	80.00000000
1	20	1	84.00000000	80.00000000
1	21	1	84.00000000	80.00000000
1	22	1	84.00000000	80.00000000
1	23	1	84.00000000	80.00000000
1	24	1	84.00000000	80.00000000
1	25	1	84.00000000	80.00000000
1	26	1	84.00000000	80.00000000
1	27	1	84.00000000	80.00000000
1	28	1	84.00000000	80.00000000
1	29	1	84.00000000	80.00000000
1	30	1	84.00000000	80.00000000
1	31	1	84.00000000	80.00000000
1	32	1	84.00000000	80.00000000
1	33	1	84.00000000	80.00000000
1	34	1	84.00000000	80.00000000
1	35	1	84.00000000	80.00000000
1	36	1	84.00000000	80.00000000
1	37	1	84.00000000	80.00000000
1	38	1	84.00000000	80.00000000
1	39	1	84.00000000	80.00000000
1	40	1	84.00000000	80.00000000
1	41	1	84.00000000	80.00000000
1	42	1	84.00000000	80.00000000
1	43	1	84.00000000	80.00000000
1	44	1	84.00000000	80.00000000
1	45	1	84.00000000	80.00000000
1	46	1	84.00000000	80.00000000
1	47	1	84.00000000	80.00000000
2	0	1	84.00000000	80.00000000
2	1	1	84.00000000	80.00000000
2	2	1	84.00000000	80.00000000
2	3	1	84.00000000	80.00000000
2	4	1	84.00000000	80.00000000
2	5	1	84.00000000	80.00000000
2	6	1	84.00000000	80.00000000
2	7	1	84.00000000	80.00000000
2	8	1	84.00000000	80.00000000
2	9	1	84.00000000	80.00000000
2	10	1	84.00000000	80.00000000
2	11	1	84.00000000	80.00000000
2	12	1	84.00000000	80.00000000
2	13	1	84.00000000	80.00000000
2	14	1	84.00000000	80.00000000
2	15	1	84.00000000	80.00000000
2	16	1	84.00000000	80.00000000
2	17	1	84.00000000	80.00000000
2	18	1	84.00000000	80.00000000
2	19	1	84.00000000	80.00000000
2	20	1	84.00000000	80.00000000
2	21	1	84.00000000	80.00000000
2	22	1	84.00000000	80.00000000
2	23	1	84.00000000	80.00000000
2	24	1	84.00000000	80.00000000
2	25	1	84.00000000	80.00000000
2	26	1	84.00000000	80.00000000
2	27	1	84.00000000	80.00000000
2	28	1	84.00000000	80.00000000
2	29	1	84.00000000	80.00000000
2	30	1	84.00000000	80.00000000
2	31	1	84.00000000	80.00000000
2	32	1	84.00000000	80.00000000
2	33	1	84.00000000	80.00000000
2	34	1	84.00000000	80.00000000
2	35	1	84.00000000	80.00000000
2	36	1	84.00000000	80.00000000
2	37	1	84.00000000	80.00000000
2	38	1	84.00000000	80.00000000
2	39	1	84.00000000	80.00000000
2	40	1	84.00000000	80.00000000
2	41	1	84.00000000	80.00000000
2	42	1	84.00000000	80.00000000
2	43	1	84.00000000	80.00000000
2	44	1	84.00000000	80.00000000
2	45	1	84.00000000	80.00000000
2	46	1	84.00000000	80.00000000
2	47	1	84.00000000	80.00000000
2	48	1	84.00000000	80.00000000
2	49	1	84.00000000	80.00000000
2	50	1	84.00000000	80.00000000
2	51	1	84.00000000	80.00000000
2	52	1	84.00000000	80.00000000
2	53	1	84.00000000	80.00000000
2	54	1	84.00000000	80.00000000
2	55	1	84.00000000	80.00000000
2	56	1	84.00000000	80.00000000
2	57	1	84.00000000	80.00000000
2	58	1	84.00000000	80.00000000
2	59	1	84.00000000	80.00000000
2	60	1	84.00000000	80.00000000
2	61	1	84.00000000	80.00000000
2	62	1	84.00000000	80.00000000
2	63	1	84.00000000	80.00000000
2	64	1	84.00000000	80.00000000
2	65	1	84.00000000	80.00000000
2	66	1	84.00000000	80.00000000
2	67	1	84.00000000	80.00000000
2	68	1	84.00000000	80.00000000
2	69	1	84.00000000	80.00000000
2	70	1	84.00000000	80.00000000
2	71	1	84.00000000	80.00000000
3	0	1	84.00000000	80.00000000
3	1	1	84.00000000	80.00000000
3	2	1	84.00000000	80.00000000
3	3	1	84.00000000	80.00000000
3	4	1	84.00000000	80.00000000
3	5	1	84.00000000	80.00000000
3	6	1	84.00000000	80.00000000
3	7	1	84.00000000	80.00000000
3	8	1	84.00000000	80.00000000
3	9	1	84.00000000	80.00000000
3	10	1	84.00000000	80.00000000
3	11	1	84.00000000	80.00000000
3	12	1	84.00000000	80.00000000
3	13	1	84.00000000	80.00000000
3	14	1	84.00000000	80.00000000
3	15	1	84.00000000	80.00000000
3	16	1	84.00000000	80.00000000
3	17	1	84.00000000	80.00000000
3	18	1	84.00000000	80.00000000
3	19	1	84.00000000	80.00000000
3	20	1	84.00000000	80.00000000
3	21	1	84.00000000	80.00000000
3	22	1	84.00000000	80.00000000
3	23	1	84.00000000	80.00000000
3	24	1	84.00000000	80.00000000
3	25	1	84.00000000	80.00000000
3	26	1	84.00000000	80.00000000
3	27	1	84.00000000	80.00000000
3	28	1	84.00000000	80.00000000
3	29	1	84.00000000	80.00000000
3	30	1	84.00000000	80.00000000
3	31	1	84.00000000	80.00000000
3	32	1	84.00000000	80.00000000
3	33	1	84.00000000	80.00000000
3	34	1	84.00000000	80.00000000
3	35	1	84.00000000	80.00000000
3	36	1	84.00000000	80.00000000
3	37	1	84.00000000	80.00000000
3	38	1	84.00000000	80.00000000
3	39	1	84.00000000	80.00000000
3	40	1	84.00000000	80.00000000
3	41	1	84.00000000	80.00000000
3	42	1	84.00000000	80.00000000
3	43	1	84.00000000	80.00000000
3	44	1	84.00000000	80.00000000
3	45	1	84.00000000	80.00000000
3	46	1	84.00000000	80.00000000
3	47	1	84.00000000	80.00000000
3	48	1	84.00000000	80.00000000
3	49	1	84.00000000	80.00000000
3	50	1	84.00000000	80.00000000
3	51	1	84.00000000	80.00000000
3	52	1	84.00000000	80.00000000
3	53	1	84.00000000	80.00000000
3	54	1	84.00000000	80.00000000
3	55	1	84.00000000	80.00000000
3	56	1	84.00000000	80.00000000
3	57	1	84.00000000	80.00000000
3	58	1	84.00000000	80.00000000
3	59	1	84.00000000	80.00000000
3	60	1	84.00000000	80.00000000
3	61	1	84.00000000	80.00000000
3	62	1	84.00000000	80.00000000
3	63	1	84.00000000	80.00000000
3	64	1	84.00000000	80.00000000
3	65	1	84.00000000	80.00000000
3	66	1	84.00000000	80.00000000
3	67	1	84.00000000	80.00000000
3	68	1	84.00000000	80.00000000
3	69	1	84.00000000	80.00000000
3	70	1	84.00000000	80.00000000
3	71	1	84.00000000	80.00000000
3	72	1	84.00000000	80.00000000
3	73	1	84.00000000	80.00000000
3	74	1	84.00000000	80.00000000
3	75	1	84.00000000	80.00000000
3	76	1	84.00000000	80.00000000
3	77	1	84.00000000	80.00000000
3	78	1	84.00000000	80.00000000
3	79	1	84.00000000	80.00000000
3	80	1	84.00000000	80.00000000
3	81	1	84.00000000	80.00000000
3	82	1	84.00000000	80.00000000
3	83	1	84.00000000	80.00000000
3	84	1	84.00000000	80.00000000
3	85	1	84.00000000	80.00000000
3	86	1	84.00000000	80.00000000
3	87	1	84.00000000	80.00000000
3	88	1	84.00000000	80.00000000
3	89	1	84.00000000	80.00000000
3	90	1	84.00000000	80.00000000
3	91	1	84.00000000	80.00000000
3	92	1	84.00000000	80.00000000
3	93	1	84.00000000	80.00000000
3	94	1	84.00000000	80.00000000
3	95	1	84.00000000	80.00000000
4	0	1	84.00000000	80.00000000
4	1	1	84.00000000	80.00000000
4	2	1	84.00000000	80.00000000
4	3	1	84.00000000	80.00000000
4	4	1	84.00000000	80.00000000
4	5	1	84.00000000	80.00000000
4	6	1	84.00000000	80.00000000
4	7	1	84.00000000	80.00000000
4	8	1	84.00000000	80.00000000
4	9	1	84.00000000	80.00000000
4	10	1	84.00000000	80.00000000
4	11	1	84.00000000	80.00000000
4	12	1	84.00000000	80.00000000
4	13	1	84.00000000	80.00000000
4	14	1	84.00000000	80.00000000
4	15	1	84.00000000	80.00000000
4	16	1	84.00000000	80.00000000
4	17	1	84.00000000	80.00000000
4	18	1	84.00000000	80.00000000
4	19	1	84.00000000	80.00000000
4	20	1	84.00000000	80.00000000
4	21	1	84.00000000	80.00000000
4	22	1	84.00000000	80.00000000
4	23	1	84.00000000	80.00000000
4	24	1	84.00000000	80.00000000
4	25	1	84.00000000	80.00000000
4	26	1	84.00000000	80.00000000
4	27	1	84.00000000	80.00000000
4	28	1	84.00000000	80.00000000
4	29	1	84.00000000	80.00000000
4	30	1	84.00000000	80.00000000
4	31	1	84.00000000	80.00000000
4	32	1	84.00000000	80.00000000
4	33	1	84.00000000	80.00000000
4	34	1	84.00000000	80.00000000
4	35	1	84.00000000	80.00000000
4	36	1	84.00000000	80.00000000
4	37	1	84.00000000	80.00000000
4	38	1	84.00000000	80.00000000
4	39	1	84.00000000	80.00000000
4	40	1	84.00000000	80.00000000
4	41	1	84.00000000	80.00000000
4	42	1	84.00000000	80.00000000
4	43	1	84.00000000	80.00000000
4	44	1	84.00000000	80.00000000
4	45	1	84.00000000	80.00000000
4	46	1	84.00000000	80.00000000
4	47	1	84.00000000	80.00000000
4	48	1	84.00000000	80.00000000
4	49	1	84.00000000	80.00000000
4	50	1	84.00000000	80.00000000
4	51	1	84.00000000	80.00000000
4	52	1	84.00000000	80.00000000
4	53	1	84.00000000	80.00000000
4	54	1	84.00000000	80.00000000
4	55	1	84.00000000	80.00000000
4	56	1	84.00000000	80.00000000
4	57	1	84.00000000	80.00000000
4	58	1	84.00000000	80.00000000
4	59	1	84.00000000	80.00000000
4	60	1	84.00000000	80.00000000
4	61	1	84.00000000	80.00000000
4	62	1	84.00000000	80.00000000
4	63	1	84.00000000	80.00000000
4	64	1	84.00000000	80.00000000
4	65	1	84.00000000	80.00000000
4	66	1	84.00000000	80.00000000
4	67	1	84.00000000	80.00000000
4	68	1	84.00000000	80.00000000
4	69	1	84.00000000	80.00000000
4	70	1	84.00000000	80.00000000
4	71	1	84.00000000	80.00000000
4	72	1	84.00000000	80.00000000
4	73	1	84.00000000	80.00000000
4	74	1	84.00000000	80.00000000
4	75	1	84.00000000	80.00000000
4	76	1	84.00000000	80.00000000
4	77	1	84.00000000	80.00000000
4	78	1	84.00000000	80.00000000
4	79	1	84.00000000	80.00000000
4	80	1	84.00000000	80.00000000
4	81	1	84.00000000	80.00000000
4	82	1	84.00000000	80.00000000
4	83	1	84.00000000	80.00000000
4	84	1	84.00000000	80.00000000
4	85	1	84.00000000	80.00000000
4	86	1	84.00000000	80.00000000
4	87	1	84.00000000	80.00000000
4	88	1	84.00000000	80.00000000
4	89	1	84.00000000	80.00000000
4	90	1	84.00000000	80.00000000
4	91	1	84.00000000	80.00000000
4	92	1	84.00000000	80.00000000
4	93	1	84.00000000	80.00000000
4	94	1	84.00000000	80.00000000
4	95	1	84.00000000	80.00000000
4	96	1	84.00000000	80.00000000
4	97	1	84.00000000	80.00000000
4	98	1	84.00000000	80.00000000
4	99	1	84.00000000	80.00000000
4	100	1	84.00000000	80.00000000
4	101	1	84.00000000	80.00000000
4	102	1	84.00000000	80.00000000
4	103	1	84.00000000	80.00000000
4	104	1	84.00000000	80.00000000
4	105	1	84.00000000	80.00000000
4	106	1	84.00000000	80.00000000
4	107	1	84.00000000	80.00000000
4	108	1	84.00000000	80.00000000
4	109	1	84.00000000	80.00000000
4	110	1	84.00000000	80.00000000
4	111	1	84.00000000	80.00000000
4	112	1	84.00000000	80.00000000
4	113	1	84.00000000	80.00000000
4	114	1	84.00000000	80.00000000
4	115	1	84.00000000	80.00000000
4	116	1	84.00000000	80.00000000
4	117	1	84.00000000	80.00000000
4	118	1	84.00000000	80.00000000
4	119	1	84.00000000	80.00000000
5	0	1	84.00000000	80.00000000
5	1	1	84.00000000	80.00000000
5	2	1	84.00000000	80.00000000
5	3	1	84.00000000	80.00000000
5	4	1	84.00000000	80.00000000
5	5	1	84.00000000	80.00000000
5	6	1	84.00000000	80.00000000
5	7	1	84.00000000	80.00000000
5	8	1	84.00000000	80.00000000
5	9	1	84.00000000	80.00000000
5	10	1	84.00000000	80.00000000
5	11	1	84.00000000	80.00000000
5	12	1	84.00000000	80.00000000
5	13	1	84.00000000	80.00000000
5	14	1	84.00000000	80.00000000
5	15	1	84.00000000	80.00000000
5	16	1	84.00000000	80.00000000
5	17	1	84.00000000	80.00000000
5	18	1	84.00000000	80.00000000
5	19	1	84.00000000	80.00000000
5	20	1	84.00000000	80.00000000
5	21	1	84.00000000	80.00000000
5	22	1	84.00000000	80.00000000
5	23	1	84.00000000	80.00000000
5	24	1	84.00000000	80.00000000
5	25	1	84.00000000	80.00000000
5	26	1	84.00000000	80.00000000
5	27	1	84.00000000	80.00000000
5	28	1	84.00000000	80.00000000
5	29	1	84.00000000	80.00000000
5	30	1	84.00000000	80.00000000
5	31	1	84.00000000	80.00000000
5	32	1	84.00000000	80.00000000
5	33	1	84.00000000	80.00000000
5	34	1	84.00000000	80.00000000
5	35	1	84.00000000	80.00000000
5	36	1	84.00000000	80.00000000
5	37	1	84.00000000	80.00000000
5	38	1	84.00000000	80.00000000
5	39	1	84.00000000	80.00000000
5	40	1	84.00000000	80.00000000
5	41	1	84.00000000	80.00000000
5	42	1	84.00000000	80.00000000
5	43	1	84.00000000	80.00000000
5	44	1	84.00000000	80.00000000
5	45	1	84.00000000	80.00000000
5	46	1	84.00000000	80.00000000
5	47	1	84.00000000	80.00000000
5	48	1	84.00000000	80.00000000
5	49	1	84.00000000	80.00000000
5	50	1	84.00000000	80.00000000
5	51	1	84.00000000	80.00000000
5	52	1	84.00000000	80.00000000
5	53	1	84.00000000	80.00000000
5	54	1	84.00000000	80.00000000
5	55	1	84.00000000	80.00000000
5	56	1	84.00000000	80.00000000
5	57	1	84.00000000	80.00000000
5	58	1	84.00000000	80.00000000
5	59	1	84.00000000	80.00000000
5	60	1	84.00000000	80.00000000
5	61	1	84.00000000	80.00000000
5	62	1	84.00000000	80.00000000
5	63	1	84.00000000	80.00000000
5	64	1	84.00000000	80.00000000
5	65	1	84.00000000	80.00000000
5	66	1	84.00000000	80.00000000
5	67	1	84.00000000	80.00000000
5	68	1	84.00000000	80.00000000
5	69	1	84.00000000	80.00000000
5	70	1	84.00000000	80.00000000
5	71	1	84.00000000	80.00000000
5	72	1	84.00000000	80.00000000
5	73	1	84.00000000	80.00000000
5	74	1	84.00000000	80.00000000
5	75	1	84.00000000	80.00000000
5	76	1	84.00000000	80.00000000
5	77	1	84.00000000	80.00000000
5	78	1	84.00000000	80.00000000
5	79	1	84.00000000	80.00000000
5	80	1	84.00000000	80.00000000
5	81	1	84.00000000	80.00000000
5	82	1	84.00000000	80.00000000
5	83	1	84.00000000	80.00000000
5	84	1	84.00000000	80.00000000
5	85	1	84.00000000	80.00000000
5	86	1	84.00000000	80.00000000
5	87	1	84.00000000	80.00000000
5	88	1	84.00000000	80.00000000
5	89	1	84.00000000	80.00000000
5	90	1	84.00000000	80.00000000
5	91	1	84.00000000	80.00000000
5	92	1	84.00000000	80.00000000
5	93	1	84.00000000	80.00000000
5	94	1	84.00000000	80.00000000
5	95	1	84.00000000	80.00000000
5	96	1	84.00000000	80.00000000
5	97	1	84.00000000	80.00000000
5	98	1	84.00000000	80.00000000
5	99	1	84.00000000	80.00000000
5	100	1	84.00000000	80.00000000
5	101	1	84.00000000	80.00000000
5	102	1	84.00000000	80.00000000
5	103	1	84.00000000	80.00000000
5	104	1	84.00000000	80.00000000
5	105	1	84.00000000	80.00000000
5	106	1	84.00000000	80.00000000
5	107	1	84.00000000	80.00000000
5	108	1	84.00000000	80.00000000
5	109	1	84.00000000	80.00000000
5	110	1	84.00000000	80.00000000
5	111	1	84.00000000	80.00000000
5	112	1	84.00000000	80.00000000
5	113	1	84.00000000	80.00000000
5	114	1	84.00000000	80.00000000
5	115	1	84.00000000	80.00000000
5	116	1	84.00000000	80.00000000
5	117	1	84.00000000	80.00000000
5	118	1	84.00000000	80.00000000
5	119	1	84.00000000	80.00000000
5	120	1	84.00000000	80.00000000
5	121	1	84.00000000	80.00000000
5	122	1	84.00000000	80.00000000
5	123	1	84.00000000	80.00000000
5	124	1	84.00000000	80.00000000
5	125	1	84.00000000	80.00000000
5	126	1	84.00000000	80.00000000
5	127	1	84.00000000	80.00000000
5	128	1	84.00000000	80.00000000
5	129	1	84.00000000	80.00000000
5	130	1	84.00000000	80.00000000
5	131	1	84.00000000	80.00000000
5	132	1	84.00000000	80.00000000
5	133	1	84.00000000	80.00000000
5	134	1	84.00000000	80.00000000
5	135	1	84.00000000	80.00000000
5	136	1	84.00000000	80.00000000
5	137	1	84.00000000	80.00000000
5	138	1	84.00000000	80.00000000
5	139	1	84.00000000	80.00000000
5	140	1	84.00000000	80.00000000
5	141	1	84.00000000	80.00000000
5	142	1	84.00000000	80.00000000
5	143	1	84.00000000	80.00000000
6	0	1	84.00000000	80.00000000
6	1	1	84.00000000	80.00000000
6	2	1	84.00000000	80.00000000
6	3	1	84.00000000	80.00000000
6	4	1	84.00000000	80.00000000
6	5	1	84.00000000	80.00000000
6	6	1	84.00000000	80.00000000
6	7	1	84.00000000	80.00000000
6	8	1	84.00000000	80.00000000
6	9	1	84.00000000	80.00000000
6	10	1	84.00000000	80.00000000
6	11	1	84.00000000	80.00000000
6	12	1	84.00000000	80.00000000
6	13	1	84.00000000	80.00000000
6	14	1	84.00000000	80.00000000
6	15	1	84.00000000	80.00000000
6	16	1	84.00000000	80.00000000
6	17	1	84.00000000	80.00000000
6	18	1	84.00000000	80.00000000
6	19	1	84.00000000	80.00000000
6	20	1	84.00000000	80.00000000
6	21	1	84.00000000	80.00000000
6	22	1	84.00000000	80.00000000
6	23	1	84.00000000	80.00000000
6	24	1	84.00000000	80.00000000
6	25	1	84.00000000	80.00000000
6	26	1	84.00000000	80.00000000
6	27	1	84.00000000	80.00000000
6	28	1	84.00000000	80.00000000
6	29	1	84.00000000	80.00000000
6	30	1	84.00000000	80.00000000
6	31	1	84.00000000	80.00000000
6	32	1	84.00000000	80.00000000
6	33	1	84.00000000	80.00000000
6	34	1	84.00000000	80.00000000
6	35	1	84.00000000	80.00000000
6	36	1	84.00000000	80.00000000
6	37	1	84.00000000	80.00000000
6	38	1	84.00000000	80.00000000
6	39	1	84.00000000	80.00000000
6	40	1	84.00000000	80.00000000
6	41	1	84.00000000	80.00000000
6	42	1	84.00000000	80.00000000
6	43	1	84.00000000	80.00000000
6	44	1	84.00000000	80.00000000
6	45	1	84.00000000	80.00000000
6	46	1	84.00000000	80.00000000
6	47	1	84.00000000	80.00000000
6	48	1	84.00000000	80.00000000
6	49	1	84.00000000	80.00000000
6	50	1	84.00000000	80.00000000
6	51	1	84.00000000	80.00000000
6	52	1	84.00000000	80.00000000
6	53	1	84.00000000	80.00000000
6	54	1	84.00000000	80.00000000
6	55	1	84.00000000	80.00000000
6	56	1	84.00000000	80.00000000
6	57	1	84.00000000	80.00000000
6	58	1	84.00000000	80.00000000
6	59	1	84.00000000	80.00000000
6	60	1	84.00000000	80.00000000
6	61	1	84.00000000	80.00000000
6	62	1	84.00000000	80.00000000
6	63	1	84.00000000	80.00000000
6	64	1	84.00000000	80.00000000
6	65	1	84.00000000	80.00000000
6	66	1	84.00000000	80.00000000
6	67	1	84.00000000	80.00000000
6	68	1	84.00000000	80.00000000
6	69	1	84.00000000	80.00000000
6	70	1	84.00000000	80.00000000
6	71	1	84.00000000	80.00000000
6	72	1	84.00000000	80.00000000
6	73	1	84.00000000	80.00000000
6	74	1	84.00000000	80.00000000
6	75	1	84.00000000	80.00000000
6	76	1	84.00000000	80.00000000
6	77	1	84.00000000	80.00000000
6	78	1	84.00000000	80.00000000
6	79	1	84.00000000	80.00000000
6	80	1	84.00000000	80.00000000
6	81	1	84.00000000	80.00000000
6	82	1	84.00000000	80.00000000
6	83	1	84.00000000	80.00000000
6	84	1	84.00000000	80.00000000
6	85	1	84.00000000	80.00000000
6	86	1	84.00000000	80.00000000
6	87	1	84.00000000	80.00000000
6	88	1	84.00000000	80.00000000
6	89	1	84.00000000	80.00000000
6	90	1	84.00000000	80.00000000
6	91	1	84.00000000	80.00000000
6	92	1	84.00000000	80.00000000
6	93	1	84.00000000	80.00000000
6	94	1	84.00000000	80.00000000
6	95	1	84.00000000	80.00000000
6	96	1	84.00000000	80.00000000
6	97	1	84.00000000	80.00000000
6	98	1	84.00000000	80.00000000
6	99	1	84.00000000	80.00000000
6	100	1	84.00000000	80.00000000
6	101	1	84.00000000	80.00000000
6	102	1	84.00000000	80.00000000
6	103	1	84.00000000	80.00000000
6	104	1	84.00000000	80.00000000
6	105	1	84.00000000	80.00000000
6	106	1	84.00000000	80.00000000
6	107	1	84.00000000	80.00000000
6	108	1	84.00000000	80.00000000
6	109	1	84.00000000	80.00000000
6	110	1	84.00000000	80.00000000
6	111	1	84.00000000	80.00000000
6	112	1	84.00000000	80.00000000
6	113	1	84.00000000	80.00000000
6	114	1	84.00000000	80.00000000
6	115	1	84.00000000	80.00000000
6	116	1	84.00000000	80.00000000
6	117	1	84.00000000	80.00000000
6	118	1	84.00000000	80.00000000
6	119	1	84.00000000	80.00000000
6	120	1	84.00000000	80.00000000
6	121	1	84.00000000	80.00000000
6	122	1	84.00000000	80.00000000
6	123	1	84.00000000	80.00000000
6	124	1	84.00000000	80.00000000
6	125	1	84.00000000	80.00000000
6	126	1	84.00000000	80.00000000
6	127	1	84.00000000	80.00000000
6	128	1	84.00000000	80.00000000
6	129	1	84.00000000	80.00000000
6	130	1	84.00000000	80.00000000
6	131	1	84.00000000	80.00000000
6	132	1	84.00000000	80.00000000
6	133	1	84.00000000	80.00000000
6	134	1	84.00000000	80.00000000
6	135	1	84.00000000	80.00000000
6	136	1	84.00000000	80.00000000
6	137	1	84.00000000	80.00000000
6	138	1	84.00000000	80.00000000
6	139	1	84.00000000	80.00000000
6	140	1	84.00000000	80.00000000
6	141	1	84.00000000	80.00000000
6	142	1	84.00000000	80.00000000
6	143	1	84.00000000	80.00000000
6	144	1	84.00000000	80.00000000
6	145	1	84.00000000	80.00000000
6	146	1	84.00000000	80.00000000
6	147	1	84.00000000	80.00000000
6	148	1	84.00000000	80.00000000
6	149	1	84.00000000	80.00000000
6	150	1	84.00000000	80.00000000
6	151	1	84.00000000	80.00000000
6	152	1	84.00000000	80.00000000
6	153	1	84.00000000	80.00000000
6	154	1	84.00000000	80.00000000
6	155	1	84.00000000	80.00000000
6	156	1	84.00000000	80.00000000
6	157	1	84.00000000	80.00000000
6	158	1	84.00000000	80.00000000
6	159	1	84.00000000	80.00000000
6	160	1	84.00000000	80.00000000
6	161	1	84.00000000	80.00000000
6	162	1	84.00000000	80.00000000
6	163	1	84.00000000	80.00000000
6	164	1	84.00000000	80.00000000
6	165	1	84.00000000	80.00000000
6	166	1	84.00000000	80.00000000
6	167	1	84.00000000	80.00000000
7	0	1	84.00000000	80.00000000
7	1	1	84.00000000	80.00000000
7	2	1	84.00000000	80.00000000
7	3	1	84.00000000	80.00000000
7	4	1	84.00000000	80.00000000
7	5	1	84.00000000	80.00000000
7	6	1	84.00000000	80.00000000
7	7	1	84.00000000	80.00000000
7	8	1	84.00000000	80.00000000
7	9	1	84.00000000	80.00000000
7	10	1	84.00000000	80.00000000
7	11	1	84.00000000	80.00000000
7	12	1	84.00000000	80.00000000
7	13	1	84.00000000	80.00000000
7	14	1	84.00000000	80.00000000
7	15	1	84.00000000	80.00000000
7	16	1	84.00000000	80.00000000
7	17	1	84.00000000	80.00000000
7	18	1	84.00000000	80.00000000
7	19	1	84.00000000	80.00000000
7	20	1	84.00000000	80.00000000
7	21	1	84.00000000	80.00000000
7	22	1	84.00000000	80.00000000
7	23	1	84.00000000	80.00000000
7	24	1	84.00000000	80.00000000
7	25	1	84.00000000	80.00000000
7	26	1	84.00000000	80.00000000
7	27	1	84.00000000	80.00000000
7	28	1	84.00000000	80.00000000
7	29	1	84.00000000	80.00000000
7	30	1	84.00000000	80.00000000
7	31	1	84.00000000	80.00000000
7	32	1	84.00000000	80.00000000
7	33	1	84.00000000	80.00000000
7	34	1	84.00000000	80.00000000
7	35	1	84.00000000	80.00000000
7	36	1	84.00000000	80.00000000
7	37	1	84.00000000	80.00000000
7	38	1	84.00000000	80.00000000
7	39	1	84.00000000	80.00000000
7	40	1	84.00000000	80.00000000
7	41	1	84.00000000	80.00000000
7	42	1	84.00000000	80.00000000
7	43	1	84.00000000	80.00000000
7	44	1	84.00000000	80.00000000
7	45	1	84.00000000	80.00000000
7	46	1	84.00000000	80.00000000
7	47	1	84.00000000	80.00000000
7	48	1	84.00000000	80.00000000
7	49	1	84.00000000	80.00000000
7	50	1	84.00000000	80.00000000
7	51	1	84.00000000	80.00000000
7	52	1	84.00000000	80.00000000
7	53	1	84.00000000	80.00000000
7	54	1	84.00000000	80.00000000
7	55	1	84.00000000	80.00000000
7	56	1	84.00000000	80.00000000
7	57	1	84.00000000	80.00000000
7	58	1	84.00000000	80.00000000
7	59	1	84.00000000	80.00000000
7	60	1	84.00000000	80.00000000
7	61	1	84.00000000	80.00000000
7	62	1	84.00000000	80.00000000
7	63	1	84.00000000	80.00000000
7	64	1	84.00000000	80.00000000
7	65	1	84.00000000	80.00000000
7	66	1	84.00000000	80.00000000
7	67	1	84.00000000	80.00000000
7	68	1	84.00000000	80.00000000
7	69	1	84.00000000	80.00000000
7	70	1	84.00000000	80.00000000
7	71	1	84.00000000	80.00000000
7	72	1	84.00000000	80.00000000
7	73	1	84.00000000	80.00000000
7	74	1	84.00000000	80.00000000
7	75	1	84.00000000	80.00000000
7	76	1	84.00000000	80.00000000
7	77	1	84.00000000	80.00000000
7	78	1	84.00000000	80.00000000
7	79	1	84.00000000	80.00000000
7	80	1	84.00000000	80.00000000
7	81	1	84.00000000	80.00000000
7	82	1	84.00000000	80.00000000
7	83	1	84.00000000	80.00000000
7	84	1	84.00000000	80.00000000
7	85	1	84.00000000	80.00000000
7	86	1	84.00000000	80.00000000
7	87	1	84.00000000	80.00000000
7	88	1	84.00000000	80.00000000
7	89	1	84.00000000	80.00000000
7	90	1	84.00000000	80.00000000
7	91	1	84.00000000	80.00000000
7	92	1	84.00000000	80.00000000
7	93	1	84.00000000	80.00000000
7	94	1	84.00000000	80.00000000
7	95	1	84.00000000	80.00000000
7	96	1	84.00000000	80.00000000
7	97	1	84.00000000	80.00000000
7	98	1	84.00000000	80.00000000
7	99	1	84.00000000	80.00000000
7	100	1	84.00000000	80.00000000
7	101	1	84.00000000	80.00000000
7	102	1	84.00000000	80.00000000
7	103	1	84.00000000	80.00000000
7	104	1	84.00000000	80.00000000
7	105	1	84.00000000	80.00000000
7	106	1	84.00000000	80.00000000
7	107	1	84.00000000	80.00000000
7	108	1	84.00000000	80.00000000
7	109	1	84.00000000	80.00000000
7	110	1	84.00000000	80.00000000
7	111	1	84.00000000	80.00000000
7	112	1	84.00000000	80.00000000
7	113	1	84.00000000	80.00000000
7	114	1	84.00000000	80.00000000
7	115	1	84.00000000	80.00000000
7	116	1	84.00000000	80.00000000
7	117	1	84.00000000	80.00000000
7	118	1	84.00000000	80.00000000
7	119	1	84.00000000	80.00000000
7	120	1	84.00000000	80.00000000
7	121	1	84.00000000	80.00000000
7	122	1	84.00000000	80.00000000
7	123	1	84.00000000	80.00000000
7	124	1	84.00000000	80.00000000
7	125	1	84.00000000	80.00000000
7	126	1	84.00000000	80.00000000
7	127	1	84.00000000	80.00000000
7	128	1	84.00000000	80.00000000
7	129	1	84.00000000	80.00000000
7	130	1	84.00000000	80.00000000
7	131	1	84.00000000	80.00000000
7	132	1	84.00000000	80.00000000
7	133	1	84.00000000	80.00000000
7	134	1	84.00000000	80.00000000
7	135	1	84.00000000	80.00000000
7	136	1	84.00000000	80.00000000
7	137	1	84.00000000	80.00000000
7	138	1	84.00000000	80.00000000
7	139	1	84.00000000	80.00000000
7	140	1	84.00000000	80.00000000
7	141	1	84.00000000	80.00000000
7	142	1	84.00000000	80.00000000
7	143	1	84.00000000	80.00000000
7	144	1	84.00000000	80.00000000
7	145	1	84.00000000	80.00000000
7	146	1	84.00000000	80.00000000
7	147	1	84.00000000	80.00000000
7	148	1	84.00000000	80.00000000
7	149	1	84.00000000	80.00000000
7	150	1	84.00000000	80.00000000
7	151	1	84.00000000	80.00000000
7	152	1	84.00000000	80.00000000
7	153	1	84.00000000	80.00000000
7	154	1	84.00000000	80.00000000
7	155	1	84.00000000	80.00000000
7	156	1	84.00000000	80.00000000
7	157	1	84.00000000	80.00000000
7	158	1	84.00000000	80.00000000
7	159	1	84.00000000	80.00000000
7	160	1	84.00000000	80.00000000
7	161	1	84.00000000	80.00000000
7	162	1	84.00000000	80.00000000
7	163	1	84.00000000	80.00000000
7	164	1	84.00000000	80.00000000
7	165	1	84.00000000	80.00000000
7	166	1	84.00000000	80.00000000
7	167	1	84.00000000	80.00000000
7	168	1	84.00000000	80.00000000
7	169	1	84.00000000	80.00000000
7	170	1	84.00000000	80.00000000
7	171	1	84.00000000	80.00000000
7	172	1	84.00000000	80.00000000
7	173	1	84.00000000	80.00000000
7	174	1	84.00000000	80.00000000
7	175	1	84.00000000	80.00000000
7	176	1	84.00000000	80.00000000
7	177	1	84.00000000	80.00000000
7	178	1	84.00000000	80.00000000
7	179	1	84.00000000	80.00000000
7	180	1	84.00000000	80.00000000
7	181	1	84.00000000	80.00000000
7	182	1	84.00000000	80.00000000
7	183	1	84.00000000	80.00000000
7	184	1	84.00000000	80.00000000
7	185	1	84.00000000	80.00000000
7	186	1	84.00000000	80.00000000
7	187	1	84.00000000	80.00000000
7	188	1	84.00000000	80.00000000
7	189	1	84.00000000	80.00000000
7	190	1	84.00000000	80.00000000
7	191	1	84.00000000	80.00000000
8	0	1	84.00000000	80.00000000
8	1	1	84.00000000	80.00000000
8	2	1	84.00000000	80.00000000
8	3	1	84.00000000	80.00000000
8	4	1	84.00000000	80.00000000
8	5	1	84.00000000	80.00000000
8	6	1	84.00000000	80.00000000
8	7	1	84.00000000	80.00000000
8	8	1	84.00000000	80.00000000
8	9	1	84.00000000	80.00000000
8	10	1	84.00000000	80.00000000
8	11	1	84.00000000	80.00000000
8	12	1	84.00000000	80.00000000
8	13	1	84.00000000	80.00000000
8	14	1	84.00000000	80.00000000
8	15	1	84.00000000	80.00000000
8	16	1	84.00000000	80.00000000
8	17	1	84.00000000	80.00000000
8	18	1	84.00000000	80.00000000
8	19	1	84.00000000	80.00000000
8	20	1	84.00000000	80.00000000
8	21	1	84.00000000	80.00000000
8	22	1	84.00000000	80.00000000
8	23	1	84.00000000	80.00000000
8	24	1	84.00000000	80.00000000
8	25	1	84.00000000	80.00000000
8	26	1	84.00000000	80.00000000
8	27	1	84.00000000	80.00000000
8	28	1	84.00000000	80.00000000
8	29	1	84.00000000	80.00000000
8	30	1	84.00000000	80.00000000
8	31	1	84.00000000	80.00000000
8	32	1	84.00000000	80.00000000
8	33	1	84.00000000	80.00000000
8	34	1	84.00000000	80.00000000
8	35	1	84.00000000	80.00000000
8	36	1	84.00000000	80.00000000
8	37	1	84.00000000	80.00000000
8	38	1	84.00000000	80.00000000
8	39	1	84.00000000	80.00000000
8	40	1	84.00000000	80.00000000
8	41	1	84.00000000	80.00000000
8	42	1	84.00000000	80.00000000
8	43	1	84.00000000	80.00000000
8	44	1	84.00000000	80.00000000
8	45	1	84.00000000	80.00000000
8	46	1	84.00000000	80.00000000
8	47	1	84.00000000	80.00000000
8	48	1	84.00000000	80.00000000
8	49	1	84.00000000	80.00000000
8	50	1	84.00000000	80.00000000
8	51	1	84.00000000	80.00000000
8	52	1	84.00000000	80.00000000
8	53	1	84.00000000	80.00000000
8	54	1	84.00000000	80.00000000
8	55	1	84.00000000	80.00000000
8	56	1	84.00000000	80.00000000
8	57	1	84.00000000	80.00000000
8	58	1	84.00000000	80.00000000
8	59	1	84.00000000	80.00000000
8	60	1	84.00000000	80.00000000
8	61	1	84.00000000	80.00000000
8	62	1	84.00000000	80.00000000
8	63	1	84.00000000	80.00000000
8	64	1	84.00000000	80.00000000
8	65	1	84.00000000	80.00000000
8	66	1	84.00000000	80.00000000
8	67	1	84.00000000	80.00000000
8	68	1	84.00000000	80.00000000
8	69	1	84.00000000	80.00000000
8	70	1	84.00000000	80.00000000
8	71	1	84.00000000	80.00000000
8	72	1	84.00000000	80.00000000
8	73	1	84.00000000	80.00000000
8	74	1	84.00000000	80.00000000
8	75	1	84.00000000	80.00000000
8	76	1	84.00000000	80.00000000
8	77	1	84.00000000	80.00000000
8	78	1	84.00000000	80.00000000
8	79	1	84.00000000	80.00000000
8	80	1	84.00000000	80.00000000
8	81	1	84.00000000	80.00000000
8	82	1	84.00000000	80.00000000
8	83	1	84.00000000	80.00000000
8	84	1	84.00000000	80.00000000
8	85	1	84.00000000	80.00000000
8	86	1	84.00000000	80.00000000
8	87	1	84.00000000	80.00000000
8	88	1	84.00000000	80.00000000
8	89	1	84.00000000	80.00000000
8	90	1	84.00000000	80.00000000
8	91	1	84.00000000	80.00000000
8	92	1	84.00000000	80.00000000
8	93	1	84.00000000	80.00000000
8	94	1	84.00000000	80.00000000
8	95	1	84.00000000	80.00000000
8	96	1	84.00000000	80.00000000
8	97	1	84.00000000	80.00000000
8	98	1	84.00000000	80.00000000
8	99	1	84.00000000	80.00000000
8	100	1	84.00000000	80.00000000
8	101	1	84.00000000	80.00000000
8	102	1	84.00000000	80.00000000
8	103	1	84.00000000	80.00000000
8	104	1	84.00000000	80.00000000
8	105	1	84.00000000	80.00000000
8	106	1	84.00000000	80.00000000
8	107	1	84.00000000	80.00000000
8	108	1	84.00000000	80.00000000
8	109	1	84.00000000	80.00000000
8	110	1	84.00000000	80.00000000
8	111	1	84.00000000	80.00000000
8	112	1	84.00000000	80.00000000
8	113	1	84.00000000	80.00000000
8	114	1	84.00000000	80.00000000
8	115	1	84.00000000	80.00000000
8	116	1	84.00000000	80.00000000
8	117	1	84.00000000	80.00000000
8	118	1	84.00000000	80.00000000
8	119	1	84.00000000	80.00000000
8	120	1	84.00000000	80.00000000
8	121	1	84.00000000	80.00000000
8	122	1	84.00000000	80.00000000
8	123	1	84.00000000	80.00000000
8	124	1	84.00000000	80.00000000
8	125	1	84.00000000	80.00000000
8	126	1	84.00000000	80.00000000
8	127	1	84.00000000	80.00000000
8	128	1	84.00000000	80.00000000
8	129	1	84.00000000	80.00000000
8	130	1	84.00000000	80.00000000
8	131	1	84.00000000	80.00000000
8	132	1	84.00000000	80.00000000
8	133	1	84.00000000	80.00000000
8	134	1	84.00000000	80.00000000
8	135	1	84.00000000	80.00000000
8	136	1	84.00000000	80.00000000
8	137	1	84.00000000	80.00000000
8	138	1	84.00000000	80.00000000
8	139	1	84.00000000	80.00000000
8	140	1	84.00000000	80.00000000
8	141	1	84.00000000	80.00000000
8	142	1	84.00000000	80.00000000
8	143	1	84.00000000	80.00000000
8	144	1	84.00000000	80.00000000
8	145	1	84.00000000	80.00000000
8	146	1	84.00000000	80.00000000
8	147	1	84.00000000	80.00000000
8	148	1	84.00000000	80.00000000
8	149	1	84.00000000	80.00000000
8	150	1	84.00000000	80.00000000
8	151	1	84.00000000	80.00000000
8	152	1	84.00000000	80.00000000
8	153	1	84.00000000	80.00000000
8	154	1	84.00000000	80.00000000
8	155	1	84.00000000	80.00000000
8	156	1	84.00000000	80.00000000
8	157	1	84.00000000	80.00000000
8	158	1	84.00000000	80.00000000
8	159	1	84.00000000	80.00000000
8	160	1	84.00000000	80.00000000
8	161	1	84.00000000	80.00000000
8	162	1	84.00000000	80.00000000
8	163	1	84.00000000	80.00000000
8	164	1	84.00000000	80.00000000
8	165	1	84.00000000	80.00000000
8	166	1	84.00000000	80.00000000
8	167	1	84.00000000	80.00000000
8	168	1	84.00000000	80.00000000
8	169	1	84.00000000	80.00000000
8	170	1	84.00000000	80.00000000
8	171	1	84.00000000	80.00000000
8	172	1	84.00000000	80.00000000
8	173	1	84.00000000	80.00000000
8	174	1	84.00000000	80.00000000
8	175	1	84.00000000	80.00000000
8	176	1	84.00000000	80.00000000
8	177	1	84.00000000	80.00000000
8	178	1	84.00000000	80.00000000
8	179	1	84.00000000	80.00000000
8	180	1	84.00000000	80.00000000
8	181	1	84.00000000	80.00000000
8	182	1	84.00000000	80.00000000
8	183	1	84.00000000	80.00000000
8	184	1	84.00000000	80.00000000
8	185	1	84.00000000	80.00000000
8	186	1	84.00000000	80.00000000
8	187	1	84.00000000	80.00000000
8	188	1	84.00000000	80.00000000
8	189	1	84.00000000	80.00000000
8	190	1	84.00000000	80.00000000
8	191	1	84.00000000	80.00000000
8	192	1	84.00000000	80.00000000
8	193	1	84.00000000	80.00000000
8	194	1	84.00000000	80.00000000
8	195	1	84.00000000	80.00000000
8	196	1	84.00000000	80.00000000
8	197	1	84.00000000	80.00000000
8	198	1	84.00000000	80.00000000
8	199	1	84.00000000	80.00000000
8	200	1	84.00000000	80.00000000
8	201	1	84.00000000	80.00000000
8	202	1	84.00000000	80.00000000
8	203	1	84.00000000	80.00000000
8	204	1	84.00000000	80.00000000
8	205	1	84.00000000	80.00000000
8	206	1	84.00000000	80.00000000
8	207	1	84.00000000	80.00000000
8	208	1	84.00000000	80.00000000
8	209	1	84.00000000	80.00000000
8	210	1	84.00000000	80.00000000
8	211	1	84.00000000	80.00000000
8	212	1	84.00000000	80.00000000
8	213	1	84.00000000	80.00000000
8	214	1	84.00000000	80.00000000
8	215	1	84.00000000	80.00000000
9	0	1	84.00000000	80.00000000
9	1	1	84.00000000	80.00000000
9	2	1	84.00000000	80.00000000
9	3	1	84.00000000	80.00000000
9	4	1	84.00000000	80.00000000
9	5	1	84.00000000	80.00000000
9	6	1	84.00000000	80.00000000
9	7	1	84.00000000	80.00000000
9	8	1	84.00000000	80.00000000
9	9	1	84.00000000	80.00000000
9	10	1	84.00000000	80.00000000
9	11	1	84.00000000	80.00000000
9	12	1	84.00000000	80.00000000
9	13	1	84.00000000	80.00000000
9	14	1	84.00000000	80.00000000
9	15	1	84.00000000	80.00000000
9	16	1	84.00000000	80.00000000
9	17	1	84.00000000	80.00000000
9	18	1	84.00000000	80.00000000
9	19	1	84.00000000	80.00000000
9	20	1	84.00000000	80.00000000
9	21	1	84.00000000	80.00000000
9	22	1	84.00000000	80.00000000
9	23	1	84.00000000	80.00000000
9	24	1	84.00000000	80.00000000
9	25	1	84.00000000	80.00000000
9	26	1	84.00000000	80.00000000
9	27	1	84.00000000	80.00000000
9	28	1	84.00000000	80.00000000
9	29	1	84.00000000	80.00000000
9	30	1	84.00000000	80.00000000
9	31	1	84.00000000	80.00000000
9	32	1	84.00000000	80.00000000
9	33	1	84.00000000	80.00000000
9	34	1	84.00000000	80.00000000
9	35	1	84.00000000	80.00000000
9	36	1	84.00000000	80.00000000
9	37	1	84.00000000	80.00000000
9	38	1	84.00000000	80.00000000
9	39	1	84.00000000	80.00000000
9	40	1	84.00000000	80.00000000
9	41	1	84.00000000	80.00000000
9	42	1	84.00000000	80.00000000
9	43	1	84.00000000	80.00000000
9	44	1	84.00000000	80.00000000
9	45	1	84.00000000	80.00000000
9	46	1	84.00000000	80.00000000
9	47	1	84.00000000	80.00000000
9	48	1	84.00000000	80.00000000
9	49	1	84.00000000	80.00000000
9	50	1	84.00000000	80.00000000
9	51	1	84.00000000	80.00000000
9	52	1	84.00000000	80.00000000
9	53	1	84.00000000	80.00000000
9	54	1	84.00000000	80.00000000
9	55	1	84.00000000	80.00000000
9	56	1	84.00000000	80.00000000
9	57	1	84.00000000	80.00000000
9	58	1	84.00000000	80.00000000
9	59	1	84.00000000	80.00000000
9	60	1	84.00000000	80.00000000
9	61	1	84.00000000	80.00000000
9	62	1	84.00000000	80.00000000
9	63	1	84.00000000	80.00000000
9	64	1	84.00000000	80.00000000
9	65	1	84.00000000	80.00000000
9	66	1	84.00000000	80.00000000
9	67	1	84.00000000	80.00000000
9	68	1	84.00000000	80.00000000
9	69	1	84.00000000	80.00000000
9	70	1	84.00000000	80.00000000
9	71	1	84.00000000	80.00000000
9	72	1	84.00000000	80.00000000
9	73	1	84.00000000	80.00000000
9	74	1	84.00000000	80.00000000
9	75	1	84.00000000	80.00000000
9	76	1	84.00000000	80.00000000
9	77	1	84.00000000	80.00000000
9	78	1	84.00000000	80.00000000
9	79	1	84.00000000	80.00000000
9	80	1	84.00000000	80.00000000
9	81	1	84.00000000	80.00000000
9	82	1	84.00000000	80.00000000
9	83	1	84.00000000	80.00000000
9	84	1	84.00000000	80.00000000
9	85	1	84.00000000	80.00000000
9	86	1	84.00000000	80.00000000
9	87	1	84.00000000	80.00000000
9	88	1	84.00000000	80.00000000
9	89	1	84.00000000	80.00000000
9	90	1	84.00000000	80.00000000
9	91	1	84.00000000	80.00000000
9	92	1	84.00000000	80.00000000
9	93	1	84.00000000	80.00000000
9	94	1	84.00000000	80.00000000
9	95	1	84.00000000	80.00000000
9	96	1	84.00000000	80.00000000
9	97	1	84.00000000	80.00000000
9	98	1	84.00000000	80.00000000
9	99	1	84.00000000	80.00000000
9	100	1	84.00000000	80.00000000
9	101	1	84.00000000	80.00000000
9	102	1	84.00000000	80.00000000
9	103	1	84.00000000	80.00000000
9	104	1	84.00000000	80.00000000
9	105	1	84.00000000	80.00000000
9	106	1	84.00000000	80.00000000
9	107	1	84.00000000	80.00000000
9	108	1	84.00000000	80.00000000
9	109	1	84.00000000	80.00000000
9	110	1	84.00000000	80.00000000
9	111	1	84.00000000	80.00000000
9	112	1	84.00000000	80.00000000
9	113	1	84.00000000	80.00000000
9	114	1	84.00000000	80.00000000
9	115	1	84.00000000	80.00000000
9	116	1	84.00000000	80.00000000
9	117	1	84.00000000	80.00000000
9	118	1	84.00000000	80.00000000
9	119	1	84.00000000	80.00000000
9	120	1	84.00000000	80.00000000
9	121	1	84.00000000	80.00000000
9	122	1	84.00000000	80.00000000
9	123	1	84.00000000	80.00000000
9	124	1	84.00000000	80.00000000
9	125	1	84.00000000	80.00000000
9	126	1	84.00000000	80.00000000
9	127	1	84.00000000	80.00000000
9	128	1	84.00000000	80.00000000
9	129	1	84.00000000	80.00000000
9	130	1	84.00000000	80.00000000
9	131	1	84.00000000	80.00000000
9	132	1	84.00000000	80.00000000
9	133	1	84.00000000	80.00000000
9	134	1	84.00000000	80.00000000
9	135	1	84.00000000	80.00000000
9	136	1	84.00000000	80.00000000
9	137	1	84.00000000	80.00000000
9	138	1	84.00000000	80.00000000
9	139	1	84.00000000	80.00000000
9	140	1	84.00000000	80.00000000
9	141	1	84.00000000	80.00000000
9	142	1	84.00000000	80.00000000
9	143	1	84.00000000	80.00000000
9	144	1	84.00000000	80.00000000
9	145	1	84.00000000	80.00000000
9	146	1	84.00000000	80.00000000
9	147	1	84.00000000	80.00000000
9	148	1	84.00000000	80.00000000
9	149	1	84.00000000	80.00000000
9	150	1	84.00000000	80.00000000
9	151	1	84.00000000	80.00000000
9	152	1	84.00000000	80.00000000
9	153	1	84.00000000	80.00000000
9	154	1	84.00000000	80.00000000
9	155	1	84.00000000	80.00000000
9	156	1	84.00000000	80.00000000
9	157	1	84.00000000	80.00000000
9	158	1	84.00000000	80.00000000
9	159	1	84.00000000	80.00000000
9	160	1	84.00000000	80.00000000
9	161	1	84.00000000	80.00000000
9	162	1	84.00000000	80.00000000
9	163	1	84.00000000	80.00000000
9	164	1	84.00000000	80.00000000
9	165	1	84.00000000	80.00000000
9	166	1	84.00000000	80.00000000
9	167	1	84.00000000	80.00000000
9	168	1	84.00000000	80.00000000
9	169	1	84.00000000	80.00000000
9	170	1	84.00000000	80.00000000
9	171	1	84.00000000	80.00000000
9	172	1	84.00000000	80.00000000
9	173	1	84.00000000	80.00000000
9	174	1	84.00000000	80.00000000
9	175	1	84.00000000	80.00000000
9	176	1	84.00000000	80.00000000
9	177	1	84.00000000	80.00000000
9	178	1	84.00000000	80.00000000
9	179	1	84.00000000	80.00000000
9	180	1	84.00000000	80.00000000
9	181	1	84.00000000	80.00000000
9	182	1	84.00000000	80.00000000
9	183	1	84.00000000	80.00000000
9	184	1	84.00000000	80.00000000
9	185	1	84.00000000	80.00000000
9	186	1	84.00000000	80.00000000
9	187	1	84.00000000	80.00000000
9	188	1	84.00000000	80.00000000
9	189	1	84.00000000	80.00000000
9	190	1	84.00000000	80.00000000
9	191	1	84.00000000	80.00000000
9	192	1	84.00000000	80.00000000
9	193	1	84.00000000	80.00000000
9	194	1	84.00000000	80.00000000
9	195	1	84.00000000	80.00000000
9	196	1	84.00000000	80.00000000
9	197	1	84.00000000	80.00000000
9	198	1	84.00000000	80.00000000
9	199	1	84.00000000	80.00000000
9	200	1	84.00000000	80.00000000
9	201	1	84.00000000	80.00000000
9	202	1	84.00000000	80.00000000
9	203	1	84.00000000	80.00000000
9	204	1	84.00000000	80.00000000
9	205	1	84.00000000	80.00000000
9	206	1	84.00000000	80.00000000
9	207	1	84.00000000	80.00000000
9	208	1	84.00000000	80.00000000
9	209	1	84.00000000	80.00000000
9	210	1	84.00000000	80.00000000
9	211	1	84.00000000	80.00000000
9	212	1	84.00000000	80.00000000
9	213	1	84.00000000	80.00000000
9	214	1	84.00000000	80.00000000
9	215	1	84.00000000	80.00000000
9	216	1	84.00000000	80.00000000
9	217	1	84.00000000	80.00000000
9	218	1	84.00000000	80.00000000
9	219	1	84.00000000	80.00000000
9	220	1	84.00000000	80.00000000
9	221	1	84.00000000	80.00000000
9	222	1	84.00000000	80.00000000
9	223	1	84.00000000	80.00000000
9	224	1	84.00000000	80.00000000
9	225	1	84.00000000	80.00000000
9	226	1	84.00000000	80.00000000
9	227	1	84.00000000	80.00000000
9	228	1	84.00000000	80.00000000
9	229	1	84.00000000	80.00000000
9	230	1	84.00000000	80.00000000
9	231	1	84.00000000	80.00000000
9	232	1	84.00000000	80.00000000
9	233	1	84.00000000	80.00000000
9	234	1	84.00000000	80.00000000
9	235	1	84.00000000	80.00000000
9	236	1	84.00000000	80.00000000
9	237	1	84.00000000	80.00000000
9	238	1	84.00000000	80.00000000
9	239	1	84.00000000	80.00000000
10	0	1	84.00000000	80.00000000
10	1	1	84.00000000	80.00000000
10	2	1	84.00000000	80.00000000
10	3	1	84.00000000	80.00000000
10	4	1	84.00000000	80.00000000
10	5	1	84.00000000	80.00000000
10	6	1	84.00000000	80.00000000
10	7	1	84.00000000	80.00000000
10	8	1	84.00000000	80.00000000
10	9	1	84.00000000	80.00000000
10	10	1	84.00000000	80.00000000
10	11	1	84.00000000	80.00000000
10	12	1	84.00000000	80.00000000
10	13	1	84.00000000	80.00000000
10	14	1	84.00000000	80.00000000
10	15	1	84.00000000	80.00000000
10	16	1	84.00000000	80.00000000
10	17	1	84.00000000	80.00000000
10	18	1	84.00000000	80.00000000
10	19	1	84.00000000	80.00000000
10	20	1	84.00000000	80.00000000
10	21	1	84.00000000	80.00000000
10	22	1	84.00000000	80.00000000
10	23	1	84.00000000	80.00000000
10	24	1	84.00000000	80.00000000
10	25	1	84.00000000	80.00000000
10	26	1	84.00000000	80.00000000
10	27	1	84.00000000	80.00000000
10	28	1	84.00000000	80.00000000
10	29	1	84.00000000	80.00000000
10	30	1	84.00000000	80.00000000
10	31	1	84.00000000	80.00000000
10	32	1	84.00000000	80.00000000
10	33	1	84.00000000	80.00000000
10	34	1	84.00000000	80.00000000
10	35	1	84.00000000	80.00000000
10	36	1	84.00000000	80.00000000
10	37	1	84.00000000	80.00000000
10	38	1	84.00000000	80.00000000
10	39	1	84.00000000	80.00000000
10	40	1	84.00000000	80.00000000
10	41	1	84.00000000	80.00000000
10	42	1	84.00000000	80.00000000
10	43	1	84.00000000	80.00000000
10	44	1	84.00000000	80.00000000
10	45	1	84.00000000	80.00000000
10	46	1	84.00000000	80.00000000
10	47	1	84.00000000	80.00000000
10	48	1	84.00000000	80.00000000
10	49	1	84.00000000	80.00000000
10	50	1	84.00000000	80.00000000
10	51	1	84.00000000	80.00000000
10	52	1	84.00000000	80.00000000
10	53	1	84.00000000	80.00000000
10	54	1	84.00000000	80.00000000
10	55	1	84.00000000	80.00000000
10	56	1	84.00000000	80.00000000
10	57	1	84.00000000	80.00000000
10	58	1	84.00000000	80.00000000
10	59	1	84.00000000	80.00000000
10	60	1	84.00000000	80.00000000
10	61	1	84.00000000	80.00000000
10	62	1	84.00000000	80.00000000
10	63	1	84.00000000	80.00000000
10	64	1	84.00000000	80.00000000
10	65	1	84.00000000	80.00000000
10	66	1	84.00000000	80.00000000
10	67	1	84.00000000	80.00000000
10	68	1	84.00000000	80.00000000
10	69	1	84.00000000	80.00000000
10	70	1	84.00000000	80.00000000
10	71	1	84.00000000	80.00000000
10	72	1	84.00000000	80.00000000
10	73	1	84.00000000	80.00000000
10	74	1	84.00000000	80.00000000
10	75	1	84.00000000	80.00000000
10	76	1	84.00000000	80.00000000
10	77	1	84.00000000	80.00000000
10	78	1	84.00000000	80.00000000
10	79	1	84.00000000	80.00000000
10	80	1	84.00000000	80.00000000
10	81	1	84.00000000	80.00000000
10	82	1	84.00000000	80.00000000
10	83	1	84.00000000	80.00000000
10	84	1	84.00000000	80.00000000
10	85	1	84.00000000	80.00000000
10	86	1	84.00000000	80.00000000
10	87	1	84.00000000	80.00000000
10	88	1	84.00000000	80.00000000
10	89	1	84.00000000	80.00000000
10	90	1	84.00000000	80.00000000
10	91	1	84.00000000	80.00000000
10	92	1	84.00000000	80.00000000
10	93	1	84.00000000	80.00000000
10	94	1	84.00000000	80.00000000
10	95	1	84.00000000	80.00000000
10	96	1	84.00000000	80.00000000
10	97	1	84.00000000	80.00000000
10	98	1	84.00000000	80.00000000
10	99	1	84.00000000	80.00000000
10	100	1	84.00000000	80.00000000
10	101	1	84.00000000	80.00000000
10	102	1	84.00000000	80.00000000
10	103	1	84.00000000	80.00000000
10	104	1	84.00000000	80.00000000
10	105	1	84.00000000	80.00000000
10	106	1	84.00000000	80.00000000
10	107	1	84.00000000	80.00000000
10	108	1	84.00000000	80.00000000
10	109	1	84.00000000	80.00000000
10	110	1	84.00000000	80.00000000
10	111	1	84.00000000	80.00000000
10	112	1	84.00000000	80.00000000
10	113	1	84.00000000	80.00000000
10	114	1	84.00000000	80.00000000
10	115	1	84.00000000	80.00000000
10	116	1	84.00000000	80.00000000
10	117	1	84.00000000	80.00000000
10	118	1	84.00000000	80.00000000
10	119	1	84.00000000	80.00000000
10	120	1	84.00000000	80.00000000
10	121	1	84.00000000	80.00000000
10	122	1	84.00000000	80.00000000
10	123	1	84.00000000	80.00000000
10	124	1	84.00000000	80.00000000
10	125	1	84.00000000	80.00000000
10	126	1	84.00000000	80.00000000
10	127	1	84.00000000	80.00000000
10	128	1	84.00000000	80.00000000
10	129	1	84.00000000	80.00000000
10	130	1	84.00000000	80.00000000
10	131	1	84.00000000	80.00000000
10	132	1	84.00000000	80.00000000
10	133	1	84.00000000	80.00000000
10	134	1	84.00000000	80.00000000
10	135	1	84.00000000	80.00000000
10	136	1	84.00000000	80.00000000
10	137	1	84.00000000	80.00000000
10	138	1	84.00000000	80.00000000
10	139	1	84.00000000	80.00000000
10	140	1	84.00000000	80.00000000
10	141	1	84.00000000	80.00000000
10	142	1	84.00000000	80.00000000
10	143	1	84.00000000	80.00000000
10	144	1	84.00000000	80.00000000
10	145	1	84.00000000	80.00000000
10	146	1	84.00000000	80.00000000
10	147	1	84.00000000	80.00000000
10	148	1	84.00000000	80.00000000
10	149	1	84.00000000	80.00000000
10	150	1	84.00000000	80.00000000
10	151	1	84.00000000	80.00000000
10	152	1	84.00000000	80.00000000
10	153	1	84.00000000	80.00000000
10	154	1	84.00000000	80.00000000
10	155	1	84.00000000	80.00000000
10	156	1	84.00000000	80.00000000
10	157	1	84.00000000	80.00000000
10	158	1	84.00000000	80.00000000
10	159	1	84.00000000	80.00000000
10	160	1	84.00000000	80.00000000
10	161	1	84.00000000	80.00000000
10	162	1	84.00000000	80.00000000
10	163	1	84.00000000	80.00000000
10	164	1	84.00000000	80.00000000
10	165	1	84.00000000	80.00000000
10	166	1	84.00000000	80.00000000
10	167	1	84.00000000	80.00000000
10	168	1	84.00000000	80.00000000
10	169	1	84.00000000	80.00000000
10	170	1	84.00000000	80.00000000
10	171	1	84.00000000	80.00000000
10	172	1	84.00000000	80.00000000
10	173	1	84.00000000	80.00000000
10	174	1	84.00000000	80.00000000
10	175	1	84.00000000	80.00000000
10	176	1	84.00000000	80.00000000
10	177	1	84.00000000	80.00000000
10	178	1	84.00000000	80.00000000
10	179	1	84.00000000	80.00000000
10	180	1	84.00000000	80.00000000
10	181	1	84.00000000	80.00000000
10	182	1	84.00000000	80.00000000
10	183	1	84.00000000	80.00000000
10	184	1	84.00000000	80.00000000
10	185	1	84.00000000	80.00000000
10	186	1	84.00000000	80.00000000
10	187	1	84.00000000	80.00000000
10	188	1	84.00000000	80.00000000
10	189	1	84.00000000	80.00000000
10	190	1	84.00000000	80.00000000
10	191	1	84.00000000	80.00000000
10	192	1	84.00000000	80.00000000
10	193	1	84.00000000	80.00000000
10	194	1	84.00000000	80.00000000
10	195	1	84.00000000	80.00000000
10	196	1	84.00000000	80.00000000
10	197	1	84.00000000	80.00000000
10	198	1	84.00000000	80.00000000
10	199	1	84.00000000	80.00000000
10	200	1	84.00000000	80.00000000
10	201	1	84.00000000	80.00000000
10	202	1	84.00000000	80.00000000
10	203	1	84.00000000	80.00000000
10	204	1	84.00000000	80.00000000
10	205	1	84.00000000	80.00000000
10	206	1	84.00000000	80.00000000
10	207	1	84.00000000	80.00000000
11	0	1	84.00000000	80.00000000
11	1	1	84.00000000	80.00000000
11	2	1	84.00000000	80.00000000
11	3	1	84.00000000	80.00000000
11	4	1	84.00000000	80.00000000
11	5	1	84.00000000	80.00000000
11	6	1	84.00000000	80.00000000
11	7	1	84.00000000	80.00000000
11	8	1	84.00000000	80.00000000
11	9	1	84.00000000	80.00000000
11	10	1	84.00000000	80.00000000
11	11	1	84.00000000	80.00000000
11	12	1	84.00000000	80.00000000
11	13	1	84.00000000	80.00000000
11	14	1	84.00000000	80.00000000
11	15	1	84.00000000	80.00000000
11	16	1	84.00000000	80.00000000
11	17	1	84.00000000	80.00000000
11	18	1	84.00000000	80.00000000
11	19	1	84.00000000	80.00000000
11	20	1	84.00000000	80.00000000
11	21	1	84.00000000	80.00000000
11	22	1	84.00000000	80.00000000
11	23	1	84.00000000	80.00000000
11	24	1	84.00000000	80.00000000
11	25	1	84.00000000	80.00000000
11	26	1	84.00000000	80.00000000
11	27	1	84.00000000	80.00000000
11	28	1	84.00000000	80.00000000
11	29	1	84.00000000	80.00000000
11	30	1	84.00000000	80.00000000
11	31	1	84.00000000	80.00000000
11	32	1	84.00000000	80.00000000
11	33	1	84.00000000	80.00000000
11	34	1	84.00000000	80.00000000
11	35	1	84.00000000	80.00000000
11	36	1	84.00000000	80.00000000
11	37	1	84.00000000	80.00000000
11	38	1	84.00000000	80.00000000
11	39	1	84.00000000	80.00000000
11	40	1	84.00000000	80.00000000
11	41	1	84.00000000	80.00000000
11	42	1	84.00000000	80.00000000
11	43	1	84.00000000	80.00000000
11	44	1	84.00000000	80.00000000
11	45	1	84.00000000	80.00000000
11	46	1	84.00000000	80.00000000
11	47	1	84.00000000	80.00000000
11	48	1	84.00000000	80.00000000
11	49	1	84.00000000	80.00000000
11	50	1	84.00000000	80.00000000
11	51	1	84.00000000	80.00000000
11	52	1	84.00000000	80.00000000
11	53	1	84.00000000	80.00000000
11	54	1	84.00000000	80.00000000
11	55	1	84.00000000	80.00000000
11	56	1	84.00000000	80.00000000
11	57	1	84.00000000	80.00000000
11	58	1	84.00000000	80.00000000
11	59	1	84.00000000	80.00000000
11	60	1	84.00000000	80.00000000
11	61	1	84.00000000	80.00000000
11	62	1	84.00000000	80.00000000
11	63	1	84.00000000	80.00000000
11	64	1	84.00000000	80.00000000
11	65	1	84.00000000	80.00000000
11	66	1	84.00000000	80.00000000
11	67	1	84.00000000	80.00000000
11	68	1	84.00000000	80.00000000
11	69	1	84.00000000	80.00000000
11	70	1	84.00000000	80.00000000
11	71	1	84.00000000	80.00000000
11	72	1	84.00000000	80.00000000
11	73	1	84.00000000	80.00000000
11	74	1	84.00000000	80.00000000
11	75	1	84.00000000	80.00000000
11	76	1	84.00000000	80.00000000
11	77	1	84.00000000	80.00000000
11	78	1	84.00000000	80.00000000
11	79	1	84.00000000	80.00000000
11	80	1	84.00000000	80.00000000
11	81	1	84.00000000	80.00000000
11	82	1	84.00000000	80.00000000
11	83	1	84.00000000	80.00000000
11	84	1	84.00000000	80.00000000
11	85	1	84.00000000	80.00000000
11	86	1	84.00000000	80.00000000
11	87	1	84.00000000	80.00000000
11	88	1	84.00000000	80.00000000
11	89	1	84.00000000	80.00000000
11	90	1	84.00000000	80.00000000
11	91	1	84.00000000	80.00000000
11	92	1	84.00000000	80.00000000
11	93	1	84.00000000	80.00000000
11	94	1	84.00000000	80.00000000
11	95	1	84.00000000	80.00000000
11	96	1	84.00000000	80.00000000
11	97	1	84.00000000	80.00000000
11	98	1	84.00000000	80.00000000
11	99	1	84.00000000	80.00000000
11	100	1	84.00000000	80.00000000
11	101	1	84.00000000	80.00000000
11	102	1	84.00000000	80.00000000
11	103	1	84.00000000	80.00000000
11	104	1	84.00000000	80.00000000
11	105	1	84.00000000	80.00000000
11	106	1	84.00000000	80.00000000
11	107	1	84.00000000	80.00000000
11	108	1	84.00000000	80.00000000
11	109	1	84.00000000	80.00000000
11	110	1	84.00000000	80.00000000
11	111	1	84.00000000	80.00000000
11	112	1	84.00000000	80.00000000
11	113	1	84.00000000	80.00000000
11	114	1	84.00000000	80.00000000
11	115	1	84.00000000	80.00000000
11	116	1	84.00000000	80.00000000
11	117	1	84.00000000	80.00000000
11	118	1	84.00000000	80.00000000
11	119	1	84.00000000	80.00000000
11	120	1	84.00000000	80.00000000
11	121	1	84.00000000	80.00000000
11	122	1	84.00000000	80.00000000
11	123	1	84.00000000	80.00000000
11	124	1	84.00000000	80.00000000
11	125	1	84.00000000	80.00000000
11	126	1	84.00000000	80.00000000
11	127	1	84.00000000	80.00000000
11	128	1	84.00000000	80.00000000
11	129	1	84.00000000	80.00000000
11	130	1	84.00000000	80.00000000
11	131	1	84.00000000	80.00000000
11	132	1	84.00000000	80.00000000
11	133	1	84.00000000	80.00000000
11	134	1	84.00000000	80.00000000
11	135	1	84.00000000	80.00000000
11	136	1	84.00000000	80.00000000
11	137	1	84.00000000	80.00000000
11	138	1	84.00000000	80.00000000
11	139	1	84.00000000	80.00000000
11	140	1	84.00000000	80.00000000
11	141	1	84.00000000	80.00000000
11	142	1	84.00000000	80.00000000
11	143	1	84.00000000	80.00000000
11	144	1	84.00000000	80.00000000
11	145	1	84.00000000	80.00000000
11	146	1	84.00000000	80.00000000
11	147	1	84.00000000	80.00000000
11	148	1	84.00000000	80.00000000
11	149	1	84.00000000	80.00000000
11	150	1	84.00000000	80.00000000
11	151	1	84.00000000	80.00000000
11	152	1	84.00000000	80.00000000
11	153	1	84.00000000	80.00000000
11	154	1	84.00000000	80.00000000
11	155	1	84.00000000	80.00000000
11	156	1	84.00000000	80.00000000
11	157	1	84.00000000	80.00000000
11	158	1	84.00000000	80.00000000
11	159	1	84.00000000	80.00000000
11	160	1	84.00000000	80.00000000
11	161	1	84.00000000	80.00000000
11	162	1	84.00000000	80.00000000
11	163	1	84.00000000	80.00000000
11	164	1	84.00000000	80.00000000
11	165	1	84.00000000	80.00000000
11	166	1	84.00000000	80.00000000
11	167	1	84.00000000	80.00000000
11	168	1	84.00000000	80.00000000
11	169	1	84.00000000	80.00000000
11	170	1	84.00000000	80.00000000
11	171	1	84.00000000	80.00000000
11	172	1	84.00000000	80.00000000
11	173	1	84.00000000	80.00000000
11	174	1	84.00000000	80.00000000
11	175	1	84.00000000	80.00000000
11	176	1	84.00000000	80.00000000
11	177	1	84.00000000	80.00000000
11	178	1	84.00000000	80.00000000
11	179	1	84.00000000	80.00000000
11	180	1	84.00000000	80.00000000
11	181	1	84.00000000	80.00000000
11	182	1	84.00000000	80.00000000
11	183	1	84.00000000	80.00000000
11	184	1	84.00000000	80.00000000
11	185	1	84.00000000	80.00000000
11	186	1	84.00000000	80.00000000
11	187	1	84.00000000	80.00000000
11	188	1	84.00000000	80.00000000
11	189	1	84.00000000	80.00000000
11	190	1	84.00000000	80.00000000
11	191	1	84.00000000	80.00000000
11	192	1	84.00000000	80.00000000
11	193	1	84.00000000	80.00000000
11	194	1	84.00000000	80.00000000
11	195	1	84.00000000	80.00000000
11	196	1	84.00000000	80.00000000
11	197	1	84.00000000	80.00000000
11	198	1	84.00000000	80.00000000
11	199	1	84.00000000	80.00000000
11	200	1	84.00000000	80.00000000
11	201	1	84.00000000	80.00000000
11	202	1	84.00000000	80.00000000
11	203	1	84.00000000	80.00000000
11	204	1	84.00000000	80.00000000
11	205	1	84.00000000	80.00000000
11	206	1	84.00000000	80.00000000
11	207	1	84.00000000	80.00000000
11	208	1	84.00000000	80.00000000
11	209	1	84.00000000	80.00000000
11	210	1	84.00000000	80.00000000
11	211	1	84.00000000	80.00000000
11	212	1	84.00000000	80.00000000
11	213	1	84.00000000	80.00000000
11	214	1	84.00000000	80.00000000
11	215	1	84.00000000	80.00000000
11	216	1	84.00000000	80.00000000
11	217	1	84.00000000	80.00000000
12	0	1	84.00000000	80.00000000
12	1	1	84.00000000	80.00000000
12	2	1	84.00000000	80.00000000
12	3	1	84.00000000	80.00000000
12	4	1	84.00000000	80.00000000
12	5	1	84.00000000	80.00000000
12	6	1	84.00000000	80.00000000
12	7	1	84.00000000	80.00000000
12	8	1	84.00000000	80.00000000
12	9	1	84.00000000	80.00000000
12	10	1	84.00000000	80.00000000
12	11	1	84.00000000	80.00000000
12	12	1	84.00000000	80.00000000
12	13	1	84.00000000	80.00000000
12	14	1	84.00000000	80.00000000
12	15	1	84.00000000	80.00000000
12	16	1	84.00000000	80.00000000
12	17	1	84.00000000	80.00000000
12	18	1	84.00000000	80.00000000
12	19	1	84.00000000	80.00000000
12	20	1	84.00000000	80.00000000
12	21	1	84.00000000	80.00000000
12	22	1	84.00000000	80.00000000
12	23	1	84.00000000	80.00000000
12	24	1	84.00000000	80.00000000
12	25	1	84.00000000	80.00000000
12	26	1	84.00000000	80.00000000
12	27	1	84.00000000	80.00000000
12	28	1	84.00000000	80.00000000
12	29	1	84.00000000	80.00000000
12	30	1	84.00000000	80.00000000
12	31	1	84.00000000	80.00000000
12	32	1	84.00000000	80.00000000
12	33	1	84.00000000	80.00000000
12	34	1	84.00000000	80.00000000
12	35	1	84.00000000	80.00000000
12	36	1	84.00000000	80.00000000
12	37	1	84.00000000	80.00000000
12	38	1	84.00000000	80.00000000
12	39	1	84.00000000	80.00000000
12	40	1	84.00000000	80.00000000
12	41	1	84.00000000	80.00000000
12	42	1	84.00000000	80.00000000
12	43	1	84.00000000	80.00000000
12	44	1	84.00000000	80.00000000
12	45	1	84.00000000	80.00000000
12	46	1	84.00000000	80.00000000
12	47	1	84.00000000	80.00000000
12	48	1	84.00000000	80.00000000
12	49	1	84.00000000	80.00000000
12	50	1	84.00000000	80.00000000
12	51	1	84.00000000	80.00000000
12	52	1	84.00000000	80.00000000
12	53	1	84.00000000	80.00000000
12	54	1	84.00000000	80.00000000
12	55	1	84.00000000	80.00000000
12	56	1	84.00000000	80.00000000
12	57	1	84.00000000	80.00000000
12	58	1	84.00000000	80.00000000
12	59	1	84.00000000	80.00000000
12	60	1	84.00000000	80.00000000
12	61	1	84.00000000	80.00000000
12	62	1	84.00000000	80.00000000
12	63	1	84.00000000	80.00000000
12	64	1	84.00000000	80.00000000
12	65	1	84.00000000	80.00000000
12	66	1	84.00000000	80.00000000
12	67	1	84.00000000	80.00000000
12	68	1	84.00000000	80.00000000
12	69	1	84.00000000	80.00000000
12	70	1	84.00000000	80.00000000
12	71	1	84.00000000	80.00000000
12	72	1	84.00000000	80.00000000
12	73	1	84.00000000	80.00000000
12	74	1	84.00000000	80.00000000
12	75	1	84.00000000	80.00000000
12	76	1	84.00000000	80.00000000
12	77	1	84.00000000	80.00000000
12	78	1	84.00000000	80.00000000
12	79	1	84.00000000	80.00000000
12	80	1	84.00000000	80.00000000
12	81	1	84.00000000	80.00000000
12	82	1	84.00000000	80.00000000
12	83	1	84.00000000	80.00000000
12	84	1	84.00000000	80.00000000
12	85	1	84.00000000	80.00000000
12	86	1	84.00000000	80.00000000
12	87	1	84.00000000	80.00000000
12	88	1	84.00000000	80.00000000
12	89	1	84.00000000	80.00000000
12	90	1	84.00000000	80.00000000
12	91	1	84.00000000	80.00000000
12	92	1	84.00000000	80.00000000
12	93	1	84.00000000	80.00000000
12	94	1	84.00000000	80.00000000
12	95	1	84.00000000	80.00000000
12	96	1	84.00000000	80.00000000
12	97	1	84.00000000	80.00000000
12	98	1	84.00000000	80.00000000
12	99	1	84.00000000	80.00000000
12	100	1	84.00000000	80.00000000
12	101	1	84.00000000	80.00000000
12	102	1	84.00000000	80.00000000
12	103	1	84.00000000	80.00000000
12	104	1	84.00000000	80.00000000
12	105	1	84.00000000	80.00000000
12	106	1	84.00000000	80.00000000
12	107	1	84.00000000	80.00000000
12	108	1	84.00000000	80.00000000
12	109	1	84.00000000	80.00000000
12	110	1	84.00000000	80.00000000
12	111	1	84.00000000	80.00000000
12	112	1	84.00000000	80.00000000
12	113	1	84.00000000	80.00000000
12	114	1	84.00000000	80.00000000
12	115	1	84.00000000	80.00000000
12	116	1	84.00000000	80.00000000
12	117	1	84.00000000	80.00000000
12	118	1	84.00000000	80.00000000
12	119	1	84.00000000	80.00000000
12	120	1	84.00000000	80.00000000
12	121	1	84.00000000	80.00000000
12	122	1	84.00000000	80.00000000
12	123	1	84.00000000	80.00000000
12	124	1	84.00000000	80.00000000
12	125	1	84.00000000	80.00000000
12	126	1	84.00000000	80.00000000
12	127	1	84.00000000	80.00000000
12	128	1	84.00000000	80.00000000
12	129	1	84.00000000	80.00000000
12	130	1	84.00000000	80.00000000
12	131	1	84.00000000	80.00000000
12	132	1	84.00000000	80.00000000
12	133	1	84.00000000	80.00000000
12	134	1	84.00000000	80.00000000
12	135	1	84.00000000	80.00000000
12	136	1	84.00000000	80.00000000
12	137	1	84.00000000	80.00000000
12	138	1	84.00000000	80.00000000
12	139	1	84.00000000	80.00000000
12	140	1	84.00000000	80.00000000
12	141	1	84.00000000	80.00000000
12	142	1	84.00000000	80.00000000
12	143	1	84.00000000	80.00000000
12	144	1	84.00000000	80.00000000
12	145	1	84.00000000	80.00000000
12	146	1	84.00000000	80.00000000
12	147	1	84.00000000	80.00000000
12	148	1	84.00000000	80.00000000
12	149	1	84.00000000	80.00000000
12	150	1	84.00000000	80.00000000
12	151	1	84.00000000	80.00000000
12	152	1	84.00000000	80.00000000
12	153	1	84.00000000	80.00000000
12	154	1	84.00000000	80.00000000
12	155	1	84.00000000	80.00000000
12	156	1	84.00000000	80.00000000
12	157	1	84.00000000	80.00000000
12	158	1	84.00000000	80.00000000
12	159	1	84.00000000	80.00000000
12	160	1	84.00000000	80.00000000
12	161	1	84.00000000	80.00000000
12	162	1	84.00000000	80.00000000
12	163	1	84.00000000	80.00000000
12	164	1	84.00000000	80.00000000
12	165	1	84.00000000	80.00000000
12	166	1	84.00000000	80.00000000
12	167	1	84.00000000	80.00000000
12	168	1	84.00000000	80.00000000
12	169	1	84.00000000	80.00000000
12	170	1	84.00000000	80.00000000
12	171	1	84.00000000	80.00000000
12	172	1	84.00000000	80.00000000
12	173	1	84.00000000	80.00000000
12	174	1	84.00000000	80.00000000
12	175	1	84.00000000	80.00000000
12	176	1	84.00000000	80.00000000
12	177	1	84.00000000	80.00000000
12	178	1	84.00000000	80.00000000
12	179	1	84.00000000	80.00000000
12	180	1	84.00000000	80.00000000
12	181	1	84.00000000	80.00000000
12	182	1	84.00000000	80.00000000
12	183	1	84.00000000	80.00000000
12	184	1	84.00000000	80.00000000
12	185	1	84.00000000	80.00000000
12	186	1	84.00000000	80.00000000
12	187	1	84.00000000	80.00000000
12	188	1	84.00000000	80.00000000
12	189	1	84.00000000	80.00000000
12	190	1	84.00000000	80.00000000
12	191	1	84.00000000	80.00000000
12	192	1	84.00000000	80.00000000
12	193	1	84.00000000	80.00000000
12	194	1	84.00000000	80.00000000
12	195	1	84.00000000	80.00000000
12	196	1	84.00000000	80.00000000
12	197	1	84.00000000	80.00000000
12	198	1	84.00000000	80.00000000
12	199	1	84.00000000	80.00000000
12	200	1	84.00000000	80.00000000
12	201	1	84.00000000	80.00000000
12	202	1	84.00000000	80.00000000
12	203	1	84.00000000	80.00000000
12	204	1	84.00000000	80.00000000
12	205	1	84.00000000	80.00000000
12	206	1	84.00000000	80.00000000
12	207	1	84.00000000	80.00000000
12	208	1	84.00000000	80.00000000
12	209	1	84.00000000	80.00000000
12	210	1	84.00000000	80.00000000
12	211	1	84.00000000	80.00000000
12	212	1	84.00000000	80.00000000
12	213	1	84.00000000	80.00000000
12	214	1	84.00000000	80.00000000
12	215	1	84.00000000	80.00000000
12	216	1	84.00000000	80.00000000
12	217	1	84.00000000	80.00000000
12	218	1	84.00000000	80.00000000
12	219	1	84.00000000	80.00000000
12	220	1	84.00000000	80.00000000
12	221	1	84.00000000	80.00000000
12	222	1	84.00000000	80.00000000
12	223	1	84.00000000	80.00000000
12	224	1	84.00000000	80.00000000
12	225	1	84.00000000	80.00000000
12	226	1	84.00000000	80.00000000
12	227	1	84.00000000	80.00000000
12	228	1	84.00000000	80.00000000
12	229	1	84.00000000	80.00000000
13	0	1	84.00000000	80.00000000
13	1	1	84.00000000	80.00000000
13	2	1	84.00000000	80.00000000
13	3	1	84.00000000	80.00000000
13	4	1	84.00000000	80.00000000
13	5	1	84.00000000	80.00000000
13	6	1	84.00000000	80.00000000
13	7	1	84.00000000	80.00000000
13	8	1	84.00000000	80.00000000
13	9	1	84.00000000	80.00000000
13	10	1	84.00000000	80.00000000
13	11	1	84.00000000	80.00000000
13	12	1	84.00000000	80.00000000
13	13	1	84.00000000	80.00000000
13	14	1	84.00000000	80.00000000
13	15	1	84.00000000	80.00000000
13	16	1	84.00000000	80.00000000
13	17	1	84.00000000	80.00000000
13	18	1	84.00000000	80.00000000
13	19	1	84.00000000	80.00000000
13	20	1	84.00000000	80.00000000
13	21	1	84.00000000	80.00000000
13	22	1	84.00000000	80.00000000
13	23	1	84.00000000	80.00000000
13	24	1	84.00000000	80.00000000
13	25	1	84.00000000	80.00000000
13	26	1	84.00000000	80.00000000
13	27	1	84.00000000	80.00000000
13	28	1	84.00000000	80.00000000
13	29	1	84.00000000	80.00000000
13	30	1	84.00000000	80.00000000
13	31	1	84.00000000	80.00000000
13	32	1	84.00000000	80.00000000
13	33	1	84.00000000	80.00000000
13	34	1	84.00000000	80.00000000
13	35	1	84.00000000	80.00000000
13	36	1	84.00000000	80.00000000
13	37	1	84.00000000	80.00000000
13	38	1	84.00000000	80.00000000
13	39	1	84.00000000	80.00000000
13	40	1	84.00000000	80.00000000
13	41	1	84.00000000	80.00000000
13	42	1	84.00000000	80.00000000
13	43	1	84.00000000	80.00000000
13	44	1	84.00000000	80.00000000
13	45	1	84.00000000	80.00000000
13	46	1	84.00000000	80.00000000
13	47	1	84.00000000	80.00000000
13	48	1	84.00000000	80.00000000
13	49	1	84.00000000	80.00000000
13	50	1	84.00000000	80.00000000
13	51	1	84.00000000	80.00000000
13	52	1	84.00000000	80.00000000
13	53	1	84.00000000	80.00000000
13	54	1	84.00000000	80.00000000
13	55	1	84.00000000	80.00000000
13	56	1	84.00000000	80.00000000
13	57	1	84.00000000	80.00000000
13	58	1	84.00000000	80.00000000
13	59	1	84.00000000	80.00000000
13	60	1	84.00000000	80.00000000
13	61	1	84.00000000	80.00000000
13	62	1	84.00000000	80.00000000
13	63	1	84.00000000	80.00000000
13	64	1	84.00000000	80.00000000
13	65	1	84.00000000	80.00000000
13	66	1	84.00000000	80.00000000
13	67	1	84.00000000	80.00000000
13	68	1	84.00000000	80.00000000
13	69	1	84.00000000	80.00000000
13	70	1	84.00000000	80.00000000
13	71	1	84.00000000	80.00000000
13	72	1	84.00000000	80.00000000
13	73	1	84.00000000	80.00000000
13	74	1	84.00000000	80.00000000
13	75	1	84.00000000	80.00000000
13	76	1	84.00000000	80.00000000
13	77	1	84.00000000	80.00000000
13	78	1	84.00000000	80.00000000
13	79	1	84.00000000	80.00000000
13	80	1	84.00000000	80.00000000
13	81	1	84.00000000	80.00000000
13	82	1	84.00000000	80.00000000
13	83	1	84.00000000	80.00000000
13	84	1	84.00000000	80.00000000
13	85	1	84.00000000	80.00000000
13	86	1	84.00000000	80.00000000
13	87	1	84.00000000	80.00000000
13	88	1	84.00000000	80.00000000
13	89	1	84.00000000	80.00000000
13	90	1	84.00000000	80.00000000
13	91	1	84.00000000	80.00000000
13	92	1	84.00000000	80.00000000
13	93	1	84.00000000	80.00000000
13	94	1	84.00000000	80.00000000
13	95	1	84.00000000	80.00000000
13	96	1	84.00000000	80.00000000
13	97	1	84.00000000	80.00000000
13	98	1	84.00000000	80.00000000
13	99	1	84.00000000	80.00000000
13	100	1	84.00000000	80.00000000
13	101	1	84.00000000	80.00000000
13	102	1	84.00000000	80.00000000
13	103	1	84.00000000	80.00000000
13	104	1	84.00000000	80.00000000
13	105	1	84.00000000	80.00000000
13	106	1	84.00000000	80.00000000
13	107	1	84.00000000	80.00000000
13	108	1	84.00000000	80.00000000
13	109	1	84.00000000	80.00000000
13	110	1	84.00000000	80.00000000
13	111	1	84.00000000	80.00000000
13	112	1	84.00000000	80.00000000
13	113	1	84.00000000	80.00000000
13	114	1	84.00000000	80.00000000
13	115	1	84.00000000	80.00000000
13	116	1	84.00000000	80.00000000
13	117	1	84.00000000	80.00000000
13	118	1	84.00000000	80.00000000
13	119	1	84.00000000	80.00000000
13	120	1	84.00000000	80.00000000
13	121	1	84.00000000	80.00000000
13	122	1	84.00000000	80.00000000
13	123	1	84.00000000	80.00000000
13	124	1	84.00000000	80.00000000
13	125	1	84.00000000	80.00000000
13	126	1	84.00000000	80.00000000
13	127	1	84.00000000	80.00000000
13	128	1	84.00000000	80.00000000
13	129	1	84.00000000	80.00000000
13	130	1	84.00000000	80.00000000
13	131	1	84.00000000	80.00000000
13	132	1	84.00000000	80.00000000
13	133	1	84.00000000	80.00000000
13	134	1	84.00000000	80.00000000
13	135	1	84.00000000	80.00000000
13	136	1	84.00000000	80.00000000
13	137	1	84.00000000	80.00000000
13	138	1	84.00000000	80.00000000
13	139	1	84.00000000	80.00000000
13	140	1	84.00000000	80.00000000
13	141	1	84.00000000	80.00000000
13	142	1	84.00000000	80.00000000
13	143	1	84.00000000	80.00000000
13	144	1	84.00000000	80.00000000
13	145	1	84.00000000	80.00000000
13	146	1	84.00000000	80.00000000
13	147	1	84.00000000	80.00000000
13	148	1	84.00000000	80.00000000
13	149	1	84.00000000	80.00000000
13	150	1	84.00000000	80.00000000
13	151	1	84.00000000	80.00000000
13	152	1	84.00000000	80.00000000
13	153	1	84.00000000	80.00000000
13	154	1	84.00000000	80.00000000
13	155	1	84.00000000	80.00000000
13	156	1	84.00000000	80.00000000
13	157	1	84.00000000	80.00000000
13	158	1	84.00000000	80.00000000
13	159	1	84.00000000	80.00000000
13	160	1	84.00000000	80.00000000
13	161	1	84.00000000	80.00000000
13	162	1	84.00000000	80.00000000
13	163	1	84.00000000	80.00000000
13	164	1	84.00000000	80.00000000
13	165	1	84.00000000	80.00000000
13	166	1	84.00000000	80.00000000
13	167	1	84.00000000	80.00000000
13	168	1	84.00000000	80.00000000
13	169	1	84.00000000	80.00000000
13	170	1	84.00000000	80.00000000
13	171	1	84.00000000	80.00000000
13	172	1	84.00000000	80.00000000
13	173	1	84.00000000	80.00000000
13	174	1	84.00000000	80.00000000
13	175	1	84.00000000	80.00000000
13	176	1	84.00000000	80.00000000
13	177	1	84.00000000	80.00000000
13	178	1	84.00000000	80.00000000
13	179	1	84.00000000	80.00000000
13	180	1	84.00000000	80.00000000
13	181	1	84.00000000	80.00000000
13	182	1	84.00000000	80.00000000
13	183	1	84.00000000	80.00000000
13	184	1	84.00000000	80.00000000
13	185	1	84.00000000	80.00000000
13	186	1	84.00000000	80.00000000
13	187	1	84.00000000	80.00000000
13	188	1	84.00000000	80.00000000
13	189	1	84.00000000	80.00000000
13	190	1	84.00000000	80.00000000
13	191	1	84.00000000	80.00000000
13	192	1	84.00000000	80.00000000
13	193	1	84.00000000	80.00000000
13	194	1	84.00000000	80.00000000
13	195	1	84.00000000	80.00000000
13	196	1	84.00000000	80.00000000
13	197	1	84.00000000	80.00000000
13	198	1	84.00000000	80.00000000
13	199	1	84.00000000	80.00000000
13	200	1	84.00000000	80.00000000
13	201	1	84.00000000	80.00000000
13	202	1	84.00000000	80.00000000
13	203	1	84.00000000	80.00000000
13	204	1	84.00000000	80.00000000
13	205	1	84.00000000	80.00000000
13	206	1	84.00000000	80.00000000
13	207	1	84.00000000	80.00000000
13	208	1	84.00000000	80.00000000
13	209	1	84.00000000	80.00000000
13	210	1	84.00000000	80.00000000
13	211	1	84.00000000	80.00000000
13	212	1	84.00000000	80.00000000
13	213	1	84.00000000	80.00000000
14	0	1	84.00000000	80.00000000
14	1	1	84.00000000	80.00000000
14	2	1	84.00000000	80.00000000
14	3	1	84.00000000	80.00000000
14	4	1	84.00000000	80.00000000
14	5	1	84.00000000	80.00000000
14	6	1	84.00000000	80.00000000
14	7	1	84.00000000	80.00000000
14	8	1	84.00000000	80.00000000
14	9	1	84.00000000	80.00000000
14	10	1	84.00000000	80.00000000
14	11	1	84.00000000	80.00000000
14	12	1	84.00000000	80.00000000
14	13	1	84.00000000	80.00000000
14	14	1	84.00000000	80.00000000
14	15	1	84.00000000	80.00000000
14	16	1	84.00000000	80.00000000
14	17	1	84.00000000	80.00000000
14	18	1	84.00000000	80.00000000
14	19	1	84.00000000	80.00000000
14	20	1	84.00000000	80.00000000
14	21	1	84.00000000	80.00000000
14	22	1	84.00000000	80.00000000
14	23	1	84.00000000	80.00000000
14	24	1	84.00000000	80.00000000
14	25	1	84.00000000	80.00000000
14	26	1	84.00000000	80.00000000
14	27	1	84.00000000	80.00000000
14	28	1	84.00000000	80.00000000
14	29	1	84.00000000	80.00000000
14	30	1	84.00000000	80.00000000
14	31	1	84.00000000	80.00000000
14	32	1	84.00000000	80.00000000
14	33	1	84.00000000	80.00000000
14	34	1	84.00000000	80.00000000
14	35	1	84.00000000	80.00000000
14	36	1	84.00000000	80.00000000
14	37	1	84.00000000	80.00000000
14	38	1	84.00000000	80.00000000
14	39	1	84.00000000	80.00000000
14	40	1	84.00000000	80.00000000
14	41	1	84.00000000	80.00000000
14	42	1	84.00000000	80.00000000
14	43	1	84.00000000	80.00000000
14	44	1	84.00000000	80.00000000
14	45	1	84.00000000	80.00000000
14	46	1	84.00000000	80.00000000
14	47	1	84.00000000	80.00000000
14	48	1	84.00000000	80.00000000
14	49	1	84.00000000	80.00000000
14	50	1	84.00000000	80.00000000
14	51	1	84.00000000	80.00000000
14	52	1	84.00000000	80.00000000
14	53	1	84.00000000	80.00000000
14	54	1	84.00000000	80.00000000
14	55	1	84.00000000	80.00000000
14	56	1	84.00000000	80.00000000
14	57	1	84.00000000	80.00000000
14	58	1	84.00000000	80.00000000
14	59	1	84.00000000	80.00000000
14	60	1	84.00000000	80.00000000
14	61	1	84.00000000	80.00000000
14	62	1	84.00000000	80.00000000
14	63	1	84.00000000	80.00000000
14	64	1	84.00000000	80.00000000
14	65	1	84.00000000	80.00000000
14	66	1	84.00000000	80.00000000
14	67	1	84.00000000	80.00000000
14	68	1	84.00000000	80.00000000
14	69	1	84.00000000	80.00000000
14	70	1	84.00000000	80.00000000
14	71	1	84.00000000	80.00000000
14	72	1	84.00000000	80.00000000
14	73	1	84.00000000	80.00000000
14	74	1	84.00000000	80.00000000
14	75	1	84.00000000	80.00000000
14	76	1	84.00000000	80.00000000
14	77	1	84.00000000	80.00000000
14	78	1	84.00000000	80.00000000
14	79	1	84.00000000	80.00000000
14	80	1	84.00000000	80.00000000
14	81	1	84.00000000	80.00000000
14	82	1	84.00000000	80.00000000
14	83	1	84.00000000	80.00000000
14	84	1	84.00000000	80.00000000
14	85	1	84.00000000	80.00000000
14	86	1	84.00000000	80.00000000
14	87	1	84.00000000	80.00000000
14	88	1	84.00000000	80.00000000
14	89	1	84.00000000	80.00000000
14	90	1	84.00000000	80.00000000
14	91	1	84.00000000	80.00000000
14	92	1	84.00000000	80.00000000
14	93	1	84.00000000	80.00000000
14	94	1	84.00000000	80.00000000
14	95	1	84.00000000	80.00000000
14	96	1	84.00000000	80.00000000
14	97	1	84.00000000	80.00000000
14	98	1	84.00000000	80.00000000
14	99	1	84.00000000	80.00000000
14	100	1	84.00000000	80.00000000
14	101	1	84.00000000	80.00000000
14	102	1	84.00000000	80.00000000
14	103	1	84.00000000	80.00000000
14	104	1	84.00000000	80.00000000
14	105	1	84.00000000	80.00000000
14	106	1	84.00000000	80.00000000
14	107	1	84.00000000	80.00000000
14	108	1	84.00000000	80.00000000
14	109	1	84.00000000	80.00000000
14	110	1	84.00000000	80.00000000
14	111	1	84.00000000	80.00000000
14	112	1	84.00000000	80.00000000
14	113	1	84.00000000	80.00000000
14	114	1	84.00000000	80.00000000
14	115	1	84.00000000	80.00000000
14	116	1	84.00000000	80.00000000
14	117	1	84.00000000	80.00000000
14	118	1	84.00000000	80.00000000
14	119	1	84.00000000	80.00000000
14	120	1	84.00000000	80.00000000
14	121	1	84.00000000	80.00000000
14	122	1	84.00000000	80.00000000
14	123	1	84.00000000	80.00000000
14	124	1	84.00000000	80.00000000
14	125	1	84.00000000	80.00000000
14	126	1	84.00000000	80.00000000
14	127	1	84.00000000	80.00000000
14	128	1	84.00000000	80.00000000
14	129	1	84.00000000	80.00000000
14	130	1	84.00000000	80.00000000
14	131	1	84.00000000	80.00000000
14	132	1	84.00000000	80.00000000
14	133	1	84.00000000	80.00000000
14	134	1	84.00000000	80.00000000
14	135	1	84.00000000	80.00000000
14	136	1	84.00000000	80.00000000
14	137	1	84.00000000	80.00000000
14	138	1	84.00000000	80.00000000
14	139	1	84.00000000	80.00000000
14	140	1	84.00000000	80.00000000
14	141	1	84.00000000	80.00000000
14	142	1	84.00000000	80.00000000
14	143	1	84.00000000	80.00000000
14	144	1	84.00000000	80.00000000
14	145	1	84.00000000	80.00000000
14	146	1	84.00000000	80.00000000
14	147	1	84.00000000	80.00000000
14	148	1	84.00000000	80.00000000
14	149	1	84.00000000	80.00000000
14	150	1	84.00000000	80.00000000
14	151	1	84.00000000	80.00000000
14	152	1	84.00000000	80.00000000
14	153	1	84.00000000	80.00000000
14	154	1	84.00000000	80.00000000
14	155	1	84.00000000	80.00000000
14	156	1	84.00000000	80.00000000
14	157	1	84.00000000	80.00000000
14	158	1	84.00000000	80.00000000
14	159	1	84.00000000	80.00000000
14	160	1	84.00000000	80.00000000
14	161	1	84.00000000	80.00000000
14	162	1	84.00000000	80.00000000
14	163	1	84.00000000	80.00000000
14	164	1	84.00000000	80.00000000
14	165	1	84.00000000	80.00000000
14	166	1	84.00000000	80.00000000
14	167	1	84.00000000	80.00000000
14	168	1	84.00000000	80.00000000
14	169	1	84.00000000	80.00000000
14	170	1	84.00000000	80.00000000
14	171	1	84.00000000	80.00000000
14	172	1	84.00000000	80.00000000
14	173	1	84.00000000	80.00000000
14	174	1	84.00000000	80.00000000
14	175	1	84.00000000	80.00000000
14	176	1	84.00000000	80.00000000
14	177	1	84.00000000	80.00000000
14	178	1	84.00000000	80.00000000
14	179	1	84.00000000	80.00000000
14	180	1	84.00000000	80.00000000
14	181	1	84.00000000	80.00000000
14	182	1	84.00000000	80.00000000
14	183	1	84.00000000	80.00000000
14	184	1	84.00000000	80.00000000
14	185	1	84.00000000	80.00000000
14	186	1	84.00000000	80.00000000
14	187	1	84.00000000	80.00000000
14	188	1	84.00000000	80.00000000
14	189	1	84.00000000	80.00000000
14	190	1	84.00000000	80.00000000
14	191	1	84.00000000	80.00000000
14	192	1	84.00000000	80.00000000
14	193	1	84.00000000	80.00000000
14	194	1	84.00000000	80.00000000
14	195	1	84.00000000	80.00000000
14	196	1	84.00000000	80.00000000
14	197	1	84.00000000	80.00000000
14	198	1	84.00000000	80.00000000
14	199	1	84.00000000	80.00000000
14	200	1	84.00000000	80.00000000
14	201	1	84.00000000	80.00000000
14	202	1	84.00000000	80.00000000
14	203	1	84.00000000	80.00000000
14	204	1	84.00000000	80.00000000
14	205	1	84.00000000	80.00000000
14	206	1	84.00000000	80.00000000
14	207	1	84.00000000	80.00000000
14	208	1	84.00000000	80.00000000
14	209	1	84.00000000	80.00000000
14	210	1	84.00000000	80.00000000
14	211	1	84.00000000	80.00000000
15	0	1	84.00000000	80.00000000
15	1	1	84.00000000	80.00000000
15	2	1	84.00000000	80.00000000
15	3	1	84.00000000	80.00000000
15	4	1	84.00000000	80.00000000
15	5	1	84.00000000	80.00000000
15	6	1	84.00000000	80.00000000
15	7	1	84.00000000	80.00000000
15	8	1	84.00000000	80.00000000
15	9	1	84.00000000	80.00000000
15	10	1	84.00000000	80.00000000
15	11	1	84.00000000	80.00000000
15	12	1	84.00000000	80.00000000
15	13	1	84.00000000	80.00000000
15	14	1	84.00000000	80.00000000
15	15	1	84.00000000	80.00000000
15	16	1	84.00000000	80.00000000
15	17	1	84.00000000	80.00000000
15	18	1	84.00000000	80.00000000
15	19	1	84.00000000	80.00000000
15	20	1	84.00000000	80.00000000
15	21	1	84.00000000	80.00000000
15	22	1	84.00000000	80.00000000
15	23	1	84.00000000	80.00000000
15	24	1	84.00000000	80.00000000
15	25	1	84.00000000	80.00000000
15	26	1	84.00000000	80.00000000
15	27	1	84.00000000	80.00000000
15	28	1	84.00000000	80.00000000
15	29	1	84.00000000	80.00000000
15	30	1	84.00000000	80.00000000
15	31	1	84.00000000	80.00000000
15	32	1	84.00000000	80.00000000
15	33	1	84.00000000	80.00000000
15	34	1	84.00000000	80.00000000
15	35	1	84.00000000	80.00000000
15	36	1	84.00000000	80.00000000
15	37	1	84.00000000	80.00000000
15	38	1	84.00000000	80.00000000
15	39	1	84.00000000	80.00000000
15	40	1	84.00000000	80.00000000
15	41	1	84.00000000	80.00000000
15	42	1	84.00000000	80.00000000
15	43	1	84.00000000	80.00000000
15	44	1	84.00000000	80.00000000
15	45	1	84.00000000	80.00000000
15	46	1	84.00000000	80.00000000
15	47	1	84.00000000	80.00000000
15	48	1	84.00000000	80.00000000
15	49	1	84.00000000	80.00000000
15	50	1	84.00000000	80.00000000
15	51	1	84.00000000	80.00000000
15	52	1	84.00000000	80.00000000
15	53	1	84.00000000	80.00000000
15	54	1	84.00000000	80.00000000
15	55	1	84.00000000	80.00000000
15	56	1	84.00000000	80.00000000
15	57	1	84.00000000	80.00000000
15	58	1	84.00000000	80.00000000
15	59	1	84.00000000	80.00000000
15	60	1	84.00000000	80.00000000
15	61	1	84.00000000	80.00000000
15	62	1	84.00000000	80.00000000
15	63	1	84.00000000	80.00000000
15	64	1	84.00000000	80.00000000
15	65	1	84.00000000	80.00000000
15	66	1	84.00000000	80.00000000
15	67	1	84.00000000	80.00000000
15	68	1	84.00000000	80.00000000
15	69	1	84.00000000	80.00000000
15	70	1	84.00000000	80.00000000
15	71	1	84.00000000	80.00000000
15	72	1	84.00000000	80.00000000
15	73	1	84.00000000	80.00000000
15	74	1	84.00000000	80.00000000
15	75	1	84.00000000	80.00000000
15	76	1	84.00000000	80.00000000
15	77	1	84.00000000	80.00000000
15	78	1	84.00000000	80.00000000
15	79	1	84.00000000	80.00000000
15	80	1	84.00000000	80.00000000
15	81	1	84.00000000	80.00000000
15	82	1	84.00000000	80.00000000
15	83	1	84.00000000	80.00000000
15	84	1	84.00000000	80.00000000
15	85	1	84.00000000	80.00000000
15	86	1	84.00000000	80.00000000
15	87	1	84.00000000	80.00000000
15	88	1	84.00000000	80.00000000
15	89	1	84.00000000	80.00000000
15	90	1	84.00000000	80.00000000
15	91	1	84.00000000	80.00000000
15	92	1	84.00000000	80.00000000
15	93	1	84.00000000	80.00000000
15	94	1	84.00000000	80.00000000
15	95	1	84.00000000	80.00000000
15	96	1	84.00000000	80.00000000
15	97	1	84.00000000	80.00000000
15	98	1	84.00000000	80.00000000
15	99	1	84.00000000	80.00000000
15	100	1	84.00000000	80.00000000
15	101	1	84.00000000	80.00000000
15	102	1	84.00000000	80.00000000
15	103	1	84.00000000	80.00000000
15	104	1	84.00000000	80.00000000
15	105	1	84.00000000	80.00000000
15	106	1	84.00000000	80.00000000
15	107	1	84.00000000	80.00000000
15	108	1	84.00000000	80.00000000
15	109	1	84.00000000	80.00000000
15	110	1	84.00000000	80.00000000
15	111	1	84.00000000	80.00000000
15	112	1	84.00000000	80.00000000
15	113	1	84.00000000	80.00000000
15	114	1	84.00000000	80.00000000
15	115	1	84.00000000	80.00000000
15	116	1	84.00000000	80.00000000
15	117	1	84.00000000	80.00000000
15	118	1	84.00000000	80.00000000
15	119	1	84.00000000	80.00000000
15	120	1	84.00000000	80.00000000
15	121	1	84.00000000	80.00000000
15	122	1	84.00000000	80.00000000
15	123	1	84.00000000	80.00000000
15	124	1	84.00000000	80.00000000
15	125	1	84.00000000	80.00000000
15	126	1	84.00000000	80.00000000
15	127	1	84.00000000	80.00000000
15	128	1	84.00000000	80.00000000
15	129	1	84.00000000	80.00000000
15	130	1	84.00000000	80.00000000
15	131	1	84.00000000	80.00000000
15	132	1	84.00000000	80.00000000
15	133	1	84.00000000	80.00000000
15	134	1	84.00000000	80.00000000
15	135	1	84.00000000	80.00000000
15	136	1	84.00000000	80.00000000
15	137	1	84.00000000	80.00000000
15	138	1	84.00000000	80.00000000
15	139	1	84.00000000	80.00000000
15	140	1	84.00000000	80.00000000
15	141	1	84.00000000	80.00000000
15	142	1	84.00000000	80.00000000
15	143	1	84.00000000	80.00000000
15	144	1	84.00000000	80.00000000
15	145	1	84.00000000	80.00000000
15	146	1	84.00000000	80.00000000
15	147	1	84.00000000	80.00000000
15	148	1	84.00000000	80.00000000
15	149	1	84.00000000	80.00000000
15	150	1	84.00000000	80.00000000
15	151	1	84.00000000	80.00000000
15	152	1	84.00000000	80.00000000
15	153	1	84.00000000	80.00000000
15	154	1	84.00000000	80.00000000
15	155	1	84.00000000	80.00000000
15	156	1	84.00000000	80.00000000
15	157	1	84.00000000	80.00000000
15	158	1	84.00000000	80.00000000
15	159	1	84.00000000	80.00000000
15	160	1	84.00000000	80.00000000
15	161	1	84.00000000	80.00000000
15	162	1	84.00000000	80.00000000
15	163	1	84.00000000	80.00000000
15	164	1	84.00000000	80.00000000
15	165	1	84.00000000	80.00000000
15	166	1	84.00000000	80.00000000
15	167	1	84.00000000	80.00000000
15	168	1	84.00000000	80.00000000
15	169	1	84.00000000	80.00000000
15	170	1	84.00000000	80.00000000
15	171	1	84.00000000	80.00000000
15	172	1	84.00000000	80.00000000
15	173	1	84.00000000	80.00000000
15	174	1	84.00000000	80.00000000
15	175	1	84.00000000	80.00000000
15	176	1	84.00000000	80.00000000
15	177	1	84.00000000	80.00000000
15	178	1	84.00000000	80.00000000
15	179	1	84.00000000	80.00000000
15	180	1	84.00000000	80.00000000
15	181	1	84.00000000	80.00000000
15	182	1	84.00000000	80.00000000
15	183	1	84.00000000	80.00000000
15	184	1	84.00000000	80.00000000
15	185	1	84.00000000	80.00000000
15	186	1	84.00000000	80.00000000
15	187	1	84.00000000	80.00000000
15	188	1	84.00000000	80.00000000
15	189	1	84.00000000	80.00000000
15	190	1	84.00000000	80.00000000
15	191	1	84.00000000	80.00000000
15	192	1	84.00000000	80.00000000
15	193	1	84.00000000	80.00000000
15	194	1	84.00000000	80.00000000
15	195	1	84.00000000	80.00000000
15	196	1	84.00000000	80.00000000
15	197	1	84.00000000	80.00000000
15	198	1	84.00000000	80.00000000
15	199	1	84.00000000	80.00000000
15	200	1	84.00000000	80.00000000
15	201	1	84.00000000	80.00000000
15	202	1	84.00000000	80.00000000
15	203	1	84.00000000	80.00000000
15	204	1	84.00000000	80.00000000
15	205	1	84.00000000	80.00000000
15	206	1	84.00000000	80.00000000
15	207	1	84.00000000	80.00000000
15	208	1	84.00000000	80.00000000
15	209	1	84.00000000	80.00000000
15	210	1	84.00000000	80.00000000
15	211	1	84.00000000	80.00000000
15	212	1	84.00000000	80.00000000
15	213	1	84.00000000	80.00000000
16	0	1	84.00000000	80.00000000
16	1	1	84.00000000	80.00000000
16	2	1	84.00000000	80.00000000
16	3	1	84.00000000	80.00000000
16	4	1	84.00000000	80.00000000
16	5	1	84.00000000	80.00000000
16	6	1	84.00000000	80.00000000
16	7	1	84.00000000	80.00000000
16	8	1	84.00000000	80.00000000
16	9	1	84.00000000	80.00000000
16	10	1	84.00000000	80.00000000
16	11	1	84.00000000	80.00000000
16	12	1	84.00000000	80.00000000
16	13	1	84.00000000	80.00000000
16	14	1	84.00000000	80.00000000
16	15	1	84.00000000	80.00000000
16	16	1	84.00000000	80.00000000
16	17	1	84.00000000	80.00000000
16	18	1	84.00000000	80.00000000
16	19	1	84.00000000	80.00000000
16	20	1	84.00000000	80.00000000
16	21	1	84.00000000	80.00000000
16	22	1	84.00000000	80.00000000
16	23	1	84.00000000	80.00000000
16	24	1	84.00000000	80.00000000
16	25	1	84.00000000	80.00000000
16	26	1	84.00000000	80.00000000
16	27	1	84.00000000	80.00000000
16	28	1	84.00000000	80.00000000
16	29	1	84.00000000	80.00000000
16	30	1	84.00000000	80.00000000
16	31	1	84.00000000	80.00000000
16	32	1	84.00000000	80.00000000
16	33	1	84.00000000	80.00000000
16	34	1	84.00000000	80.00000000
16	35	1	84.00000000	80.00000000
16	36	1	84.00000000	80.00000000
16	37	1	84.00000000	80.00000000
16	38	1	84.00000000	80.00000000
16	39	1	84.00000000	80.00000000
16	40	1	84.00000000	80.00000000
16	41	1	84.00000000	80.00000000
16	42	1	84.00000000	80.00000000
16	43	1	84.00000000	80.00000000
16	44	1	84.00000000	80.00000000
16	45	1	84.00000000	80.00000000
16	46	1	84.00000000	80.00000000
16	47	1	84.00000000	80.00000000
16	48	1	84.00000000	80.00000000
16	49	1	84.00000000	80.00000000
16	50	1	84.00000000	80.00000000
16	51	1	84.00000000	80.00000000
16	52	1	84.00000000	80.00000000
16	53	1	84.00000000	80.00000000
16	54	1	84.00000000	80.00000000
16	55	1	84.00000000	80.00000000
16	56	1	84.00000000	80.00000000
16	57	1	84.00000000	80.00000000
16	58	1	84.00000000	80.00000000
16	59	1	84.00000000	80.00000000
16	60	1	84.00000000	80.00000000
16	61	1	84.00000000	80.00000000
16	62	1	84.00000000	80.00000000
16	63	1	84.00000000	80.00000000
16	64	1	84.00000000	80.00000000
16	65	1	84.00000000	80.00000000
16	66	1	84.00000000	80.00000000
16	67	1	84.00000000	80.00000000
16	68	1	84.00000000	80.00000000
16	69	1	84.00000000	80.00000000
16	70	1	84.00000000	80.00000000
16	71	1	84.00000000	80.00000000
16	72	1	84.00000000	80.00000000
16	73	1	84.00000000	80.00000000
16	74	1	84.00000000	80.00000000
16	75	1	84.00000000	80.00000000
16	76	1	84.00000000	80.00000000
16	77	1	84.00000000	80.00000000
16	78	1	84.00000000	80.00000000
16	79	1	84.00000000	80.00000000
16	80	1	84.00000000	80.00000000
16	81	1	84.00000000	80.00000000
16	82	1	84.00000000	80.00000000
16	83	1	84.00000000	80.00000000
16	84	1	84.00000000	80.00000000
16	85	1	84.00000000	80.00000000
16	86	1	84.00000000	80.00000000
16	87	1	84.00000000	80.00000000
16	88	1	84.00000000	80.00000000
16	89	1	84.00000000	80.00000000
16	90	1	84.00000000	80.00000000
16	91	1	84.00000000	80.00000000
16	92	1	84.00000000	80.00000000
16	93	1	84.00000000	80.00000000
16	94	1	84.00000000	80.00000000
16	95	1	84.00000000	80.00000000
16	96	1	84.00000000	80.00000000
16	97	1	84.00000000	80.00000000
16	98	1	84.00000000	80.00000000
16	99	1	84.00000000	80.00000000
16	100	1	84.00000000	80.00000000
16	101	1	84.00000000	80.00000000
16	102	1	84.00000000	80.00000000
16	103	1	84.00000000	80.00000000
16	104	1	84.00000000	80.00000000
16	105	1	84.00000000	80.00000000
16	106	1	84.00000000	80.00000000
16	107	1	84.00000000	80.00000000
16	108	1	84.00000000	80.00000000
16	109	1	84.00000000	80.00000000
16	110	1	84.00000000	80.00000000
16	111	1	84.00000000	80.00000000
16	112	1	84.00000000	80.00000000
16	113	1	84.00000000	80.00000000
16	114	1	84.00000000	80.00000000
16	115	1	84.00000000	80.00000000
16	116	1	84.00000000	80.00000000
16	117	1	84.00000000	80.00000000
16	118	1	84.00000000	80.00000000
16	119	1	84.00000000	80.00000000
16	120	1	84.00000000	80.00000000
16	121	1	84.00000000	80.00000000
16	122	1	84.00000000	80.00000000
16	123	1	84.00000000	80.00000000
16	124	1	84.00000000	80.00000000
16	125	1	84.00000000	80.00000000
16	126	1	84.00000000	80.00000000
16	127	1	84.00000000	80.00000000
16	128	1	84.00000000	80.00000000
16	129	1	84.00000000	80.00000000
16	130	1	84.00000000	80.00000000
16	131	1	84.00000000	80.00000000
16	132	1	84.00000000	80.00000000
16	133	1	84.00000000	80.00000000
16	134	1	84.00000000	80.00000000
16	135	1	84.00000000	80.00000000
16	136	1	84.00000000	80.00000000
16	137	1	84.00000000	80.00000000
16	138	1	84.00000000	80.00000000
16	139	1	84.00000000	80.00000000
16	140	1	84.00000000	80.00000000
16	141	1	84.00000000	80.00000000
16	142	1	84.00000000	80.00000000
16	143	1	84.00000000	80.00000000
16	144	1	84.00000000	80.00000000
16	145	1	84.00000000	80.00000000
16	146	1	84.00000000	80.00000000
16	147	1	84.00000000	80.00000000
16	148	1	84.00000000	80.00000000
16	149	1	84.00000000	80.00000000
16	150	1	84.00000000	80.00000000
16	151	1	84.00000000	80.00000000
16	152	1	84.00000000	80.00000000
16	153	1	84.00000000	80.00000000
16	154	1	84.00000000	80.00000000
16	155	1	84.00000000	80.00000000
16	156	1	84.00000000	80.00000000
16	157	1	84.00000000	80.00000000
16	158	1	84.00000000	80.00000000
16	159	1	84.00000000	80.00000000
16	160	1	84.00000000	80.00000000
16	161	1	84.00000000	80.00000000
16	162	1	84.00000000	80.00000000
16	163	1	84.00000000	80.00000000
16	164	1	84.00000000	80.00000000
16	165	1	84.00000000	80.00000000
16	166	1	84.00000000	80.00000000
16	167	1	84.00000000	80.00000000
16	168	1	84.00000000	80.00000000
16	169	1	84.00000000	80.00000000
16	170	1	84.00000000	80.00000000
16	171	1	84.00000000	80.00000000
16	172	1	84.00000000	80.00000000
16	173	1	84.00000000	80.00000000
16	174	1	84.00000000	80.00000000
16	175	1	84.00000000	80.00000000
16	176	1	84.00000000	80.00000000
16	177	1	84.00000000	80.00000000
16	178	1	84.00000000	80.00000000
16	179	1	84.00000000	80.00000000
16	180	1	84.00000000	80.00000000
16	181	1	84.00000000	80.00000000
16	182	1	84.00000000	80.00000000
16	183	1	84.00000000	80.00000000
16	184	1	84.00000000	80.00000000
16	185	1	84.00000000	80.00000000
16	186	1	84.00000000	80.00000000
16	187	1	84.00000000	80.00000000
16	188	1	84.00000000	80.00000000
16	189	1	84.00000000	80.00000000
16	190	1	84.00000000	80.00000000
16	191	1	84.00000000	80.00000000
16	192	1	84.00000000	80.00000000
16	193	1	84.00000000	80.00000000
16	194	1	84.00000000	80.00000000
16	195	1	84.00000000	80.00000000
16	196	1	84.00000000	80.00000000
16	197	1	84.00000000	80.00000000
16	198	1	84.00000000	80.00000000
16	199	1	84.00000000	80.00000000
16	200	1	84.00000000	80.00000000
16	201	1	84.00000000	80.00000000
16	202	1	84.00000000	80.00000000
16	203	1	84.00000000	80.00000000
16	204	1	84.00000000	80.00000000
16	205	1	84.00000000	80.00000000
16	206	1	84.00000000	80.00000000
16	207	1	84.00000000	80.00000000
16	208	1	84.00000000	80.00000000
16	209	1	84.00000000	80.00000000
16	210	1	84.00000000	80.00000000
16	211	1	84.00000000	80.00000000
16	212	1	84.00000000	80.00000000
16	213	1	84.00000000	80.00000000
16	214	1	84.00000000	80.00000000
16	215	1	84.00000000	80.00000000
16	216	1	84.00000000	80.00000000
16	217	1	84.00000000	80.00000000
16	218	1	84.00000000	80.00000000
16	219	1	84.00000000	80.00000000
17	0	1	84.00000000	80.00000000
17	1	1	84.00000000	80.00000000
17	2	1	84.00000000	80.00000000
17	3	1	84.00000000	80.00000000
17	4	1	84.00000000	80.00000000
17	5	1	84.00000000	80.00000000
17	6	1	84.00000000	80.00000000
17	7	1	84.00000000	80.00000000
17	8	1	84.00000000	80.00000000
17	9	1	84.00000000	80.00000000
17	10	1	84.00000000	80.00000000
17	11	1	84.00000000	80.00000000
17	12	1	84.00000000	80.00000000
17	13	1	84.00000000	80.00000000
17	14	1	84.00000000	80.00000000
17	15	1	84.00000000	80.00000000
17	16	1	84.00000000	80.00000000
17	17	1	84.00000000	80.00000000
17	18	1	84.00000000	80.00000000
17	19	1	84.00000000	80.00000000
17	20	1	84.00000000	80.00000000
17	21	1	84.00000000	80.00000000
17	22	1	84.00000000	80.00000000
17	23	1	84.00000000	80.00000000
17	24	1	84.00000000	80.00000000
17	25	1	84.00000000	80.00000000
17	26	1	84.00000000	80.00000000
17	27	1	84.00000000	80.00000000
17	28	1	84.00000000	80.00000000
17	29	1	84.00000000	80.00000000
17	30	1	84.00000000	80.00000000
17	31	1	84.00000000	80.00000000
17	32	1	84.00000000	80.00000000
17	33	1	84.00000000	80.00000000
17	34	1	84.00000000	80.00000000
17	35	1	84.00000000	80.00000000
17	36	1	84.00000000	80.00000000
17	37	1	84.00000000	80.00000000
17	38	1	84.00000000	80.00000000
17	39	1	84.00000000	80.00000000
17	40	1	84.00000000	80.00000000
17	41	1	84.00000000	80.00000000
17	42	1	84.00000000	80.00000000
17	43	1	84.00000000	80.00000000
17	44	1	84.00000000	80.00000000
17	45	1	84.00000000	80.00000000
17	46	1	84.00000000	80.00000000
17	47	1	84.00000000	80.00000000
17	48	1	84.00000000	80.00000000
17	49	1	84.00000000	80.00000000
17	50	1	84.00000000	80.00000000
17	51	1	84.00000000	80.00000000
17	52	1	84.00000000	80.00000000
17	53	1	84.00000000	80.00000000
17	54	1	84.00000000	80.00000000
17	55	1	84.00000000	80.00000000
17	56	1	84.00000000	80.00000000
17	57	1	84.00000000	80.00000000
17	58	1	84.00000000	80.00000000
17	59	1	84.00000000	80.00000000
17	60	1	84.00000000	80.00000000
17	61	1	84.00000000	80.00000000
17	62	1	84.00000000	80.00000000
17	63	1	84.00000000	80.00000000
17	64	1	84.00000000	80.00000000
17	65	1	84.00000000	80.00000000
17	66	1	84.00000000	80.00000000
17	67	1	84.00000000	80.00000000
17	68	1	84.00000000	80.00000000
17	69	1	84.00000000	80.00000000
17	70	1	84.00000000	80.00000000
17	71	1	84.00000000	80.00000000
17	72	1	84.00000000	80.00000000
17	73	1	84.00000000	80.00000000
17	74	1	84.00000000	80.00000000
17	75	1	84.00000000	80.00000000
17	76	1	84.00000000	80.00000000
17	77	1	84.00000000	80.00000000
17	78	1	84.00000000	80.00000000
17	79	1	84.00000000	80.00000000
17	80	1	84.00000000	80.00000000
17	81	1	84.00000000	80.00000000
17	82	1	84.00000000	80.00000000
17	83	1	84.00000000	80.00000000
17	84	1	84.00000000	80.00000000
17	85	1	84.00000000	80.00000000
17	86	1	84.00000000	80.00000000
17	87	1	84.00000000	80.00000000
17	88	1	84.00000000	80.00000000
17	89	1	84.00000000	80.00000000
17	90	1	84.00000000	80.00000000
17	91	1	84.00000000	80.00000000
17	92	1	84.00000000	80.00000000
17	93	1	84.00000000	80.00000000
17	94	1	84.00000000	80.00000000
17	95	1	84.00000000	80.00000000
17	96	1	84.00000000	80.00000000
17	97	1	84.00000000	80.00000000
17	98	1	84.00000000	80.00000000
17	99	1	84.00000000	80.00000000
17	100	1	84.00000000	80.00000000
17	101	1	84.00000000	80.00000000
17	102	1	84.00000000	80.00000000
17	103	1	84.00000000	80.00000000
17	104	1	84.00000000	80.00000000
17	105	1	84.00000000	80.00000000
17	106	1	84.00000000	80.00000000
17	107	1	84.00000000	80.00000000
17	108	1	84.00000000	80.00000000
17	109	1	84.00000000	80.00000000
17	110	1	84.00000000	80.00000000
17	111	1	84.00000000	80.00000000
17	112	1	84.00000000	80.00000000
17	113	1	84.00000000	80.00000000
17	114	1	84.00000000	80.00000000
17	115	1	84.00000000	80.00000000
17	116	1	84.00000000	80.00000000
17	117	1	84.00000000	80.00000000
17	118	1	84.00000000	80.00000000
17	119	1	84.00000000	80.00000000
17	120	1	84.00000000	80.00000000
17	121	1	84.00000000	80.00000000
17	122	1	84.00000000	80.00000000
17	123	1	84.00000000	80.00000000
17	124	1	84.00000000	80.00000000
17	125	1	84.00000000	80.00000000
17	126	1	84.00000000	80.00000000
17	127	1	84.00000000	80.00000000
17	128	1	84.00000000	80.00000000
17	129	1	84.00000000	80.00000000
17	130	1	84.00000000	80.00000000
17	131	1	84.00000000	80.00000000
17	132	1	84.00000000	80.00000000
17	133	1	84.00000000	80.00000000
17	134	1	84.00000000	80.00000000
17	135	1	84.00000000	80.00000000
17	136	1	84.00000000	80.00000000
17	137	1	84.00000000	80.00000000
17	138	1	84.00000000	80.00000000
17	139	1	84.00000000	80.00000000
17	140	1	84.00000000	80.00000000
17	141	1	84.00000000	80.00000000
17	142	1	84.00000000	80.00000000
17	143	1	84.00000000	80.00000000
17	144	1	84.00000000	80.00000000
17	145	1	84.00000000	80.00000000
17	146	1	84.00000000	80.00000000
17	147	1	84.00000000	80.00000000
17	148	1	84.00000000	80.00000000
17	149	1	84.00000000	80.00000000
17	150	1	84.00000000	80.00000000
17	151	1	84.00000000	80.00000000
17	152	1	84.00000000	80.00000000
17	153	1	84.00000000	80.00000000
17	154	1	84.00000000	80.00000000
17	155	1	84.00000000	80.00000000
17	156	1	84.00000000	80.00000000
17	157	1	84.00000000	80.00000000
17	158	1	84.00000000	80.00000000
17	159	1	84.00000000	80.00000000
17	160	1	84.00000000	80.00000000
17	161	1	84.00000000	80.00000000
17	162	1	84.00000000	80.00000000
17	163	1	84.00000000	80.00000000
17	164	1	84.00000000	80.00000000
17	165	1	84.00000000	80.00000000
17	166	1	84.00000000	80.00000000
17	167	1	84.00000000	80.00000000
17	168	1	84.00000000	80.00000000
17	169	1	84.00000000	80.00000000
17	170	1	84.00000000	80.00000000
17	171	1	84.00000000	80.00000000
17	172	1	84.00000000	80.00000000
17	173	1	84.00000000	80.00000000
17	174	1	84.00000000	80.00000000
17	175	1	84.00000000	80.00000000
17	176	1	84.00000000	80.00000000
17	177	1	84.00000000	80.00000000
17	178	1	84.00000000	80.00000000
17	179	1	84.00000000	80.00000000
17	180	1	84.00000000	80.00000000
17	181	1	84.00000000	80.00000000
17	182	1	84.00000000	80.00000000
17	183	1	84.00000000	80.00000000
17	184	1	84.00000000	80.00000000
17	185	1	84.00000000	80.00000000
17	186	1	84.00000000	80.00000000
17	187	1	84.00000000	80.00000000
17	188	1	84.00000000	80.00000000
17	189	1	84.00000000	80.00000000
17	190	1	84.00000000	80.00000000
17	191	1	84.00000000	80.00000000
17	192	1	84.00000000	80.00000000
17	193	1	84.00000000	80.00000000
17	194	1	84.00000000	80.00000000
17	195	1	84.00000000	80.00000000
17	196	1	84.00000000	80.00000000
17	197	1	84.00000000	80.00000000
17	198	1	84.00000000	80.00000000
17	199	1	84.00000000	80.00000000
17	200	1	84.00000000	80.00000000
17	201	1	84.00000000	80.00000000
17	202	1	84.00000000	80.00000000
17	203	1	84.00000000	80.00000000
17	204	1	84.00000000	80.00000000
17	205	1	84.00000000	80.00000000
17	206	1	84.00000000	80.00000000
17	207	1	84.00000000	80.00000000
17	208	1	84.00000000	80.00000000
17	209	1	84.00000000	80.00000000
17	210	1	84.00000000	80.00000000
17	211	1	84.00000000	80.00000000
17	212	1	84.00000000	80.00000000
17	213	1	84.00000000	80.00000000
17	214	1	84.00000000	80.00000000
17	215	1	84.00000000	80.00000000
17	216	1	84.00000000	80.00000000
17	217	1	84.00000000	80.00000000
17	218	1	84.00000000	80.00000000
17	219	1	84.00000000	80.00000000
17	220	1	84.00000000	80.00000000
17	221	1	84.00000000	80.00000000
17	222	1	84.00000000	80.00000000
17	223	1	84.00000000	80.00000000
18	0	1	84.00000000	80.00000000
18	1	1	84.00000000	80.00000000
18	2	1	84.00000000	80.00000000
18	3	1	84.00000000	80.00000000
18	4	1	84.00000000	80.00000000
18	5	1	84.00000000	80.00000000
18	6	1	84.00000000	80.00000000
18	7	1	84.00000000	80.00000000
18	8	1	84.00000000	80.00000000
18	9	1	84.00000000	80.00000000
18	10	1	84.00000000	80.00000000
18	11	1	84.00000000	80.00000000
18	12	1	84.00000000	80.00000000
18	13	1	84.00000000	80.00000000
18	14	1	84.00000000	80.00000000
18	15	1	84.00000000	80.00000000
18	16	1	84.00000000	80.00000000
18	17	1	84.00000000	80.00000000
18	18	1	84.00000000	80.00000000
18	19	1	84.00000000	80.00000000
18	20	1	84.00000000	80.00000000
18	21	1	84.00000000	80.00000000
18	22	1	84.00000000	80.00000000
18	23	1	84.00000000	80.00000000
18	24	1	84.00000000	80.00000000
18	25	1	84.00000000	80.00000000
18	26	1	84.00000000	80.00000000
18	27	1	84.00000000	80.00000000
18	28	1	84.00000000	80.00000000
18	29	1	84.00000000	80.00000000
18	30	1	84.00000000	80.00000000
18	31	1	84.00000000	80.00000000
18	32	1	84.00000000	80.00000000
18	33	1	84.00000000	80.00000000
18	34	1	84.00000000	80.00000000
18	35	1	84.00000000	80.00000000
18	36	1	84.00000000	80.00000000
18	37	1	84.00000000	80.00000000
18	38	1	84.00000000	80.00000000
18	39	1	84.00000000	80.00000000
18	40	1	84.00000000	80.00000000
18	41	1	84.00000000	80.00000000
18	42	1	84.00000000	80.00000000
18	43	1	84.00000000	80.00000000
18	44	1	84.00000000	80.00000000
18	45	1	84.00000000	80.00000000
18	46	1	84.00000000	80.00000000
18	47	1	84.00000000	80.00000000
18	48	1	84.00000000	80.00000000
18	49	1	84.00000000	80.00000000
18	50	1	84.00000000	80.00000000
18	51	1	84.00000000	80.00000000
18	52	1	84.00000000	80.00000000
18	53	1	84.00000000	80.00000000
18	54	1	84.00000000	80.00000000
18	55	1	84.00000000	80.00000000
18	56	1	84.00000000	80.00000000
18	57	1	84.00000000	80.00000000
18	58	1	84.00000000	80.00000000
18	59	1	84.00000000	80.00000000
18	60	1	84.00000000	80.00000000
18	61	1	84.00000000	80.00000000
18	62	1	84.00000000	80.00000000
18	63	1	84.00000000	80.00000000
18	64	1	84.00000000	80.00000000
18	65	1	84.00000000	80.00000000
18	66	1	84.00000000	80.00000000
18	67	1	84.00000000	80.00000000
18	68	1	84.00000000	80.00000000
18	69	1	84.00000000	80.00000000
18	70	1	84.00000000	80.00000000
18	71	1	84.00000000	80.00000000
18	72	1	84.00000000	80.00000000
18	73	1	84.00000000	80.00000000
18	74	1	84.00000000	80.00000000
18	75	1	84.00000000	80.00000000
18	76	1	84.00000000	80.00000000
18	77	1	84.00000000	80.00000000
18	78	1	84.00000000	80.00000000
18	79	1	84.00000000	80.00000000
18	80	1	84.00000000	80.00000000
18	81	1	84.00000000	80.00000000
18	82	1	84.00000000	80.00000000
18	83	1	84.00000000	80.00000000
18	84	1	84.00000000	80.00000000
18	85	1	84.00000000	80.00000000
18	86	1	84.00000000	80.00000000
18	87	1	84.00000000	80.00000000
18	88	1	84.00000000	80.00000000
18	89	1	84.00000000	80.00000000
18	90	1	84.00000000	80.00000000
18	91	1	84.00000000	80.00000000
18	92	1	84.00000000	80.00000000
18	93	1	84.00000000	80.00000000
18	94	1	84.00000000	80.00000000
18	95	1	84.00000000	80.00000000
18	96	1	84.00000000	80.00000000
18	97	1	84.00000000	80.00000000
18	98	1	84.00000000	80.00000000
18	99	1	84.00000000	80.00000000
18	100	1	84.00000000	80.00000000
18	101	1	84.00000000	80.00000000
18	102	1	84.00000000	80.00000000
18	103	1	84.00000000	80.00000000
18	104	1	84.00000000	80.00000000
18	105	1	84.00000000	80.00000000
18	106	1	84.00000000	80.00000000
18	107	1	84.00000000	80.00000000
18	108	1	84.00000000	80.00000000
18	109	1	84.00000000	80.00000000
18	110	1	84.00000000	80.00000000
18	111	1	84.00000000	80.00000000
18	112	1	84.00000000	80.00000000
18	113	1	84.00000000	80.00000000
18	114	1	84.00000000	80.00000000
18	115	1	84.00000000	80.00000000
18	116	1	84.00000000	80.00000000
18	117	1	84.00000000	80.00000000
18	118	1	84.00000000	80.00000000
18	119	1	84.00000000	80.00000000
18	120	1	84.00000000	80.00000000
18	121	1	84.00000000	80.00000000
18	122	1	84.00000000	80.00000000
18	123	1	84.00000000	80.00000000
18	124	1	84.00000000	80.00000000
18	125	1	84.00000000	80.00000000
18	126	1	84.00000000	80.00000000
18	127	1	84.00000000	80.00000000
18	128	1	84.00000000	80.00000000
18	129	1	84.00000000	80.00000000
18	130	1	84.00000000	80.00000000
18	131	1	84.00000000	80.00000000
18	132	1	84.00000000	80.00000000
18	133	1	84.00000000	80.00000000
18	134	1	84.00000000	80.00000000
18	135	1	84.00000000	80.00000000
18	136	1	84.00000000	80.00000000
18	137	1	84.00000000	80.00000000
18	138	1	84.00000000	80.00000000
18	139	1	84.00000000	80.00000000
18	140	1	84.00000000	80.00000000
18	141	1	84.00000000	80.00000000
18	142	1	84.00000000	80.00000000
18	143	1	84.00000000	80.00000000
18	144	1	84.00000000	80.00000000
18	145	1	84.00000000	80.00000000
18	146	1	84.00000000	80.00000000
18	147	1	84.00000000	80.00000000
18	148	1	84.00000000	80.00000000
18	149	1	84.00000000	80.00000000
18	150	1	84.00000000	80.00000000
18	151	1	84.00000000	80.00000000
18	152	1	84.00000000	80.00000000
18	153	1	84.00000000	80.00000000
18	154	1	84.00000000	80.00000000
18	155	1	84.00000000	80.00000000
18	156	1	84.00000000	80.00000000
18	157	1	84.00000000	80.00000000
18	158	1	84.00000000	80.00000000
18	159	1	84.00000000	80.00000000
18	160	1	84.00000000	80.00000000
18	161	1	84.00000000	80.00000000
18	162	1	84.00000000	80.00000000
18	163	1	84.00000000	80.00000000
18	164	1	84.00000000	80.00000000
18	165	1	84.00000000	80.00000000
18	166	1	84.00000000	80.00000000
18	167	1	84.00000000	80.00000000
18	168	1	84.00000000	80.00000000
18	169	1	84.00000000	80.00000000
18	170	1	84.00000000	80.00000000
18	171	1	84.00000000	80.00000000
18	172	1	84.00000000	80.00000000
18	173	1	84.00000000	80.00000000
18	174	1	84.00000000	80.00000000
18	175	1	84.00000000	80.00000000
18	176	1	84.00000000	80.00000000
18	177	1	84.00000000	80.00000000
18	178	1	84.00000000	80.00000000
18	179	1	84.00000000	80.00000000
18	180	1	84.00000000	80.00000000
18	181	1	84.00000000	80.00000000
18	182	1	84.00000000	80.00000000
18	183	1	84.00000000	80.00000000
18	184	1	84.00000000	80.00000000
18	185	1	84.00000000	80.00000000
18	186	1	84.00000000	80.00000000
18	187	1	84.00000000	80.00000000
18	188	1	84.00000000	80.00000000
18	189	1	84.00000000	80.00000000
18	190	1	84.00000000	80.00000000
18	191	1	84.00000000	80.00000000
18	192	1	84.00000000	80.00000000
18	193	1	84.00000000	80.00000000
18	194	1	84.00000000	80.00000000
18	195	1	84.00000000	80.00000000
18	196	1	84.00000000	80.00000000
18	197	1	84.00000000	80.00000000
18	198	1	84.00000000	80.00000000
18	199	1	84.00000000	80.00000000
18	200	1	84.00000000	80.00000000
18	201	1	84.00000000	80.00000000
18	202	1	84.00000000	80.00000000
18	203	1	84.00000000	80.00000000
18	204	1	84.00000000	80.00000000
18	205	1	84.00000000	80.00000000
18	206	1	84.00000000	80.00000000
18	207	1	84.00000000	80.00000000
18	208	1	84.00000000	80.00000000
18	209	1	84.00000000	80.00000000
18	210	1	84.00000000	80.00000000
18	211	1	84.00000000	80.00000000
18	212	1	84.00000000	80.00000000
18	213	1	84.00000000	80.00000000
18	214	1	84.00000000	80.00000000
18	215	1	84.00000000	80.00000000
18	216	1	84.00000000	80.00000000
18	217	1	84.00000000	80.00000000
18	218	1	84.00000000	80.00000000
18	219	1	84.00000000	80.00000000
18	220	1	84.00000000	80.00000000
18	221	1	84.00000000	80.00000000
18	222	1	84.00000000	80.00000000
18	223	1	84.00000000	80.00000000
18	224	1	84.00000000	80.00000000
18	225	1	84.00000000	80.00000000
18	226	1	84.00000000	80.00000000
18	227	1	84.00000000	80.00000000
18	228	1	84.00000000	80.00000000
18	229	1	84.00000000	80.00000000
18	230	1	84.00000000	80.00000000
18	231	1	84.00000000	80.00000000
19	0	1	84.00000000	80.00000000
19	1	1	84.00000000	80.00000000
19	2	1	84.00000000	80.00000000
19	3	1	84.00000000	80.00000000
19	4	1	84.00000000	80.00000000
19	5	1	84.00000000	80.00000000
19	6	1	84.00000000	80.00000000
19	7	1	84.00000000	80.00000000
19	8	1	84.00000000	80.00000000
19	9	1	84.00000000	80.00000000
19	10	1	84.00000000	80.00000000
19	11	1	84.00000000	80.00000000
19	12	1	84.00000000	80.00000000
19	13	1	84.00000000	80.00000000
19	14	1	84.00000000	80.00000000
19	15	1	84.00000000	80.00000000
19	16	1	84.00000000	80.00000000
19	17	1	84.00000000	80.00000000
19	18	1	84.00000000	80.00000000
19	19	1	84.00000000	80.00000000
19	20	1	84.00000000	80.00000000
19	21	1	84.00000000	80.00000000
19	22	1	84.00000000	80.00000000
19	23	1	84.00000000	80.00000000
19	24	1	84.00000000	80.00000000
19	25	1	84.00000000	80.00000000
19	26	1	84.00000000	80.00000000
19	27	1	84.00000000	80.00000000
19	28	1	84.00000000	80.00000000
19	29	1	84.00000000	80.00000000
19	30	1	84.00000000	80.00000000
19	31	1	84.00000000	80.00000000
19	32	1	84.00000000	80.00000000
19	33	1	84.00000000	80.00000000
19	34	1	84.00000000	80.00000000
19	35	1	84.00000000	80.00000000
19	36	1	84.00000000	80.00000000
19	37	1	84.00000000	80.00000000
19	38	1	84.00000000	80.00000000
19	39	1	84.00000000	80.00000000
19	40	1	84.00000000	80.00000000
19	41	1	84.00000000	80.00000000
19	42	1	84.00000000	80.00000000
19	43	1	84.00000000	80.00000000
19	44	1	84.00000000	80.00000000
19	45	1	84.00000000	80.00000000
19	46	1	84.00000000	80.00000000
19	47	1	84.00000000	80.00000000
19	48	1	84.00000000	80.00000000
19	49	1	84.00000000	80.00000000
19	50	1	84.00000000	80.00000000
19	51	1	84.00000000	80.00000000
19	52	1	84.00000000	80.00000000
19	53	1	84.00000000	80.00000000
19	54	1	84.00000000	80.00000000
19	55	1	84.00000000	80.00000000
19	56	1	84.00000000	80.00000000
19	57	1	84.00000000	80.00000000
19	58	1	84.00000000	80.00000000
19	59	1	84.00000000	80.00000000
19	60	1	84.00000000	80.00000000
19	61	1	84.00000000	80.00000000
19	62	1	84.00000000	80.00000000
19	63	1	84.00000000	80.00000000
19	64	1	84.00000000	80.00000000
19	65	1	84.00000000	80.00000000
19	66	1	84.00000000	80.00000000
19	67	1	84.00000000	80.00000000
19	68	1	84.00000000	80.00000000
19	69	1	84.00000000	80.00000000
19	70	1	84.00000000	80.00000000
19	71	1	84.00000000	80.00000000
19	72	1	84.00000000	80.00000000
19	73	1	84.00000000	80.00000000
19	74	1	84.00000000	80.00000000
19	75	1	84.00000000	80.00000000
19	76	1	84.00000000	80.00000000
19	77	1	84.00000000	80.00000000
19	78	1	84.00000000	80.00000000
19	79	1	84.00000000	80.00000000
19	80	1	84.00000000	80.00000000
19	81	1	84.00000000	80.00000000
19	82	1	84.00000000	80.00000000
19	83	1	84.00000000	80.00000000
19	84	1	84.00000000	80.00000000
19	85	1	84.00000000	80.00000000
19	86	1	84.00000000	80.00000000
19	87	1	84.00000000	80.00000000
19	88	1	84.00000000	80.00000000
19	89	1	84.00000000	80.00000000
19	90	1	84.00000000	80.00000000
19	91	1	84.00000000	80.00000000
19	92	1	84.00000000	80.00000000
19	93	1	84.00000000	80.00000000
19	94	1	84.00000000	80.00000000
19	95	1	84.00000000	80.00000000
19	96	1	84.00000000	80.00000000
19	97	1	84.00000000	80.00000000
19	98	1	84.00000000	80.00000000
19	99	1	84.00000000	80.00000000
19	100	1	84.00000000	80.00000000
19	101	1	84.00000000	80.00000000
19	102	1	84.00000000	80.00000000
19	103	1	84.00000000	80.00000000
19	104	1	84.00000000	80.00000000
19	105	1	84.00000000	80.00000000
19	106	1	84.00000000	80.00000000
19	107	1	84.00000000	80.00000000
19	108	1	84.00000000	80.00000000
19	109	1	84.00000000	80.00000000
19	110	1	84.00000000	80.00000000
19	111	1	84.00000000	80.00000000
19	112	1	84.00000000	80.00000000
19	113	1	84.00000000	80.00000000
19	114	1	84.00000000	80.00000000
19	115	1	84.00000000	80.00000000
19	116	1	84.00000000	80.00000000
19	117	1	84.00000000	80.00000000
19	118	1	84.00000000	80.00000000
19	119	1	84.00000000	80.00000000
19	120	1	84.00000000	80.00000000
19	121	1	84.00000000	80.00000000
19	122	1	84.00000000	80.00000000
19	123	1	84.00000000	80.00000000
19	124	1	84.00000000	80.00000000
19	125	1	84.00000000	80.00000000
19	126	1	84.00000000	80.00000000
19	127	1	84.00000000	80.00000000
19	128	1	84.00000000	80.00000000
19	129	1	84.00000000	80.00000000
19	130	1	84.00000000	80.00000000
19	131	1	84.00000000	80.00000000
19	132	1	84.00000000	80.00000000
19	133	1	84.00000000	80.00000000
19	134	1	84.00000000	80.00000000
19	135	1	84.00000000	80.00000000
19	136	1	84.00000000	80.00000000
19	137	1	84.00000000	80.00000000
19	138	1	84.00000000	80.00000000
19	139	1	84.00000000	80.00000000
19	140	1	84.00000000	80.00000000
19	141	1	84.00000000	80.00000000
19	142	1	84.00000000	80.00000000
19	143	1	84.00000000	80.00000000
19	144	1	84.00000000	80.00000000
19	145	1	84.00000000	80.00000000
19	146	1	84.00000000	80.00000000
19	147	1	84.00000000	80.00000000
19	148	1	84.00000000	80.00000000
19	149	1	84.00000000	80.00000000
19	150	1	84.00000000	80.00000000
19	151	1	84.00000000	80.00000000
19	152	1	84.00000000	80.00000000
19	153	1	84.00000000	80.00000000
19	154	1	84.00000000	80.00000000
19	155	1	84.00000000	80.00000000
19	156	1	84.00000000	80.00000000
19	157	1	84.00000000	80.00000000
19	158	1	84.00000000	80.00000000
19	159	1	84.00000000	80.00000000
19	160	1	84.00000000	80.00000000
19	161	1	84.00000000	80.00000000
19	162	1	84.00000000	80.00000000
19	163	1	84.00000000	80.00000000
19	164	1	84.00000000	80.00000000
19	165	1	84.00000000	80.00000000
19	166	1	84.00000000	80.00000000
19	167	1	84.00000000	80.00000000
19	168	1	84.00000000	80.00000000
19	169	1	84.00000000	80.00000000
19	170	1	84.00000000	80.00000000
19	171	1	84.00000000	80.00000000
19	172	1	84.00000000	80.00000000
19	173	1	84.00000000	80.00000000
19	174	1	84.00000000	80.00000000
19	175	1	84.00000000	80.00000000
19	176	1	84.00000000	80.00000000
19	177	1	84.00000000	80.00000000
19	178	1	84.00000000	80.00000000
19	179	1	84.00000000	80.00000000
19	180	1	84.00000000	80.00000000
19	181	1	84.00000000	80.00000000
19	182	1	84.00000000	80.00000000
19	183	1	84.00000000	80.00000000
19	184	1	84.00000000	80.00000000
19	185	1	84.00000000	80.00000000
19	186	1	84.00000000	80.00000000
19	187	1	84.00000000	80.00000000
19	188	1	84.00000000	80.00000000
19	189	1	84.00000000	80.00000000
19	190	1	84.00000000	80.00000000
19	191	1	84.00000000	80.00000000
19	192	1	84.00000000	80.00000000
19	193	1	84.00000000	80.00000000
19	194	1	84.00000000	80.00000000
19	195	1	84.00000000	80.00000000
19	196	1	84.00000000	80.00000000
19	197	1	84.00000000	80.00000000
19	198	1	84.00000000	80.00000000
19	199	1	84.00000000	80.00000000
19	200	1	84.00000000	80.00000000
19	201	1	84.00000000	80.00000000
19	202	1	84.00000000	80.00000000
19	203	1	84.00000000	80.00000000
19	204	1	84.00000000	80.00000000
19	205	1	84.00000000	80.00000000
19	206	1	84.00000000	80.00000000
19	207	1	84.00000000	80.00000000
19	208	1	84.00000000	80.00000000
19	209	1	84.00000000	80.00000000
19	210	1	84.00000000	80.00000000
19	211	1	84.00000000	80.00000000
19	212	1	84.00000000	80.00000000
19	213	1	84.00000000	80.00000000
19	214	1	84.00000000	80.00000000
19	215	1	84.00000000	80.00000000
19	216	1	84.00000000	80.00000000
19	217	1	84.00000000	80.00000000
19	218	1	84.00000000	80.00000000
19	219	1	84.00000000	80.00000000
19	220	1	84.00000000	80.00000000
19	221	1	84.00000000	80.00000000
19	222	1	84.00000000	80.00000000
19	223	1	84.00000000	80.00000000
19	224	1	84.00000000	80.00000000
19	225	1	84.00000000	80.00000000
19	226	1	84.00000000	80.00000000
19	227	1	84.00000000	80.00000000
19	228	1	84.00000000	80.00000000
19	229	1	84.00000000	80.00000000
19	230	1	84.00000000	80.00000000
19	231	1	84.00000000	80.00000000
19	232	1	84.00000000	80.00000000
19	233	1	84.00000000	80.00000000
19	234	1	84.00000000	80.00000000
19	235	1	84.00000000	80.00000000
19	236	1	84.00000000	80.00000000
19	237	1	84.00000000	80.00000000
20	0	1	84.00000000	80.00000000
20	1	1	84.00000000	80.00000000
20	2	1	84.00000000	80.00000000
20	3	1	84.00000000	80.00000000
20	4	1	84.00000000	80.00000000
20	5	1	84.00000000	80.00000000
20	6	1	84.00000000	80.00000000
20	7	1	84.00000000	80.00000000
20	8	1	84.00000000	80.00000000
20	9	1	84.00000000	80.00000000
20	10	1	84.00000000	80.00000000
20	11	1	84.00000000	80.00000000
20	12	1	84.00000000	80.00000000
20	13	1	84.00000000	80.00000000
20	14	1	84.00000000	80.00000000
20	15	1	84.00000000	80.00000000
20	16	1	84.00000000	80.00000000
20	17	1	84.00000000	80.00000000
20	18	1	84.00000000	80.00000000
20	19	1	84.00000000	80.00000000
20	20	1	84.00000000	80.00000000
20	21	1	84.00000000	80.00000000
20	22	1	84.00000000	80.00000000
20	23	1	84.00000000	80.00000000
20	24	1	84.00000000	80.00000000
20	25	1	84.00000000	80.00000000
20	26	1	84.00000000	80.00000000
20	27	1	84.00000000	80.00000000
20	28	1	84.00000000	80.00000000
20	29	1	84.00000000	80.00000000
20	30	1	84.00000000	80.00000000
20	31	1	84.00000000	80.00000000
20	32	1	84.00000000	80.00000000
20	33	1	84.00000000	80.00000000
20	34	1	84.00000000	80.00000000
20	35	1	84.00000000	80.00000000
20	36	1	84.00000000	80.00000000
20	37	1	84.00000000	80.00000000
20	38	1	84.00000000	80.00000000
20	39	1	84.00000000	80.00000000
20	40	1	84.00000000	80.00000000
20	41	1	84.00000000	80.00000000
20	42	1	84.00000000	80.00000000
20	43	1	84.00000000	80.00000000
20	44	1	84.00000000	80.00000000
20	45	1	84.00000000	80.00000000
20	46	1	84.00000000	80.00000000
20	47	1	84.00000000	80.00000000
20	48	1	84.00000000	80.00000000
20	49	1	84.00000000	80.00000000
20	50	1	84.00000000	80.00000000
20	51	1	84.00000000	80.00000000
20	52	1	84.00000000	80.00000000
20	53	1	84.00000000	80.00000000
20	54	1	84.00000000	80.00000000
20	55	1	84.00000000	80.00000000
20	56	1	84.00000000	80.00000000
20	57	1	84.00000000	80.00000000
20	58	1	84.00000000	80.00000000
20	59	1	84.00000000	80.00000000
20	60	1	84.00000000	80.00000000
20	61	1	84.00000000	80.00000000
20	62	1	84.00000000	80.00000000
20	63	1	84.00000000	80.00000000
20	64	1	84.00000000	80.00000000
20	65	1	84.00000000	80.00000000
20	66	1	84.00000000	80.00000000
20	67	1	84.00000000	80.00000000
20	68	1	84.00000000	80.00000000
20	69	1	84.00000000	80.00000000
20	70	1	84.00000000	80.00000000
20	71	1	84.00000000	80.00000000
20	72	1	84.00000000	80.00000000
20	73	1	84.00000000	80.00000000
20	74	1	84.00000000	80.00000000
20	75	1	84.00000000	80.00000000
20	76	1	84.00000000	80.00000000
20	77	1	84.00000000	80.00000000
20	78	1	84.00000000	80.00000000
20	79	1	84.00000000	80.00000000
20	80	1	84.00000000	80.00000000
20	81	1	84.00000000	80.00000000
20	82	1	84.00000000	80.00000000
20	83	1	84.00000000	80.00000000
20	84	1	84.00000000	80.00000000
20	85	1	84.00000000	80.00000000
20	86	1	84.00000000	80.00000000
20	87	1	84.00000000	80.00000000
20	88	1	84.00000000	80.00000000
20	89	1	84.00000000	80.00000000
20	90	1	84.00000000	80.00000000
20	91	1	84.00000000	80.00000000
20	92	1	84.00000000	80.00000000
20	93	1	84.00000000	80.00000000
20	94	1	84.00000000	80.00000000
20	95	1	84.00000000	80.00000000
20	96	1	84.00000000	80.00000000
20	97	1	84.00000000	80.00000000
20	98	1	84.00000000	80.00000000
20	99	1	84.00000000	80.00000000
20	100	1	84.00000000	80.00000000
20	101	1	84.00000000	80.00000000
20	102	1	84.00000000	80.00000000
20	103	1	84.00000000	80.00000000
20	104	1	84.00000000	80.00000000
20	105	1	84.00000000	80.00000000
20	106	1	84.00000000	80.00000000
20	107	1	84.00000000	80.00000000
20	108	1	84.00000000	80.00000000
20	109	1	84.00000000	80.00000000
20	110	1	84.00000000	80.00000000
20	111	1	84.00000000	80.00000000
20	112	1	84.00000000	80.00000000
20	113	1	84.00000000	80.00000000
20	114	1	84.00000000	80.00000000
20	115	1	84.00000000	80.00000000
20	116	1	84.00000000	80.00000000
20	117	1	84.00000000	80.00000000
20	118	1	84.00000000	80.00000000
20	119	1	84.00000000	80.00000000
20	120	1	84.00000000	80.00000000
20	121	1	84.00000000	80.00000000
20	122	1	84.00000000	80.00000000
20	123	1	84.00000000	80.00000000
20	124	1	84.00000000	80.00000000
20	125	1	84.00000000	80.00000000
20	126	1	84.00000000	80.00000000
20	127	1	84.00000000	80.00000000
20	128	1	84.00000000	80.00000000
20	129	1	84.00000000	80.00000000
20	130	1	84.00000000	80.00000000
20	131	1	84.00000000	80.00000000
20	132	1	84.00000000	80.00000000
20	133	1	84.00000000	80.00000000
20	134	1	84.00000000	80.00000000
20	135	1	84.00000000	80.00000000
20	136	1	84.00000000	80.00000000
20	137	1	84.00000000	80.00000000
20	138	1	84.00000000	80.00000000
20	139	1	84.00000000	80.00000000
20	140	1	84.00000000	80.00000000
20	141	1	84.00000000	80.00000000
20	142	1	84.00000000	80.00000000
20	143	1	84.00000000	80.00000000
20	144	1	84.00000000	80.00000000
20	145	1	84.00000000	80.00000000
20	146	1	84.00000000	80.00000000
20	147	1	84.00000000	80.00000000
20	148	1	84.00000000	80.00000000
20	149	1	84.00000000	80.00000000
20	150	1	84.00000000	80.00000000
20	151	1	84.00000000	80.00000000
20	152	1	84.00000000	80.00000000
20	153	1	84.00000000	80.00000000
20	154	1	84.00000000	80.00000000
20	155	1	84.00000000	80.00000000
20	156	1	84.00000000	80.00000000
20	157	1	84.00000000	80.00000000
20	158	1	84.00000000	80.00000000
20	159	1	84.00000000	80.00000000
20	160	1	84.00000000	80.00000000
20	161	1	84.00000000	80.00000000
20	162	1	84.00000000	80.00000000
20	163	1	84.00000000	80.00000000
20	164	1	84.00000000	80.00000000
20	165	1	84.00000000	80.00000000
20	166	1	84.00000000	80.00000000
20	167	1	84.00000000	80.00000000
20	168	1	84.00000000	80.00000000
20	169	1	84.00000000	80.00000000
20	170	1	84.00000000	80.00000000
20	171	1	84.00000000	80.00000000
20	172	1	84.00000000	80.00000000
20	173	1	84.00000000	80.00000000
20	174	1	84.00000000	80.00000000
20	175	1	84.00000000	80.00000000
20	176	1	84.00000000	80.00000000
20	177	1	84.00000000	80.00000000
20	178	1	84.00000000	80.00000000
20	179	1	84.00000000	80.00000000
20	180	1	84.00000000	80.00000000
20	181	1	84.00000000	80.00000000
20	182	1	84.00000000	80.00000000
20	183	1	84.00000000	80.00000000
20	184	1	84.00000000	80.00000000
20	185	1	84.00000000	80.00000000
20	186	1	84.00000000	80.00000000
20	187	1	84.00000000	80.00000000
20	188	1	84.00000000	80.00000000
20	189	1	84.00000000	80.00000000
20	190	1	84.00000000	80.00000000
20	191	1	84.00000000	80.00000000
20	192	1	84.00000000	80.00000000
20	193	1	84.00000000	80.00000000
20	194	1	84.00000000	80.00000000
20	195	1	84.00000000	80.00000000
20	196	1	84.00000000	80.00000000
20	197	1	84.00000000	80.00000000
20	198	1	84.00000000	80.00000000
20	199	1	84.00000000	80.00000000
20	200	1	84.00000000	80.00000000
20	201	1	84.00000000	80.00000000
20	202	1	84.00000000	80.00000000
20	203	1	84.00000000	80.00000000
20	204	1	84.00000000	80.00000000
20	205	1	84.00000000	80.00000000
20	206	1	84.00000000	80.00000000
20	207	1	84.00000000	80.00000000
20	208	1	84.00000000	80.00000000
20	209	1	84.00000000	80.00000000
20	210	1	84.00000000	80.00000000
20	211	1	84.00000000	80.00000000
20	212	1	84.00000000	80.00000000
20	213	1	84.00000000	80.00000000
20	214	1	84.00000000	80.00000000
20	215	1	84.00000000	80.00000000
20	216	1	84.00000000	80.00000000
20	217	1	84.00000000	80.00000000
20	218	1	84.00000000	80.00000000
20	219	1	84.00000000	80.00000000
20	220	1	84.00000000	80.00000000
20	221	1	84.00000000	80.00000000
20	222	1	84.00000000	80.00000000
20	223	1	84.00000000	80.00000000
20	224	1	84.00000000	80.00000000
20	225	1	84.00000000	80.00000000
20	226	1	84.00000000	80.00000000
20	227	1	84.00000000	80.00000000
20	228	1	84.00000000	80.00000000
20	229	1	84.00000000	80.00000000
20	230	1	84.00000000	80.00000000
20	231	1	84.00000000	80.00000000
20	232	1	84.00000000	80.00000000
20	233	1	84.00000000	80.00000000
20	234	1	84.00000000	80.00000000
20	235	1	84.00000000	80.00000000
20	236	1	84.00000000	80.00000000
20	237	1	84.00000000	80.00000000
20	238	1	84.00000000	80.00000000
20	239	1	84.00000000	80.00000000
20	240	1	84.00000000	80.00000000
20	241	1	84.00000000	80.00000000
20	242	1	84.00000000	80.00000000
20	243	1	84.00000000	80.00000000
21	0	1	84.00000000	80.00000000
21	1	1	84.00000000	80.00000000
21	2	1	84.00000000	80.00000000
21	3	1	84.00000000	80.00000000
21	4	1	84.00000000	80.00000000
21	5	1	84.00000000	80.00000000
21	6	1	84.00000000	80.00000000
21	7	1	84.00000000	80.00000000
21	8	1	84.00000000	80.00000000
21	9	1	84.00000000	80.00000000
21	10	1	84.00000000	80.00000000
21	11	1	84.00000000	80.00000000
21	12	1	84.00000000	80.00000000
21	13	1	84.00000000	80.00000000
21	14	1	84.00000000	80.00000000
21	15	1	84.00000000	80.00000000
21	16	1	84.00000000	80.00000000
21	17	1	84.00000000	80.00000000
21	18	1	84.00000000	80.00000000
21	19	1	84.00000000	80.00000000
21	20	1	84.00000000	80.00000000
21	21	1	84.00000000	80.00000000
21	22	1	84.00000000	80.00000000
21	23	1	84.00000000	80.00000000
21	24	1	84.00000000	80.00000000
21	25	1	84.00000000	80.00000000
21	26	1	84.00000000	80.00000000
21	27	1	84.00000000	80.00000000
21	28	1	84.00000000	80.00000000
21	29	1	84.00000000	80.00000000
21	30	1	84.00000000	80.00000000
21	31	1	84.00000000	80.00000000
21	32	1	84.00000000	80.00000000
21	33	1	84.00000000	80.00000000
21	34	1	84.00000000	80.00000000
21	35	1	84.00000000	80.00000000
21	36	1	84.00000000	80.00000000
21	37	1	84.00000000	80.00000000
21	38	1	84.00000000	80.00000000
21	39	1	84.00000000	80.00000000
21	40	1	84.00000000	80.00000000
21	41	1	84.00000000	80.00000000
21	42	1	84.00000000	80.00000000
21	43	1	84.00000000	80.00000000
21	44	1	84.00000000	80.00000000
21	45	1	84.00000000	80.00000000
21	46	1	84.00000000	80.00000000
21	47	1	84.00000000	80.00000000
21	48	1	84.00000000	80.00000000
21	49	1	84.00000000	80.00000000
21	50	1	84.00000000	80.00000000
21	51	1	84.00000000	80.00000000
21	52	1	84.00000000	80.00000000
21	53	1	84.00000000	80.00000000
21	54	1	84.00000000	80.00000000
21	55	1	84.00000000	80.00000000
21	56	1	84.00000000	80.00000000
21	57	1	84.00000000	80.00000000
21	58	1	84.00000000	80.00000000
21	59	1	84.00000000	80.00000000
21	60	1	84.00000000	80.00000000
21	61	1	84.00000000	80.00000000
21	62	1	84.00000000	80.00000000
21	63	1	84.00000000	80.00000000
21	64	1	84.00000000	80.00000000
21	65	1	84.00000000	80.00000000
21	66	1	84.00000000	80.00000000
21	67	1	84.00000000	80.00000000
21	68	1	84.00000000	80.00000000
21	69	1	84.00000000	80.00000000
21	70	1	84.00000000	80.00000000
21	71	1	84.00000000	80.00000000
21	72	1	84.00000000	80.00000000
21	73	1	84.00000000	80.00000000
21	74	1	84.00000000	80.00000000
21	75	1	84.00000000	80.00000000
21	76	1	84.00000000	80.00000000
21	77	1	84.00000000	80.00000000
21	78	1	84.00000000	80.00000000
21	79	1	84.00000000	80.00000000
21	80	1	84.00000000	80.00000000
21	81	1	84.00000000	80.00000000
21	82	1	84.00000000	80.00000000
21	83	1	84.00000000	80.00000000
21	84	1	84.00000000	80.00000000
21	85	1	84.00000000	80.00000000
21	86	1	84.00000000	80.00000000
21	87	1	84.00000000	80.00000000
21	88	1	84.00000000	80.00000000
21	89	1	84.00000000	80.00000000
21	90	1	84.00000000	80.00000000
21	91	1	84.00000000	80.00000000
21	92	1	84.00000000	80.00000000
21	93	1	84.00000000	80.00000000
21	94	1	84.00000000	80.00000000
21	95	1	84.00000000	80.00000000
21	96	1	84.00000000	80.00000000
21	97	1	84.00000000	80.00000000
21	98	1	84.00000000	80.00000000
21	99	1	84.00000000	80.00000000
21	100	1	84.00000000	80.00000000
21	101	1	84.00000000	80.00000000
21	102	1	84.00000000	80.00000000
21	103	1	84.00000000	80.00000000
21	104	1	84.00000000	80.00000000
21	105	1	84.00000000	80.00000000
21	106	1	84.00000000	80.00000000
21	107	1	84.00000000	80.00000000
21	108	1	84.00000000	80.00000000
21	109	1	84.00000000	80.00000000
21	110	1	84.00000000	80.00000000
21	111	1	84.00000000	80.00000000
21	112	1	84.00000000	80.00000000
21	113	1	84.00000000	80.00000000
21	114	1	84.00000000	80.00000000
21	115	1	84.00000000	80.00000000
21	116	1	84.00000000	80.00000000
21	117	1	84.00000000	80.00000000
21	118	1	84.00000000	80.00000000
21	119	1	84.00000000	80.00000000
21	120	1	84.00000000	80.00000000
21	121	1	84.00000000	80.00000000
21	122	1	84.00000000	80.00000000
21	123	1	84.00000000	80.00000000
21	124	1	84.00000000	80.00000000
21	125	1	84.00000000	80.00000000
21	126	1	84.00000000	80.00000000
21	127	1	84.00000000	80.00000000
21	128	1	84.00000000	80.00000000
21	129	1	84.00000000	80.00000000
21	130	1	84.00000000	80.00000000
21	131	1	84.00000000	80.00000000
21	132	1	84.00000000	80.00000000
21	133	1	84.00000000	80.00000000
21	134	1	84.00000000	80.00000000
21	135	1	84.00000000	80.00000000
21	136	1	84.00000000	80.00000000
21	137	1	84.00000000	80.00000000
21	138	1	84.00000000	80.00000000
21	139	1	84.00000000	80.00000000
21	140	1	84.00000000	80.00000000
21	141	1	84.00000000	80.00000000
21	142	1	84.00000000	80.00000000
21	143	1	84.00000000	80.00000000
21	144	1	84.00000000	80.00000000
21	145	1	84.00000000	80.00000000
21	146	1	84.00000000	80.00000000
21	147	1	84.00000000	80.00000000
21	148	1	84.00000000	80.00000000
21	149	1	84.00000000	80.00000000
21	150	1	84.00000000	80.00000000
21	151	1	84.00000000	80.00000000
21	152	1	84.00000000	80.00000000
21	153	1	84.00000000	80.00000000
21	154	1	84.00000000	80.00000000
21	155	1	84.00000000	80.00000000
21	156	1	84.00000000	80.00000000
21	157	1	84.00000000	80.00000000
21	158	1	84.00000000	80.00000000
21	159	1	84.00000000	80.00000000
21	160	1	84.00000000	80.00000000
21	161	1	84.00000000	80.00000000
21	162	1	84.00000000	80.00000000
21	163	1	84.00000000	80.00000000
21	164	1	84.00000000	80.00000000
21	165	1	84.00000000	80.00000000
21	166	1	84.00000000	80.00000000
21	167	1	84.00000000	80.00000000
21	168	1	84.00000000	80.00000000
21	169	1	84.00000000	80.00000000
21	170	1	84.00000000	80.00000000
21	171	1	84.00000000	80.00000000
21	172	1	84.00000000	80.00000000
21	173	1	84.00000000	80.00000000
21	174	1	84.00000000	80.00000000
21	175	1	84.00000000	80.00000000
21	176	1	84.00000000	80.00000000
21	177	1	84.00000000	80.00000000
21	178	1	84.00000000	80.00000000
21	179	1	84.00000000	80.00000000
21	180	1	84.00000000	80.00000000
21	181	1	84.00000000	80.00000000
21	182	1	84.00000000	80.00000000
21	183	1	84.00000000	80.00000000
21	184	1	84.00000000	80.00000000
21	185	1	84.00000000	80.00000000
21	186	1	84.00000000	80.00000000
21	187	1	84.00000000	80.00000000
21	188	1	84.00000000	80.00000000
21	189	1	84.00000000	80.00000000
21	190	1	84.00000000	80.00000000
21	191	1	84.00000000	80.00000000
21	192	1	84.00000000	80.00000000
21	193	1	84.00000000	80.00000000
21	194	1	84.00000000	80.00000000
21	195	1	84.00000000	80.00000000
21	196	1	84.00000000	80.00000000
21	197	1	84.00000000	80.00000000
21	198	1	84.00000000	80.00000000
21	199	1	84.00000000	80.00000000
21	200	1	84.00000000	80.00000000
21	201	1	84.00000000	80.00000000
21	202	1	84.00000000	80.00000000
21	203	1	84.00000000	80.00000000
21	204	1	84.00000000	80.00000000
21	205	1	84.00000000	80.00000000
21	206	1	84.00000000	80.00000000
21	207	1	84.00000000	80.00000000
21	208	1	84.00000000	80.00000000
21	209	1	84.00000000	80.00000000
21	210	1	84.00000000	80.00000000
21	211	1	84.00000000	80.00000000
21	212	1	84.00000000	80.00000000
21	213	1	84.00000000	80.00000000
21	214	1	84.00000000	80.00000000
21	215	1	84.00000000	80.00000000
21	216	1	84.00000000	80.00000000
21	217	1	84.00000000	80.00000000
21	218	1	84.00000000	80.00000000
21	219	1	84.00000000	80.00000000
21	220	1	84.00000000	80.00000000
21	221	1	84.00000000	80.00000000
21	222	1	84.00000000	80.00000000
21	223	1	84.00000000	80.00000000
21	224	1	84.00000000	80.00000000
21	225	1	84.00000000	80.00000000
21	226	1	84.00000000	80.00000000
21	227	1	84.00000000	80.00000000
21	228	1	84.00000000	80.00000000
21	229	1	84.00000000	80.00000000
21	230	1	84.00000000	80.00000000
21	231	1	84.00000000	80.00000000
22	0	1	84.00000000	80.00000000
22	1	1	84.00000000	80.00000000
22	2	1	84.00000000	80.00000000
22	3	1	84.00000000	80.00000000
22	4	1	84.00000000	80.00000000
22	5	1	84.00000000	80.00000000
22	6	1	84.00000000	80.00000000
22	7	1	84.00000000	80.00000000
22	8	1	84.00000000	80.00000000
22	9	1	84.00000000	80.00000000
22	10	1	84.00000000	80.00000000
22	11	1	84.00000000	80.00000000
22	12	1	84.00000000	80.00000000
22	13	1	84.00000000	80.00000000
22	14	1	84.00000000	80.00000000
22	15	1	84.00000000	80.00000000
22	16	1	84.00000000	80.00000000
22	17	1	84.00000000	80.00000000
22	18	1	84.00000000	80.00000000
22	19	1	84.00000000	80.00000000
22	20	1	84.00000000	80.00000000
22	21	1	84.00000000	80.00000000
22	22	1	84.00000000	80.00000000
22	23	1	84.00000000	80.00000000
22	24	1	84.00000000	80.00000000
22	25	1	84.00000000	80.00000000
22	26	1	84.00000000	80.00000000
22	27	1	84.00000000	80.00000000
22	28	1	84.00000000	80.00000000
22	29	1	84.00000000	80.00000000
22	30	1	84.00000000	80.00000000
22	31	1	84.00000000	80.00000000
22	32	1	84.00000000	80.00000000
22	33	1	84.00000000	80.00000000
22	34	1	84.00000000	80.00000000
22	35	1	84.00000000	80.00000000
22	36	1	84.00000000	80.00000000
22	37	1	84.00000000	80.00000000
22	38	1	84.00000000	80.00000000
22	39	1	84.00000000	80.00000000
22	40	1	84.00000000	80.00000000
22	41	1	84.00000000	80.00000000
22	42	1	84.00000000	80.00000000
22	43	1	84.00000000	80.00000000
22	44	1	84.00000000	80.00000000
22	45	1	84.00000000	80.00000000
22	46	1	84.00000000	80.00000000
22	47	1	84.00000000	80.00000000
22	48	1	84.00000000	80.00000000
22	49	1	84.00000000	80.00000000
22	50	1	84.00000000	80.00000000
22	51	1	84.00000000	80.00000000
22	52	1	84.00000000	80.00000000
22	53	1	84.00000000	80.00000000
22	54	1	84.00000000	80.00000000
22	55	1	84.00000000	80.00000000
22	56	1	84.00000000	80.00000000
22	57	1	84.00000000	80.00000000
22	58	1	84.00000000	80.00000000
22	59	1	84.00000000	80.00000000
22	60	1	84.00000000	80.00000000
22	61	1	84.00000000	80.00000000
22	62	1	84.00000000	80.00000000
22	63	1	84.00000000	80.00000000
22	64	1	84.00000000	80.00000000
22	65	1	84.00000000	80.00000000
22	66	1	84.00000000	80.00000000
22	67	1	84.00000000	80.00000000
22	68	1	84.00000000	80.00000000
22	69	1	84.00000000	80.00000000
22	70	1	84.00000000	80.00000000
22	71	1	84.00000000	80.00000000
22	72	1	84.00000000	80.00000000
22	73	1	84.00000000	80.00000000
22	74	1	84.00000000	80.00000000
22	75	1	84.00000000	80.00000000
22	76	1	84.00000000	80.00000000
22	77	1	84.00000000	80.00000000
22	78	1	84.00000000	80.00000000
22	79	1	84.00000000	80.00000000
22	80	1	84.00000000	80.00000000
22	81	1	84.00000000	80.00000000
22	82	1	84.00000000	80.00000000
22	83	1	84.00000000	80.00000000
22	84	1	84.00000000	80.00000000
22	85	1	84.00000000	80.00000000
22	86	1	84.00000000	80.00000000
22	87	1	84.00000000	80.00000000
22	88	1	84.00000000	80.00000000
22	89	1	84.00000000	80.00000000
22	90	1	84.00000000	80.00000000
22	91	1	84.00000000	80.00000000
22	92	1	84.00000000	80.00000000
22	93	1	84.00000000	80.00000000
22	94	1	84.00000000	80.00000000
22	95	1	84.00000000	80.00000000
22	96	1	84.00000000	80.00000000
22	97	1	84.00000000	80.00000000
22	98	1	84.00000000	80.00000000
22	99	1	84.00000000	80.00000000
22	100	1	84.00000000	80.00000000
22	101	1	84.00000000	80.00000000
22	102	1	84.00000000	80.00000000
22	103	1	84.00000000	80.00000000
22	104	1	84.00000000	80.00000000
22	105	1	84.00000000	80.00000000
22	106	1	84.00000000	80.00000000
22	107	1	84.00000000	80.00000000
22	108	1	84.00000000	80.00000000
22	109	1	84.00000000	80.00000000
22	110	1	84.00000000	80.00000000
22	111	1	84.00000000	80.00000000
22	112	1	84.00000000	80.00000000
22	113	1	84.00000000	80.00000000
22	114	1	84.00000000	80.00000000
22	115	1	84.00000000	80.00000000
22	116	1	84.00000000	80.00000000
22	117	1	84.00000000	80.00000000
22	118	1	84.00000000	80.00000000
22	119	1	84.00000000	80.00000000
22	120	1	84.00000000	80.00000000
22	121	1	84.00000000	80.00000000
22	122	1	84.00000000	80.00000000
22	123	1	84.00000000	80.00000000
22	124	1	84.00000000	80.00000000
22	125	1	84.00000000	80.00000000
22	126	1	84.00000000	80.00000000
22	127	1	84.00000000	80.00000000
22	128	1	84.00000000	80.00000000
22	129	1	84.00000000	80.00000000
22	130	1	84.00000000	80.00000000
22	131	1	84.00000000	80.00000000
22	132	1	84.00000000	80.00000000
22	133	1	84.00000000	80.00000000
22	134	1	84.00000000	80.00000000
22	135	1	84.00000000	80.00000000
22	136	1	84.00000000	80.00000000
22	137	1	84.00000000	80.00000000
22	138	1	84.00000000	80.00000000
22	139	1	84.00000000	80.00000000
22	140	1	84.00000000	80.00000000
22	141	1	84.00000000	80.00000000
22	142	1	84.00000000	80.00000000
22	143	1	84.00000000	80.00000000
22	144	1	84.00000000	80.00000000
22	145	1	84.00000000	80.00000000
22	146	1	84.00000000	80.00000000
22	147	1	84.00000000	80.00000000
22	148	1	84.00000000	80.00000000
22	149	1	84.00000000	80.00000000
22	150	1	84.00000000	80.00000000
22	151	1	84.00000000	80.00000000
22	152	1	84.00000000	80.00000000
22	153	1	84.00000000	80.00000000
22	154	1	84.00000000	80.00000000
22	155	1	84.00000000	80.00000000
22	156	1	84.00000000	80.00000000
22	157	1	84.00000000	80.00000000
22	158	1	84.00000000	80.00000000
22	159	1	84.00000000	80.00000000
22	160	1	84.00000000	80.00000000
22	161	1	84.00000000	80.00000000
22	162	1	84.00000000	80.00000000
22	163	1	84.00000000	80.00000000
22	164	1	84.00000000	80.00000000
22	165	1	84.00000000	80.00000000
22	166	1	84.00000000	80.00000000
22	167	1	84.00000000	80.00000000
22	168	1	84.00000000	80.00000000
22	169	1	84.00000000	80.00000000
22	170	1	84.00000000	80.00000000
22	171	1	84.00000000	80.00000000
22	172	1	84.00000000	80.00000000
22	173	1	84.00000000	80.00000000
22	174	1	84.00000000	80.00000000
22	175	1	84.00000000	80.00000000
22	176	1	84.00000000	80.00000000
22	177	1	84.00000000	80.00000000
22	178	1	84.00000000	80.00000000
22	179	1	84.00000000	80.00000000
22	180	1	84.00000000	80.00000000
22	181	1	84.00000000	80.00000000
22	182	1	84.00000000	80.00000000
22	183	1	84.00000000	80.00000000
22	184	1	84.00000000	80.00000000
22	185	1	84.00000000	80.00000000
22	186	1	84.00000000	80.00000000
22	187	1	84.00000000	80.00000000
22	188	1	84.00000000	80.00000000
22	189	1	84.00000000	80.00000000
22	190	1	84.00000000	80.00000000
22	191	1	84.00000000	80.00000000
22	192	1	84.00000000	80.00000000
22	193	1	84.00000000	80.00000000
22	194	1	84.00000000	80.00000000
22	195	1	84.00000000	80.00000000
22	196	1	84.00000000	80.00000000
22	197	1	84.00000000	80.00000000
22	198	1	84.00000000	80.00000000
22	199	1	84.00000000	80.00000000
22	200	1	84.00000000	80.00000000
22	201	1	84.00000000	80.00000000
22	202	1	84.00000000	80.00000000
22	203	1	84.00000000	80.00000000
22	204	1	84.00000000	80.00000000
22	205	1	84.00000000	80.00000000
22	206	1	84.00000000	80.00000000
22	207	1	84.00000000	80.00000000
22	208	1	84.00000000	80.00000000
22	209	1	84.00000000	80.00000000
22	210	1	84.00000000	80.00000000
22	211	1	84.00000000	80.00000000
22	212	1	84.00000000	80.00000000
22	213	1	84.00000000	80.00000000
22	214	1	84.00000000	80.00000000
22	215	1	84.00000000	80.00000000
22	216	1	84.00000000	80.00000000
22	217	1	84.00000000	80.00000000
23	0	1	84.00000000	80.00000000
23	1	1	84.00000000	80.00000000
23	2	1	84.00000000	80.00000000
23	3	1	84.00000000	80.00000000
23	4	1	84.00000000	80.00000000
23	5	1	84.00000000	80.00000000
23	6	1	84.00000000	80.00000000
23	7	1	84.00000000	80.00000000
23	8	1	84.00000000	80.00000000
23	9	1	84.00000000	80.00000000
23	10	1	84.00000000	80.00000000
23	11	1	84.00000000	80.00000000
23	12	1	84.00000000	80.00000000
23	13	1	84.00000000	80.00000000
23	14	1	84.00000000	80.00000000
23	15	1	84.00000000	80.00000000
23	16	1	84.00000000	80.00000000
23	17	1	84.00000000	80.00000000
23	18	1	84.00000000	80.00000000
23	19	1	84.00000000	80.00000000
23	20	1	84.00000000	80.00000000
23	21	1	84.00000000	80.00000000
23	22	1	84.00000000	80.00000000
23	23	1	84.00000000	80.00000000
23	24	1	84.00000000	80.00000000
23	25	1	84.00000000	80.00000000
23	26	1	84.00000000	80.00000000
23	27	1	84.00000000	80.00000000
23	28	1	84.00000000	80.00000000
23	29	1	84.00000000	80.00000000
23	30	1	84.00000000	80.00000000
23	31	1	84.00000000	80.00000000
23	32	1	84.00000000	80.00000000
23	33	1	84.00000000	80.00000000
23	34	1	84.00000000	80.00000000
23	35	1	84.00000000	80.00000000
23	36	1	84.00000000	80.00000000
23	37	1	84.00000000	80.00000000
23	38	1	84.00000000	80.00000000
23	39	1	84.00000000	80.00000000
23	40	1	84.00000000	80.00000000
23	41	1	84.00000000	80.00000000
23	42	1	84.00000000	80.00000000
23	43	1	84.00000000	80.00000000
23	44	1	84.00000000	80.00000000
23	45	1	84.00000000	80.00000000
23	46	1	84.00000000	80.00000000
23	47	1	84.00000000	80.00000000
23	48	1	84.00000000	80.00000000
23	49	1	84.00000000	80.00000000
23	50	1	84.00000000	80.00000000
23	51	1	84.00000000	80.00000000
23	52	1	84.00000000	80.00000000
23	53	1	84.00000000	80.00000000
23	54	1	84.00000000	80.00000000
23	55	1	84.00000000	80.00000000
23	56	1	84.00000000	80.00000000
23	57	1	84.00000000	80.00000000
23	58	1	84.00000000	80.00000000
23	59	1	84.00000000	80.00000000
23	60	1	84.00000000	80.00000000
23	61	1	84.00000000	80.00000000
23	62	1	84.00000000	80.00000000
23	63	1	84.00000000	80.00000000
23	64	1	84.00000000	80.00000000
23	65	1	84.00000000	80.00000000
23	66	1	84.00000000	80.00000000
23	67	1	84.00000000	80.00000000
23	68	1	84.00000000	80.00000000
23	69	1	84.00000000	80.00000000
23	70	1	84.00000000	80.00000000
23	71	1	84.00000000	80.00000000
23	72	1	84.00000000	80.00000000
23	73	1	84.00000000	80.00000000
23	74	1	84.00000000	80.00000000
23	75	1	84.00000000	80.00000000
23	76	1	84.00000000	80.00000000
23	77	1	84.00000000	80.00000000
23	78	1	84.00000000	80.00000000
23	79	1	84.00000000	80.00000000
23	80	1	84.00000000	80.00000000
23	81	1	84.00000000	80.00000000
23	82	1	84.00000000	80.00000000
23	83	1	84.00000000	80.00000000
23	84	1	84.00000000	80.00000000
23	85	1	84.00000000	80.00000000
23	86	1	84.00000000	80.00000000
23	87	1	84.00000000	80.00000000
23	88	1	84.00000000	80.00000000
23	89	1	84.00000000	80.00000000
23	90	1	84.00000000	80.00000000
23	91	1	84.00000000	80.00000000
23	92	1	84.00000000	80.00000000
23	93	1	84.00000000	80.00000000
23	94	1	84.00000000	80.00000000
23	95	1	84.00000000	80.00000000
23	96	1	84.00000000	80.00000000
23	97	1	84.00000000	80.00000000
23	98	1	84.00000000	80.00000000
23	99	1	84.00000000	80.00000000
23	100	1	84.00000000	80.00000000
23	101	1	84.00000000	80.00000000
23	102	1	84.00000000	80.00000000
23	103	1	84.00000000	80.00000000
23	104	1	84.00000000	80.00000000
23	105	1	84.00000000	80.00000000
23	106	1	84.00000000	80.00000000
23	107	1	84.00000000	80.00000000
23	108	1	84.00000000	80.00000000
23	109	1	84.00000000	80.00000000
23	110	1	84.00000000	80.00000000
23	111	1	84.00000000	80.00000000
23	112	1	84.00000000	80.00000000
23	113	1	84.00000000	80.00000000
23	114	1	84.00000000	80.00000000
23	115	1	84.00000000	80.00000000
23	116	1	84.00000000	80.00000000
23	117	1	84.00000000	80.00000000
23	118	1	84.00000000	80.00000000
23	119	1	84.00000000	80.00000000
23	120	1	84.00000000	80.00000000
23	121	1	84.00000000	80.00000000
23	122	1	84.00000000	80.00000000
23	123	1	84.00000000	80.00000000
23	124	1	84.00000000	80.00000000
23	125	1	84.00000000	80.00000000
23	126	1	84.00000000	80.00000000
23	127	1	84.00000000	80.00000000
23	128	1	84.00000000	80.00000000
23	129	1	84.00000000	80.00000000
23	130	1	84.00000000	80.00000000
23	131	1	84.00000000	80.00000000
23	132	1	84.00000000	80.00000000
23	133	1	84.00000000	80.00000000
23	134	1	84.00000000	80.00000000
23	135	1	84.00000000	80.00000000
23	136	1	84.00000000	80.00000000
23	137	1	84.00000000	80.00000000
23	138	1	84.00000000	80.00000000
23	139	1	84.00000000	80.00000000
23	140	1	84.00000000	80.00000000
23	141	1	84.00000000	80.00000000
23	142	1	84.00000000	80.00000000
23	143	1	84.00000000	80.00000000
23	144	1	84.00000000	80.00000000
23	145	1	84.00000000	80.00000000
23	146	1	84.00000000	80.00000000
23	147	1	84.00000000	80.00000000
23	148	1	84.00000000	80.00000000
23	149	1	84.00000000	80.00000000
23	150	1	84.00000000	80.00000000
23	151	1	84.00000000	80.00000000
23	152	1	84.00000000	80.00000000
23	153	1	84.00000000	80.00000000
23	154	1	84.00000000	80.00000000
23	155	1	84.00000000	80.00000000
23	156	1	84.00000000	80.00000000
23	157	1	84.00000000	80.00000000
23	158	1	84.00000000	80.00000000
23	159	1	84.00000000	80.00000000
23	160	1	84.00000000	80.00000000
23	161	1	84.00000000	80.00000000
23	162	1	84.00000000	80.00000000
23	163	1	84.00000000	80.00000000
23	164	1	84.00000000	80.00000000
23	165	1	84.00000000	80.00000000
23	166	1	84.00000000	80.00000000
23	167	1	84.00000000	80.00000000
23	168	1	84.00000000	80.00000000
23	169	1	84.00000000	80.00000000
23	170	1	84.00000000	80.00000000
23	171	1	84.00000000	80.00000000
23	172	1	84.00000000	80.00000000
23	173	1	84.00000000	80.00000000
23	174	1	84.00000000	80.00000000
23	175	1	84.00000000	80.00000000
23	176	1	84.00000000	80.00000000
23	177	1	84.00000000	80.00000000
23	178	1	84.00000000	80.00000000
23	179	1	84.00000000	80.00000000
23	180	1	84.00000000	80.00000000
23	181	1	84.00000000	80.00000000
23	182	1	84.00000000	80.00000000
23	183	1	84.00000000	80.00000000
23	184	1	84.00000000	80.00000000
23	185	1	84.00000000	80.00000000
23	186	1	84.00000000	80.00000000
23	187	1	84.00000000	80.00000000
23	188	1	84.00000000	80.00000000
23	189	1	84.00000000	80.00000000
23	190	1	84.00000000	80.00000000
23	191	1	84.00000000	80.00000000
23	192	1	84.00000000	80.00000000
23	193	1	84.00000000	80.00000000
23	194	1	84.00000000	80.00000000
23	195	1	84.00000000	80.00000000
23	196	1	84.00000000	80.00000000
23	197	1	84.00000000	80.00000000
23	198	1	84.00000000	80.00000000
23	199	1	84.00000000	80.00000000
23	200	1	84.00000000	80.00000000
23	201	1	84.00000000	80.00000000
23	202	1	84.00000000	80.00000000
23	203	1	84.00000000	80.00000000
23	204	1	84.00000000	80.00000000
23	205	1	84.00000000	80.00000000
23	206	1	84.00000000	80.00000000
23	207	1	84.00000000	80.00000000
23	208	1	84.00000000	80.00000000
23	209	1	84.00000000	80.00000000
24	0	1	84.00000000	80.00000000
24	1	1	84.00000000	80.00000000
24	2	1	84.00000000	80.00000000
24	3	1	84.00000000	80.00000000
24	4	1	84.00000000	80.00000000
24	5	1	84.00000000	80.00000000
24	6	1	84.00000000	80.00000000
24	7	1	84.00000000	80.00000000
24	8	1	84.00000000	80.00000000
24	9	1	84.00000000	80.00000000
24	10	1	84.00000000	80.00000000
24	11	1	84.00000000	80.00000000
24	12	1	84.00000000	80.00000000
24	13	1	84.00000000	80.00000000
24	14	1	84.00000000	80.00000000
24	15	1	84.00000000	80.00000000
24	16	1	84.00000000	80.00000000
24	17	1	84.00000000	80.00000000
24	18	1	84.00000000	80.00000000
24	19	1	84.00000000	80.00000000
24	20	1	84.00000000	80.00000000
24	21	1	84.00000000	80.00000000
24	22	1	84.00000000	80.00000000
24	23	1	84.00000000	80.00000000
24	24	1	84.00000000	80.00000000
24	25	1	84.00000000	80.00000000
24	26	1	84.00000000	80.00000000
24	27	1	84.00000000	80.00000000
24	28	1	84.00000000	80.00000000
24	29	1	84.00000000	80.00000000
24	30	1	84.00000000	80.00000000
24	31	1	84.00000000	80.00000000
24	32	1	84.00000000	80.00000000
24	33	1	84.00000000	80.00000000
24	34	1	84.00000000	80.00000000
24	35	1	84.00000000	80.00000000
24	36	1	84.00000000	80.00000000
24	37	1	84.00000000	80.00000000
24	38	1	84.00000000	80.00000000
24	39	1	84.00000000	80.00000000
24	40	1	84.00000000	80.00000000
24	41	1	84.00000000	80.00000000
24	42	1	84.00000000	80.00000000
24	43	1	84.00000000	80.00000000
24	44	1	84.00000000	80.00000000
24	45	1	84.00000000	80.00000000
24	46	1	84.00000000	80.00000000
24	47	1	84.00000000	80.00000000
24	48	1	84.00000000	80.00000000
24	49	1	84.00000000	80.00000000
24	50	1	84.00000000	80.00000000
24	51	1	84.00000000	80.00000000
24	52	1	84.00000000	80.00000000
24	53	1	84.00000000	80.00000000
24	54	1	84.00000000	80.00000000
24	55	1	84.00000000	80.00000000
24	56	1	84.00000000	80.00000000
24	57	1	84.00000000	80.00000000
24	58	1	84.00000000	80.00000000
24	59	1	84.00000000	80.00000000
24	60	1	84.00000000	80.00000000
24	61	1	84.00000000	80.00000000
24	62	1	84.00000000	80.00000000
24	63	1	84.00000000	80.00000000
24	64	1	84.00000000	80.00000000
24	65	1	84.00000000	80.00000000
24	66	1	84.00000000	80.00000000
24	67	1	84.00000000	80.00000000
24	68	1	84.00000000	80.00000000
24	69	1	84.00000000	80.00000000
24	70	1	84.00000000	80.00000000
24	71	1	84.00000000	80.00000000
24	72	1	84.00000000	80.00000000
24	73	1	84.00000000	80.00000000
24	74	1	84.00000000	80.00000000
24	75	1	84.00000000	80.00000000
24	76	1	84.00000000	80.00000000
24	77	1	84.00000000	80.00000000
24	78	1	84.00000000	80.00000000
24	79	1	84.00000000	80.00000000
24	80	1	84.00000000	80.00000000
24	81	1	84.00000000	80.00000000
24	82	1	84.00000000	80.00000000
24	83	1	84.00000000	80.00000000
24	84	1	84.00000000	80.00000000
24	85	1	84.00000000	80.00000000
24	86	1	84.00000000	80.00000000
24	87	1	84.00000000	80.00000000
24	88	1	84.00000000	80.00000000
24	89	1	84.00000000	80.00000000
24	90	1	84.00000000	80.00000000
24	91	1	84.00000000	80.00000000
24	92	1	84.00000000	80.00000000
24	93	1	84.00000000	80.00000000
24	94	1	84.00000000	80.00000000
24	95	1	84.00000000	80.00000000
24	96	1	84.00000000	80.00000000
24	97	1	84.00000000	80.00000000
24	98	1	84.00000000	80.00000000
24	99	1	84.00000000	80.00000000
24	100	1	84.00000000	80.00000000
24	101	1	84.00000000	80.00000000
24	102	1	84.00000000	80.00000000
24	103	1	84.00000000	80.00000000
24	104	1	84.00000000	80.00000000
24	105	1	84.00000000	80.00000000
24	106	1	84.00000000	80.00000000
24	107	1	84.00000000	80.00000000
24	108	1	84.00000000	80.00000000
24	109	1	84.00000000	80.00000000
24	110	1	84.00000000	80.00000000
24	111	1	84.00000000	80.00000000
24	112	1	84.00000000	80.00000000
24	113	1	84.00000000	80.00000000
24	114	1	84.00000000	80.00000000
24	115	1	84.00000000	80.00000000
24	116	1	84.00000000	80.00000000
24	117	1	84.00000000	80.00000000
24	118	1	84.00000000	80.00000000
24	119	1	84.00000000	80.00000000
24	120	1	84.00000000	80.00000000
24	121	1	84.00000000	80.00000000
24	122	1	84.00000000	80.00000000
24	123	1	84.00000000	80.00000000
24	124	1	84.00000000	80.00000000
24	125	1	84.00000000	80.00000000
24	126	1	84.00000000	80.00000000
24	127	1	84.00000000	80.00000000
24	128	1	84.00000000	80.00000000
24	129	1	84.00000000	80.00000000
24	130	1	84.00000000	80.00000000
24	131	1	84.00000000	80.00000000
24	132	1	84.00000000	80.00000000
24	133	1	84.00000000	80.00000000
24	134	1	84.00000000	80.00000000
24	135	1	84.00000000	80.00000000
24	136	1	84.00000000	80.00000000
24	137	1	84.00000000	80.00000000
24	138	1	84.00000000	80.00000000
24	139	1	84.00000000	80.00000000
24	140	1	84.00000000	80.00000000
24	141	1	84.00000000	80.00000000
24	142	1	84.00000000	80.00000000
24	143	1	84.00000000	80.00000000
24	144	1	84.00000000	80.00000000
24	145	1	84.00000000	80.00000000
24	146	1	84.00000000	80.00000000
24	147	1	84.00000000	80.00000000
24	148	1	84.00000000	80.00000000
24	149	1	84.00000000	80.00000000
24	150	1	84.00000000	80.00000000
24	151	1	84.00000000	80.00000000
24	152	1	84.00000000	80.00000000
24	153	1	84.00000000	80.00000000
24	154	1	84.00000000	80.00000000
24	155	1	84.00000000	80.00000000
24	156	1	84.00000000	80.00000000
24	157	1	84.00000000	80.00000000
24	158	1	84.00000000	80.00000000
24	159	1	84.00000000	80.00000000
24	160	1	84.00000000	80.00000000
24	161	1	84.00000000	80.00000000
24	162	1	84.00000000	80.00000000
24	163	1	84.00000000	80.00000000
24	164	1	84.00000000	80.00000000
24	165	1	84.00000000	80.00000000
24	166	1	84.00000000	80.00000000
24	167	1	84.00000000	80.00000000
24	168	1	84.00000000	80.00000000
24	169	1	84.00000000	80.00000000
24	170	1	84.00000000	80.00000000
24	171	1	84.00000000	80.00000000
24	172	1	84.00000000	80.00000000
24	173	1	84.00000000	80.00000000
24	174	1	84.00000000	80.00000000
24	175	1	84.00000000	80.00000000
24	176	1	84.00000000	80.00000000
24	177	1	84.00000000	80.00000000
24	178	1	84.00000000	80.00000000
24	179	1	84.00000000	80.00000000
24	180	1	84.00000000	80.00000000
24	181	1	84.00000000	80.00000000
24	182	1	84.00000000	80.00000000
24	183	1	84.00000000	80.00000000
24	184	1	84.00000000	80.00000000
24	185	1	84.00000000	80.00000000
24	186	1	84.00000000	80.00000000
24	187	1	84.00000000	80.00000000
24	188	1	84.00000000	80.00000000
24	189	1	84.00000000	80.00000000
24	190	1	84.00000000	80.00000000
24	191	1	84.00000000	80.00000000
24	192	1	84.00000000	80.00000000
24	193	1	84.00000000	80.00000000
24	194	1	84.00000000	80.00000000
24	195	1	84.00000000	80.00000000
24	196	1	84.00000000	80.00000000
24	197	1	84.00000000	80.00000000
24	198	1	84.00000000	80.00000000
24	199	1	84.00000000	80.00000000
24	200	1	84.00000000	80.00000000
24	201	1	84.00000000	80.00000000
24	202	1	84.00000000	80.00000000
24	203	1	84.00000000	80.00000000
24	204	1	84.00000000	80.00000000
24	205	1	84.00000000	80.00000000
25	0	1	84.00000000	80.00000000
25	1	1	84.00000000	80.00000000
25	2	1	84.00000000	80.00000000
25	3	1	84.00000000	80.00000000
25	4	1	84.00000000	80.00000000
25	5	1	84.00000000	80.00000000
25	6	1	84.00000000	80.00000000
25	7	1	84.00000000	80.00000000
25	8	1	84.00000000	80.00000000
25	9	1	84.00000000	80.00000000
25	10	1	84.00000000	80.00000000
25	11	1	84.00000000	80.00000000
25	12	1	84.00000000	80.00000000
25	13	1	84.00000000	80.00000000
25	14	1	84.00000000	80.00000000
25	15	1	84.00000000	80.00000000
25	16	1	84.00000000	80.00000000
25	17	1	84.00000000	80.00000000
25	18	1	84.00000000	80.00000000
25	19	1	84.00000000	80.00000000
25	20	1	84.00000000	80.00000000
25	21	1	84.00000000	80.00000000
25	22	1	84.00000000	80.00000000
25	23	1	84.00000000	80.00000000
25	24	1	84.00000000	80.00000000
25	25	1	84.00000000	80.00000000
25	26	1	84.00000000	80.00000000
25	27	1	84.00000000	80.00000000
25	28	1	84.00000000	80.00000000
25	29	1	84.00000000	80.00000000
25	30	1	84.00000000	80.00000000
25	31	1	84.00000000	80.00000000
25	32	1	84.00000000	80.00000000
25	33	1	84.00000000	80.00000000
25	34	1	84.00000000	80.00000000
25	35	1	84.00000000	80.00000000
25	36	1	84.00000000	80.00000000
25	37	1	84.00000000	80.00000000
25	38	1	84.00000000	80.00000000
25	39	1	84.00000000	80.00000000
25	40	1	84.00000000	80.00000000
25	41	1	84.00000000	80.00000000
25	42	1	84.00000000	80.00000000
25	43	1	84.00000000	80.00000000
25	44	1	84.00000000	80.00000000
25	45	1	84.00000000	80.00000000
25	46	1	84.00000000	80.00000000
25	47	1	84.00000000	80.00000000
25	48	1	84.00000000	80.00000000
25	49	1	84.00000000	80.00000000
25	50	1	84.00000000	80.00000000
25	51	1	84.00000000	80.00000000
25	52	1	84.00000000	80.00000000
25	53	1	84.00000000	80.00000000
25	54	1	84.00000000	80.00000000
25	55	1	84.00000000	80.00000000
25	56	1	84.00000000	80.00000000
25	57	1	84.00000000	80.00000000
25	58	1	84.00000000	80.00000000
25	59	1	84.00000000	80.00000000
25	60	1	84.00000000	80.00000000
25	61	1	84.00000000	80.00000000
25	62	1	84.00000000	80.00000000
25	63	1	84.00000000	80.00000000
25	64	1	84.00000000	80.00000000
25	65	1	84.00000000	80.00000000
25	66	1	84.00000000	80.00000000
25	67	1	84.00000000	80.00000000
25	68	1	84.00000000	80.00000000
25	69	1	84.00000000	80.00000000
25	70	1	84.00000000	80.00000000
25	71	1	84.00000000	80.00000000
25	72	1	84.00000000	80.00000000
25	73	1	84.00000000	80.00000000
25	74	1	84.00000000	80.00000000
25	75	1	84.00000000	80.00000000
25	76	1	84.00000000	80.00000000
25	77	1	84.00000000	80.00000000
25	78	1	84.00000000	80.00000000
25	79	1	84.00000000	80.00000000
25	80	1	84.00000000	80.00000000
25	81	1	84.00000000	80.00000000
25	82	1	84.00000000	80.00000000
25	83	1	84.00000000	80.00000000
25	84	1	84.00000000	80.00000000
25	85	1	84.00000000	80.00000000
25	86	1	84.00000000	80.00000000
25	87	1	84.00000000	80.00000000
25	88	1	84.00000000	80.00000000
25	89	1	84.00000000	80.00000000
25	90	1	84.00000000	80.00000000
25	91	1	84.00000000	80.00000000
25	92	1	84.00000000	80.00000000
25	93	1	84.00000000	80.00000000
25	94	1	84.00000000	80.00000000
25	95	1	84.00000000	80.00000000
25	96	1	84.00000000	80.00000000
25	97	1	84.00000000	80.00000000
25	98	1	84.00000000	80.00000000
25	99	1	84.00000000	80.00000000
25	100	1	84.00000000	80.00000000
25	101	1	84.00000000	80.00000000
25	102	1	84.00000000	80.00000000
25	103	1	84.00000000	80.00000000
25	104	1	84.00000000	80.00000000
25	105	1	84.00000000	80.00000000
25	106	1	84.00000000	80.00000000
25	107	1	84.00000000	80.00000000
25	108	1	84.00000000	80.00000000
25	109	1	84.00000000	80.00000000
25	110	1	84.00000000	80.00000000
25	111	1	84.00000000	80.00000000
25	112	1	84.00000000	80.00000000
25	113	1	84.00000000	80.00000000
25	114	1	84.00000000	80.00000000
25	115	1	84.00000000	80.00000000
25	116	1	84.00000000	80.00000000
25	117	1	84.00000000	80.00000000
25	118	1	84.00000000	80.00000000
25	119	1	84.00000000	80.00000000
25	120	1	84.00000000	80.00000000
25	121	1	84.00000000	80.00000000
25	122	1	84.00000000	80.00000000
25	123	1	84.00000000	80.00000000
25	124	1	84.00000000	80.00000000
25	125	1	84.00000000	80.00000000
25	126	1	84.00000000	80.00000000
25	127	1	84.00000000	80.00000000
25	128	1	84.00000000	80.00000000
25	129	1	84.00000000	80.00000000
25	130	1	84.00000000	80.00000000
25	131	1	84.00000000	80.00000000
25	132	1	84.00000000	80.00000000
25	133	1	84.00000000	80.00000000
25	134	1	84.00000000	80.00000000
25	135	1	84.00000000	80.00000000
25	136	1	84.00000000	80.00000000
25	137	1	84.00000000	80.00000000
25	138	1	84.00000000	80.00000000
25	139	1	84.00000000	80.00000000
25	140	1	84.00000000	80.00000000
25	141	1	84.00000000	80.00000000
25	142	1	84.00000000	80.00000000
25	143	1	84.00000000	80.00000000
25	144	1	84.00000000	80.00000000
25	145	1	84.00000000	80.00000000
25	146	1	84.00000000	80.00000000
25	147	1	84.00000000	80.00000000
25	148	1	84.00000000	80.00000000
25	149	1	84.00000000	80.00000000
25	150	1	84.00000000	80.00000000
25	151	1	84.00000000	80.00000000
25	152	1	84.00000000	80.00000000
25	153	1	84.00000000	80.00000000
25	154	1	84.00000000	80.00000000
25	155	1	84.00000000	80.00000000
25	156	1	84.00000000	80.00000000
25	157	1	84.00000000	80.00000000
25	158	1	84.00000000	80.00000000
25	159	1	84.00000000	80.00000000
25	160	1	84.00000000	80.00000000
25	161	1	84.00000000	80.00000000
25	162	1	84.00000000	80.00000000
25	163	1	84.00000000	80.00000000
25	164	1	84.00000000	80.00000000
25	165	1	84.00000000	80.00000000
25	166	1	84.00000000	80.00000000
25	167	1	84.00000000	80.00000000
25	168	1	84.00000000	80.00000000
25	169	1	84.00000000	80.00000000
25	170	1	84.00000000	80.00000000
25	171	1	84.00000000	80.00000000
25	172	1	84.00000000	80.00000000
25	173	1	84.00000000	80.00000000
25	174	1	84.00000000	80.00000000
25	175	1	84.00000000	80.00000000
25	176	1	84.00000000	80.00000000
25	177	1	84.00000000	80.00000000
25	178	1	84.00000000	80.00000000
25	179	1	84.00000000	80.00000000
25	180	1	84.00000000	80.00000000
25	181	1	84.00000000	80.00000000
25	182	1	84.00000000	80.00000000
25	183	1	84.00000000	80.00000000
25	184	1	84.00000000	80.00000000
25	185	1	84.00000000	80.00000000
25	186	1	84.00000000	80.00000000
25	187	1	84.00000000	80.00000000
25	188	1	84.00000000	80.00000000
25	189	1	84.00000000	80.00000000
25	190	1	84.00000000	80.00000000
25	191	1	84.00000000	80.00000000
25	192	1	84.00000000	80.00000000
25	193	1	84.00000000	80.00000000
25	194	1	84.00000000	80.00000000
25	195	1	84.00000000	80.00000000
25	196	1	84.00000000	80.00000000
25	197	1	84.00000000	80.00000000
25	198	1	84.00000000	80.00000000
25	199	1	84.00000000	80.00000000
25	200	1	84.00000000	80.00000000
25	201	1	84.00000000	80.00000000
26	0	1	84.00000000	80.00000000
26	1	1	84.00000000	80.00000000
26	2	1	84.00000000	80.00000000
26	3	1	84.00000000	80.00000000
26	4	1	84.00000000	80.00000000
26	5	1	84.00000000	80.00000000
26	6	1	84.00000000	80.00000000
26	7	1	84.00000000	80.00000000
26	8	1	84.00000000	80.00000000
26	9	1	84.00000000	80.00000000
26	10	1	84.00000000	80.00000000
26	11	1	84.00000000	80.00000000
26	12	1	84.00000000	80.00000000
26	13	1	84.00000000	80.00000000
26	14	1	84.00000000	80.00000000
26	15	1	84.00000000	80.00000000
26	16	1	84.00000000	80.00000000
26	17	1	84.00000000	80.00000000
26	18	1	84.00000000	80.00000000
26	19	1	84.00000000	80.00000000
26	20	1	84.00000000	80.00000000
26	21	1	84.00000000	80.00000000
26	22	1	84.00000000	80.00000000
26	23	1	84.00000000	80.00000000
26	24	1	84.00000000	80.00000000
26	25	1	84.00000000	80.00000000
26	26	1	84.00000000	80.00000000
26	27	1	84.00000000	80.00000000
26	28	1	84.00000000	80.00000000
26	29	1	84.00000000	80.00000000
26	30	1	84.00000000	80.00000000
26	31	1	84.00000000	80.00000000
26	32	1	84.00000000	80.00000000
26	33	1	84.00000000	80.00000000
26	34	1	84.00000000	80.00000000
26	35	1	84.00000000	80.00000000
26	36	1	84.00000000	80.00000000
26	37	1	84.00000000	80.00000000
26	38	1	84.00000000	80.00000000
26	39	1	84.00000000	80.00000000
26	40	1	84.00000000	80.00000000
26	41	1	84.00000000	80.00000000
26	42	1	84.00000000	80.00000000
26	43	1	84.00000000	80.00000000
26	44	1	84.00000000	80.00000000
26	45	1	84.00000000	80.00000000
26	46	1	84.00000000	80.00000000
26	47	1	84.00000000	80.00000000
26	48	1	84.00000000	80.00000000
26	49	1	84.00000000	80.00000000
26	50	1	84.00000000	80.00000000
26	51	1	84.00000000	80.00000000
26	52	1	84.00000000	80.00000000
26	53	1	84.00000000	80.00000000
26	54	1	84.00000000	80.00000000
26	55	1	84.00000000	80.00000000
26	56	1	84.00000000	80.00000000
26	57	1	84.00000000	80.00000000
26	58	1	84.00000000	80.00000000
26	59	1	84.00000000	80.00000000
26	60	1	84.00000000	80.00000000
26	61	1	84.00000000	80.00000000
26	62	1	84.00000000	80.00000000
26	63	1	84.00000000	80.00000000
26	64	1	84.00000000	80.00000000
26	65	1	84.00000000	80.00000000
26	66	1	84.00000000	80.00000000
26	67	1	84.00000000	80.00000000
26	68	1	84.00000000	80.00000000
26	69	1	84.00000000	80.00000000
26	70	1	84.00000000	80.00000000
26	71	1	84.00000000	80.00000000
26	72	1	84.00000000	80.00000000
26	73	1	84.00000000	80.00000000
26	74	1	84.00000000	80.00000000
26	75	1	84.00000000	80.00000000
26	76	1	84.00000000	80.00000000
26	77	1	84.00000000	80.00000000
26	78	1	84.00000000	80.00000000
26	79	1	84.00000000	80.00000000
26	80	1	84.00000000	80.00000000
26	81	1	84.00000000	80.00000000
26	82	1	84.00000000	80.00000000
26	83	1	84.00000000	80.00000000
26	84	1	84.00000000	80.00000000
26	85	1	84.00000000	80.00000000
26	86	1	84.00000000	80.00000000
26	87	1	84.00000000	80.00000000
26	88	1	84.00000000	80.00000000
26	89	1	84.00000000	80.00000000
26	90	1	84.00000000	80.00000000
26	91	1	84.00000000	80.00000000
26	92	1	84.00000000	80.00000000
26	93	1	84.00000000	80.00000000
26	94	1	84.00000000	80.00000000
26	95	1	84.00000000	80.00000000
26	96	1	84.00000000	80.00000000
26	97	1	84.00000000	80.00000000
26	98	1	84.00000000	80.00000000
26	99	1	84.00000000	80.00000000
26	100	1	84.00000000	80.00000000
26	101	1	84.00000000	80.00000000
26	102	1	84.00000000	80.00000000
26	103	1	84.00000000	80.00000000
26	104	1	84.00000000	80.00000000
26	105	1	84.00000000	80.00000000
26	106	1	84.00000000	80.00000000
26	107	1	84.00000000	80.00000000
26	108	1	84.00000000	80.00000000
26	109	1	84.00000000	80.00000000
26	110	1	84.00000000	80.00000000
26	111	1	84.00000000	80.00000000
26	112	1	84.00000000	80.00000000
26	113	1	84.00000000	80.00000000
26	114	1	84.00000000	80.00000000
26	115	1	84.00000000	80.00000000
26	116	1	84.00000000	80.00000000
26	117	1	84.00000000	80.00000000
26	118	1	84.00000000	80.00000000
26	119	1	84.00000000	80.00000000
26	120	1	84.00000000	80.00000000
26	121	1	84.00000000	80.00000000
26	122	1	84.00000000	80.00000000
26	123	1	84.00000000	80.00000000
26	124	1	84.00000000	80.00000000
26	125	1	84.00000000	80.00000000
26	126	1	84.00000000	80.00000000
26	127	1	84.00000000	80.00000000
26	128	1	84.00000000	80.00000000
26	129	1	84.00000000	80.00000000
26	130	1	84.00000000	80.00000000
26	131	1	84.00000000	80.00000000
26	132	1	84.00000000	80.00000000
26	133	1	84.00000000	80.00000000
26	134	1	84.00000000	80.00000000
26	135	1	84.00000000	80.00000000
26	136	1	84.00000000	80.00000000
26	137	1	84.00000000	80.00000000
26	138	1	84.00000000	80.00000000
26	139	1	84.00000000	80.00000000
26	140	1	84.00000000	80.00000000
26	141	1	84.00000000	80.00000000
26	142	1	84.00000000	80.00000000
26	143	1	84.00000000	80.00000000
26	144	1	84.00000000	80.00000000
26	145	1	84.00000000	80.00000000
26	146	1	84.00000000	80.00000000
26	147	1	84.00000000	80.00000000
26	148	1	84.00000000	80.00000000
26	149	1	84.00000000	80.00000000
26	150	1	84.00000000	80.00000000
26	151	1	84.00000000	80.00000000
26	152	1	84.00000000	80.00000000
26	153	1	84.00000000	80.00000000
26	154	1	84.00000000	80.00000000
26	155	1	84.00000000	80.00000000
26	156	1	84.00000000	80.00000000
26	157	1	84.00000000	80.00000000
26	158	1	84.00000000	80.00000000
26	159	1	84.00000000	80.00000000
26	160	1	84.00000000	80.00000000
26	161	1	84.00000000	80.00000000
26	162	1	84.00000000	80.00000000
26	163	1	84.00000000	80.00000000
26	164	1	84.00000000	80.00000000
26	165	1	84.00000000	80.00000000
26	166	1	84.00000000	80.00000000
26	167	1	84.00000000	80.00000000
26	168	1	84.00000000	80.00000000
26	169	1	84.00000000	80.00000000
26	170	1	84.00000000	80.00000000
26	171	1	84.00000000	80.00000000
26	172	1	84.00000000	80.00000000
26	173	1	84.00000000	80.00000000
26	174	1	84.00000000	80.00000000
26	175	1	84.00000000	80.00000000
26	176	1	84.00000000	80.00000000
26	177	1	84.00000000	80.00000000
26	178	1	84.00000000	80.00000000
26	179	1	84.00000000	80.00000000
26	180	1	84.00000000	80.00000000
26	181	1	84.00000000	80.00000000
26	182	1	84.00000000	80.00000000
26	183	1	84.00000000	80.00000000
26	184	1	84.00000000	80.00000000
26	185	1	84.00000000	80.00000000
26	186	1	84.00000000	80.00000000
26	187	1	84.00000000	80.00000000
26	188	1	84.00000000	80.00000000
26	189	1	84.00000000	80.00000000
26	190	1	84.00000000	80.00000000
26	191	1	84.00000000	80.00000000
26	192	1	84.00000000	80.00000000
26	193	1	84.00000000	80.00000000
26	194	1	84.00000000	80.00000000
26	195	1	84.00000000	80.00000000
26	196	1	84.00000000	80.00000000
26	197	1	84.00000000	80.00000000
26	198	1	84.00000000	80.00000000
26	199	1	84.00000000	80.00000000
27	0	1	84.00000000	80.00000000
27	1	1	84.00000000	80.00000000
27	2	1	84.00000000	80.00000000
27	3	1	84.00000000	80.00000000
27	4	1	84.00000000	80.00000000
27	5	1	84.00000000	80.00000000
27	6	1	84.00000000	80.00000000
27	7	1	84.00000000	80.00000000
27	8	1	84.00000000	80.00000000
27	9	1	84.00000000	80.00000000
27	10	1	84.00000000	80.00000000
27	11	1	84.00000000	80.00000000
27	12	1	84.00000000	80.00000000
27	13	1	84.00000000	80.00000000
27	14	1	84.00000000	80.00000000
27	15	1	84.00000000	80.00000000
27	16	1	84.00000000	80.00000000
27	17	1	84.00000000	80.00000000
27	18	1	84.00000000	80.00000000
27	19	1	84.00000000	80.00000000
27	20	1	84.00000000	80.00000000
27	21	1	84.00000000	80.00000000
27	22	1	84.00000000	80.00000000
27	23	1	84.00000000	80.00000000
27	24	1	84.00000000	80.00000000
27	25	1	84.00000000	80.00000000
27	26	1	84.00000000	80.00000000
27	27	1	84.00000000	80.00000000
27	28	1	84.00000000	80.00000000
27	29	1	84.00000000	80.00000000
27	30	1	84.00000000	80.00000000
27	31	1	84.00000000	80.00000000
27	32	1	84.00000000	80.00000000
27	33	1	84.00000000	80.00000000
27	34	1	84.00000000	80.00000000
27	35	1	84.00000000	80.00000000
27	36	1	84.00000000	80.00000000
27	37	1	84.00000000	80.00000000
27	38	1	84.00000000	80.00000000
27	39	1	84.00000000	80.00000000
27	40	1	84.00000000	80.00000000
27	41	1	84.00000000	80.00000000
27	42	1	84.00000000	80.00000000
27	43	1	84.00000000	80.00000000
27	44	1	84.00000000	80.00000000
27	45	1	84.00000000	80.00000000
27	46	1	84.00000000	80.00000000
27	47	1	84.00000000	80.00000000
27	48	1	84.00000000	80.00000000
27	49	1	84.00000000	80.00000000
27	50	1	84.00000000	80.00000000
27	51	1	84.00000000	80.00000000
27	52	1	84.00000000	80.00000000
27	53	1	84.00000000	80.00000000
27	54	1	84.00000000	80.00000000
27	55	1	84.00000000	80.00000000
27	56	1	84.00000000	80.00000000
27	57	1	84.00000000	80.00000000
27	58	1	84.00000000	80.00000000
27	59	1	84.00000000	80.00000000
27	60	1	84.00000000	80.00000000
27	61	1	84.00000000	80.00000000
27	62	1	84.00000000	80.00000000
27	63	1	84.00000000	80.00000000
27	64	1	84.00000000	80.00000000
27	65	1	84.00000000	80.00000000
27	66	1	84.00000000	80.00000000
27	67	1	84.00000000	80.00000000
27	68	1	84.00000000	80.00000000
27	69	1	84.00000000	80.00000000
27	70	1	84.00000000	80.00000000
27	71	1	84.00000000	80.00000000
27	72	1	84.00000000	80.00000000
27	73	1	84.00000000	80.00000000
27	74	1	84.00000000	80.00000000
27	75	1	84.00000000	80.00000000
27	76	1	84.00000000	80.00000000
27	77	1	84.00000000	80.00000000
27	78	1	84.00000000	80.00000000
27	79	1	84.00000000	80.00000000
27	80	1	84.00000000	80.00000000
27	81	1	84.00000000	80.00000000
27	82	1	84.00000000	80.00000000
27	83	1	84.00000000	80.00000000
27	84	1	84.00000000	80.00000000
27	85	1	84.00000000	80.00000000
27	86	1	84.00000000	80.00000000
27	87	1	84.00000000	80.00000000
27	88	1	84.00000000	80.00000000
27	89	1	84.00000000	80.00000000
27	90	1	84.00000000	80.00000000
27	91	1	84.00000000	80.00000000
27	92	1	84.00000000	80.00000000
27	93	1	84.00000000	80.00000000
27	94	1	84.00000000	80.00000000
27	95	1	84.00000000	80.00000000
27	96	1	84.00000000	80.00000000
27	97	1	84.00000000	80.00000000
27	98	1	84.00000000	80.00000000
27	99	1	84.00000000	80.00000000
27	100	1	84.00000000	80.00000000
27	101	1	84.00000000	80.00000000
27	102	1	84.00000000	80.00000000
27	103	1	84.00000000	80.00000000
27	104	1	84.00000000	80.00000000
27	105	1	84.00000000	80.00000000
27	106	1	84.00000000	80.00000000
27	107	1	84.00000000	80.00000000
27	108	1	84.00000000	80.00000000
27	109	1	84.00000000	80.00000000
27	110	1	84.00000000	80.00000000
27	111	1	84.00000000	80.00000000
27	112	1	84.00000000	80.00000000
27	113	1	84.00000000	80.00000000
27	114	1	84.00000000	80.00000000
27	115	1	84.00000000	80.00000000
27	116	1	84.00000000	80.00000000
27	117	1	84.00000000	80.00000000
27	118	1	84.00000000	80.00000000
27	119	1	84.00000000	80.00000000
27	120	1	84.00000000	80.00000000
27	121	1	84.00000000	80.00000000
27	122	1	84.00000000	80.00000000
27	123	1	84.00000000	80.00000000
27	124	1	84.00000000	80.00000000
27	125	1	84.00000000	80.00000000
27	126	1	84.00000000	80.00000000
27	127	1	84.00000000	80.00000000
27	128	1	84.00000000	80.00000000
27	129	1	84.00000000	80.00000000
27	130	1	84.00000000	80.00000000
27	131	1	84.00000000	80.00000000
27	132	1	84.00000000	80.00000000
27	133	1	84.00000000	80.00000000
27	134	1	84.00000000	80.00000000
27	135	1	84.00000000	80.00000000
27	136	1	84.00000000	80.00000000
27	137	1	84.00000000	80.00000000
27	138	1	84.00000000	80.00000000
27	139	1	84.00000000	80.00000000
27	140	1	84.00000000	80.00000000
27	141	1	84.00000000	80.00000000
27	142	1	84.00000000	80.00000000
27	143	1	84.00000000	80.00000000
27	144	1	84.00000000	80.00000000
27	145	1	84.00000000	80.00000000
27	146	1	84.00000000	80.00000000
27	147	1	84.00000000	80.00000000
27	148	1	84.00000000	80.00000000
27	149	1	84.00000000	80.00000000
27	150	1	84.00000000	80.00000000
27	151	1	84.00000000	80.00000000
27	152	1	84.00000000	80.00000000
27	153	1	84.00000000	80.00000000
27	154	1	84.00000000	80.00000000
27	155	1	84.00000000	80.00000000
27	156	1	84.00000000	80.00000000
27	157	1	84.00000000	80.00000000
27	158	1	84.00000000	80.00000000
27	159	1	84.00000000	80.00000000
27	160	1	84.00000000	80.00000000
27	161	1	84.00000000	80.00000000
27	162	1	84.00000000	80.00000000
27	163	1	84.00000000	80.00000000
27	164	1	84.00000000	80.00000000
27	165	1	84.00000000	80.00000000
27	166	1	84.00000000	80.00000000
27	167	1	84.00000000	80.00000000
27	168	1	84.00000000	80.00000000
27	169	1	84.00000000	80.00000000
27	170	1	84.00000000	80.00000000
27	171	1	84.00000000	80.00000000
27	172	1	84.00000000	80.00000000
27	173	1	84.00000000	80.00000000
27	174	1	84.00000000	80.00000000
27	175	1	84.00000000	80.00000000
27	176	1	84.00000000	80.00000000
27	177	1	84.00000000	80.00000000
27	178	1	84.00000000	80.00000000
27	179	1	84.00000000	80.00000000
27	180	1	84.00000000	80.00000000
27	181	1	84.00000000	80.00000000
27	182	1	84.00000000	80.00000000
27	183	1	84.00000000	80.00000000
27	184	1	84.00000000	80.00000000
27	185	1	84.00000000	80.00000000
27	186	1	84.00000000	80.00000000
27	187	1	84.00000000	80.00000000
27	188	1	84.00000000	80.00000000
27	189	1	84.00000000	80.00000000
27	190	1	84.00000000	80.00000000
27	191	1	84.00000000	80.00000000
27	192	1	84.00000000	80.00000000
27	193	1	84.00000000	80.00000000
27	194	1	84.00000000	80.00000000
27	195	1	84.00000000	80.00000000
28	0	1	84.00000000	80.00000000
28	1	1	84.00000000	80.00000000
28	2	1	84.00000000	80.00000000
28	3	1	84.00000000	80.00000000
28	4	1	84.00000000	80.00000000
28	5	1	84.00000000	80.00000000
28	6	1	84.00000000	80.00000000
28	7	1	84.00000000	80.00000000
28	8	1	84.00000000	80.00000000
28	9	1	84.00000000	80.00000000
28	10	1	84.00000000	80.00000000
28	11	1	84.00000000	80.00000000
28	12	1	84.00000000	80.00000000
28	13	1	84.00000000	80.00000000
28	14	1	84.00000000	80.00000000
28	15	1	84.00000000	80.00000000
28	16	1	84.00000000	80.00000000
28	17	1	84.00000000	80.00000000
28	18	1	84.00000000	80.00000000
28	19	1	84.00000000	80.00000000
28	20	1	84.00000000	80.00000000
28	21	1	84.00000000	80.00000000
28	22	1	84.00000000	80.00000000
28	23	1	84.00000000	80.00000000
28	24	1	84.00000000	80.00000000
28	25	1	84.00000000	80.00000000
28	26	1	84.00000000	80.00000000
28	27	1	84.00000000	80.00000000
28	28	1	84.00000000	80.00000000
28	29	1	84.00000000	80.00000000
28	30	1	84.00000000	80.00000000
28	31	1	84.00000000	80.00000000
28	32	1	84.00000000	80.00000000
28	33	1	84.00000000	80.00000000
28	34	1	84.00000000	80.00000000
28	35	1	84.00000000	80.00000000
28	36	1	84.00000000	80.00000000
28	37	1	84.00000000	80.00000000
28	38	1	84.00000000	80.00000000
28	39	1	84.00000000	80.00000000
28	40	1	84.00000000	80.00000000
28	41	1	84.00000000	80.00000000
28	42	1	84.00000000	80.00000000
28	43	1	84.00000000	80.00000000
28	44	1	84.00000000	80.00000000
28	45	1	84.00000000	80.00000000
28	46	1	84.00000000	80.00000000
28	47	1	84.00000000	80.00000000
28	48	1	84.00000000	80.00000000
28	49	1	84.00000000	80.00000000
28	50	1	84.00000000	80.00000000
28	51	1	84.00000000	80.00000000
28	52	1	84.00000000	80.00000000
28	53	1	84.00000000	80.00000000
28	54	1	84.00000000	80.00000000
28	55	1	84.00000000	80.00000000
28	56	1	84.00000000	80.00000000
28	57	1	84.00000000	80.00000000
28	58	1	84.00000000	80.00000000
28	59	1	84.00000000	80.00000000
28	60	1	84.00000000	80.00000000
28	61	1	84.00000000	80.00000000
28	62	1	84.00000000	80.00000000
28	63	1	84.00000000	80.00000000
28	64	1	84.00000000	80.00000000
28	65	1	84.00000000	80.00000000
28	66	1	84.00000000	80.00000000
28	67	1	84.00000000	80.00000000
28	68	1	84.00000000	80.00000000
28	69	1	84.00000000	80.00000000
28	70	1	84.00000000	80.00000000
28	71	1	84.00000000	80.00000000
28	72	1	84.00000000	80.00000000
28	73	1	84.00000000	80.00000000
28	74	1	84.00000000	80.00000000
28	75	1	84.00000000	80.00000000
28	76	1	84.00000000	80.00000000
28	77	1	84.00000000	80.00000000
28	78	1	84.00000000	80.00000000
28	79	1	84.00000000	80.00000000
28	80	1	84.00000000	80.00000000
28	81	1	84.00000000	80.00000000
28	82	1	84.00000000	80.00000000
28	83	1	84.00000000	80.00000000
28	84	1	84.00000000	80.00000000
28	85	1	84.00000000	80.00000000
28	86	1	84.00000000	80.00000000
28	87	1	84.00000000	80.00000000
28	88	1	84.00000000	80.00000000
28	89	1	84.00000000	80.00000000
28	90	1	84.00000000	80.00000000
28	91	1	84.00000000	80.00000000
28	92	1	84.00000000	80.00000000
28	93	1	84.00000000	80.00000000
28	94	1	84.00000000	80.00000000
28	95	1	84.00000000	80.00000000
28	96	1	84.00000000	80.00000000
28	97	1	84.00000000	80.00000000
28	98	1	84.00000000	80.00000000
28	99	1	84.00000000	80.00000000
28	100	1	84.00000000	80.00000000
28	101	1	84.00000000	80.00000000
28	102	1	84.00000000	80.00000000
28	103	1	84.00000000	80.00000000
28	104	1	84.00000000	80.00000000
28	105	1	84.00000000	80.00000000
28	106	1	84.00000000	80.00000000
28	107	1	84.00000000	80.00000000
28	108	1	84.00000000	80.00000000
28	109	1	84.00000000	80.00000000
28	110	1	84.00000000	80.00000000
28	111	1	84.00000000	80.00000000
28	112	1	84.00000000	80.00000000
28	113	1	84.00000000	80.00000000
28	114	1	84.00000000	80.00000000
28	115	1	84.00000000	80.00000000
28	116	1	84.00000000	80.00000000
28	117	1	84.00000000	80.00000000
28	118	1	84.00000000	80.00000000
28	119	1	84.00000000	80.00000000
28	120	1	84.00000000	80.00000000
28	121	1	84.00000000	80.00000000
28	122	1	84.00000000	80.00000000
28	123	1	84.00000000	80.00000000
28	124	1	84.00000000	80.00000000
28	125	1	84.00000000	80.00000000
28	126	1	84.00000000	80.00000000
28	127	1	84.00000000	80.00000000
28	128	1	84.00000000	80.00000000
28	129	1	84.00000000	80.00000000
28	130	1	84.00000000	80.00000000
28	131	1	84.00000000	80.00000000
28	132	1	84.00000000	80.00000000
28	133	1	84.00000000	80.00000000
28	134	1	84.00000000	80.00000000
28	135	1	84.00000000	80.00000000
28	136	1	84.00000000	80.00000000
28	137	1	84.00000000	80.00000000
28	138	1	84.00000000	80.00000000
28	139	1	84.00000000	80.00000000
28	140	1	84.00000000	80.00000000
28	141	1	84.00000000	80.00000000
28	142	1	84.00000000	80.00000000
28	143	1	84.00000000	80.00000000
28	144	1	84.00000000	80.00000000
28	145	1	84.00000000	80.00000000
28	146	1	84.00000000	80.00000000
28	147	1	84.00000000	80.00000000
28	148	1	84.00000000	80.00000000
28	149	1	84.00000000	80.00000000
28	150	1	84.00000000	80.00000000
28	151	1	84.00000000	80.00000000
28	152	1	84.00000000	80.00000000
28	153	1	84.00000000	80.00000000
28	154	1	84.00000000	80.00000000
28	155	1	84.00000000	80.00000000
28	156	1	84.00000000	80.00000000
28	157	1	84.00000000	80.00000000
28	158	1	84.00000000	80.00000000
28	159	1	84.00000000	80.00000000
28	160	1	84.00000000	80.00000000
28	161	1	84.00000000	80.00000000
28	162	1	84.00000000	80.00000000
28	163	1	84.00000000	80.00000000
28	164	1	84.00000000	80.00000000
28	165	1	84.00000000	80.00000000
28	166	1	84.00000000	80.00000000
28	167	1	84.00000000	80.00000000
28	168	1	84.00000000	80.00000000
28	169	1	84.00000000	80.00000000
28	170	1	84.00000000	80.00000000
28	171	1	84.00000000	80.00000000
28	172	1	84.00000000	80.00000000
28	173	1	84.00000000	80.00000000
28	174	1	84.00000000	80.00000000
28	175	1	84.00000000	80.00000000
28	176	1	84.00000000	80.00000000
28	177	1	84.00000000	80.00000000
29	0	1	84.00000000	80.00000000
29	1	1	84.00000000	80.00000000
29	2	1	84.00000000	80.00000000
29	3	1	84.00000000	80.00000000
29	4	1	84.00000000	80.00000000
29	5	1	84.00000000	80.00000000
29	6	1	84.00000000	80.00000000
29	7	1	84.00000000	80.00000000
29	8	1	84.00000000	80.00000000
29	9	1	84.00000000	80.00000000
29	10	1	84.00000000	80.00000000
29	11	1	84.00000000	80.00000000
29	12	1	84.00000000	80.00000000
29	13	1	84.00000000	80.00000000
29	14	1	84.00000000	80.00000000
29	15	1	84.00000000	80.00000000
29	16	1	84.00000000	80.00000000
29	17	1	84.00000000	80.00000000
29	18	1	84.00000000	80.00000000
29	19	1	84.00000000	80.00000000
29	20	1	84.00000000	80.00000000
29	21	1	84.00000000	80.00000000
29	22	1	84.00000000	80.00000000
29	23	1	84.00000000	80.00000000
29	24	1	84.00000000	80.00000000
29	25	1	84.00000000	80.00000000
29	26	1	84.00000000	80.00000000
29	27	1	84.00000000	80.00000000
29	28	1	84.00000000	80.00000000
29	29	1	84.00000000	80.00000000
29	30	1	84.00000000	80.00000000
29	31	1	84.00000000	80.00000000
29	32	1	84.00000000	80.00000000
29	33	1	84.00000000	80.00000000
29	34	1	84.00000000	80.00000000
29	35	1	84.00000000	80.00000000
29	36	1	84.00000000	80.00000000
29	37	1	84.00000000	80.00000000
29	38	1	84.00000000	80.00000000
29	39	1	84.00000000	80.00000000
29	40	1	84.00000000	80.00000000
29	41	1	84.00000000	80.00000000
29	42	1	84.00000000	80.00000000
29	43	1	84.00000000	80.00000000
29	44	1	84.00000000	80.00000000
29	45	1	84.00000000	80.00000000
29	46	1	84.00000000	80.00000000
29	47	1	84.00000000	80.00000000
29	48	1	84.00000000	80.00000000
29	49	1	84.00000000	80.00000000
29	50	1	84.00000000	80.00000000
29	51	1	84.00000000	80.00000000
29	52	1	84.00000000	80.00000000
29	53	1	84.00000000	80.00000000
29	54	1	84.00000000	80.00000000
29	55	1	84.00000000	80.00000000
29	56	1	84.00000000	80.00000000
29	57	1	84.00000000	80.00000000
29	58	1	84.00000000	80.00000000
29	59	1	84.00000000	80.00000000
29	60	1	84.00000000	80.00000000
29	61	1	84.00000000	80.00000000
29	62	1	84.00000000	80.00000000
29	63	1	84.00000000	80.00000000
29	64	1	84.00000000	80.00000000
29	65	1	84.00000000	80.00000000
29	66	1	84.00000000	80.00000000
29	67	1	84.00000000	80.00000000
29	68	1	84.00000000	80.00000000
29	69	1	84.00000000	80.00000000
29	70	1	84.00000000	80.00000000
29	71	1	84.00000000	80.00000000
29	72	1	84.00000000	80.00000000
29	73	1	84.00000000	80.00000000
29	74	1	84.00000000	80.00000000
29	75	1	84.00000000	80.00000000
29	76	1	84.00000000	80.00000000
29	77	1	84.00000000	80.00000000
29	78	1	84.00000000	80.00000000
29	79	1	84.00000000	80.00000000
29	80	1	84.00000000	80.00000000
29	81	1	84.00000000	80.00000000
29	82	1	84.00000000	80.00000000
29	83	1	84.00000000	80.00000000
29	84	1	84.00000000	80.00000000
29	85	1	84.00000000	80.00000000
29	86	1	84.00000000	80.00000000
29	87	1	84.00000000	80.00000000
29	88	1	84.00000000	80.00000000
29	89	1	84.00000000	80.00000000
29	90	1	84.00000000	80.00000000
29	91	1	84.00000000	80.00000000
29	92	1	84.00000000	80.00000000
29	93	1	84.00000000	80.00000000
29	94	1	84.00000000	80.00000000
29	95	1	84.00000000	80.00000000
29	96	1	84.00000000	80.00000000
29	97	1	84.00000000	80.00000000
29	98	1	84.00000000	80.00000000
29	99	1	84.00000000	80.00000000
29	100	1	84.00000000	80.00000000
29	101	1	84.00000000	80.00000000
29	102	1	84.00000000	80.00000000
29	103	1	84.00000000	80.00000000
29	104	1	84.00000000	80.00000000
29	105	1	84.00000000	80.00000000
29	106	1	84.00000000	80.00000000
29	107	1	84.00000000	80.00000000
29	108	1	84.00000000	80.00000000
29	109	1	84.00000000	80.00000000
29	110	1	84.00000000	80.00000000
29	111	1	84.00000000	80.00000000
29	112	1	84.00000000	80.00000000
29	113	1	84.00000000	80.00000000
29	114	1	84.00000000	80.00000000
29	115	1	84.00000000	80.00000000
29	116	1	84.00000000	80.00000000
29	117	1	84.00000000	80.00000000
29	118	1	84.00000000	80.00000000
29	119	1	84.00000000	80.00000000
29	120	1	84.00000000	80.00000000
29	121	1	84.00000000	80.00000000
29	122	1	84.00000000	80.00000000
29	123	1	84.00000000	80.00000000
29	124	1	84.00000000	80.00000000
29	125	1	84.00000000	80.00000000
29	126	1	84.00000000	80.00000000
29	127	1	84.00000000	80.00000000
29	128	1	84.00000000	80.00000000
29	129	1	84.00000000	80.00000000
30	0	1	84.00000000	80.00000000
30	1	1	84.00000000	80.00000000
30	2	1	84.00000000	80.00000000
30	3	1	84.00000000	80.00000000
30	4	1	84.00000000	80.00000000
30	5	1	84.00000000	80.00000000
30	6	1	84.00000000	80.00000000
30	7	1	84.00000000	80.00000000
30	8	1	84.00000000	80.00000000
30	9	1	84.00000000	80.00000000
30	10	1	84.00000000	80.00000000
30	11	1	84.00000000	80.00000000
30	12	1	84.00000000	80.00000000
30	13	1	84.00000000	80.00000000
30	14	1	84.00000000	80.00000000
30	15	1	84.00000000	80.00000000
30	16	1	84.00000000	80.00000000
30	17	1	84.00000000	80.00000000
30	18	1	84.00000000	80.00000000
30	19	1	84.00000000	80.00000000
30	20	1	84.00000000	80.00000000
30	21	1	84.00000000	80.00000000
30	22	1	84.00000000	80.00000000
30	23	1	84.00000000	80.00000000
30	24	1	84.00000000	80.00000000
30	25	1	84.00000000	80.00000000
30	26	1	84.00000000	80.00000000
30	27	1	84.00000000	80.00000000
30	28	1	84.00000000	80.00000000
30	29	1	84.00000000	80.00000000
30	30	1	84.00000000	80.00000000
30	31	1	84.00000000	80.00000000
30	32	1	84.00000000	80.00000000
30	33	1	84.00000000	80.00000000
30	34	1	84.00000000	80.00000000
30	35	1	84.00000000	80.00000000
30	36	1	84.00000000	80.00000000
30	37	1	84.00000000	80.00000000
30	38	1	84.00000000	80.00000000
30	39	1	84.00000000	80.00000000
30	40	1	84.00000000	80.00000000
30	41	1	84.00000000	80.00000000
30	42	1	84.00000000	80.00000000
30	43	1	84.00000000	80.00000000
30	44	1	84.00000000	80.00000000
30	45	1	84.00000000	80.00000000
30	46	1	84.00000000	80.00000000
30	47	1	84.00000000	80.00000000
30	48	1	84.00000000	80.00000000
30	49	1	84.00000000	80.00000000
30	50	1	84.00000000	80.00000000
30	51	1	84.00000000	80.00000000
30	52	1	84.00000000	80.00000000
30	53	1	84.00000000	80.00000000
30	54	1	84.00000000	80.00000000
30	55	1	84.00000000	80.00000000
30	56	1	84.00000000	80.00000000
30	57	1	84.00000000	80.00000000
30	58	1	84.00000000	80.00000000
30	59	1	84.00000000	80.00000000
30	60	1	84.00000000	80.00000000
30	61	1	84.00000000	80.00000000
30	62	1	84.00000000	80.00000000
30	63	1	84.00000000	80.00000000
30	64	1	84.00000000	80.00000000
30	65	1	84.00000000	80.00000000
30	66	1	84.00000000	80.00000000
30	67	1	84.00000000	80.00000000
30	68	1	84.00000000	80.00000000
30	69	1	84.00000000	80.00000000
30	70	1	84.00000000	80.00000000
30	71	1	84.00000000	80.00000000
30	72	1	84.00000000	80.00000000
30	73	1	84.00000000	80.00000000
30	74	1	84.00000000	80.00000000
30	75	1	84.00000000	80.00000000
30	76	1	84.00000000	80.00000000
30	77	1	84.00000000	80.00000000
30	78	1	84.00000000	80.00000000
30	79	1	84.00000000	80.00000000
30	80	1	84.00000000	80.00000000
30	81	1	84.00000000	80.00000000
30	82	1	84.00000000	80.00000000
30	83	1	84.00000000	80.00000000
30	84	1	84.00000000	80.00000000
30	85	1	84.00000000	80.00000000
30	86	1	84.00000000	80.00000000
30	87	1	84.00000000	80.00000000
30	88	1	84.00000000	80.00000000
30	89	1	84.00000000	80.00000000
30	90	1	84.00000000	80.00000000
30	91	1	84.00000000	80.00000000
30	92	1	84.00000000	80.00000000
30	93	1	84.00000000	80.00000000
30	94	1	84.00000000	80.00000000
30	95	1	84.00000000	80.00000000
30	96	1	84.00000000	80.00000000
30	97	1	84.00000000	80.00000000
30	98	1	84.00000000	80.00000000
30	99	1	84.00000000	80.00000000
30	100	1	84.00000000	80.00000000
30	101	1	84.00000000	80.00000000
30	102	1	84.00000000	80.00000000
30	103	1	84.00000000	80.00000000
30	104	1	84.00000000	80.00000000
30	105	1	84.00000000	80.00000000
30	106	1	84.00000000	80.00000000
30	107	1	84.00000000	80.00000000
31	0	1	84.00000000	80.00000000
31	1	1	84.00000000	80.00000000
31	2	1	84.00000000	80.00000000
31	3	1	84.00000000	80.00000000
31	4	1	84.00000000	80.00000000
31	5	1	84.00000000	80.00000000
31	6	1	84.00000000	80.00000000
31	7	1	84.00000000	80.00000000
31	8	1	84.00000000	80.00000000
31	9	1	84.00000000	80.00000000
31	10	1	84.00000000	80.00000000
31	11	1	84.00000000	80.00000000
31	12	1	84.00000000	80.00000000
31	13	1	84.00000000	80.00000000
31	14	1	84.00000000	80.00000000
31	15	1	84.00000000	80.00000000
31	16	1	84.00000000	80.00000000
31	17	1	84.00000000	80.00000000
31	18	1	84.00000000	80.00000000
31	19	1	84.00000000	80.00000000
31	20	1	84.00000000	80.00000000
31	21	1	84.00000000	80.00000000
31	22	1	84.00000000	80.00000000
31	23	1	84.00000000	80.00000000
31	24	1	84.00000000	80.00000000
31	25	1	84.00000000	80.00000000
31	26	1	84.00000000	80.00000000
31	27	1	84.00000000	80.00000000
31	28	1	84.00000000	80.00000000
31	29	1	84.00000000	80.00000000
31	30	1	84.00000000	80.00000000
31	31	1	84.00000000	80.00000000
31	32	1	84.00000000	80.00000000
31	33	1	84.00000000	80.00000000
31	34	1	84.00000000	80.00000000
31	35	1	84.00000000	80.00000000
31	36	1	84.00000000	80.00000000
31	37	1	84.00000000	80.00000000
31	38	1	84.00000000	80.00000000
31	39	1	84.00000000	80.00000000
31	40	1	84.00000000	80.00000000
31	41	1	84.00000000	80.00000000
31	42	1	84.00000000	80.00000000
31	43	1	84.00000000	80.00000000
31	44	1	84.00000000	80.00000000
31	45	1	84.00000000	80.00000000
31	46	1	84.00000000	80.00000000
31	47	1	84.00000000	80.00000000
31	48	1	84.00000000	80.00000000
31	49	1	84.00000000	80.00000000
31	50	1	84.00000000	80.00000000
31	51	1	84.00000000	80.00000000
31	52	1	84.00000000	80.00000000
31	53	1	84.00000000	80.00000000
31	54	1	84.00000000	80.00000000
31	55	1	84.00000000	80.00000000
31	56	1	84.00000000	80.00000000
31	57	1	84.00000000	80.00000000
31	58	1	84.00000000	80.00000000
31	59	1	84.00000000	80.00000000
31	60	1	84.00000000	80.00000000
31	61	1	84.00000000	80.00000000
31	62	1	84.00000000	80.00000000
31	63	1	84.00000000	80.00000000
31	64	1	84.00000000	80.00000000
31	65	1	84.00000000	80.00000000
31	66	1	84.00000000	80.00000000
31	67	1	84.00000000	80.00000000
31	68	1	84.00000000	80.00000000
31	69	1	84.00000000	80.00000000
31	70	1	84.00000000	80.00000000
31	71	1	84.00000000	80.00000000
31	72	1	84.00000000	80.00000000
31	73	1	84.00000000	80.00000000
31	74	1	84.00000000	80.00000000
31	75	1	84.00000000	80.00000000
31	76	1	84.00000000	80.00000000
31	77	1	84.00000000	80.00000000
31	78	1	84.00000000	80.00000000
31	79	1	84.00000000	80.00000000
31	80	1	84.00000000	80.00000000
31	81	1	84.00000000	80.00000000
31	82	1	84.00000000	80.00000000
31	83	1	84.00000000	80.00000000
31	84	1	84.00000000	80.00000000
31	85	1	84.00000000	80.00000000
31	86	1	84.00000000	80.00000000
31	87	1	84.00000000	80.00000000
31	88	1	84.00000000	80.00000000
31	89	1	84.00000000	80.00000000
########################################
# TPC Y : y = (ct-p0)*p1               #
########################################
0	0	2	-1268.29069224	0.05500000
0	1	2	-1274.06324870	0.05500000
0	2	2	-1286.39957991	0.05500000
0	3	2	-1245.65077539	0.05500000
0	4	2	-1279.00855400	0.05500000
0	5	2	-1280.30385549	0.05500000
0	6	2	-1270.68115948	0.05500000
0	7	2	-1284.64230877	0.05500000
0	8	2	-1288.41569122	0.05500000
0	9	2	-1253.50113046	0.05500000
0	10	2	-1269.93327580	0.05500000
0	11	2	-1330.05139371	0.05500000
0	12	2	-1278.97170632	0.05500000
0	13	2	-1271.40651939	0.05500000
0	14	2	-1286.66446260	0.05500000
0	15	2	-1269.13811511	0.05500000
0	16	2	-1279.23594131	0.05500000
0	17	2	-1274.69396285	0.05500000
0	18	2	-1302.32724319	0.05500000
0	19	2	-1243.16660327	0.05500000
0	20	2	-1297.93824053	0.05500000
0	21	2	-1266.26424228	0.05500000
0	22	2	-1293.78213613	0.05500000
0	23	2	-1262.61752797	0.05500000
0	24	2	-1264.25499469	0.05500000
0	25	2	-1238.57489966	0.05500000
0	26	2	-1269.77101996	0.05500000
0	27	2	-1283.79589823	0.05500000
0	28	2	-1238.64214406	0.05500000
0	29	2	-1258.32226113	0.05500000
0	30	2	-1265.93676865	0.05500000
0	31	2	-1267.84073979	0.05500000
0	32	2	-1278.63927618	0.05500000
0	33	2	-1249.64313442	0.05500000
0	34	2	-1280.87744305	0.05500000
0	35	2	-1267.28516023	0.05500000
0	36	2	-1271.05822088	0.05500000
0	37	2	-1250.19428387	0.05500000
0	38	2	-1288.17873792	0.05500000
0	39	2	-1254.57280960	0.05500000
0	40	2	-1256.59583078	0.05500000
0	41	2	-1259.66933200	0.05500000
0	42	2	-1267.46317981	0.05500000
0	43	2	-1262.80975657	0.05500000
0	44	2	-1268.59574552	0.05500000
0	45	2	-1266.86883826	0.05500000
0	46	2	-1255.63670387	0.05500000
0	47	2	-1256.67351494	0.05500000
1	0	2	-1257.39601070	0.05500000
1	1	2	-1273.72736544	0.05500000
1	2	2	-1255.95672494	0.05500000
1	3	2	-1277.78397024	0.05500000
1	4	2	-1262.55554550	0.05500000
1	5	2	-1277.89520878	0.05500000
1	6	2	-1259.87451731	0.05500000
1	7	2	-1267.90486744	0.05500000
1	8	2	-1273.54756728	0.05500000
1	9	2	-1241.87744325	0.05500000
1	10	2	-1283.44084543	0.05500000
1	11	2	-1265.22708846	0.05500000
1	12	2	-1272.59861885	0.05500000
1	13	2	-1305.60830863	0.05500000
1	14	2	-1272.50618854	0.05500000
1	15	2	-1272.63696869	0.05500000
1	16	2	-1275.60378777	0.05500000
1	17	2	-1256.36545690	0.05500000
1	18	2	-1268.38294599	0.05500000
1	19	2	-1273.06840458	0.05500000
1	20	2	-1255.83083692	0.05500000
1	21	2	-1262.53879889	0.05500000
1	22	2	-1271.73059430	0.05500000
1	23	2	-1267.02843424	0.05500000
1	24	2	-1254.47859730	0.05500000
1	25	2	-1268.87466169	0.05500000
1	26	2	-1268.41919204	0.05500000
1	27	2	-1261.22771713	0.05500000
1	28	2	-1263.12192641	0.05500000
1	29	2	-1268.55891465	0.05500000
1	30	2	-1262.67198039	0.05500000
1	31	2	-1273.35786979	0.05500000
1	32	2	-1263.36468181	0.05500000
1	33	2	-1280.98908620	0.05500000
1	34	2	-1267.87099827	0.05500000
1	35	2	-1277.42062309	0.05500000
1	36	2	-1268.03935333	0.05500000
1	37	2	-1286.75318218	0.05500000
1	38	2	-1266.65010613	0.05500000
1	39	2	-1282.52292437	0.05500000
1	40	2	-1273.70111130	0.05500000
1	41	2	-1275.51206187	0.05500000
1	42	2	-1274.26107398	0.05500000
1	43	2	-1268.21905042	0.05500000
1	44	2	-1272.95305651	0.05500000
1	45	2	-1273.25821481	0.05500000
1	46	2	-1276.36323715	0.05500000
1	47	2	-1264.03435513	0.05500000
2	0	2	-1265.90345827	0.05500000
2	1	2	-1275.75636809	0.05500000
2	2	2	-1263.91504722	0.05500000
2	3	2	-1261.31978731	0.05500000
2	4	2	-1281.54120690	0.05500000
2	5	2	-1249.49611428	0.05500000
2	6	2	-1289.23510730	0.05500000
2	7	2	-1256.95832609	0.05500000
2	8	2	-1287.51096720	0.05500000
2	9	2	-1269.01597066	0.05500000
2	10	2	-1304.23325080	0.05500000
2	11	2	-1267.34133596	0.05500000
2	12	2	-1274.69396285	0.05500000
2	13	2	-1265.28518438	0.05500000
2	14	2	-1312.09508877	0.05500000
2	15	2	-1292.89612534	0.05500000
2	16	2	-1268.15736594	0.05500000
2	17	2	-1275.93122033	0.05500000
2	18	2	-1297.03767455	0.05500000
2	19	2	-1257.59059285	0.05500000
2	20	2	-1269.70791580	0.05500000
2	21	2	-1273.36183181	0.05500000
2	22	2	-1292.63376206	0.05500000
2	23	2	-1275.67929160	0.05500000
2	24	2	-1309.31761673	0.05500000
2	25	2	-1271.87481837	0.05500000
2	26	2	-1288.45554397	0.05500000
2	27	2	-1275.72890871	0.05500000
2	28	2	-1276.08506686	0.05500000
2	29	2	-1276.68534017	0.05500000
2	30	2	-1276.90067194	0.05500000
2	31	2	-1270.22874766	0.05500000
2	32	2	-1279.23999553	0.05500000
2	33	2	-1257.94234747	0.05500000
2	34	2	-1286.64884387	0.05500000
2	35	2	-1265.25808321	0.05500000
2	36	2	-1270.29149421	0.05500000
2	37	2	-1252.01987538	0.05500000
2	38	2	-1273.84455023	0.05500000
2	39	2	-1247.53549851	0.05500000
2	40	2	-1269.60551661	0.05500000
2	41	2	-1259.22262213	0.05500000
2	42	2	-1263.66948711	0.05500000
2	43	2	-1250.65474067	0.05500000
2	44	2	-1261.47288755	0.05500000
2	45	2	-1271.89143251	0.05500000
2	46	2	-1276.67320288	0.05500000
2	47	2	-1245.09820111	0.05500000
2	48	2	-1295.19262142	0.05500000
2	49	2	-1256.45675866	0.05500000
2	50	2	-1265.80308362	0.05500000
2	51	2	-1262.97296677	0.05500000
2	52	2	-1271.26005585	0.05500000
2	53	2	-1271.55721366	0.05500000
2	54	2	-1261.61650326	0.05500000
2	55	2	-1264.43136049	0.05500000
2	56	2	-1284.57882072	0.05500000
2	57	2	-1273.92584562	0.05500000
2	58	2	-1280.25151267	0.05500000
2	59	2	-1261.89272754	0.05500000
2	60	2	-1289.65402801	0.05500000
2	61	2	-1266.04550737	0.05500000
2	62	2	-1265.89000263	0.05500000
2	63	2	-1263.68636838	0.05500000
2	64	2	-1281.86383023	0.05500000
2	65	2	-1264.72514218	0.05500000
2	66	2	-1278.23258285	0.05500000
2	67	2	-1264.32934171	0.05500000
2	68	2	-1265.20016356	0.05500000
2	69	2	-1265.68988503	0.05500000
2	70	2	-1274.14376362	0.05500000
2	71	2	-1256.11399761	0.05500000
3	0	2	-1251.01308797	0.05500000
3	1	2	-1275.72979501	0.05500000
3	2	2	-1263.79878149	0.05500000
3	3	2	-1251.36863397	0.05500000
3	4	2	-1278.20067037	0.05500000
3	5	2	-1256.27058448	0.05500000
3	6	2	-1275.93410537	0.05500000
3	7	2	-1278.69346609	0.05500000
3	8	2	-1272.25452583	0.05500000
3	9	2	-1274.85843957	0.05500000
3	10	2	-1270.53917569	0.05500000
3	11	2	-1269.76867818	0.05500000
3	12	2	-1269.58077822	0.05500000
3	13	2	-1334.25830452	0.05500000
3	14	2	-1261.20998872	0.05500000
3	15	2	-1274.69396285	0.05500000
3	16	2	-1280.32328621	0.05500000
3	17	2	-1285.25635895	0.05500000
3	18	2	-1265.54328038	0.05500000
3	19	2	-1273.39268809	0.05500000
3	20	2	-1286.75678886	0.05500000
3	21	2	-1277.04688744	0.05500000
3	22	2	-1280.13774019	0.05500000
3	23	2	-1270.57271318	0.05500000
3	24	2	-1276.96555988	0.05500000
3	25	2	-1250.73828506	0.05500000
3	26	2	-1333.81393941	0.05500000
3	27	2	-1271.03326474	0.05500000
3	28	2	-1278.12794084	0.05500000
3	29	2	-1275.60707343	0.05500000
3	30	2	-1300.75920556	0.05500000
3	31	2	-1254.74694709	0.05500000
3	32	2	-1292.33004331	0.05500000
3	33	2	-1285.11586528	0.05500000
3	34	2	-1276.04483060	0.05500000
3	35	2	-1266.89004613	0.05500000
3	36	2	-1295.67416656	0.05500000
3	37	2	-1260.63070348	0.05500000
3	38	2	-1281.38643072	0.05500000
3	39	2	-1270.05400232	0.05500000
3	40	2	-1264.98033503	0.05500000
3	41	2	-1276.42832832	0.05500000
3	42	2	-1269.42290334	0.05500000
3	43	2	-1276.06207768	0.05500000
3	44	2	-1262.87428582	0.05500000
3	45	2	-1263.06494572	0.05500000
3	46	2	-1257.44856059	0.05500000
3	47	2	-1272.30282813	0.05500000
3	48	2	-1260.76588805	0.05500000
3	49	2	-1259.14120135	0.05500000
3	50	2	-1242.62143526	0.05500000
3	51	2	-1261.14885863	0.05500000
3	52	2	-1230.48157219	0.05500000
3	53	2	-1274.43472765	0.05500000
3	54	2	-1240.77365157	0.05500000
3	55	2	-1242.54848434	0.05500000
3	56	2	-1264.67371357	0.05500000
3	57	2	-1262.43681923	0.05500000
3	58	2	-1276.32281603	0.05500000
3	59	2	-1263.54323694	0.05500000
3	60	2	-1269.68744388	0.05500000
3	61	2	-1263.78271959	0.05500000
3	62	2	-1254.90839763	0.05500000
3	63	2	-1327.23168229	0.05500000
3	64	2	-1265.22622208	0.05500000
3	65	2	-1239.24868070	0.05500000
3	66	2	-1268.62576584	0.05500000
3	67	2	-1270.41297011	0.05500000
3	68	2	-1262.61822801	0.05500000
3	69	2	-1276.12907093	0.05500000
3	70	2	-1257.41932370	0.05500000
3	71	2	-1267.12138424	0.05500000
3	72	2	-1276.39634492	0.05500000
3	73	2	-1275.35383037	0.05500000
3	74	2	-1280.37519937	0.05500000
3	75	2	-1270.86193521	0.05500000
3	76	2	-1275.74654581	0.05500000
3	77	2	-1285.92544115	0.05500000
3	78	2	-1269.47345067	0.05500000
3	79	2	-1284.83640516	0.05500000
3	80	2	-1258.13333669	0.05500000
3	81	2	-1279.70639688	0.05500000
3	82	2	-1271.29892808	0.05500000
3	83	2	-1270.50192000	0.05500000
3	84	2	-1281.70520635	0.05500000
3	85	2	-1246.69992079	0.05500000
3	86	2	-1270.53305430	0.05500000
3	87	2	-1275.80791964	0.05500000
3	88	2	-1275.00620957	0.05500000
3	89	2	-1270.99580716	0.05500000
3	90	2	-1273.66194621	0.05500000
3	91	2	-1268.86349389	0.05500000
3	92	2	-1264.15892243	0.05500000
3	93	2	-1269.94281969	0.05500000
3	94	2	-1271.84963921	0.05500000
3	95	2	-1259.47290238	0.05500000
4	0	2	-1241.73590672	0.05500000
4	1	2	-1241.86883022	0.05500000
4	2	2	-1262.12832547	0.05500000
4	3	2	-1231.30108479	0.05500000
4	4	2	-1253.89282368	0.05500000
4	5	2	-1241.95725239	0.05500000
4	6	2	-1250.18440959	0.05500000
4	7	2	-1251.20869913	0.05500000
4	8	2	-1227.74809487	0.05500000
4	9	2	-1255.66814513	0.05500000
4	10	2	-1239.98607771	0.05500000
4	11	2	-1234.17229073	0.05500000
4	12	2	-1245.08310124	0.05500000
4	13	2	-1252.00769941	0.05500000
4	14	2	-1233.56071422	0.05500000
4	15	2	-1238.62004299	0.05500000
4	16	2	-1255.78040227	0.05500000
4	17	2	-1240.90905489	0.05500000
4	18	2	-1289.17104338	0.05500000
4	19	2	-1249.82777618	0.05500000
4	20	2	-1244.56052586	0.05500000
4	21	2	-1259.12098048	0.05500000
4	22	2	-1247.95247557	0.05500000
4	23	2	-1268.04539184	0.05500000
4	24	2	-1253.08701178	0.05500000
4	25	2	-1242.28769194	0.05500000
4	26	2	-1264.06468164	0.05500000
4	27	2	-1252.32912169	0.05500000
4	28	2	-1232.69039062	0.05500000
4	29	2	-1219.00001372	0.05500000
4	30	2	-1266.93738571	0.05500000
4	31	2	-1236.15778183	0.05500000
4	32	2	-1286.68252285	0.05500000
4	33	2	-1254.76093055	0.05500000
4	34	2	-1259.10963231	0.05500000
4	35	2	-1253.45889671	0.05500000
4	36	2	-1271.53624444	0.05500000
4	37	2	-1257.86004596	0.05500000
4	38	2	-1265.31683891	0.05500000
4	39	2	-1260.49672656	0.05500000
4	40	2	-1254.46071217	0.05500000
4	41	2	-1251.71968770	0.05500000
4	42	2	-1270.37707021	0.05500000
4	43	2	-1226.25844808	0.05500000
4	44	2	-1270.34954016	0.05500000
4	45	2	-1260.41642847	0.05500000
4	46	2	-1252.63582951	0.05500000
4	47	2	-1264.65638621	0.05500000
4	48	2	-1259.08081185	0.05500000
4	49	2	-1245.70313514	0.05500000
4	50	2	-1236.91823608	0.05500000
4	51	2	-1248.72724683	0.05500000
4	52	2	-1269.12633043	0.05500000
4	53	2	-1272.34277120	0.05500000
4	54	2	-1239.10936031	0.05500000
4	55	2	-1233.39844306	0.05500000
4	56	2	-1237.34087031	0.05500000
4	57	2	-1240.24201793	0.05500000
4	58	2	-1233.95365024	0.05500000
4	59	2	-1239.83334535	0.05500000
4	60	2	-1278.37450258	0.05500000
4	61	2	-1263.31151456	0.05500000
4	62	2	-1270.58419991	0.05500000
4	63	2	-1263.38351989	0.05500000
4	64	2	-1270.70667822	0.05500000
4	65	2	-1262.15354626	0.05500000
4	66	2	-1279.63767517	0.05500000
4	67	2	-1259.26963701	0.05500000
4	68	2	-1270.07913567	0.05500000
4	69	2	-1263.53262271	0.05500000
4	70	2	-1275.21917384	0.05500000
4	71	2	-1281.92124655	0.05500000
4	72	2	-1279.41474622	0.05500000
4	73	2	-1272.50951503	0.05500000
4	74	2	-1263.35234085	0.05500000
4	75	2	-1255.75241195	0.05500000
4	76	2	-1272.47727639	0.05500000
4	77	2	-1268.76615044	0.05500000
4	78	2	-1343.39880073	0.05500000
4	79	2	-1269.13054958	0.05500000
4	80	2	-1254.07858645	0.05500000
4	81	2	-1269.75305592	0.05500000
4	82	2	-1273.62129284	0.05500000
4	83	2	-1279.92196304	0.05500000
4	84	2	-1288.50411189	0.05500000
4	85	2	-1260.18923786	0.05500000
4	86	2	-1283.67581208	0.05500000
4	87	2	-1274.10411066	0.05500000
4	88	2	-1278.36502908	0.05500000
4	89	2	-1268.72258718	0.05500000
4	90	2	-1287.47240683	0.05500000
4	91	2	-1274.04189969	0.05500000
4	92	2	-1280.12407597	0.05500000
4	93	2	-1277.35486680	0.05500000
4	94	2	-1279.39178221	0.05500000
4	95	2	-1281.96172760	0.05500000
4	96	2	-1286.37740691	0.05500000
4	97	2	-1273.94646091	0.05500000
4	98	2	-1284.11061838	0.05500000
4	99	2	-1270.75450168	0.05500000
4	100	2	-1243.73576342	0.05500000
4	101	2	-1248.74425594	0.05500000
4	102	2	-1253.67116083	0.05500000
4	103	2	-1274.70341651	0.05500000
4	104	2	-1264.18604193	0.05500000
4	105	2	-1242.38472790	0.05500000
4	106	2	-1242.20878840	0.05500000
4	107	2	-1250.51568089	0.05500000
4	108	2	-1243.53286784	0.05500000
4	109	2	-1251.10852862	0.05500000
4	110	2	-1239.30305806	0.05500000
4	111	2	-1241.13647147	0.05500000
4	112	2	-1236.25683802	0.05500000
4	113	2	-1239.70345030	0.05500000
4	114	2	-1242.81098132	0.05500000
4	115	2	-1253.91664329	0.05500000
4	116	2	-1239.07461448	0.05500000
4	117	2	-1240.69885335	0.05500000
4	118	2	-1242.55673265	0.05500000
4	119	2	-1253.42701018	0.05500000
5	0	2	-1237.80848435	0.05500000
5	1	2	-1243.90263607	0.05500000
5	2	2	-1241.58475833	0.05500000
5	3	2	-1243.92362089	0.05500000
5	4	2	-1243.86923289	0.05500000
5	5	2	-1245.10343280	0.05500000
5	6	2	-1239.80262862	0.05500000
5	7	2	-1248.18774948	0.05500000
5	8	2	-1240.44516800	0.05500000
5	9	2	-1242.83101157	0.05500000
5	10	2	-1240.56380458	0.05500000
5	11	2	-1244.78747181	0.05500000
5	12	2	-1241.00568904	0.05500000
5	13	2	-1237.72634064	0.05500000
5	14	2	-1241.07363872	0.05500000
5	15	2	-1238.28354727	0.05500000
5	16	2	-1238.67047449	0.05500000
5	17	2	-1238.47994157	0.05500000
5	18	2	-1238.74362864	0.05500000
5	19	2	-1234.88963085	0.05500000
5	20	2	-1236.17415806	0.05500000
5	21	2	-1243.10980538	0.05500000
5	22	2	-1246.79357222	0.05500000
5	23	2	-1243.08589125	0.05500000
5	24	2	-1251.81271035	0.05500000
5	25	2	-1247.22559172	0.05500000
5	26	2	-1252.98316505	0.05500000
5	27	2	-1258.28045417	0.05500000
5	28	2	-1249.06096790	0.05500000
5	29	2	-1259.40504152	0.05500000
5	30	2	-1252.78749230	0.05500000
5	31	2	-1248.73594580	0.05500000
5	32	2	-1254.22535742	0.05500000
5	33	2	-1257.24410257	0.05500000
5	34	2	-1247.42358830	0.05500000
5	35	2	-1252.43613362	0.05500000
5	36	2	-1252.99722580	0.05500000
5	37	2	-1255.41122919	0.05500000
5	38	2	-1254.85927497	0.05500000
5	39	2	-1255.17163355	0.05500000
5	40	2	-1245.68435337	0.05500000
5	41	2	-1248.82725988	0.05500000
5	42	2	-1245.24068426	0.05500000
5	43	2	-1248.06476899	0.05500000
5	44	2	-1245.59294540	0.05500000
5	45	2	-1249.64758228	0.05500000
5	46	2	-1249.53168532	0.05500000
5	47	2	-1248.27430122	0.05500000
5	48	2	-1245.24618753	0.05500000
5	49	2	-1241.95610204	0.05500000
5	50	2	-1239.33262282	0.05500000
5	51	2	-1258.70382496	0.05500000
5	52	2	-1236.49750332	0.05500000
5	53	2	-1245.57133964	0.05500000
5	54	2	-1248.13596078	0.05500000
5	55	2	-1251.07018727	0.05500000
5	56	2	-1250.09520411	0.05500000
5	57	2	-1251.83342631	0.05500000
5	58	2	-1255.72164706	0.05500000
5	59	2	-1250.09973330	0.05500000
5	60	2	-1252.89340981	0.05500000
5	61	2	-1253.81165050	0.05500000
5	62	2	-1245.64965905	0.05500000
5	63	2	-1247.60307965	0.05500000
5	64	2	-1243.07389610	0.05500000
5	65	2	-1242.83189194	0.05500000
5	66	2	-1238.15383128	0.05500000
5	67	2	-1247.27333796	0.05500000
5	68	2	-1235.56661123	0.05500000
5	69	2	-1236.29037809	0.05500000
5	70	2	-1233.42716549	0.05500000
5	71	2	-1236.81923102	0.05500000
5	72	2	-1255.99071008	0.05500000
5	73	2	-1268.99971385	0.05500000
5	74	2	-1273.95536402	0.05500000
5	75	2	-1273.90887233	0.05500000
5	76	2	-1273.94280908	0.05500000
5	77	2	-1273.93259763	0.05500000
5	78	2	-1273.94284213	0.05500000
5	79	2	-1273.94476131	0.05500000
5	80	2	-1273.95412741	0.05500000
5	81	2	-1273.98576456	0.05500000
5	82	2	-1273.96581591	0.05500000
5	83	2	-1269.37552025	0.05500000
5	84	2	-1273.98973817	0.05500000
5	85	2	-1273.91858811	0.05500000
5	86	2	-1269.70901805	0.05500000
5	87	2	-1273.94646091	0.05500000
5	88	2	-1266.40634254	0.05500000
5	89	2	-1273.94646091	0.05500000
5	90	2	-1253.54937380	0.05500000
5	91	2	-1277.21768053	0.05500000
5	92	2	-1273.94646091	0.05500000
5	93	2	-1288.96863167	0.05500000
5	94	2	-1258.70776578	0.05500000
5	95	2	-1283.20022664	0.05500000
5	96	2	-1261.47330470	0.05500000
5	97	2	-1282.07742685	0.05500000
5	98	2	-1264.25996469	0.05500000
5	99	2	-1283.62031789	0.05500000
5	100	2	-1263.75381340	0.05500000
5	101	2	-1284.80393443	0.05500000
5	102	2	-1261.16931606	0.05500000
5	103	2	-1278.07782142	0.05500000
5	104	2	-1262.21055702	0.05500000
5	105	2	-1280.46876723	0.05500000
5	106	2	-1261.76939156	0.05500000
5	107	2	-1284.22242408	0.05500000
5	108	2	-1266.38393838	0.05500000
5	109	2	-1286.76832493	0.05500000
5	110	2	-1266.38092203	0.05500000
5	111	2	-1289.13372351	0.05500000
5	112	2	-1270.77941503	0.05500000
5	113	2	-1289.95016647	0.05500000
5	114	2	-1268.91112872	0.05500000
5	115	2	-1290.33230048	0.05500000
5	116	2	-1267.55429716	0.05500000
5	117	2	-1292.40845006	0.05500000
5	118	2	-1270.44096928	0.05500000
5	119	2	-1284.86209616	0.05500000
5	120	2	-1247.81182490	0.05500000
5	121	2	-1246.50186912	0.05500000
5	122	2	-1244.11548032	0.05500000
5	123	2	-1238.59862210	0.05500000
5	124	2	-1242.22611164	0.05500000
5	125	2	-1239.08441151	0.05500000
5	126	2	-1233.41992762	0.05500000
5	127	2	-1232.39298769	0.05500000
5	128	2	-1235.10537808	0.05500000
5	129	2	-1241.16485107	0.05500000
5	130	2	-1238.74242944	0.05500000
5	131	2	-1239.33286035	0.05500000
5	132	2	-1242.95805216	0.05500000
5	133	2	-1239.91725207	0.05500000
5	134	2	-1244.29787413	0.05500000
5	135	2	-1240.64634354	0.05500000
5	136	2	-1245.13992372	0.05500000
5	137	2	-1239.57673744	0.05500000
5	138	2	-1242.54316639	0.05500000
5	139	2	-1242.11061789	0.05500000
5	140	2	-1246.02271028	0.05500000
5	141	2	-1242.28427141	0.05500000
5	142	2	-1246.03769114	0.05500000
5	143	2	-1243.63435721	0.05500000
6	0	2	-1273.09873317	0.05500000
6	1	2	-1269.56168421	0.05500000
6	2	2	-1273.40269973	0.05500000
6	3	2	-1270.15631916	0.05500000
6	4	2	-1274.14025140	0.05500000
6	5	2	-1269.37935755	0.05500000
6	6	2	-1276.54011486	0.05500000
6	7	2	-1276.14206003	0.05500000
6	8	2	-1275.86290019	0.05500000
6	9	2	-1277.69886539	0.05500000
6	10	2	-1274.86833767	0.05500000
6	11	2	-1275.85659805	0.05500000
6	12	2	-1279.82604721	0.05500000
6	13	2	-1270.12948886	0.05500000
6	14	2	-1278.48189530	0.05500000
6	15	2	-1271.74899231	0.05500000
6	16	2	-1278.57554020	0.05500000
6	17	2	-1277.75401952	0.05500000
6	18	2	-1273.26175419	0.05500000
6	19	2	-1273.48236578	0.05500000
6	20	2	-1288.98741202	0.05500000
6	21	2	-1271.19275736	0.05500000
6	22	2	-1282.82795281	0.05500000
6	23	2	-1273.66456448	0.05500000
6	24	2	-1272.87003689	0.05500000
6	25	2	-1269.08083560	0.05500000
6	26	2	-1283.09893024	0.05500000
6	27	2	-1278.70967342	0.05500000
6	28	2	-1237.56385335	0.05500000
6	29	2	-1228.51042240	0.05500000
6	30	2	-1244.39870677	0.05500000
6	31	2	-1230.27286791	0.05500000
6	32	2	-1254.32262758	0.05500000
6	33	2	-1235.27160744	0.05500000
6	34	2	-1242.48669869	0.05500000
6	35	2	-1231.56811547	0.05500000
6	36	2	-1247.32980225	0.05500000
6	37	2	-1233.21116873	0.05500000
6	38	2	-1247.23197755	0.05500000
6	39	2	-1230.42913720	0.05500000
6	40	2	-1243.57442422	0.05500000
6	41	2	-1231.50299412	0.05500000
6	42	2	-1243.79261793	0.05500000
6	43	2	-1233.26643599	0.05500000
6	44	2	-1243.12499253	0.05500000
6	45	2	-1235.60774057	0.05500000
6	46	2	-1239.93721294	0.05500000
6	47	2	-1237.62270486	0.05500000
6	48	2	-1245.41980433	0.05500000
6	49	2	-1232.26612787	0.05500000
6	50	2	-1245.65282776	0.05500000
6	51	2	-1232.91325882	0.05500000
6	52	2	-1249.61497263	0.05500000
6	53	2	-1226.79233664	0.05500000
6	54	2	-1247.53032701	0.05500000
6	55	2	-1225.23171336	0.05500000
6	56	2	-1240.80881562	0.05500000
6	57	2	-1230.13729533	0.05500000
6	58	2	-1236.51728637	0.05500000
6	59	2	-1229.38997475	0.05500000
6	60	2	-1238.60865992	0.05500000
6	61	2	-1227.63419868	0.05500000
6	62	2	-1241.32239750	0.05500000
6	63	2	-1221.13955749	0.05500000
6	64	2	-1238.34191278	0.05500000
6	65	2	-1226.08669412	0.05500000
6	66	2	-1235.64337079	0.05500000
6	67	2	-1225.10566181	0.05500000
6	68	2	-1243.86963494	0.05500000
6	69	2	-1222.77608549	0.05500000
6	70	2	-1236.62833705	0.05500000
6	71	2	-1227.36067231	0.05500000
6	72	2	-1232.47146705	0.05500000
6	73	2	-1226.22791361	0.05500000
6	74	2	-1234.81671286	0.05500000
6	75	2	-1220.66582209	0.05500000
6	76	2	-1236.09690495	0.05500000
6	77	2	-1215.60070397	0.05500000
6	78	2	-1228.96353277	0.05500000
6	79	2	-1213.91087231	0.05500000
6	80	2	-1220.31759194	0.05500000
6	81	2	-1208.03977164	0.05500000
6	82	2	-1217.17308568	0.05500000
6	83	2	-1207.87061151	0.05500000
6	84	2	-1233.36644857	0.05500000
6	85	2	-1233.30891150	0.05500000
6	86	2	-1233.35326909	0.05500000
6	87	2	-1233.32181462	0.05500000
6	88	2	-1233.34663275	0.05500000
6	89	2	-1233.34131864	0.05500000
6	90	2	-1233.35088655	0.05500000
6	91	2	-1233.33927083	0.05500000
6	92	2	-1233.31673387	0.05500000
6	93	2	-1233.29246778	0.05500000
6	94	2	-1233.32387366	0.05500000
6	95	2	-1233.36270625	0.05500000
6	96	2	-1233.32423620	0.05500000
6	97	2	-1233.37514879	0.05500000
6	98	2	-1234.14169733	0.05500000
6	99	2	-1233.32336329	0.05500000
6	100	2	-1233.32336329	0.05500000
6	101	2	-1243.76526099	0.05500000
6	102	2	-1233.32336329	0.05500000
6	103	2	-1239.98627288	0.05500000
6	104	2	-1233.32336329	0.05500000
6	105	2	-1235.12029462	0.05500000
6	106	2	-1238.07972558	0.05500000
6	107	2	-1233.32336329	0.05500000
6	108	2	-1244.17584604	0.05500000
6	109	2	-1240.80488903	0.05500000
6	110	2	-1238.19847857	0.05500000
6	111	2	-1246.21417895	0.05500000
6	112	2	-1240.67733099	0.05500000
6	113	2	-1255.93670101	0.05500000
6	114	2	-1242.91555557	0.05500000
6	115	2	-1245.41240659	0.05500000
6	116	2	-1251.97067329	0.05500000
6	117	2	-1244.46174620	0.05500000
6	118	2	-1243.50616633	0.05500000
6	119	2	-1248.73908571	0.05500000
6	120	2	-1239.92516472	0.05500000
6	121	2	-1245.11280601	0.05500000
6	122	2	-1243.86367553	0.05500000
6	123	2	-1245.10083521	0.05500000
6	124	2	-1242.08115584	0.05500000
6	125	2	-1246.89767715	0.05500000
6	126	2	-1248.60603214	0.05500000
6	127	2	-1245.56492627	0.05500000
6	128	2	-1246.78873915	0.05500000
6	129	2	-1251.88907041	0.05500000
6	130	2	-1246.31376298	0.05500000
6	131	2	-1248.91034340	0.05500000
6	132	2	-1247.17147387	0.05500000
6	133	2	-1249.32880418	0.05500000
6	134	2	-1253.24481910	0.05500000
6	135	2	-1246.23290798	0.05500000
6	136	2	-1248.97049553	0.05500000
6	137	2	-1244.26193379	0.05500000
6	138	2	-1246.63058889	0.05500000
6	139	2	-1242.83939318	0.05500000
6	140	2	-1265.84205091	0.05500000
6	141	2	-1274.24667309	0.05500000
6	142	2	-1261.59249730	0.05500000
6	143	2	-1272.21870104	0.05500000
6	144	2	-1265.49258191	0.05500000
6	145	2	-1267.61804806	0.05500000
6	146	2	-1259.25701798	0.05500000
6	147	2	-1274.78637034	0.05500000
6	148	2	-1257.09348324	0.05500000
6	149	2	-1269.24602854	0.05500000
6	150	2	-1256.41825959	0.05500000
6	151	2	-1270.19420512	0.05500000
6	152	2	-1263.46060856	0.05500000
6	153	2	-1270.35804062	0.05500000
6	154	2	-1262.20893990	0.05500000
6	155	2	-1268.33005570	0.05500000
6	156	2	-1263.88612999	0.05500000
6	157	2	-1269.52174507	0.05500000
6	158	2	-1266.31401004	0.05500000
6	159	2	-1271.31276021	0.05500000
6	160	2	-1265.86888809	0.05500000
6	161	2	-1272.85906171	0.05500000
6	162	2	-1267.71275681	0.05500000
6	163	2	-1275.56220700	0.05500000
6	164	2	-1265.99457679	0.05500000
6	165	2	-1272.21631215	0.05500000
6	166	2	-1267.68941012	0.05500000
6	167	2	-1272.73821410	0.05500000
7	0	2	-1267.24496983	0.05500000
7	1	2	-1260.52609083	0.05500000
7	2	2	-1269.18129417	0.05500000
7	3	2	-1263.65980330	0.05500000
7	4	2	-1270.07260820	0.05500000
7	5	2	-1264.59819928	0.05500000
7	6	2	-1265.31096971	0.05500000
7	7	2	-1271.00499658	0.05500000
7	8	2	-1272.49334293	0.05500000
7	9	2	-1263.46256065	0.05500000
7	10	2	-1274.19270509	0.05500000
7	11	2	-1269.32949549	0.05500000
7	12	2	-1269.74314312	0.05500000
7	13	2	-1273.76565304	0.05500000
7	14	2	-1271.62045624	0.05500000
7	15	2	-1266.91614434	0.05500000
7	16	2	-1274.99799593	0.05500000
7	17	2	-1265.94119584	0.05500000
7	18	2	-1282.91655746	0.05500000
7	19	2	-1266.43393217	0.05500000
7	20	2	-1262.49283432	0.05500000
7	21	2	-1267.46357717	0.05500000
7	22	2	-1275.44581229	0.05500000
7	23	2	-1264.69398443	0.05500000
7	24	2	-1273.30396016	0.05500000
7	25	2	-1268.74907289	0.05500000
7	26	2	-1270.00581450	0.05500000
7	27	2	-1294.03628778	0.05500000
7	28	2	-1251.11438911	0.05500000
7	29	2	-1271.59010094	0.05500000
7	30	2	-1280.90605245	0.05500000
7	31	2	-1272.57842587	0.05500000
7	32	2	-1240.91670194	0.05500000
7	33	2	-1255.34136067	0.05500000
7	34	2	-1247.68138957	0.05500000
7	35	2	-1253.24123686	0.05500000
7	36	2	-1254.97730886	0.05500000
7	37	2	-1258.04953108	0.05500000
7	38	2	-1253.44368868	0.05500000
7	39	2	-1254.11442222	0.05500000
7	40	2	-1250.31268131	0.05500000
7	41	2	-1256.23459866	0.05500000
7	42	2	-1249.13750686	0.05500000
7	43	2	-1255.63004067	0.05500000
7	44	2	-1245.74005888	0.05500000
7	45	2	-1246.65384493	0.05500000
7	46	2	-1249.53400742	0.05500000
7	47	2	-1233.64580535	0.05500000
7	48	2	-1257.48688873	0.05500000
7	49	2	-1234.54130292	0.05500000
7	50	2	-1248.03315139	0.05500000
7	51	2	-1246.85184645	0.05500000
7	52	2	-1254.78073512	0.05500000
7	53	2	-1242.58181867	0.05500000
7	54	2	-1252.98097931	0.05500000
7	55	2	-1245.18631661	0.05500000
7	56	2	-1246.72017843	0.05500000
7	57	2	-1255.92943384	0.05500000
7	58	2	-1257.18151546	0.05500000
7	59	2	-1246.56430184	0.05500000
7	60	2	-1253.12708378	0.05500000
7	61	2	-1252.59924973	0.05500000
7	62	2	-1250.80555444	0.05500000
7	63	2	-1253.56500838	0.05500000
7	64	2	-1251.36021775	0.05500000
7	65	2	-1246.84798129	0.05500000
7	66	2	-1248.75681335	0.05500000
7	67	2	-1248.28734537	0.05500000
7	68	2	-1247.33363447	0.05500000
7	69	2	-1246.44046627	0.05500000
7	70	2	-1250.18961513	0.05500000
7	71	2	-1242.00140777	0.05500000
7	72	2	-1248.90293092	0.05500000
7	73	2	-1237.23342355	0.05500000
7	74	2	-1248.13805616	0.05500000
7	75	2	-1237.50085192	0.05500000
7	76	2	-1243.82350576	0.05500000
7	77	2	-1243.73765127	0.05500000
7	78	2	-1245.79371470	0.05500000
7	79	2	-1239.02156923	0.05500000
7	80	2	-1247.68950308	0.05500000
7	81	2	-1240.99243655	0.05500000
7	82	2	-1243.33783259	0.05500000
7	83	2	-1244.76905464	0.05500000
7	84	2	-1238.90741426	0.05500000
7	85	2	-1241.64706871	0.05500000
7	86	2	-1244.98003096	0.05500000
7	87	2	-1240.91358133	0.05500000
7	88	2	-1238.95570240	0.05500000
7	89	2	-1236.89146478	0.05500000
7	90	2	-1229.31571029	0.05500000
7	91	2	-1227.97302653	0.05500000
7	92	2	-1228.84918677	0.05500000
7	93	2	-1222.73251292	0.05500000
7	94	2	-1240.23710037	0.05500000
7	95	2	-1240.20595681	0.05500000
7	96	2	-1233.35190319	0.05500000
7	97	2	-1233.30004502	0.05500000
7	98	2	-1233.29182076	0.05500000
7	99	2	-1233.32703985	0.05500000
7	100	2	-1233.33683156	0.05500000
7	101	2	-1233.29927407	0.05500000
7	102	2	-1233.29246040	0.05500000
7	103	2	-1233.31250635	0.05500000
7	104	2	-1233.35875646	0.05500000
7	105	2	-1233.31953428	0.05500000
7	106	2	-1233.35623108	0.05500000
7	107	2	-1233.35238985	0.05500000
7	108	2	-1233.34880818	0.05500000
7	109	2	-1233.32336329	0.05500000
7	110	2	-1233.32336329	0.05500000
7	111	2	-1233.32336329	0.05500000
7	112	2	-1233.32336329	0.05500000
7	113	2	-1216.77876470	0.05500000
7	114	2	-1233.32336329	0.05500000
7	115	2	-1208.70853402	0.05500000
7	116	2	-1218.44924487	0.05500000
7	117	2	-1233.32336329	0.05500000
7	118	2	-1221.78979485	0.05500000
7	119	2	-1212.58807900	0.05500000
7	120	2	-1212.63698898	0.05500000
7	121	2	-1221.44245144	0.05500000
7	122	2	-1212.86204991	0.05500000
7	123	2	-1228.81950202	0.05500000
7	124	2	-1216.52513402	0.05500000
7	125	2	-1222.25474136	0.05500000
7	126	2	-1223.55025214	0.05500000
7	127	2	-1223.59726921	0.05500000
7	128	2	-1225.63305209	0.05500000
7	129	2	-1227.12341569	0.05500000
7	130	2	-1221.30126511	0.05500000
7	131	2	-1232.83958655	0.05500000
7	132	2	-1221.23546207	0.05500000
7	133	2	-1230.85150099	0.05500000
7	134	2	-1226.90264890	0.05500000
7	135	2	-1224.02644556	0.05500000
7	136	2	-1224.19307446	0.05500000
7	137	2	-1226.86397661	0.05500000
7	138	2	-1220.83560637	0.05500000
7	139	2	-1227.90725733	0.05500000
7	140	2	-1223.93015181	0.05500000
7	141	2	-1225.18682230	0.05500000
7	142	2	-1221.91391578	0.05500000
7	143	2	-1226.41782209	0.05500000
7	144	2	-1221.67154086	0.05500000
7	145	2	-1225.72356722	0.05500000
7	146	2	-1224.69267538	0.05500000
7	147	2	-1232.53983569	0.05500000
7	148	2	-1224.28057316	0.05500000
7	149	2	-1227.66387526	0.05500000
7	150	2	-1228.56962837	0.05500000
7	151	2	-1229.94994458	0.05500000
7	152	2	-1228.81803624	0.05500000
7	153	2	-1228.39623759	0.05500000
7	154	2	-1224.64537769	0.05500000
7	155	2	-1229.21663240	0.05500000
7	156	2	-1222.38855589	0.05500000
7	157	2	-1229.08568132	0.05500000
7	158	2	-1218.73683533	0.05500000
7	159	2	-1225.13106724	0.05500000
7	160	2	-1268.76457136	0.05500000
7	161	2	-1272.97277864	0.05500000
7	162	2	-1265.15837741	0.05500000
7	163	2	-1274.48784361	0.05500000
7	164	2	-1267.95530591	0.05500000
7	165	2	-1278.09305561	0.05500000
7	166	2	-1267.08377166	0.05500000
7	167	2	-1276.26886556	0.05500000
7	168	2	-1267.60960817	0.05500000
7	169	2	-1276.23562869	0.05500000
7	170	2	-1265.16613769	0.05500000
7	171	2	-1274.86914079	0.05500000
7	172	2	-1263.69968939	0.05500000
7	173	2	-1270.41423853	0.05500000
7	174	2	-1267.64188957	0.05500000
7	175	2	-1266.56609221	0.05500000
7	176	2	-1269.19660738	0.05500000
7	177	2	-1274.70304881	0.05500000
7	178	2	-1266.15260479	0.05500000
7	179	2	-1270.67025139	0.05500000
7	180	2	-1263.90876302	0.05500000
7	181	2	-1267.16488532	0.05500000
7	182	2	-1266.55706764	0.05500000
7	183	2	-1273.56924185	0.05500000
7	184	2	-1266.56028167	0.05500000
7	185	2	-1268.84264800	0.05500000
7	186	2	-1264.39989427	0.05500000
7	187	2	-1270.98130362	0.05500000
7	188	2	-1264.94654729	0.05500000
7	189	2	-1270.24118948	0.05500000
7	190	2	-1263.71244841	0.05500000
7	191	2	-1268.87758342	0.05500000
8	0	2	-1241.09365491	0.05500000
8	1	2	-1246.94990520	0.05500000
8	2	2	-1239.43909588	0.05500000
8	3	2	-1247.73569181	0.05500000
8	4	2	-1239.91046392	0.05500000
8	5	2	-1245.35177755	0.05500000
8	6	2	-1238.44320841	0.05500000
8	7	2	-1246.11018450	0.05500000
8	8	2	-1261.07369980	0.05500000
8	9	2	-1242.44065034	0.05500000
8	10	2	-1262.08404945	0.05500000
8	11	2	-1259.25471073	0.05500000
8	12	2	-1237.32804580	0.05500000
8	13	2	-1265.75192277	0.05500000
8	14	2	-1250.45038327	0.05500000
8	15	2	-1251.84883897	0.05500000
8	16	2	-1253.19546288	0.05500000
8	17	2	-1259.49476562	0.05500000
8	18	2	-1228.38895863	0.05500000
8	19	2	-1263.74234912	0.05500000
8	20	2	-1245.21716371	0.05500000
8	21	2	-1256.10126608	0.05500000
8	22	2	-1254.68803962	0.05500000
8	23	2	-1255.71794910	0.05500000
8	24	2	-1258.98189981	0.05500000
8	25	2	-1272.53054602	0.05500000
8	26	2	-1262.06444171	0.05500000
8	27	2	-1265.42081948	0.05500000
8	28	2	-1259.17321855	0.05500000
8	29	2	-1269.53540041	0.05500000
8	30	2	-1258.21865254	0.05500000
8	31	2	-1280.20256762	0.05500000
8	32	2	-1259.86480635	0.05500000
8	33	2	-1284.40702421	0.05500000
8	34	2	-1261.86756443	0.05500000
8	35	2	-1271.09993128	0.05500000
8	36	2	-1269.53497609	0.05500000
8	37	2	-1276.38577630	0.05500000
8	38	2	-1286.40062506	0.05500000
8	39	2	-1280.97230238	0.05500000
8	40	2	-1282.01579703	0.05500000
8	41	2	-1288.68881157	0.05500000
8	42	2	-1279.40366956	0.05500000
8	43	2	-1301.81678517	0.05500000
8	44	2	-1277.56218737	0.05500000
8	45	2	-1280.99218993	0.05500000
8	46	2	-1285.14598247	0.05500000
8	47	2	-1274.97360401	0.05500000
8	48	2	-1278.69033290	0.05500000
8	49	2	-1268.87659306	0.05500000
8	50	2	-1274.46021877	0.05500000
8	51	2	-1278.83450362	0.05500000
8	52	2	-1261.44172766	0.05500000
8	53	2	-1286.15750167	0.05500000
8	54	2	-1260.85856871	0.05500000
8	55	2	-1283.14449208	0.05500000
8	56	2	-1275.32666702	0.05500000
8	57	2	-1276.50738406	0.05500000
8	58	2	-1278.26943276	0.05500000
8	59	2	-1286.79408352	0.05500000
8	60	2	-1268.77212027	0.05500000
8	61	2	-1274.48440722	0.05500000
8	62	2	-1296.81393154	0.05500000
8	63	2	-1263.10485678	0.05500000
8	64	2	-1277.34862586	0.05500000
8	65	2	-1283.86168157	0.05500000
8	66	2	-1266.25654841	0.05500000
8	67	2	-1280.92152414	0.05500000
8	68	2	-1274.00181374	0.05500000
8	69	2	-1269.46967032	0.05500000
8	70	2	-1281.59902533	0.05500000
8	71	2	-1269.19152445	0.05500000
8	72	2	-1277.05363102	0.05500000
8	73	2	-1278.01756406	0.05500000
8	74	2	-1266.73675370	0.05500000
8	75	2	-1273.28864295	0.05500000
8	76	2	0.00000000	0.05500000
8	77	2	0.00000000	0.05500000
8	78	2	0.00000000	0.05500000
8	79	2	0.00000000	0.05500000
8	80	2	0.00000000	0.05500000
8	81	2	0.00000000	0.05500000
8	82	2	0.00000000	0.05500000
8	83	2	0.00000000	0.05500000
8	84	2	0.00000000	0.05500000
8	85	2	0.00000000	0.05500000
8	86	2	-1261.47711466	0.05500000
8	87	2	-1267.77836432	0.05500000
8	88	2	-1261.40303351	0.05500000
8	89	2	-1265.87655555	0.05500000
8	90	2	-1258.60804118	0.05500000
8	91	2	-1267.37568292	0.05500000
8	92	2	-1263.31969770	0.05500000
8	93	2	-1265.36951091	0.05500000
8	94	2	-1265.27784432	0.05500000
8	95	2	-1262.81586596	0.05500000
8	96	2	-1263.61256732	0.05500000
8	97	2	-1265.08632126	0.05500000
8	98	2	-1263.78261969	0.05500000
8	99	2	-1269.53108666	0.05500000
8	100	2	-1256.90971354	0.05500000
8	101	2	-1259.65019053	0.05500000
8	102	2	-1254.36056182	0.05500000
8	103	2	-1262.27225584	0.05500000
8	104	2	-1246.45957879	0.05500000
8	105	2	-1250.54823673	0.05500000
8	106	2	-1247.21152852	0.05500000
8	107	2	-1269.30005714	0.05500000
8	108	2	-1279.97298100	0.05500000
8	109	2	-1279.92063782	0.05500000
8	110	2	-1279.94925692	0.05500000
8	111	2	-1279.91612950	0.05500000
8	112	2	-1279.94169557	0.05500000
8	113	2	-1279.90533791	0.05500000
8	114	2	-1279.93654711	0.05500000
8	115	2	-1279.95226936	0.05500000
8	116	2	-1279.92968832	0.05500000
8	117	2	-1279.93825088	0.05500000
8	118	2	-1279.96413930	0.05500000
8	119	2	-1279.95842939	0.05500000
8	120	2	-1279.96531002	0.05500000
8	121	2	-1279.94374635	0.05500000
8	122	2	-1279.94374635	0.05500000
8	123	2	-1280.12438011	0.05500000
8	124	2	-1279.94374635	0.05500000
8	125	2	-1279.94374635	0.05500000
8	126	2	-1279.94374635	0.05500000
8	127	2	-1279.94374635	0.05500000
8	128	2	0.00000000	0.05500000
8	129	2	0.00000000	0.05500000
8	130	2	0.00000000	0.05500000
8	131	2	0.00000000	0.05500000
8	132	2	0.00000000	0.05500000
8	133	2	0.00000000	0.05500000
8	134	2	0.00000000	0.05500000
8	135	2	0.00000000	0.05500000
8	136	2	0.00000000	0.05500000
8	137	2	0.00000000	0.05500000
8	138	2	0.00000000	0.05500000
8	139	2	0.00000000	0.05500000
8	140	2	-1275.47516262	0.05500000
8	141	2	-1286.04193828	0.05500000
8	142	2	-1279.19289747	0.05500000
8	143	2	-1295.56608110	0.05500000
8	144	2	-1281.70034076	0.05500000
8	145	2	-1289.39168423	0.05500000
8	146	2	-1288.06052223	0.05500000
8	147	2	-1287.83629301	0.05500000
8	148	2	-1281.65257615	0.05500000
8	149	2	-1291.00405071	0.05500000
8	150	2	-1282.64470326	0.05500000
8	151	2	-1291.52690711	0.05500000
8	152	2	-1286.95450141	0.05500000
8	153	2	-1289.43419387	0.05500000
8	154	2	-1258.76811497	0.05500000
8	155	2	-1293.99793342	0.05500000
8	156	2	-1283.40406913	0.05500000
8	157	2	-1294.35698158	0.05500000
8	158	2	-1279.94374635	0.05500000
8	159	2	-1293.28366345	0.05500000
8	160	2	-1283.85257456	0.05500000
8	161	2	-1291.84348694	0.05500000
8	162	2	-1282.31119918	0.05500000
8	163	2	-1288.38650621	0.05500000
8	164	2	-1283.78268631	0.05500000
8	165	2	-1295.02430766	0.05500000
8	166	2	-1286.06986403	0.05500000
8	167	2	-1288.27667823	0.05500000
8	168	2	-1283.53455484	0.05500000
8	169	2	-1290.53531006	0.05500000
8	170	2	-1280.54131602	0.05500000
8	171	2	-1288.78946297	0.05500000
8	172	2	-1272.48866956	0.05500000
8	173	2	-1287.15241963	0.05500000
8	174	2	-1275.61863348	0.05500000
8	175	2	-1290.36513304	0.05500000
8	176	2	-1282.45939713	0.05500000
8	177	2	-1290.13749453	0.05500000
8	178	2	-1276.35469897	0.05500000
8	179	2	-1286.79097812	0.05500000
8	180	2	-1277.44791610	0.05500000
8	181	2	-1278.81141108	0.05500000
8	182	2	-1278.97169553	0.05500000
8	183	2	-1281.18037076	0.05500000
8	184	2	-1285.11764939	0.05500000
8	185	2	-1279.03441470	0.05500000
8	186	2	-1281.94928076	0.05500000
8	187	2	-1283.04365377	0.05500000
8	188	2	-1271.41051792	0.05500000
8	189	2	-1281.47248396	0.05500000
8	190	2	-1280.91546200	0.05500000
8	191	2	-1275.81623309	0.05500000
8	192	2	-1278.14788386	0.05500000
8	193	2	-1277.32853763	0.05500000
8	194	2	-1270.39297148	0.05500000
8	195	2	-1273.29773531	0.05500000
8	196	2	-1268.84128917	0.05500000
8	197	2	-1273.11634637	0.05500000
8	198	2	-1265.47572462	0.05500000
8	199	2	-1268.20525894	0.05500000
8	200	2	-1266.11863033	0.05500000
8	201	2	-1271.09560463	0.05500000
8	202	2	-1271.89635947	0.05500000
8	203	2	-1270.12702374	0.05500000
8	204	2	-1265.39100354	0.05500000
8	205	2	-1270.22350534	0.05500000
8	206	2	-1268.65812038	0.05500000
8	207	2	-1273.49346079	0.05500000
8	208	2	-1266.26860393	0.05500000
8	209	2	-1265.11253866	0.05500000
8	210	2	-1264.55994090	0.05500000
8	211	2	-1266.52226626	0.05500000
8	212	2	-1262.32014939	0.05500000
8	213	2	-1264.13620775	0.05500000
8	214	2	-1261.72328144	0.05500000
8	215	2	-1265.63887097	0.05500000
9	0	2	-1247.84064586	0.05500000
9	1	2	-1244.76694608	0.05500000
9	2	2	-1247.39693835	0.05500000
9	3	2	-1247.35166019	0.05500000
9	4	2	-1243.16799736	0.05500000
9	5	2	-1245.36062774	0.05500000
9	6	2	-1241.91282358	0.05500000
9	7	2	-1255.79428894	0.05500000
9	8	2	-1259.49672119	0.05500000
9	9	2	-1260.13567563	0.05500000
9	10	2	-1248.82602661	0.05500000
9	11	2	-1261.59693851	0.05500000
9	12	2	-1258.17734251	0.05500000
9	13	2	-1247.35157536	0.05500000
9	14	2	-1259.15397302	0.05500000
9	15	2	-1256.43200912	0.05500000
9	16	2	-1252.69371526	0.05500000
9	17	2	-1260.20650055	0.05500000
9	18	2	-1250.95095866	0.05500000
9	19	2	-1256.73514414	0.05500000
9	20	2	-1257.09031453	0.05500000
9	21	2	-1271.09267239	0.05500000
9	22	2	-1257.03355264	0.05500000
9	23	2	-1267.15974511	0.05500000
9	24	2	-1262.60133399	0.05500000
9	25	2	-1271.65653820	0.05500000
9	26	2	-1286.38375542	0.05500000
9	27	2	-1269.97461410	0.05500000
9	28	2	-1277.07193322	0.05500000
9	29	2	-1278.66716449	0.05500000
9	30	2	-1269.57393007	0.05500000
9	31	2	-1283.68002075	0.05500000
9	32	2	-1263.90266782	0.05500000
9	33	2	-1290.27453905	0.05500000
9	34	2	-1275.20493592	0.05500000
9	35	2	-1272.92450693	0.05500000
9	36	2	-1283.50543354	0.05500000
9	37	2	-1281.68136352	0.05500000
9	38	2	-1269.03158997	0.05500000
9	39	2	-1292.50320433	0.05500000
9	40	2	-1268.53903486	0.05500000
9	41	2	-1305.06346579	0.05500000
9	42	2	-1280.31690171	0.05500000
9	43	2	-1283.48574226	0.05500000
9	44	2	-1289.77463797	0.05500000
9	45	2	-1296.52948920	0.05500000
9	46	2	-1283.84688970	0.05500000
9	47	2	-1295.89914259	0.05500000
9	48	2	-1287.52292082	0.05500000
9	49	2	-1301.92189734	0.05500000
9	50	2	-1280.64678950	0.05500000
9	51	2	-1290.70425618	0.05500000
9	52	2	-1295.00658023	0.05500000
9	53	2	-1289.15848040	0.05500000
9	54	2	-1277.16908228	0.05500000
9	55	2	-1294.24512428	0.05500000
9	56	2	-1284.82118407	0.05500000
9	57	2	-1293.58281546	0.05500000
9	58	2	-1275.13959505	0.05500000
9	59	2	-1292.72756842	0.05500000
9	60	2	-1279.27515709	0.05500000
9	61	2	-1284.92446635	0.05500000
9	62	2	-1290.15698058	0.05500000
9	63	2	-1288.95695634	0.05500000
9	64	2	-1282.21469411	0.05500000
9	65	2	-1286.95539133	0.05500000
9	66	2	-1282.19127425	0.05500000
9	67	2	-1286.42705512	0.05500000
9	68	2	-1281.58356251	0.05500000
9	69	2	-1294.20594513	0.05500000
9	70	2	-1273.33434046	0.05500000
9	71	2	-1283.95595628	0.05500000
9	72	2	0.00000000	0.05500000
9	73	2	0.00000000	0.05500000
9	74	2	0.00000000	0.05500000
9	75	2	0.00000000	0.05500000
9	76	2	0.00000000	0.05500000
9	77	2	0.00000000	0.05500000
9	78	2	0.00000000	0.05500000
9	79	2	0.00000000	0.05500000
9	80	2	0.00000000	0.05500000
9	81	2	0.00000000	0.05500000
9	82	2	0.00000000	0.05500000
9	83	2	0.00000000	0.05500000
9	84	2	0.00000000	0.05500000
9	85	2	0.00000000	0.05500000
9	86	2	0.00000000	0.05500000
9	87	2	0.00000000	0.05500000
9	88	2	0.00000000	0.05500000
9	89	2	0.00000000	0.05500000
9	90	2	0.00000000	0.05500000
9	91	2	0.00000000	0.05500000
9	92	2	0.00000000	0.05500000
9	93	2	0.00000000	0.05500000
9	94	2	0.00000000	0.05500000
9	95	2	0.00000000	0.05500000
9	96	2	0.00000000	0.05500000
9	97	2	0.00000000	0.05500000
9	98	2	0.00000000	0.05500000
9	99	2	0.00000000	0.05500000
9	100	2	0.00000000	0.05500000
9	101	2	0.00000000	0.05500000
9	102	2	0.00000000	0.05500000
9	103	2	0.00000000	0.05500000
9	104	2	0.00000000	0.05500000
9	105	2	0.00000000	0.05500000
9	106	2	0.00000000	0.05500000
9	107	2	0.00000000	0.05500000
9	108	2	0.00000000	0.05500000
9	109	2	-1271.52198244	0.05500000
9	110	2	-1271.61739890	0.05500000
9	111	2	-1275.18831592	0.05500000
9	112	2	-1269.38060313	0.05500000
9	113	2	-1269.05091411	0.05500000
9	114	2	-1267.32695622	0.05500000
9	115	2	-1271.94876494	0.05500000
9	116	2	-1258.72428566	0.05500000
9	117	2	-1262.10338233	0.05500000
9	118	2	-1257.63455378	0.05500000
9	119	2	-1269.27825366	0.05500000
9	120	2	-1279.97595342	0.05500000
9	121	2	-1279.99150108	0.05500000
9	122	2	-1279.95780514	0.05500000
9	123	2	-1279.95769430	0.05500000
9	124	2	-1279.94316983	0.05500000
9	125	2	-1279.92875635	0.05500000
9	126	2	-1279.95881238	0.05500000
9	127	2	-1279.90730830	0.05500000
9	128	2	-1279.94056032	0.05500000
9	129	2	-1279.92110749	0.05500000
9	130	2	-1279.98973740	0.05500000
9	131	2	-1279.95862604	0.05500000
9	132	2	0.00000000	0.05500000
9	133	2	0.00000000	0.05500000
9	134	2	0.00000000	0.05500000
9	135	2	0.00000000	0.05500000
9	136	2	0.00000000	0.05500000
9	137	2	0.00000000	0.05500000
9	138	2	0.00000000	0.05500000
9	139	2	0.00000000	0.05500000
9	140	2	0.00000000	0.05500000
9	141	2	0.00000000	0.05500000
9	142	2	0.00000000	0.05500000
9	143	2	0.00000000	0.05500000
9	144	2	0.00000000	0.05500000
9	145	2	0.00000000	0.05500000
9	146	2	0.00000000	0.05500000
9	147	2	0.00000000	0.05500000
9	148	2	0.00000000	0.05500000
9	149	2	0.00000000	0.05500000
9	150	2	0.00000000	0.05500000
9	151	2	0.00000000	0.05500000
9	152	2	0.00000000	0.05500000
9	153	2	0.00000000	0.05500000
9	154	2	0.00000000	0.05500000
9	155	2	0.00000000	0.05500000
9	156	2	0.00000000	0.05500000
9	157	2	0.00000000	0.05500000
9	158	2	0.00000000	0.05500000
9	159	2	0.00000000	0.05500000
9	160	2	0.00000000	0.05500000
9	161	2	0.00000000	0.05500000
9	162	2	0.00000000	0.05500000
9	163	2	0.00000000	0.05500000
9	164	2	0.00000000	0.05500000
9	165	2	0.00000000	0.05500000
9	166	2	0.00000000	0.05500000
9	167	2	0.00000000	0.05500000
9	168	2	-1290.23285519	0.05500000
9	169	2	-1294.47718577	0.05500000
9	170	2	-1295.94136190	0.05500000
9	171	2	-1290.74992663	0.05500000
9	172	2	-1299.90806721	0.05500000
9	173	2	-1295.07210025	0.05500000
9	174	2	-1294.73179133	0.05500000
9	175	2	-1295.92391160	0.05500000
9	176	2	-1296.23087634	0.05500000
9	177	2	-1291.51514249	0.05500000
9	178	2	-1294.48058148	0.05500000
9	179	2	-1295.00393904	0.05500000
9	180	2	-1294.69309618	0.05500000
9	181	2	-1293.00565531	0.05500000
9	182	2	-1294.64655371	0.05500000
9	183	2	-1292.66344720	0.05500000
9	184	2	-1294.70391715	0.05500000
9	185	2	-1290.97025869	0.05500000
9	186	2	-1287.72229831	0.05500000
9	187	2	-1297.25068435	0.05500000
9	188	2	-1288.09664024	0.05500000
9	189	2	-1285.42832458	0.05500000
9	190	2	-1289.46792557	0.05500000
9	191	2	-1283.46853696	0.05500000
9	192	2	-1288.66408532	0.05500000
9	193	2	-1290.76256394	0.05500000
9	194	2	-1280.35707443	0.05500000
9	195	2	-1285.73969032	0.05500000
9	196	2	-1283.47633196	0.05500000
9	197	2	-1279.86102334	0.05500000
9	198	2	-1285.56563352	0.05500000
9	199	2	-1285.83122968	0.05500000
9	200	2	-1283.56032029	0.05500000
9	201	2	-1284.25086688	0.05500000
9	202	2	-1283.28077582	0.05500000
9	203	2	-1283.75903885	0.05500000
9	204	2	-1280.53795702	0.05500000
9	205	2	-1279.54764233	0.05500000
9	206	2	-1284.20621990	0.05500000
9	207	2	-1281.12376658	0.05500000
9	208	2	-1278.08282293	0.05500000
9	209	2	-1285.28641735	0.05500000
9	210	2	-1276.45250922	0.05500000
9	211	2	-1283.88508773	0.05500000
9	212	2	-1274.41512625	0.05500000
9	213	2	-1278.88124900	0.05500000
9	214	2	-1280.36694864	0.05500000
9	215	2	-1277.41981802	0.05500000
9	216	2	-1276.04113186	0.05500000
9	217	2	-1277.97872687	0.05500000
9	218	2	-1273.27311878	0.05500000
9	219	2	-1274.92167426	0.05500000
9	220	2	-1274.71595821	0.05500000
9	221	2	-1269.86749637	0.05500000
9	222	2	-1266.67297805	0.05500000
9	223	2	-1268.24798848	0.05500000
9	224	2	-1268.45582560	0.05500000
9	225	2	-1267.56935204	0.05500000
9	226	2	-1271.76330683	0.05500000
9	227	2	-1268.95944543	0.05500000
9	228	2	-1266.38785016	0.05500000
9	229	2	-1263.69108069	0.05500000
9	230	2	-1263.95749051	0.05500000
9	231	2	-1262.93421644	0.05500000
9	232	2	-1264.05072458	0.05500000
9	233	2	-1260.05366941	0.05500000
9	234	2	-1262.37918537	0.05500000
9	235	2	-1262.86371955	0.05500000
9	236	2	-1260.94728903	0.05500000
9	237	2	-1258.04870213	0.05500000
9	238	2	-1259.61463085	0.05500000
9	239	2	-1260.34866670	0.05500000
10	0	2	-1187.67611133	0.05500000
10	1	2	-1198.88476365	0.05500000
10	2	2	-1189.25091403	0.05500000
10	3	2	-1211.51829426	0.05500000
10	4	2	-1198.32664286	0.05500000
10	5	2	-1209.98133373	0.05500000
10	6	2	-1209.34247995	0.05500000
10	7	2	-1204.17664933	0.05500000
10	8	2	-1207.04505042	0.05500000
10	9	2	-1213.39502980	0.05500000
10	10	2	-1224.15612870	0.05500000
10	11	2	-1217.18214013	0.05500000
10	12	2	-1219.55851407	0.05500000
10	13	2	-1216.97731640	0.05500000
10	14	2	-1232.17023317	0.05500000
10	15	2	-1221.75107802	0.05500000
10	16	2	-1222.43785977	0.05500000
10	17	2	-1264.85514438	0.05500000
10	18	2	-1213.52385396	0.05500000
10	19	2	-1255.66001504	0.05500000
10	20	2	-1221.78715056	0.05500000
10	21	2	-1237.93173810	0.05500000
10	22	2	-1220.33339907	0.05500000
10	23	2	-1240.92192052	0.05500000
10	24	2	-1225.92792138	0.05500000
10	25	2	-1230.44877664	0.05500000
10	26	2	-1254.57069919	0.05500000
10	27	2	-1238.31847141	0.05500000
10	28	2	-1246.96858155	0.05500000
10	29	2	-1248.85527637	0.05500000
10	30	2	-1252.92868896	0.05500000
10	31	2	-1242.56990237	0.05500000
10	32	2	-1242.35093994	0.05500000
10	33	2	-1260.07604539	0.05500000
10	34	2	-1247.91170287	0.05500000
10	35	2	-1239.95402589	0.05500000
10	36	2	-1249.84145661	0.05500000
10	37	2	-1254.20951196	0.05500000
10	38	2	-1226.42882048	0.05500000
10	39	2	-1256.07721434	0.05500000
10	40	2	-1243.04986655	0.05500000
10	41	2	-1247.55491469	0.05500000
10	42	2	-1235.13975337	0.05500000
10	43	2	-1256.07530248	0.05500000
10	44	2	-1231.46000808	0.05500000
10	45	2	-1245.69757903	0.05500000
10	46	2	-1245.36534571	0.05500000
10	47	2	-1249.44891619	0.05500000
10	48	2	-1226.27346992	0.05500000
10	49	2	0.00000000	0.05500000
10	50	2	0.00000000	0.05500000
10	51	2	0.00000000	0.05500000
10	52	2	0.00000000	0.05500000
10	53	2	0.00000000	0.05500000
10	54	2	0.00000000	0.05500000
10	55	2	0.00000000	0.05500000
10	56	2	0.00000000	0.05500000
10	57	2	0.00000000	0.05500000
10	58	2	0.00000000	0.05500000
10	59	2	0.00000000	0.05500000
10	60	2	0.00000000	0.05500000
10	61	2	0.00000000	0.05500000
10	62	2	0.00000000	0.05500000
10	63	2	0.00000000	0.05500000
10	64	2	0.00000000	0.05500000
10	65	2	0.00000000	0.05500000
10	66	2	0.00000000	0.05500000
10	67	2	0.00000000	0.05500000
10	68	2	0.00000000	0.05500000
10	69	2	0.00000000	0.05500000
10	70	2	0.00000000	0.05500000
10	71	2	0.00000000	0.05500000
10	72	2	0.00000000	0.05500000
10	73	2	0.00000000	0.05500000
10	74	2	0.00000000	0.05500000
10	75	2	0.00000000	0.05500000
10	76	2	0.00000000	0.05500000
10	77	2	0.00000000	0.05500000
10	78	2	0.00000000	0.05500000
10	79	2	0.00000000	0.05500000
10	80	2	0.00000000	0.05500000
10	81	2	0.00000000	0.05500000
10	82	2	0.00000000	0.05500000
10	83	2	0.00000000	0.05500000
10	84	2	0.00000000	0.05500000
10	85	2	0.00000000	0.05500000
10	86	2	0.00000000	0.05500000
10	87	2	0.00000000	0.05500000
10	88	2	0.00000000	0.05500000
10	89	2	0.00000000	0.05500000
10	90	2	0.00000000	0.05500000
10	91	2	0.00000000	0.05500000
10	92	2	0.00000000	0.05500000
10	93	2	0.00000000	0.05500000
10	94	2	0.00000000	0.05500000
10	95	2	0.00000000	0.05500000
10	96	2	0.00000000	0.05500000
10	97	2	0.00000000	0.05500000
10	98	2	-1221.79919769	0.05500000
10	99	2	-1238.37901540	0.05500000
10	100	2	-1218.81477622	0.05500000
10	101	2	-1216.25847540	0.05500000
10	102	2	-1238.33827157	0.05500000
10	103	2	-1238.31491979	0.05500000
10	104	2	-1237.11958443	0.05500000
10	105	2	-1237.13181662	0.05500000
10	106	2	-1237.14189160	0.05500000
10	107	2	-1237.13122782	0.05500000
10	108	2	-1237.12590963	0.05500000
10	109	2	-1237.12628705	0.05500000
10	110	2	0.00000000	0.05500000
10	111	2	0.00000000	0.05500000
10	112	2	0.00000000	0.05500000
10	113	2	0.00000000	0.05500000
10	114	2	0.00000000	0.05500000
10	115	2	0.00000000	0.05500000
10	116	2	0.00000000	0.05500000
10	117	2	0.00000000	0.05500000
10	118	2	0.00000000	0.05500000
10	119	2	0.00000000	0.05500000
10	120	2	0.00000000	0.05500000
10	121	2	0.00000000	0.05500000
10	122	2	0.00000000	0.05500000
10	123	2	0.00000000	0.05500000
10	124	2	0.00000000	0.05500000
10	125	2	0.00000000	0.05500000
10	126	2	0.00000000	0.05500000
10	127	2	0.00000000	0.05500000
10	128	2	0.00000000	0.05500000
10	129	2	0.00000000	0.05500000
10	130	2	0.00000000	0.05500000
10	131	2	0.00000000	0.05500000
10	132	2	0.00000000	0.05500000
10	133	2	0.00000000	0.05500000
10	134	2	0.00000000	0.05500000
10	135	2	0.00000000	0.05500000
10	136	2	0.00000000	0.05500000
10	137	2	0.00000000	0.05500000
10	138	2	0.00000000	0.05500000
10	139	2	0.00000000	0.05500000
10	140	2	0.00000000	0.05500000
10	141	2	0.00000000	0.05500000
10	142	2	0.00000000	0.05500000
10	143	2	0.00000000	0.05500000
10	144	2	0.00000000	0.05500000
10	145	2	0.00000000	0.05500000
10	146	2	0.00000000	0.05500000
10	147	2	0.00000000	0.05500000
10	148	2	0.00000000	0.05500000
10	149	2	0.00000000	0.05500000
10	150	2	0.00000000	0.05500000
10	151	2	0.00000000	0.05500000
10	152	2	0.00000000	0.05500000
10	153	2	0.00000000	0.05500000
10	154	2	0.00000000	0.05500000
10	155	2	0.00000000	0.05500000
10	156	2	0.00000000	0.05500000
10	157	2	0.00000000	0.05500000
10	158	2	0.00000000	0.05500000
10	159	2	-1227.91808657	0.05500000
10	160	2	-1259.56738823	0.05500000
10	161	2	-1238.59790475	0.05500000
10	162	2	-1253.54102689	0.05500000
10	163	2	-1244.01105168	0.05500000
10	164	2	-1251.37803450	0.05500000
10	165	2	-1237.98644723	0.05500000
10	166	2	-1255.14904444	0.05500000
10	167	2	-1240.51172212	0.05500000
10	168	2	-1243.94500447	0.05500000
10	169	2	-1241.89049224	0.05500000
10	170	2	-1242.00163373	0.05500000
10	171	2	-1240.80229975	0.05500000
10	172	2	-1246.89633599	0.05500000
10	173	2	-1235.32374491	0.05500000
10	174	2	-1246.96315520	0.05500000
10	175	2	-1240.37437480	0.05500000
10	176	2	-1242.83063453	0.05500000
10	177	2	-1230.62227193	0.05500000
10	178	2	-1243.59884681	0.05500000
10	179	2	-1227.80939827	0.05500000
10	180	2	-1246.08357500	0.05500000
10	181	2	-1233.08663916	0.05500000
10	182	2	-1235.35937847	0.05500000
10	183	2	-1232.65990416	0.05500000
10	184	2	-1237.14965308	0.05500000
10	185	2	-1230.84052889	0.05500000
10	186	2	-1241.25216886	0.05500000
10	187	2	-1230.72080966	0.05500000
10	188	2	-1239.69722143	0.05500000
10	189	2	-1233.93817274	0.05500000
10	190	2	-1235.28682609	0.05500000
10	191	2	-1230.84361011	0.05500000
10	192	2	-1238.94177196	0.05500000
10	193	2	-1233.47348922	0.05500000
10	194	2	-1239.93157132	0.05500000
10	195	2	-1234.28311402	0.05500000
10	196	2	-1238.05033215	0.05500000
10	197	2	-1243.03062853	0.05500000
10	198	2	-1230.33522471	0.05500000
10	199	2	-1230.97696996	0.05500000
10	200	2	-1236.27478676	0.05500000
10	201	2	-1226.69039812	0.05500000
10	202	2	-1236.59269191	0.05500000
10	203	2	-1225.79330924	0.05500000
10	204	2	-1228.45168892	0.05500000
10	205	2	-1220.61840597	0.05500000
10	206	2	-1231.01778946	0.05500000
10	207	2	-1215.81192089	0.05500000
11	0	2	-1188.54574832	0.05500000
11	1	2	-1190.91872131	0.05500000
11	2	2	-1207.63488735	0.05500000
11	3	2	-1190.95661214	0.05500000
11	4	2	-1226.94599287	0.05500000
11	5	2	-1201.00068630	0.05500000
11	6	2	-1230.82806838	0.05500000
11	7	2	-1206.16554296	0.05500000
11	8	2	-1228.66627587	0.05500000
11	9	2	-1218.06132991	0.05500000
11	10	2	-1226.29231317	0.05500000
11	11	2	-1231.82274456	0.05500000
11	12	2	-1219.29803672	0.05500000
11	13	2	-1245.99080663	0.05500000
11	14	2	-1212.24035854	0.05500000
11	15	2	-1252.97065995	0.05500000
11	16	2	-1218.13688221	0.05500000
11	17	2	-1256.30170190	0.05500000
11	18	2	-1215.07756911	0.05500000
11	19	2	-1236.59470547	0.05500000
11	20	2	-1248.76495903	0.05500000
11	21	2	-1228.54185884	0.05500000
11	22	2	-1266.64977407	0.05500000
11	23	2	-1226.42889280	0.05500000
11	24	2	-1244.28724673	0.05500000
11	25	2	-1257.58317459	0.05500000
11	26	2	-1231.04427933	0.05500000
11	27	2	-1281.03389146	0.05500000
11	28	2	-1235.66464660	0.05500000
11	29	2	-1249.47013811	0.05500000
11	30	2	-1265.02115318	0.05500000
11	31	2	-1240.80406978	0.05500000
11	32	2	-1252.26624724	0.05500000
11	33	2	-1247.41242325	0.05500000
11	34	2	-1247.19929186	0.05500000
11	35	2	-1240.11682705	0.05500000
11	36	2	-1259.54183259	0.05500000
11	37	2	-1242.63335702	0.05500000
11	38	2	-1247.12522282	0.05500000
11	39	2	-1246.89731159	0.05500000
11	40	2	-1243.38005262	0.05500000
11	41	2	-1244.70508050	0.05500000
11	42	2	0.00000000	0.05500000
11	43	2	0.00000000	0.05500000
11	44	2	0.00000000	0.05500000
11	45	2	0.00000000	0.05500000
11	46	2	0.00000000	0.05500000
11	47	2	0.00000000	0.05500000
11	48	2	0.00000000	0.05500000
11	49	2	0.00000000	0.05500000
11	50	2	0.00000000	0.05500000
11	51	2	0.00000000	0.05500000
11	52	2	0.00000000	0.05500000
11	53	2	0.00000000	0.05500000
11	54	2	0.00000000	0.05500000
11	55	2	0.00000000	0.05500000
11	56	2	-1247.10985936	0.05500000
11	57	2	-1264.73807319	0.05500000
11	58	2	-1228.37824169	0.05500000
11	59	2	-1283.48073790	0.05500000
11	60	2	-1241.35860001	0.05500000
11	61	2	-1266.29599733	0.05500000
11	62	2	-1267.77089267	0.05500000
11	63	2	-1258.26425123	0.05500000
11	64	2	-1256.13506300	0.05500000
11	65	2	-1268.97811035	0.05500000
11	66	2	-1262.83577992	0.05500000
11	67	2	-1249.53331328	0.05500000
11	68	2	-1263.69675254	0.05500000
11	69	2	-1253.03606666	0.05500000
11	70	2	-1257.64279512	0.05500000
11	71	2	-1259.77568204	0.05500000
11	72	2	-1255.25853051	0.05500000
11	73	2	-1258.25546279	0.05500000
11	74	2	-1254.46937845	0.05500000
11	75	2	-1253.21371262	0.05500000
11	76	2	-1252.50883581	0.05500000
11	77	2	-1240.69032553	0.05500000
11	78	2	-1240.34284615	0.05500000
11	79	2	-1252.16701510	0.05500000
11	80	2	-1249.20000256	0.05500000
11	81	2	-1253.67179816	0.05500000
11	82	2	-1251.44615760	0.05500000
11	83	2	-1258.56836933	0.05500000
11	84	2	-1248.61543596	0.05500000
11	85	2	-1256.92529662	0.05500000
11	86	2	-1246.19451436	0.05500000
11	87	2	-1250.76784357	0.05500000
11	88	2	-1247.26330004	0.05500000
11	89	2	-1243.65936550	0.05500000
11	90	2	-1248.64896751	0.05500000
11	91	2	-1245.32210627	0.05500000
11	92	2	-1230.89973512	0.05500000
11	93	2	-1245.43418702	0.05500000
11	94	2	0.00000000	0.05500000
11	95	2	0.00000000	0.05500000
11	96	2	0.00000000	0.05500000
11	97	2	0.00000000	0.05500000
11	98	2	0.00000000	0.05500000
11	99	2	0.00000000	0.05500000
11	100	2	0.00000000	0.05500000
11	101	2	0.00000000	0.05500000
11	102	2	0.00000000	0.05500000
11	103	2	0.00000000	0.05500000
11	104	2	0.00000000	0.05500000
11	105	2	0.00000000	0.05500000
11	106	2	0.00000000	0.05500000
11	107	2	0.00000000	0.05500000
11	108	2	-1238.34161916	0.05500000
11	109	2	-1237.14051587	0.05500000
11	110	2	0.00000000	0.05500000
11	111	2	0.00000000	0.05500000
11	112	2	0.00000000	0.05500000
11	113	2	0.00000000	0.05500000
11	114	2	0.00000000	0.05500000
11	115	2	0.00000000	0.05500000
11	116	2	0.00000000	0.05500000
11	117	2	0.00000000	0.05500000
11	118	2	0.00000000	0.05500000
11	119	2	0.00000000	0.05500000
11	120	2	0.00000000	0.05500000
11	121	2	0.00000000	0.05500000
11	122	2	0.00000000	0.05500000
11	123	2	0.00000000	0.05500000
11	124	2	-1237.12692796	0.05500000
11	125	2	-1237.12692796	0.05500000
11	126	2	-1237.12692796	0.05500000
11	127	2	-1237.12692796	0.05500000
11	128	2	-1237.12692796	0.05500000
11	129	2	-1237.12692796	0.05500000
11	130	2	-1237.12692796	0.05500000
11	131	2	-1237.12692796	0.05500000
11	132	2	-1237.12692796	0.05500000
11	133	2	-1238.55444034	0.05500000
11	134	2	-1244.55336463	0.05500000
11	135	2	-1237.88164642	0.05500000
11	136	2	-1244.67035855	0.05500000
11	137	2	-1237.69978867	0.05500000
11	138	2	-1247.12361994	0.05500000
11	139	2	-1239.42221636	0.05500000
11	140	2	-1248.13448458	0.05500000
11	141	2	-1240.90211106	0.05500000
11	142	2	-1250.64378015	0.05500000
11	143	2	-1243.85623525	0.05500000
11	144	2	-1255.67317372	0.05500000
11	145	2	-1248.05536126	0.05500000
11	146	2	-1255.24380569	0.05500000
11	147	2	-1247.78961823	0.05500000
11	148	2	-1258.55835723	0.05500000
11	149	2	-1249.20128822	0.05500000
11	150	2	-1260.23682271	0.05500000
11	151	2	-1255.12649933	0.05500000
11	152	2	-1265.19653453	0.05500000
11	153	2	-1255.58516062	0.05500000
11	154	2	-1262.17484725	0.05500000
11	155	2	-1253.70696732	0.05500000
11	156	2	-1261.49628245	0.05500000
11	157	2	-1253.64606371	0.05500000
11	158	2	-1258.44591214	0.05500000
11	159	2	-1242.43852471	0.05500000
11	160	2	-1247.52675869	0.05500000
11	161	2	-1242.11897823	0.05500000
11	162	2	0.00000000	0.05500000
11	163	2	0.00000000	0.05500000
11	164	2	0.00000000	0.05500000
11	165	2	0.00000000	0.05500000
11	166	2	0.00000000	0.05500000
11	167	2	0.00000000	0.05500000
11	168	2	0.00000000	0.05500000
11	169	2	0.00000000	0.05500000
11	170	2	0.00000000	0.05500000
11	171	2	0.00000000	0.05500000
11	172	2	0.00000000	0.05500000
11	173	2	0.00000000	0.05500000
11	174	2	0.00000000	0.05500000
11	175	2	0.00000000	0.05500000
11	176	2	-1239.11553176	0.05500000
11	177	2	-1235.33516537	0.05500000
11	178	2	-1245.03777341	0.05500000
11	179	2	-1231.07850940	0.05500000
11	180	2	-1247.77842479	0.05500000
11	181	2	-1235.49034274	0.05500000
11	182	2	-1241.93362685	0.05500000
11	183	2	-1240.64732177	0.05500000
11	184	2	-1230.61617115	0.05500000
11	185	2	-1240.17125671	0.05500000
11	186	2	-1229.42510835	0.05500000
11	187	2	-1233.11514462	0.05500000
11	188	2	-1234.72050567	0.05500000
11	189	2	-1228.11572908	0.05500000
11	190	2	-1231.23315956	0.05500000
11	191	2	-1221.44639399	0.05500000
11	192	2	-1229.60945653	0.05500000
11	193	2	-1224.85621317	0.05500000
11	194	2	-1229.86355269	0.05500000
11	195	2	-1215.58408752	0.05500000
11	196	2	-1228.08774174	0.05500000
11	197	2	-1221.69113848	0.05500000
11	198	2	-1223.59626229	0.05500000
11	199	2	-1219.90404586	0.05500000
11	200	2	-1215.28209752	0.05500000
11	201	2	-1223.77624383	0.05500000
11	202	2	-1221.39966115	0.05500000
11	203	2	-1223.14550188	0.05500000
11	204	2	-1220.35486227	0.05500000
11	205	2	-1227.46405066	0.05500000
11	206	2	-1221.99456042	0.05500000
11	207	2	-1222.08908456	0.05500000
11	208	2	-1228.07358299	0.05500000
11	209	2	-1220.40911829	0.05500000
11	210	2	-1229.74807371	0.05500000
11	211	2	-1222.43446403	0.05500000
11	212	2	-1226.16482766	0.05500000
11	213	2	-1223.81172065	0.05500000
11	214	2	-1227.97867791	0.05500000
11	215	2	-1220.79102312	0.05500000
11	216	2	-1228.35731177	0.05500000
11	217	2	-1218.92934780	0.05500000
12	0	2	-1172.47736168	0.05500000
12	1	2	-1193.01885924	0.05500000
12	2	2	-1188.73638283	0.05500000
12	3	2	-1206.35572307	0.05500000
12	4	2	-1188.45649066	0.05500000
12	5	2	-1240.40045924	0.05500000
12	6	2	-1185.80897193	0.05500000
12	7	2	-1233.60041094	0.05500000
12	8	2	-1238.47033939	0.05500000
12	9	2	-1234.87379159	0.05500000
12	10	2	-1221.82875199	0.05500000
12	11	2	-1249.59748571	0.05500000
12	12	2	-1234.84286741	0.05500000
12	13	2	-1263.93390442	0.05500000
12	14	2	-1237.06758843	0.05500000
12	15	2	-1260.74360678	0.05500000
12	16	2	-1251.48368525	0.05500000
12	17	2	-1245.06040473	0.05500000
12	18	2	-1258.22445496	0.05500000
12	19	2	-1253.63476865	0.05500000
12	20	2	-1259.89617495	0.05500000
12	21	2	-1263.57770891	0.05500000
12	22	2	-1242.41852695	0.05500000
12	23	2	-1283.05634836	0.05500000
12	24	2	-1243.70934759	0.05500000
12	25	2	-1263.26712267	0.05500000
12	26	2	-1269.72710551	0.05500000
12	27	2	-1272.26069054	0.05500000
12	28	2	-1262.85014144	0.05500000
12	29	2	-1272.26169888	0.05500000
12	30	2	-1262.94829796	0.05500000
12	31	2	-1269.53150014	0.05500000
12	32	2	-1270.70064587	0.05500000
12	33	2	-1263.02539052	0.05500000
12	34	2	-1264.74616161	0.05500000
12	35	2	-1267.76595354	0.05500000
12	36	2	0.00000000	0.05500000
12	37	2	0.00000000	0.05500000
12	38	2	0.00000000	0.05500000
12	39	2	0.00000000	0.05500000
12	40	2	0.00000000	0.05500000
12	41	2	0.00000000	0.05500000
12	42	2	0.00000000	0.05500000
12	43	2	0.00000000	0.05500000
12	44	2	0.00000000	0.05500000
12	45	2	0.00000000	0.05500000
12	46	2	0.00000000	0.05500000
12	47	2	0.00000000	0.05500000
12	48	2	-1273.28217722	0.05500000
12	49	2	-1262.81671049	0.05500000
12	50	2	-1266.84441569	0.05500000
12	51	2	-1268.39504892	0.05500000
12	52	2	-1274.29698198	0.05500000
12	53	2	-1275.74237422	0.05500000
12	54	2	-1273.18181618	0.05500000
12	55	2	-1268.65205092	0.05500000
12	56	2	-1276.47225721	0.05500000
12	57	2	-1274.58791379	0.05500000
12	58	2	-1279.24760868	0.05500000
12	59	2	-1272.75393820	0.05500000
12	60	2	-1278.19684531	0.05500000
12	61	2	-1284.72707031	0.05500000
12	62	2	-1273.30017120	0.05500000
12	63	2	-1281.88690815	0.05500000
12	64	2	-1280.88344637	0.05500000
12	65	2	-1284.60081392	0.05500000
12	66	2	-1273.35234770	0.05500000
12	67	2	-1294.79639151	0.05500000
12	68	2	-1273.52708952	0.05500000
12	69	2	-1292.32473784	0.05500000
12	70	2	-1274.55685376	0.05500000
12	71	2	-1286.36975965	0.05500000
12	72	2	-1280.11729310	0.05500000
12	73	2	-1282.50341342	0.05500000
12	74	2	-1275.15093595	0.05500000
12	75	2	-1288.89605946	0.05500000
12	76	2	-1266.09455916	0.05500000
12	77	2	-1293.10857603	0.05500000
12	78	2	-1267.13301295	0.05500000
12	79	2	-1282.52431506	0.05500000
12	80	2	-1268.13332290	0.05500000
12	81	2	-1287.42741097	0.05500000
12	82	2	-1266.45637645	0.05500000
12	83	2	-1283.54506595	0.05500000
12	84	2	-1265.65705483	0.05500000
12	85	2	-1283.19469512	0.05500000
12	86	2	-1266.85302390	0.05500000
12	87	2	-1274.22243501	0.05500000
12	88	2	-1270.07642982	0.05500000
12	89	2	-1276.36699495	0.05500000
12	90	2	-1265.79872008	0.05500000
12	91	2	-1273.41642997	0.05500000
12	92	2	-1260.17654264	0.05500000
12	93	2	-1274.01342655	0.05500000
12	94	2	-1248.49354090	0.05500000
12	95	2	-1278.84583730	0.05500000
12	96	2	-1253.90143881	0.05500000
12	97	2	-1267.16307421	0.05500000
12	98	2	-1254.64472406	0.05500000
12	99	2	-1259.63723320	0.05500000
12	100	2	-1251.53499604	0.05500000
12	101	2	-1257.75730864	0.05500000
12	102	2	-1247.11540226	0.05500000
12	103	2	-1248.00746342	0.05500000
12	104	2	-1253.69798903	0.05500000
12	105	2	-1230.78085149	0.05500000
12	106	2	0.00000000	0.05500000
12	107	2	0.00000000	0.05500000
12	108	2	0.00000000	0.05500000
12	109	2	0.00000000	0.05500000
12	110	2	0.00000000	0.05500000
12	111	2	0.00000000	0.05500000
12	112	2	0.00000000	0.05500000
12	113	2	0.00000000	0.05500000
12	114	2	0.00000000	0.05500000
12	115	2	0.00000000	0.05500000
12	116	2	0.00000000	0.05500000
12	117	2	0.00000000	0.05500000
12	118	2	0.00000000	0.05500000
12	119	2	0.00000000	0.05500000
12	120	2	0.00000000	0.05500000
12	121	2	0.00000000	0.05500000
12	122	2	0.00000000	0.05500000
12	123	2	0.00000000	0.05500000
12	124	2	-1263.13837161	0.05500000
12	125	2	-1263.14363785	0.05500000
12	126	2	-1263.13656863	0.05500000
12	127	2	-1263.13733898	0.05500000
12	128	2	-1263.13733898	0.05500000
12	129	2	-1263.13733898	0.05500000
12	130	2	-1263.13733898	0.05500000
12	131	2	-1263.13733898	0.05500000
12	132	2	-1263.13733898	0.05500000
12	133	2	-1263.13733898	0.05500000
12	134	2	-1263.13733898	0.05500000
12	135	2	-1263.13733898	0.05500000
12	136	2	-1263.13733898	0.05500000
12	137	2	-1269.97289028	0.05500000
12	138	2	-1265.54107677	0.05500000
12	139	2	-1273.92891038	0.05500000
12	140	2	-1272.53280469	0.05500000
12	141	2	-1274.79122971	0.05500000
12	142	2	-1277.88598172	0.05500000
12	143	2	-1278.28110506	0.05500000
12	144	2	-1278.36150325	0.05500000
12	145	2	-1281.12436980	0.05500000
12	146	2	-1279.60565901	0.05500000
12	147	2	-1284.52301262	0.05500000
12	148	2	-1279.51921730	0.05500000
12	149	2	-1284.36207565	0.05500000
12	150	2	-1284.55048121	0.05500000
12	151	2	-1287.45496999	0.05500000
12	152	2	-1289.66206236	0.05500000
12	153	2	-1289.63132556	0.05500000
12	154	2	-1290.40313945	0.05500000
12	155	2	-1293.74426451	0.05500000
12	156	2	-1293.04112366	0.05500000
12	157	2	-1296.34381887	0.05500000
12	158	2	-1298.01755849	0.05500000
12	159	2	-1300.79076577	0.05500000
12	160	2	-1298.64760624	0.05500000
12	161	2	-1303.58712631	0.05500000
12	162	2	-1299.62968449	0.05500000
12	163	2	-1304.22773456	0.05500000
12	164	2	-1301.28689776	0.05500000
12	165	2	-1307.23898566	0.05500000
12	166	2	-1299.76582797	0.05500000
12	167	2	-1303.57835418	0.05500000
12	168	2	-1292.09684453	0.05500000
12	169	2	-1298.29982917	0.05500000
12	170	2	-1294.90164222	0.05500000
12	171	2	-1296.05721887	0.05500000
12	172	2	-1290.86913579	0.05500000
12	173	2	-1293.41893583	0.05500000
12	174	2	-1293.41561448	0.05500000
12	175	2	-1294.33608844	0.05500000
12	176	2	-1287.72585295	0.05500000
12	177	2	-1284.88619541	0.05500000
12	178	2	-1293.26827583	0.05500000
12	179	2	-1275.93696233	0.05500000
12	180	2	-1278.47823619	0.05500000
12	181	2	-1285.28720982	0.05500000
12	182	2	0.00000000	0.05500000
12	183	2	0.00000000	0.05500000
12	184	2	0.00000000	0.05500000
12	185	2	0.00000000	0.05500000
12	186	2	0.00000000	0.05500000
12	187	2	0.00000000	0.05500000
12	188	2	0.00000000	0.05500000
12	189	2	0.00000000	0.05500000
12	190	2	0.00000000	0.05500000
12	191	2	0.00000000	0.05500000
12	192	2	0.00000000	0.05500000
12	193	2	0.00000000	0.05500000
12	194	2	-1261.33792673	0.05500000
12	195	2	-1268.60145573	0.05500000
12	196	2	-1258.66130826	0.05500000
12	197	2	-1267.60878981	0.05500000
12	198	2	-1252.01573960	0.05500000
12	199	2	-1256.00586715	0.05500000
12	200	2	-1249.84826759	0.05500000
12	201	2	-1242.53021524	0.05500000
12	202	2	-1246.23693902	0.05500000
12	203	2	-1240.01952677	0.05500000
12	204	2	-1234.45685972	0.05500000
12	205	2	-1237.12052363	0.05500000
12	206	2	-1232.75332312	0.05500000
12	207	2	-1239.57310576	0.05500000
12	208	2	-1228.41775284	0.05500000
12	209	2	-1238.61596660	0.05500000
12	210	2	-1222.85387502	0.05500000
12	211	2	-1229.71801562	0.05500000
12	212	2	-1217.62676791	0.05500000
12	213	2	-1223.81228666	0.05500000
12	214	2	-1220.20955297	0.05500000
12	215	2	-1226.73609157	0.05500000
12	216	2	-1219.36820792	0.05500000
12	217	2	-1239.46185592	0.05500000
12	218	2	-1217.55269874	0.05500000
12	219	2	-1239.16505129	0.05500000
12	220	2	-1218.97514549	0.05500000
12	221	2	-1236.30903650	0.05500000
12	222	2	-1231.68092353	0.05500000
12	223	2	-1233.65849556	0.05500000
12	224	2	-1239.64895824	0.05500000
12	225	2	-1248.40086785	0.05500000
12	226	2	-1239.05918466	0.05500000
12	227	2	-1247.82946810	0.05500000
12	228	2	-1245.74273534	0.05500000
12	229	2	-1253.99021726	0.05500000
13	0	2	-1264.25814119	0.05500000
13	1	2	-1237.81809554	0.05500000
13	2	2	-1268.24894540	0.05500000
13	3	2	-1241.83296862	0.05500000
13	4	2	-1264.83139481	0.05500000
13	5	2	-1232.36842159	0.05500000
13	6	2	-1265.27361911	0.05500000
13	7	2	-1252.36369130	0.05500000
13	8	2	-1246.59843896	0.05500000
13	9	2	-1257.11353101	0.05500000
13	10	2	-1291.78400189	0.05500000
13	11	2	-1240.64371171	0.05500000
13	12	2	-1291.22861158	0.05500000
13	13	2	-1241.06186046	0.05500000
13	14	2	-1289.99498210	0.05500000
13	15	2	-1262.01929202	0.05500000
13	16	2	-1272.09907608	0.05500000
13	17	2	0.00000000	0.05500000
13	18	2	0.00000000	0.05500000
13	19	2	0.00000000	0.05500000
13	20	2	0.00000000	0.05500000
13	21	2	0.00000000	0.05500000
13	22	2	0.00000000	0.05500000
13	23	2	0.00000000	0.05500000
13	24	2	0.00000000	0.05500000
13	25	2	0.00000000	0.05500000
13	26	2	0.00000000	0.05500000
13	27	2	0.00000000	0.05500000
13	28	2	-1290.48355999	0.05500000
13	29	2	-1260.20079914	0.05500000
13	30	2	-1310.74233608	0.05500000
13	31	2	-1256.61703019	0.05500000
13	32	2	-1298.47071757	0.05500000
13	33	2	-1268.95809891	0.05500000
13	34	2	-1277.62418059	0.05500000
13	35	2	-1283.03254663	0.05500000
13	36	2	-1292.19470453	0.05500000
13	37	2	-1265.30460100	0.05500000
13	38	2	-1289.91849520	0.05500000
13	39	2	-1274.09617799	0.05500000
13	40	2	-1295.27286877	0.05500000
13	41	2	-1272.19910440	0.05500000
13	42	2	-1291.84312919	0.05500000
13	43	2	-1277.60988886	0.05500000
13	44	2	-1292.38855691	0.05500000
13	45	2	-1286.80057699	0.05500000
13	46	2	-1284.10551399	0.05500000
13	47	2	-1288.65293877	0.05500000
13	48	2	-1283.22657640	0.05500000
13	49	2	-1285.91580130	0.05500000
13	50	2	-1291.51883961	0.05500000
13	51	2	-1281.41742340	0.05500000
13	52	2	-1297.30963693	0.05500000
13	53	2	-1279.94733561	0.05500000
13	54	2	-1294.31565502	0.05500000
13	55	2	-1289.54492927	0.05500000
13	56	2	-1289.95758152	0.05500000
13	57	2	-1289.89154290	0.05500000
13	58	2	-1290.46830333	0.05500000
13	59	2	-1287.65468897	0.05500000
13	60	2	-1293.77647604	0.05500000
13	61	2	-1275.21568134	0.05500000
13	62	2	-1307.08313808	0.05500000
13	63	2	-1264.26339602	0.05500000
13	64	2	-1307.53288145	0.05500000
13	65	2	-1265.77864402	0.05500000
13	66	2	-1298.61100468	0.05500000
13	67	2	-1276.02552640	0.05500000
13	68	2	-1287.12209700	0.05500000
13	69	2	-1284.35889245	0.05500000
13	70	2	-1292.12650518	0.05500000
13	71	2	-1274.04697629	0.05500000
13	72	2	-1292.23944630	0.05500000
13	73	2	-1279.48553786	0.05500000
13	74	2	-1289.49972253	0.05500000
13	75	2	-1273.85633496	0.05500000
13	76	2	-1293.43562292	0.05500000
13	77	2	-1275.16245926	0.05500000
13	78	2	-1290.27346593	0.05500000
13	79	2	-1274.62926775	0.05500000
13	80	2	-1282.44501613	0.05500000
13	81	2	-1274.96942658	0.05500000
13	82	2	-1278.18668835	0.05500000
13	83	2	-1269.66059236	0.05500000
13	84	2	-1282.28620139	0.05500000
13	85	2	-1265.47742871	0.05500000
13	86	2	-1277.62014004	0.05500000
13	87	2	-1262.26578707	0.05500000
13	88	2	-1272.87376293	0.05500000
13	89	2	-1260.37688034	0.05500000
13	90	2	-1271.87546435	0.05500000
13	91	2	-1256.77489344	0.05500000
13	92	2	-1267.69530928	0.05500000
13	93	2	-1258.10659616	0.05500000
13	94	2	-1262.15109461	0.05500000
13	95	2	-1255.45240329	0.05500000
13	96	2	-1258.62488260	0.05500000
13	97	2	-1250.71218319	0.05500000
13	98	2	-1250.32279596	0.05500000
13	99	2	0.00000000	0.05500000
13	100	2	0.00000000	0.05500000
13	101	2	0.00000000	0.05500000
13	102	2	0.00000000	0.05500000
13	103	2	0.00000000	0.05500000
13	104	2	0.00000000	0.05500000
13	105	2	0.00000000	0.05500000
13	106	2	0.00000000	0.05500000
13	107	2	0.00000000	0.05500000
13	108	2	0.00000000	0.05500000
13	109	2	0.00000000	0.05500000
13	110	2	0.00000000	0.05500000
13	111	2	0.00000000	0.05500000
13	112	2	0.00000000	0.05500000
13	113	2	0.00000000	0.05500000
13	114	2	0.00000000	0.05500000
13	115	2	-1263.13733898	0.05500000
13	116	2	-1263.13148610	0.05500000
13	117	2	-1263.13331305	0.05500000
13	118	2	-1263.15699187	0.05500000
13	119	2	-1263.13733898	0.05500000
13	120	2	-1263.13733898	0.05500000
13	121	2	-1263.13733898	0.05500000
13	122	2	-1263.13733898	0.05500000
13	123	2	-1263.13733898	0.05500000
13	124	2	-1263.13733898	0.05500000
13	125	2	-1263.13733898	0.05500000
13	126	2	-1263.13733898	0.05500000
13	127	2	-1263.13733898	0.05500000
13	128	2	-1263.13733898	0.05500000
13	129	2	-1263.13733898	0.05500000
13	130	2	-1255.40044838	0.05500000
13	131	2	-1256.62542460	0.05500000
13	132	2	-1262.09632856	0.05500000
13	133	2	-1262.05007470	0.05500000
13	134	2	-1262.68077285	0.05500000
13	135	2	-1264.82688846	0.05500000
13	136	2	-1264.39769315	0.05500000
13	137	2	-1266.70983600	0.05500000
13	138	2	-1268.13273397	0.05500000
13	139	2	-1266.14329197	0.05500000
13	140	2	-1268.85229251	0.05500000
13	141	2	-1269.73002589	0.05500000
13	142	2	-1273.24100954	0.05500000
13	143	2	-1271.02320169	0.05500000
13	144	2	-1280.27135115	0.05500000
13	145	2	-1279.11693973	0.05500000
13	146	2	-1285.28476297	0.05500000
13	147	2	-1284.16910457	0.05500000
13	148	2	-1287.61707977	0.05500000
13	149	2	-1290.26111139	0.05500000
13	150	2	-1291.69842321	0.05500000
13	151	2	-1291.47118056	0.05500000
13	152	2	-1294.76034669	0.05500000
13	153	2	-1293.73554737	0.05500000
13	154	2	-1295.20198189	0.05500000
13	155	2	-1295.31302347	0.05500000
13	156	2	-1297.47062661	0.05500000
13	157	2	-1296.16739688	0.05500000
13	158	2	-1297.26674480	0.05500000
13	159	2	-1299.88962490	0.05500000
13	160	2	-1299.10280760	0.05500000
13	161	2	-1302.87533445	0.05500000
13	162	2	-1299.95026165	0.05500000
13	163	2	-1302.17885591	0.05500000
13	164	2	-1298.85847952	0.05500000
13	165	2	-1300.91528777	0.05500000
13	166	2	-1301.58889764	0.05500000
13	167	2	-1302.25445148	0.05500000
13	168	2	-1299.74232858	0.05500000
13	169	2	-1301.60564784	0.05500000
13	170	2	-1306.88518820	0.05500000
13	171	2	-1294.45455139	0.05500000
13	172	2	-1302.87519548	0.05500000
13	173	2	-1298.86561154	0.05500000
13	174	2	-1300.67321704	0.05500000
13	175	2	-1295.00322732	0.05500000
13	176	2	-1296.57555429	0.05500000
13	177	2	-1293.06777898	0.05500000
13	178	2	-1292.58457863	0.05500000
13	179	2	-1296.33297556	0.05500000
13	180	2	-1290.60944918	0.05500000
13	181	2	-1289.16718520	0.05500000
13	182	2	-1291.86164561	0.05500000
13	183	2	-1283.28287059	0.05500000
13	184	2	-1281.48495961	0.05500000
13	185	2	-1279.96295731	0.05500000
13	186	2	0.00000000	0.05500000
13	187	2	0.00000000	0.05500000
13	188	2	0.00000000	0.05500000
13	189	2	0.00000000	0.05500000
13	190	2	0.00000000	0.05500000
13	191	2	0.00000000	0.05500000
13	192	2	0.00000000	0.05500000
13	193	2	0.00000000	0.05500000
13	194	2	0.00000000	0.05500000
13	195	2	0.00000000	0.05500000
13	196	2	0.00000000	0.05500000
13	197	2	-1232.68331176	0.05500000
13	198	2	-1211.92810122	0.05500000
13	199	2	-1242.91922972	0.05500000
13	200	2	-1195.17562245	0.05500000
13	201	2	-1212.88934207	0.05500000
13	202	2	-1191.16597621	0.05500000
13	203	2	-1179.58705679	0.05500000
13	204	2	-1171.65094797	0.05500000
13	205	2	-1174.57865879	0.05500000
13	206	2	-1145.92799722	0.05500000
13	207	2	-1163.27304030	0.05500000
13	208	2	-1131.17599420	0.05500000
13	209	2	-1103.64061936	0.05500000
13	210	2	-1122.44322968	0.05500000
13	211	2	-1124.85545527	0.05500000
13	212	2	-1116.82860635	0.05500000
13	213	2	-1121.44983855	0.05500000
14	0	2	-1174.70296249	0.05500000
14	1	2	-1182.29965151	0.05500000
14	2	2	-1175.37153120	0.05500000
14	3	2	-1234.08841554	0.05500000
14	4	2	0.00000000	0.05500000
14	5	2	0.00000000	0.05500000
14	6	2	0.00000000	0.05500000
14	7	2	0.00000000	0.05500000
14	8	2	0.00000000	0.05500000
14	9	2	0.00000000	0.05500000
14	10	2	0.00000000	0.05500000
14	11	2	0.00000000	0.05500000
14	12	2	0.00000000	0.05500000
14	13	2	0.00000000	0.05500000
14	14	2	-1219.66007607	0.05500000
14	15	2	-1234.72850575	0.05500000
14	16	2	-1232.38807237	0.05500000
14	17	2	-1236.05990262	0.05500000
14	18	2	-1234.36261703	0.05500000
14	19	2	-1246.69450319	0.05500000
14	20	2	-1228.75628515	0.05500000
14	21	2	-1249.73321115	0.05500000
14	22	2	-1226.70202252	0.05500000
14	23	2	-1251.26569774	0.05500000
14	24	2	-1224.79409237	0.05500000
14	25	2	-1251.05779839	0.05500000
14	26	2	-1236.10322025	0.05500000
14	27	2	-1248.53970304	0.05500000
14	28	2	-1234.33097687	0.05500000
14	29	2	-1259.48797690	0.05500000
14	30	2	-1231.55454928	0.05500000
14	31	2	-1270.60764268	0.05500000
14	32	2	-1220.85488503	0.05500000
14	33	2	-1253.31882325	0.05500000
14	34	2	-1246.51046137	0.05500000
14	35	2	-1234.58843053	0.05500000
14	36	2	-1263.87190689	0.05500000
14	37	2	-1233.62837886	0.05500000
14	38	2	-1248.68920326	0.05500000
14	39	2	-1248.42060281	0.05500000
14	40	2	-1253.37690119	0.05500000
14	41	2	-1241.62405336	0.05500000
14	42	2	-1246.44488979	0.05500000
14	43	2	-1249.36249043	0.05500000
14	44	2	-1248.18829463	0.05500000
14	45	2	-1256.19726032	0.05500000
14	46	2	-1241.20673548	0.05500000
14	47	2	-1255.69440273	0.05500000
14	48	2	-1239.22933182	0.05500000
14	49	2	-1256.00693835	0.05500000
14	50	2	-1242.33253154	0.05500000
14	51	2	-1255.75767220	0.05500000
14	52	2	-1241.61457501	0.05500000
14	53	2	-1257.32139545	0.05500000
14	54	2	-1239.35914410	0.05500000
14	55	2	-1258.27221984	0.05500000
14	56	2	-1231.41775162	0.05500000
14	57	2	-1262.76595422	0.05500000
14	58	2	-1236.49332421	0.05500000
14	59	2	-1259.15490724	0.05500000
14	60	2	-1239.91699174	0.05500000
14	61	2	-1255.83633336	0.05500000
14	62	2	-1238.02688702	0.05500000
14	63	2	-1260.59878263	0.05500000
14	64	2	-1217.19509299	0.05500000
14	65	2	-1250.17927201	0.05500000
14	66	2	-1234.18980833	0.05500000
14	67	2	-1239.34183080	0.05500000
14	68	2	-1236.72196775	0.05500000
14	69	2	-1239.05239910	0.05500000
14	70	2	-1232.03949645	0.05500000
14	71	2	-1240.63851459	0.05500000
14	72	2	-1229.77929278	0.05500000
14	73	2	-1246.86210921	0.05500000
14	74	2	-1226.55235690	0.05500000
14	75	2	-1241.99446761	0.05500000
14	76	2	-1228.84008019	0.05500000
14	77	2	-1236.45156307	0.05500000
14	78	2	-1223.44707744	0.05500000
14	79	2	-1245.95966647	0.05500000
14	80	2	-1222.40900572	0.05500000
14	81	2	-1239.20324075	0.05500000
14	82	2	-1221.40213836	0.05500000
14	83	2	-1232.15571547	0.05500000
14	84	2	-1220.01700150	0.05500000
14	85	2	-1228.51158192	0.05500000
14	86	2	-1214.11855388	0.05500000
14	87	2	-1232.08340049	0.05500000
14	88	2	-1214.09017015	0.05500000
14	89	2	-1222.86101618	0.05500000
14	90	2	-1212.46713225	0.05500000
14	91	2	-1220.55098082	0.05500000
14	92	2	-1207.14967328	0.05500000
14	93	2	-1216.41065791	0.05500000
14	94	2	0.00000000	0.05500000
14	95	2	0.00000000	0.05500000
14	96	2	0.00000000	0.05500000
14	97	2	0.00000000	0.05500000
14	98	2	0.00000000	0.05500000
14	99	2	0.00000000	0.05500000
14	100	2	0.00000000	0.05500000
14	101	2	0.00000000	0.05500000
14	102	2	0.00000000	0.05500000
14	103	2	0.00000000	0.05500000
14	104	2	-1234.05631490	0.05500000
14	105	2	-1234.07354368	0.05500000
14	106	2	-1228.67829002	0.05500000
14	107	2	-1228.66825979	0.05500000
14	108	2	0.00000000	0.05500000
14	109	2	0.00000000	0.05500000
14	110	2	0.00000000	0.05500000
14	111	2	0.00000000	0.05500000
14	112	2	0.00000000	0.05500000
14	113	2	0.00000000	0.05500000
14	114	2	0.00000000	0.05500000
14	115	2	0.00000000	0.05500000
14	116	2	0.00000000	0.05500000
14	117	2	0.00000000	0.05500000
14	118	2	-1228.67534790	0.05500000
14	119	2	-1228.67534790	0.05500000
14	120	2	-1228.67534790	0.05500000
14	121	2	-1228.67534790	0.05500000
14	122	2	-1228.67534790	0.05500000
14	123	2	-1228.67534790	0.05500000
14	124	2	-1228.67534790	0.05500000
14	125	2	-1213.58143598	0.05500000
14	126	2	-1228.67534790	0.05500000
14	127	2	-1211.84039695	0.05500000
14	128	2	-1221.17774005	0.05500000
14	129	2	-1216.94645552	0.05500000
14	130	2	-1222.52277056	0.05500000
14	131	2	-1218.69297859	0.05500000
14	132	2	-1224.68169005	0.05500000
14	133	2	-1221.33105566	0.05500000
14	134	2	-1228.38854073	0.05500000
14	135	2	-1224.61420699	0.05500000
14	136	2	-1228.01774357	0.05500000
14	137	2	-1226.97720649	0.05500000
14	138	2	-1231.76215392	0.05500000
14	139	2	-1227.71465498	0.05500000
14	140	2	-1237.54577567	0.05500000
14	141	2	-1233.28142884	0.05500000
14	142	2	-1238.08382304	0.05500000
14	143	2	-1235.37289598	0.05500000
14	144	2	-1241.00633464	0.05500000
14	145	2	-1238.07416274	0.05500000
14	146	2	-1244.04021547	0.05500000
14	147	2	-1242.21694425	0.05500000
14	148	2	-1246.19366298	0.05500000
14	149	2	-1246.70368709	0.05500000
14	150	2	-1251.53730355	0.05500000
14	151	2	-1251.98194958	0.05500000
14	152	2	-1253.10675204	0.05500000
14	153	2	-1253.13009038	0.05500000
14	154	2	-1256.75813180	0.05500000
14	155	2	-1256.74192441	0.05500000
14	156	2	-1259.68907126	0.05500000
14	157	2	-1255.96477209	0.05500000
14	158	2	-1260.76942312	0.05500000
14	159	2	-1257.19869449	0.05500000
14	160	2	-1259.74996953	0.05500000
14	161	2	-1257.42169572	0.05500000
14	162	2	-1257.02546648	0.05500000
14	163	2	-1253.42151855	0.05500000
14	164	2	-1259.44031943	0.05500000
14	165	2	-1253.46443920	0.05500000
14	166	2	-1259.92846534	0.05500000
14	167	2	-1255.60125339	0.05500000
14	168	2	-1263.46732168	0.05500000
14	169	2	-1254.62985583	0.05500000
14	170	2	-1259.82944742	0.05500000
14	171	2	-1244.26201089	0.05500000
14	172	2	-1257.77908315	0.05500000
14	173	2	-1248.46522423	0.05500000
14	174	2	-1258.09367576	0.05500000
14	175	2	-1246.95272152	0.05500000
14	176	2	-1252.60806598	0.05500000
14	177	2	-1249.09627255	0.05500000
14	178	2	-1256.72259869	0.05500000
14	179	2	-1247.73032147	0.05500000
14	180	2	-1254.58153064	0.05500000
14	181	2	-1249.82096713	0.05500000
14	182	2	-1255.71390562	0.05500000
14	183	2	-1249.03252573	0.05500000
14	184	2	-1248.49083413	0.05500000
14	185	2	-1249.61131991	0.05500000
14	186	2	-1249.43536301	0.05500000
14	187	2	-1241.86321180	0.05500000
14	188	2	-1245.88283203	0.05500000
14	189	2	-1237.31602503	0.05500000
14	190	2	-1239.11380623	0.05500000
14	191	2	-1234.76022163	0.05500000
14	192	2	-1240.04127076	0.05500000
14	193	2	-1213.86200771	0.05500000
14	194	2	-1235.24373701	0.05500000
14	195	2	-1217.05078974	0.05500000
14	196	2	-1203.74638258	0.05500000
14	197	2	-1200.93809625	0.05500000
14	198	2	0.00000000	0.05500000
14	199	2	0.00000000	0.05500000
14	200	2	0.00000000	0.05500000
14	201	2	0.00000000	0.05500000
14	202	2	0.00000000	0.05500000
14	203	2	0.00000000	0.05500000
14	204	2	0.00000000	0.05500000
14	205	2	0.00000000	0.05500000
14	206	2	0.00000000	0.05500000
14	207	2	0.00000000	0.05500000
14	208	2	-1021.74223152	0.05500000
14	209	2	-1026.60447220	0.05500000
14	210	2	-1015.79241292	0.05500000
14	211	2	-924.48975979	0.05500000
15	0	2	0.00000000	0.05500000
15	1	2	0.00000000	0.05500000
15	2	2	0.00000000	0.05500000
15	3	2	0.00000000	0.05500000
15	4	2	-1180.02232079	0.05500000
15	5	2	-1179.94419189	0.05500000
15	6	2	-1192.44447193	0.05500000
15	7	2	-1193.32800247	0.05500000
15	8	2	-1195.88185318	0.05500000
15	9	2	-1199.85758327	0.05500000
15	10	2	-1217.08125738	0.05500000
15	11	2	-1199.37994652	0.05500000
15	12	2	-1226.76892877	0.05500000
15	13	2	-1212.55576905	0.05500000
15	14	2	-1225.73033072	0.05500000
15	15	2	-1220.41835213	0.05500000
15	16	2	-1227.46969219	0.05500000
15	17	2	-1225.82669153	0.05500000
15	18	2	-1231.11466727	0.05500000
15	19	2	-1219.65512711	0.05500000
15	20	2	-1244.75258935	0.05500000
15	21	2	-1218.93416684	0.05500000
15	22	2	-1232.77654557	0.05500000
15	23	2	-1239.32425408	0.05500000
15	24	2	-1214.86483292	0.05500000
15	25	2	-1250.86569830	0.05500000
15	26	2	-1229.42554034	0.05500000
15	27	2	-1229.85827081	0.05500000
15	28	2	-1246.77151705	0.05500000
15	29	2	-1232.98085680	0.05500000
15	30	2	-1234.80450664	0.05500000
15	31	2	-1234.71184131	0.05500000
15	32	2	-1241.36053761	0.05500000
15	33	2	-1234.08841554	0.05500000
15	34	2	-1244.84263312	0.05500000
15	35	2	-1231.90238914	0.05500000
15	36	2	-1240.48467020	0.05500000
15	37	2	-1240.43748063	0.05500000
15	38	2	-1238.09530302	0.05500000
15	39	2	-1232.72293512	0.05500000
15	40	2	-1245.79519962	0.05500000
15	41	2	-1230.61562461	0.05500000
15	42	2	-1247.51564378	0.05500000
15	43	2	-1225.81677677	0.05500000
15	44	2	-1245.80761848	0.05500000
15	45	2	-1239.83955253	0.05500000
15	46	2	-1240.84357200	0.05500000
15	47	2	-1246.33818693	0.05500000
15	48	2	-1238.81345810	0.05500000
15	49	2	-1244.92021266	0.05500000
15	50	2	-1245.40037020	0.05500000
15	51	2	-1239.36791543	0.05500000
15	52	2	-1252.39827640	0.05500000
15	53	2	-1238.36327123	0.05500000
15	54	2	-1253.84908810	0.05500000
15	55	2	-1239.48801802	0.05500000
15	56	2	-1254.33404531	0.05500000
15	57	2	-1243.29433922	0.05500000
15	58	2	-1260.28463870	0.05500000
15	59	2	-1236.24423345	0.05500000
15	60	2	-1264.41207245	0.05500000
15	61	2	-1222.50406499	0.05500000
15	62	2	-1256.13012023	0.05500000
15	63	2	-1249.12359673	0.05500000
15	64	2	-1249.81513773	0.05500000
15	65	2	-1238.23531219	0.05500000
15	66	2	-1268.40064591	0.05500000
15	67	2	-1234.16098159	0.05500000
15	68	2	-1243.65997600	0.05500000
15	69	2	-1244.21522149	0.05500000
15	70	2	-1249.74254919	0.05500000
15	71	2	-1238.53026206	0.05500000
15	72	2	-1251.98172133	0.05500000
15	73	2	-1233.67907771	0.05500000
15	74	2	-1249.42111990	0.05500000
15	75	2	-1229.17394367	0.05500000
15	76	2	-1254.04987847	0.05500000
15	77	2	-1234.27948113	0.05500000
15	78	2	-1247.97994071	0.05500000
15	79	2	-1227.43417867	0.05500000
15	80	2	-1244.30365783	0.05500000
15	81	2	-1226.84908793	0.05500000
15	82	2	-1238.62962228	0.05500000
15	83	2	-1221.59537810	0.05500000
15	84	2	-1235.90414681	0.05500000
15	85	2	-1222.54572689	0.05500000
15	86	2	-1229.54984357	0.05500000
15	87	2	-1218.44726254	0.05500000
15	88	2	-1228.89877598	0.05500000
15	89	2	-1215.17976212	0.05500000
15	90	2	-1222.73951452	0.05500000
15	91	2	0.00000000	0.05500000
15	92	2	0.00000000	0.05500000
15	93	2	0.00000000	0.05500000
15	94	2	0.00000000	0.05500000
15	95	2	0.00000000	0.05500000
15	96	2	0.00000000	0.05500000
15	97	2	0.00000000	0.05500000
15	98	2	0.00000000	0.05500000
15	99	2	0.00000000	0.05500000
15	100	2	0.00000000	0.05500000
15	101	2	-1199.81708291	0.05500000
15	102	2	-1206.71353916	0.05500000
15	103	2	-1199.45697439	0.05500000
15	104	2	-1206.07830615	0.05500000
15	105	2	-1198.05639569	0.05500000
15	106	2	-1234.08852211	0.05500000
15	107	2	-1228.66334589	0.05500000
15	108	2	-1228.68064942	0.05500000
15	109	2	-1228.68378317	0.05500000
15	110	2	-1228.68860994	0.05500000
15	111	2	-1228.65757920	0.05500000
15	112	2	-1228.67705751	0.05500000
15	113	2	0.00000000	0.05500000
15	114	2	0.00000000	0.05500000
15	115	2	0.00000000	0.05500000
15	116	2	0.00000000	0.05500000
15	117	2	0.00000000	0.05500000
15	118	2	0.00000000	0.05500000
15	119	2	0.00000000	0.05500000
15	120	2	0.00000000	0.05500000
15	121	2	0.00000000	0.05500000
15	122	2	0.00000000	0.05500000
15	123	2	-1228.67534790	0.05500000
15	124	2	-1228.67534790	0.05500000
15	125	2	-1209.06910959	0.05500000
15	126	2	-1228.67534790	0.05500000
15	127	2	-1228.67534790	0.05500000
15	128	2	-1228.67534790	0.05500000
15	129	2	-1209.20165686	0.05500000
15	130	2	-1212.73418280	0.05500000
15	131	2	-1211.15050362	0.05500000
15	132	2	-1213.22362973	0.05500000
15	133	2	-1213.43552151	0.05500000
15	134	2	-1214.14673401	0.05500000
15	135	2	-1212.63395096	0.05500000
15	136	2	-1216.29004212	0.05500000
15	137	2	-1215.37358702	0.05500000
15	138	2	-1218.19865128	0.05500000
15	139	2	-1215.74286656	0.05500000
15	140	2	-1218.51835873	0.05500000
15	141	2	-1219.52933326	0.05500000
15	142	2	-1221.47650801	0.05500000
15	143	2	-1222.97061427	0.05500000
15	144	2	-1225.93838501	0.05500000
15	145	2	-1226.86420428	0.05500000
15	146	2	-1231.47219444	0.05500000
15	147	2	-1228.53079678	0.05500000
15	148	2	-1233.73361883	0.05500000
15	149	2	-1230.12267441	0.05500000
15	150	2	-1236.95608231	0.05500000
15	151	2	-1235.09997437	0.05500000
15	152	2	-1239.25789465	0.05500000
15	153	2	-1238.73864076	0.05500000
15	154	2	-1244.73681354	0.05500000
15	155	2	-1240.77224843	0.05500000
15	156	2	-1244.91244301	0.05500000
15	157	2	-1239.31285344	0.05500000
15	158	2	-1244.60498443	0.05500000
15	159	2	-1241.96352408	0.05500000
15	160	2	-1250.01480397	0.05500000
15	161	2	-1244.92311970	0.05500000
15	162	2	-1253.80734004	0.05500000
15	163	2	-1247.35334325	0.05500000
15	164	2	-1252.83478008	0.05500000
15	165	2	-1248.21104313	0.05500000
15	166	2	-1253.75332135	0.05500000
15	167	2	-1248.27908721	0.05500000
15	168	2	-1252.49868977	0.05500000
15	169	2	-1248.05144562	0.05500000
15	170	2	-1254.50560180	0.05500000
15	171	2	-1245.51044715	0.05500000
15	172	2	-1255.86446593	0.05500000
15	173	2	-1242.01636459	0.05500000
15	174	2	-1255.24591606	0.05500000
15	175	2	-1242.13236864	0.05500000
15	176	2	-1252.63319281	0.05500000
15	177	2	-1243.60839594	0.05500000
15	178	2	-1252.16877624	0.05500000
15	179	2	-1244.90165995	0.05500000
15	180	2	-1253.47223527	0.05500000
15	181	2	-1238.44196268	0.05500000
15	182	2	-1251.56222445	0.05500000
15	183	2	-1244.84828465	0.05500000
15	184	2	-1250.03041018	0.05500000
15	185	2	-1242.66669754	0.05500000
15	186	2	-1249.23461207	0.05500000
15	187	2	-1244.68222627	0.05500000
15	188	2	-1249.02956001	0.05500000
15	189	2	-1233.33541293	0.05500000
15	190	2	-1248.94395388	0.05500000
15	191	2	-1232.20729765	0.05500000
15	192	2	-1243.27071610	0.05500000
15	193	2	-1237.30824162	0.05500000
15	194	2	-1237.77896837	0.05500000
15	195	2	-1229.23809215	0.05500000
15	196	2	-1232.69334201	0.05500000
15	197	2	-1229.93544853	0.05500000
15	198	2	-1229.03150928	0.05500000
15	199	2	-1212.26552646	0.05500000
15	200	2	-1222.84262436	0.05500000
15	201	2	-1189.95081815	0.05500000
15	202	2	-1231.62214384	0.05500000
15	203	2	-1176.38083666	0.05500000
15	204	2	-1198.47772741	0.05500000
15	205	2	-1170.25907740	0.05500000
15	206	2	-1164.31693458	0.05500000
15	207	2	-1113.80775911	0.05500000
15	208	2	-1140.39589977	0.05500000
15	209	2	-1089.17817480	0.05500000
15	210	2	0.00000000	0.05500000
15	211	2	0.00000000	0.05500000
15	212	2	0.00000000	0.05500000
15	213	2	0.00000000	0.05500000
16	0	2	-1147.56730712	0.05500000
16	1	2	-1198.39932279	0.05500000
16	2	2	-1191.99602275	0.05500000
16	3	2	-1220.31773664	0.05500000
16	4	2	-1213.62325617	0.05500000
16	5	2	-1235.51402075	0.05500000
16	6	2	-1249.89612692	0.05500000
16	7	2	-1244.92581918	0.05500000
16	8	2	-1267.13369719	0.05500000
16	9	2	-1262.48250050	0.05500000
16	10	2	-1272.41410100	0.05500000
16	11	2	-1279.53662517	0.05500000
16	12	2	-1282.78046268	0.05500000
16	13	2	-1294.16402450	0.05500000
16	14	2	-1279.28859869	0.05500000
16	15	2	-1302.70328562	0.05500000
16	16	2	-1292.03912053	0.05500000
16	17	2	-1293.21373358	0.05500000
16	18	2	-1292.92795067	0.05500000
16	19	2	-1309.57711473	0.05500000
16	20	2	-1293.93133158	0.05500000
16	21	2	-1297.23433685	0.05500000
16	22	2	-1308.26169400	0.05500000
16	23	2	-1296.28411263	0.05500000
16	24	2	-1307.24601707	0.05500000
16	25	2	-1305.92335359	0.05500000
16	26	2	-1299.90927212	0.05500000
16	27	2	-1310.76768661	0.05500000
16	28	2	-1308.51884520	0.05500000
16	29	2	-1301.94842525	0.05500000
16	30	2	-1303.99689675	0.05500000
16	31	2	-1306.21541627	0.05500000
16	32	2	-1305.77319516	0.05500000
16	33	2	-1309.76761321	0.05500000
16	34	2	-1298.22803369	0.05500000
16	35	2	-1311.75398587	0.05500000
16	36	2	-1307.44744375	0.05500000
16	37	2	-1310.04962690	0.05500000
16	38	2	-1296.87950808	0.05500000
16	39	2	-1319.80175370	0.05500000
16	40	2	-1288.45890619	0.05500000
16	41	2	-1326.11340619	0.05500000
16	42	2	-1294.20715646	0.05500000
16	43	2	-1306.41220785	0.05500000
16	44	2	-1323.22673252	0.05500000
16	45	2	-1298.22460071	0.05500000
16	46	2	-1314.95689402	0.05500000
16	47	2	-1315.81427310	0.05500000
16	48	2	-1308.59153254	0.05500000
16	49	2	-1319.39850842	0.05500000
16	50	2	-1312.37529294	0.05500000
16	51	2	-1315.05104908	0.05500000
16	52	2	-1317.59093610	0.05500000
16	53	2	-1309.96447410	0.05500000
16	54	2	-1317.25752477	0.05500000
16	55	2	-1315.82942177	0.05500000
16	56	2	-1320.88704573	0.05500000
16	57	2	-1312.02171852	0.05500000
16	58	2	-1324.90015464	0.05500000
16	59	2	-1311.05750345	0.05500000
16	60	2	-1313.50609273	0.05500000
16	61	2	-1322.90035597	0.05500000
16	62	2	-1319.74368381	0.05500000
16	63	2	-1312.29499918	0.05500000
16	64	2	-1323.46819058	0.05500000
16	65	2	-1310.68669863	0.05500000
16	66	2	-1317.33257660	0.05500000
16	67	2	-1308.32400601	0.05500000
16	68	2	-1324.03043234	0.05500000
16	69	2	-1310.75661797	0.05500000
16	70	2	-1319.97812156	0.05500000
16	71	2	-1314.49940919	0.05500000
16	72	2	-1316.45000655	0.05500000
16	73	2	-1308.89218904	0.05500000
16	74	2	-1309.97814796	0.05500000
16	75	2	-1306.27574454	0.05500000
16	76	2	-1309.01821836	0.05500000
16	77	2	-1309.96482691	0.05500000
16	78	2	-1302.34270491	0.05500000
16	79	2	-1303.71016941	0.05500000
16	80	2	-1304.45011359	0.05500000
16	81	2	-1296.18095002	0.05500000
16	82	2	-1299.54222763	0.05500000
16	83	2	-1292.33100536	0.05500000
16	84	2	-1299.09639031	0.05500000
16	85	2	-1291.45136749	0.05500000
16	86	2	-1291.09976473	0.05500000
16	87	2	-1291.28594444	0.05500000
16	88	2	-1288.09315721	0.05500000
16	89	2	-1282.31816417	0.05500000
16	90	2	-1286.00155584	0.05500000
16	91	2	0.00000000	0.05500000
16	92	2	0.00000000	0.05500000
16	93	2	0.00000000	0.05500000
16	94	2	0.00000000	0.05500000
16	95	2	0.00000000	0.05500000
16	96	2	0.00000000	0.05500000
16	97	2	0.00000000	0.05500000
16	98	2	0.00000000	0.05500000
16	99	2	0.00000000	0.05500000
16	100	2	-1274.17463863	0.05500000
16	101	2	-1271.31986089	0.05500000
16	102	2	-1271.19974495	0.05500000
16	103	2	-1269.06157593	0.05500000
16	104	2	-1268.64325936	0.05500000
16	105	2	-1266.26399837	0.05500000
16	106	2	-1270.72847905	0.05500000
16	107	2	-1266.45786827	0.05500000
16	108	2	-1294.91131858	0.05500000
16	109	2	-1294.93882337	0.05500000
16	110	2	-1288.64807370	0.05500000
16	111	2	-1288.67575820	0.05500000
16	112	2	-1288.68276849	0.05500000
16	113	2	-1288.67078316	0.05500000
16	114	2	-1288.67351817	0.05500000
16	115	2	-1288.66994375	0.05500000
16	116	2	-1288.68550558	0.05500000
16	117	2	-1288.66844484	0.05500000
16	118	2	-1288.67186685	0.05500000
16	119	2	-1288.70942642	0.05500000
16	120	2	0.00000000	0.05500000
16	121	2	0.00000000	0.05500000
16	122	2	0.00000000	0.05500000
16	123	2	0.00000000	0.05500000
16	124	2	0.00000000	0.05500000
16	125	2	0.00000000	0.05500000
16	126	2	0.00000000	0.05500000
16	127	2	0.00000000	0.05500000
16	128	2	0.00000000	0.05500000
16	129	2	-1288.67708182	0.05500000
16	130	2	-1288.67708182	0.05500000
16	131	2	-1285.69731484	0.05500000
16	132	2	-1287.70183124	0.05500000
16	133	2	-1285.93102673	0.05500000
16	134	2	-1288.96009399	0.05500000
16	135	2	-1287.75989902	0.05500000
16	136	2	-1287.94267084	0.05500000
16	137	2	-1291.67111354	0.05500000
16	138	2	-1290.25186876	0.05500000
16	139	2	-1290.87523003	0.05500000
16	140	2	-1288.91504010	0.05500000
16	141	2	-1288.39904398	0.05500000
16	142	2	-1289.22371891	0.05500000
16	143	2	-1291.83922733	0.05500000
16	144	2	-1292.66930865	0.05500000
16	145	2	-1293.13786948	0.05500000
16	146	2	-1295.51762199	0.05500000
16	147	2	-1295.57175076	0.05500000
16	148	2	-1296.30430269	0.05500000
16	149	2	-1299.32298048	0.05500000
16	150	2	-1297.54077375	0.05500000
16	151	2	-1301.56295059	0.05500000
16	152	2	-1301.64826007	0.05500000
16	153	2	-1304.82330696	0.05500000
16	154	2	-1303.10533161	0.05500000
16	155	2	-1306.85025412	0.05500000
16	156	2	-1303.70786818	0.05500000
16	157	2	-1310.94829059	0.05500000
16	158	2	-1304.09839544	0.05500000
16	159	2	-1311.38849639	0.05500000
16	160	2	-1309.45625458	0.05500000
16	161	2	-1312.03329115	0.05500000
16	162	2	-1308.15389918	0.05500000
16	163	2	-1288.67708182	0.05500000
16	164	2	-1308.71934584	0.05500000
16	165	2	-1311.16506411	0.05500000
16	166	2	-1310.53348432	0.05500000
16	167	2	-1313.05108632	0.05500000
16	168	2	-1313.30831216	0.05500000
16	169	2	-1314.62174206	0.05500000
16	170	2	-1313.44634047	0.05500000
16	171	2	-1288.67708182	0.05500000
16	172	2	-1313.33567066	0.05500000
16	173	2	-1316.96936934	0.05500000
16	174	2	-1310.92144522	0.05500000
16	175	2	-1313.09892076	0.05500000
16	176	2	-1313.23081372	0.05500000
16	177	2	-1315.84102514	0.05500000
16	178	2	-1313.44985789	0.05500000
16	179	2	-1312.55293398	0.05500000
16	180	2	-1307.07015231	0.05500000
16	181	2	-1311.97335228	0.05500000
16	182	2	-1305.90949007	0.05500000
16	183	2	-1309.16491516	0.05500000
16	184	2	-1307.68818773	0.05500000
16	185	2	-1307.97807904	0.05500000
16	186	2	-1306.38853608	0.05500000
16	187	2	-1309.05771481	0.05500000
16	188	2	-1301.24294312	0.05500000
16	189	2	-1306.46495525	0.05500000
16	190	2	-1300.51726539	0.05500000
16	191	2	-1300.60636815	0.05500000
16	192	2	-1302.99582834	0.05500000
16	193	2	-1296.00776094	0.05500000
16	194	2	-1301.87213561	0.05500000
16	195	2	-1298.86020928	0.05500000
16	196	2	-1295.44280262	0.05500000
16	197	2	-1298.83688334	0.05500000
16	198	2	-1292.51980423	0.05500000
16	199	2	-1294.82810095	0.05500000
16	200	2	-1288.95023878	0.05500000
16	201	2	-1292.76274386	0.05500000
16	202	2	-1286.95449506	0.05500000
16	203	2	-1284.35213072	0.05500000
16	204	2	-1293.14650810	0.05500000
16	205	2	-1268.02423433	0.05500000
16	206	2	-1285.97489502	0.05500000
16	207	2	-1264.86037514	0.05500000
16	208	2	-1268.35978740	0.05500000
16	209	2	-1261.66457681	0.05500000
16	210	2	-1235.22303452	0.05500000
16	211	2	-1255.19521407	0.05500000
16	212	2	-1212.08634291	0.05500000
16	213	2	-1209.33717063	0.05500000
16	214	2	-1185.72911669	0.05500000
16	215	2	-1147.05078351	0.05500000
16	216	2	-1077.32638649	0.05500000
16	217	2	-1121.81090951	0.05500000
16	218	2	-1054.15187681	0.05500000
16	219	2	-1288.67708182	0.05500000
17	0	2	-1146.59336461	0.05500000
17	1	2	-1178.21762859	0.05500000
17	2	2	-1192.70093328	0.05500000
17	3	2	-1201.17239738	0.05500000
17	4	2	-1250.17358253	0.05500000
17	5	2	-1236.27539732	0.05500000
17	6	2	-1250.30941655	0.05500000
17	7	2	-1258.35470498	0.05500000
17	8	2	-1269.26807847	0.05500000
17	9	2	-1282.48233915	0.05500000
17	10	2	-1263.46513391	0.05500000
17	11	2	-1283.98791939	0.05500000
17	12	2	-1282.11270411	0.05500000
17	13	2	-1284.66210659	0.05500000
17	14	2	-1290.67872232	0.05500000
17	15	2	-1286.58597342	0.05500000
17	16	2	-1290.17032542	0.05500000
17	17	2	-1295.46906481	0.05500000
17	18	2	-1290.35566830	0.05500000
17	19	2	-1292.63261031	0.05500000
17	20	2	-1302.88640507	0.05500000
17	21	2	-1291.99111597	0.05500000
17	22	2	-1313.35045495	0.05500000
17	23	2	-1272.82606065	0.05500000
17	24	2	-1314.35870980	0.05500000
17	25	2	-1295.52114015	0.05500000
17	26	2	-1301.34133519	0.05500000
17	27	2	-1305.22533679	0.05500000
17	28	2	-1296.80362137	0.05500000
17	29	2	-1311.94310901	0.05500000
17	30	2	-1297.31788167	0.05500000
17	31	2	-1306.42046618	0.05500000
17	32	2	-1304.75484958	0.05500000
17	33	2	-1298.35283777	0.05500000
17	34	2	-1306.69918233	0.05500000
17	35	2	-1312.90132771	0.05500000
17	36	2	-1296.90645297	0.05500000
17	37	2	-1316.63202772	0.05500000
17	38	2	-1300.71369366	0.05500000
17	39	2	-1315.66069674	0.05500000
17	40	2	-1301.32712858	0.05500000
17	41	2	-1312.81827117	0.05500000
17	42	2	-1301.75107786	0.05500000
17	43	2	-1318.03982402	0.05500000
17	44	2	-1311.47261838	0.05500000
17	45	2	-1297.14796501	0.05500000
17	46	2	-1322.71768145	0.05500000
17	47	2	-1307.00847758	0.05500000
17	48	2	-1310.76051923	0.05500000
17	49	2	-1316.49784161	0.05500000
17	50	2	-1317.28763144	0.05500000
17	51	2	-1313.33331758	0.05500000
17	52	2	-1317.21572667	0.05500000
17	53	2	-1321.06896136	0.05500000
17	54	2	-1307.13274285	0.05500000
17	55	2	-1329.38836806	0.05500000
17	56	2	-1314.30162149	0.05500000
17	57	2	-1294.93251772	0.05500000
17	58	2	-1319.81447009	0.05500000
17	59	2	-1306.97357959	0.05500000
17	60	2	-1319.33237451	0.05500000
17	61	2	-1318.14063077	0.05500000
17	62	2	-1326.17492886	0.05500000
17	63	2	-1318.22472932	0.05500000
17	64	2	-1325.44103925	0.05500000
17	65	2	-1316.30143423	0.05500000
17	66	2	-1321.47129362	0.05500000
17	67	2	-1327.51010992	0.05500000
17	68	2	-1310.81921592	0.05500000
17	69	2	-1335.98081940	0.05500000
17	70	2	-1305.90670404	0.05500000
17	71	2	-1332.15433167	0.05500000
17	72	2	-1311.12010637	0.05500000
17	73	2	-1315.93540612	0.05500000
17	74	2	-1320.58808690	0.05500000
17	75	2	-1318.31241765	0.05500000
17	76	2	-1315.65039152	0.05500000
17	77	2	-1311.26057508	0.05500000
17	78	2	-1314.95073980	0.05500000
17	79	2	-1310.05986309	0.05500000
17	80	2	-1306.30228927	0.05500000
17	81	2	-1305.71498054	0.05500000
17	82	2	-1308.39551213	0.05500000
17	83	2	-1308.62375723	0.05500000
17	84	2	-1296.29641145	0.05500000
17	85	2	-1304.07656340	0.05500000
17	86	2	-1301.48258905	0.05500000
17	87	2	-1293.26643313	0.05500000
17	88	2	-1292.77200170	0.05500000
17	89	2	0.00000000	0.05500000
17	90	2	0.00000000	0.05500000
17	91	2	0.00000000	0.05500000
17	92	2	0.00000000	0.05500000
17	93	2	0.00000000	0.05500000
17	94	2	0.00000000	0.05500000
17	95	2	0.00000000	0.05500000
17	96	2	0.00000000	0.05500000
17	97	2	0.00000000	0.05500000
17	98	2	-1280.76438261	0.05500000
17	99	2	-1282.27575355	0.05500000
17	100	2	-1282.87071713	0.05500000
17	101	2	-1279.34506938	0.05500000
17	102	2	-1281.63936970	0.05500000
17	103	2	-1278.20215793	0.05500000
17	104	2	-1278.60592856	0.05500000
17	105	2	-1274.48478082	0.05500000
17	106	2	-1277.52254562	0.05500000
17	107	2	-1276.92134327	0.05500000
17	108	2	-1276.81566885	0.05500000
17	109	2	-1273.27149191	0.05500000
17	110	2	-1294.92141565	0.05500000
17	111	2	-1294.94933937	0.05500000
17	112	2	-1288.70006638	0.05500000
17	113	2	-1288.68691463	0.05500000
17	114	2	-1288.69671045	0.05500000
17	115	2	-1288.65336802	0.05500000
17	116	2	-1288.67087145	0.05500000
17	117	2	-1288.70795286	0.05500000
17	118	2	-1288.66966041	0.05500000
17	119	2	-1288.64713869	0.05500000
17	120	2	-1288.67047364	0.05500000
17	121	2	-1288.68477592	0.05500000
17	122	2	-1288.66682981	0.05500000
17	123	2	-1288.67708182	0.05500000
17	124	2	-1288.67708182	0.05500000
17	125	2	-1288.67708182	0.05500000
17	126	2	0.00000000	0.05500000
17	127	2	0.00000000	0.05500000
17	128	2	0.00000000	0.05500000
17	129	2	0.00000000	0.05500000
17	130	2	0.00000000	0.05500000
17	131	2	0.00000000	0.05500000
17	132	2	0.00000000	0.05500000
17	133	2	0.00000000	0.05500000
17	134	2	0.00000000	0.05500000
17	135	2	-1288.67708182	0.05500000
17	136	2	-1285.96575995	0.05500000
17	137	2	-1284.06496894	0.05500000
17	138	2	-1288.08271219	0.05500000
17	139	2	-1288.40144991	0.05500000
17	140	2	-1289.87936378	0.05500000
17	141	2	-1286.00029293	0.05500000
17	142	2	-1287.56236516	0.05500000
17	143	2	-1286.18794698	0.05500000
17	144	2	-1286.91863214	0.05500000
17	145	2	-1285.14134077	0.05500000
17	146	2	-1287.42752931	0.05500000
17	147	2	-1287.32870133	0.05500000
17	148	2	-1292.40446312	0.05500000
17	149	2	-1293.77142853	0.05500000
17	150	2	-1298.49543950	0.05500000
17	151	2	-1299.08356345	0.05500000
17	152	2	-1300.00662042	0.05500000
17	153	2	-1303.07237534	0.05500000
17	154	2	-1304.97684478	0.05500000
17	155	2	-1301.41653747	0.05500000
17	156	2	-1307.75542761	0.05500000
17	157	2	-1306.51510913	0.05500000
17	158	2	-1307.11381666	0.05500000
17	159	2	-1306.12516087	0.05500000
17	160	2	-1309.67994171	0.05500000
17	161	2	-1308.13340677	0.05500000
17	162	2	-1312.20993160	0.05500000
17	163	2	-1309.27783244	0.05500000
17	164	2	-1315.37920687	0.05500000
17	165	2	-1311.84859783	0.05500000
17	166	2	-1314.64722339	0.05500000
17	167	2	-1311.89085056	0.05500000
17	168	2	-1313.88315103	0.05500000
17	169	2	-1313.40890542	0.05500000
17	170	2	-1312.62407267	0.05500000
17	171	2	-1318.91800065	0.05500000
17	172	2	-1315.44584980	0.05500000
17	173	2	-1317.31237570	0.05500000
17	174	2	-1319.90569427	0.05500000
17	175	2	-1318.76280133	0.05500000
17	176	2	-1316.96575605	0.05500000
17	177	2	-1318.51393135	0.05500000
17	178	2	-1315.24232611	0.05500000
17	179	2	-1318.98443519	0.05500000
17	180	2	-1313.60676656	0.05500000
17	181	2	-1321.07862310	0.05500000
17	182	2	-1314.80591607	0.05500000
17	183	2	-1321.51841580	0.05500000
17	184	2	-1312.24825550	0.05500000
17	185	2	-1323.51501913	0.05500000
17	186	2	-1309.07835983	0.05500000
17	187	2	-1311.95456192	0.05500000
17	188	2	-1308.70592530	0.05500000
17	189	2	-1312.07019460	0.05500000
17	190	2	-1302.85652015	0.05500000
17	191	2	-1308.62528900	0.05500000
17	192	2	-1306.20559767	0.05500000
17	193	2	-1306.05431068	0.05500000
17	194	2	-1305.31401259	0.05500000
17	195	2	-1303.55059124	0.05500000
17	196	2	-1303.40975379	0.05500000
17	197	2	-1302.87527043	0.05500000
17	198	2	-1297.84067195	0.05500000
17	199	2	-1300.79488932	0.05500000
17	200	2	-1300.62052003	0.05500000
17	201	2	-1304.27558089	0.05500000
17	202	2	-1296.74010847	0.05500000
17	203	2	-1306.04252304	0.05500000
17	204	2	-1293.64979931	0.05500000
17	205	2	-1305.77938771	0.05500000
17	206	2	-1294.91335396	0.05500000
17	207	2	-1296.10370614	0.05500000
17	208	2	-1291.38925476	0.05500000
17	209	2	-1294.04340246	0.05500000
17	210	2	-1290.67897598	0.05500000
17	211	2	-1286.17982838	0.05500000
17	212	2	-1287.65484337	0.05500000
17	213	2	-1285.37818244	0.05500000
17	214	2	-1264.02572275	0.05500000
17	215	2	-1277.12504905	0.05500000
17	216	2	-1246.31087362	0.05500000
17	217	2	-1253.47962703	0.05500000
17	218	2	-1216.78303395	0.05500000
17	219	2	-1224.64219893	0.05500000
17	220	2	-1169.01949430	0.05500000
17	221	2	-1156.96294072	0.05500000
17	222	2	-1139.75628700	0.05500000
17	223	2	-1059.77545353	0.05500000
18	0	2	-1199.71805473	0.05500000
18	1	2	-1166.34167913	0.05500000
18	2	2	-1109.59066618	0.05500000
18	3	2	-1214.16611456	0.05500000
18	4	2	-1190.63658906	0.05500000
18	5	2	-1216.30118324	0.05500000
18	6	2	-1216.62497765	0.05500000
18	7	2	-1237.08631799	0.05500000
18	8	2	-1228.01207368	0.05500000
18	9	2	-1235.74014404	0.05500000
18	10	2	-1247.49425945	0.05500000
18	11	2	-1241.72186958	0.05500000
18	12	2	-1241.57123318	0.05500000
18	13	2	-1260.74620803	0.05500000
18	14	2	-1237.59987423	0.05500000
18	15	2	-1254.54376765	0.05500000
18	16	2	-1258.27089732	0.05500000
18	17	2	-1236.83058406	0.05500000
18	18	2	-1268.46074450	0.05500000
18	19	2	-1251.11609575	0.05500000
18	20	2	-1247.01114315	0.05500000
18	21	2	-1272.32881765	0.05500000
18	22	2	-1251.01635183	0.05500000
18	23	2	-1266.17059082	0.05500000
18	24	2	-1266.75300714	0.05500000
18	25	2	-1256.27228844	0.05500000
18	26	2	-1273.20329646	0.05500000
18	27	2	-1255.73694256	0.05500000
18	28	2	-1256.82827092	0.05500000
18	29	2	-1272.80331090	0.05500000
18	30	2	-1254.44003781	0.05500000
18	31	2	-1282.98656022	0.05500000
18	32	2	-1262.39456389	0.05500000
18	33	2	-1275.83069250	0.05500000
18	34	2	-1272.99745642	0.05500000
18	35	2	-1269.02730955	0.05500000
18	36	2	-1268.16583655	0.05500000
18	37	2	-1276.12247508	0.05500000
18	38	2	-1256.81696060	0.05500000
18	39	2	-1286.26851160	0.05500000
18	40	2	-1266.56080851	0.05500000
18	41	2	-1272.84749040	0.05500000
18	42	2	-1274.76642254	0.05500000
18	43	2	-1274.31819292	0.05500000
18	44	2	-1270.38766999	0.05500000
18	45	2	-1279.13021861	0.05500000
18	46	2	-1281.31193055	0.05500000
18	47	2	-1271.37186831	0.05500000
18	48	2	-1284.84292609	0.05500000
18	49	2	-1275.01867049	0.05500000
18	50	2	-1275.78168128	0.05500000
18	51	2	-1280.00446034	0.05500000
18	52	2	-1279.14509037	0.05500000
18	53	2	-1276.79383234	0.05500000
18	54	2	-1279.61414021	0.05500000
18	55	2	-1277.80347067	0.05500000
18	56	2	-1279.31101826	0.05500000
18	57	2	-1282.76631323	0.05500000
18	58	2	-1293.14935821	0.05500000
18	59	2	-1243.90368825	0.05500000
18	60	2	-1282.62023248	0.05500000
18	61	2	-1280.07443740	0.05500000
18	62	2	-1291.36893544	0.05500000
18	63	2	-1277.95673766	0.05500000
18	64	2	-1289.81024053	0.05500000
18	65	2	-1284.47846353	0.05500000
18	66	2	-1290.59215862	0.05500000
18	67	2	-1288.95720784	0.05500000
18	68	2	-1287.21850543	0.05500000
18	69	2	-1285.48329309	0.05500000
18	70	2	-1287.61533475	0.05500000
18	71	2	-1284.49769150	0.05500000
18	72	2	-1289.27893046	0.05500000
18	73	2	-1273.13924446	0.05500000
18	74	2	-1290.58666653	0.05500000
18	75	2	-1286.47329393	0.05500000
18	76	2	-1273.91758412	0.05500000
18	77	2	-1282.70868386	0.05500000
18	78	2	-1273.17383019	0.05500000
18	79	2	-1273.90487688	0.05500000
18	80	2	-1265.60584459	0.05500000
18	81	2	-1263.61530230	0.05500000
18	82	2	-1266.97977842	0.05500000
18	83	2	-1269.31477858	0.05500000
18	84	2	-1257.28915132	0.05500000
18	85	2	-1260.29585542	0.05500000
18	86	2	-1260.99892218	0.05500000
18	87	2	-1256.53503523	0.05500000
18	88	2	-1252.68112821	0.05500000
18	89	2	0.00000000	0.05500000
18	90	2	0.00000000	0.05500000
18	91	2	0.00000000	0.05500000
18	92	2	0.00000000	0.05500000
18	93	2	0.00000000	0.05500000
18	94	2	0.00000000	0.05500000
18	95	2	0.00000000	0.05500000
18	96	2	0.00000000	0.05500000
18	97	2	0.00000000	0.05500000
18	98	2	-1239.32864541	0.05500000
18	99	2	-1250.84626574	0.05500000
18	100	2	-1237.19436331	0.05500000
18	101	2	-1247.64411344	0.05500000
18	102	2	-1238.31571956	0.05500000
18	103	2	-1245.66583170	0.05500000
18	104	2	-1231.35876677	0.05500000
18	105	2	-1238.62648197	0.05500000
18	106	2	-1232.17390314	0.05500000
18	107	2	-1241.72586493	0.05500000
18	108	2	-1230.90266779	0.05500000
18	109	2	-1239.91012834	0.05500000
18	110	2	-1233.07353090	0.05500000
18	111	2	-1241.28316407	0.05500000
18	112	2	-1230.44869772	0.05500000
18	113	2	-1238.71122152	0.05500000
18	114	2	-1232.24433939	0.05500000
18	115	2	-1240.47517641	0.05500000
18	116	2	-1250.22403139	0.05500000
18	117	2	-1250.18881876	0.05500000
18	118	2	-1250.23830882	0.05500000
18	119	2	-1250.20368885	0.05500000
18	120	2	-1250.20700193	0.05500000
18	121	2	-1250.20402473	0.05500000
18	122	2	-1250.19779297	0.05500000
18	123	2	-1250.22653941	0.05500000
18	124	2	-1250.22765647	0.05500000
18	125	2	-1250.19049150	0.05500000
18	126	2	-1250.22260790	0.05500000
18	127	2	-1250.21001991	0.05500000
18	128	2	-1250.21001991	0.05500000
18	129	2	-1250.21001991	0.05500000
18	130	2	-1250.21001991	0.05500000
18	131	2	-1250.21001991	0.05500000
18	132	2	-1250.21001991	0.05500000
18	133	2	-1250.21001991	0.05500000
18	134	2	0.00000000	0.05500000
18	135	2	0.00000000	0.05500000
18	136	2	0.00000000	0.05500000
18	137	2	0.00000000	0.05500000
18	138	2	0.00000000	0.05500000
18	139	2	0.00000000	0.05500000
18	140	2	0.00000000	0.05500000
18	141	2	0.00000000	0.05500000
18	142	2	0.00000000	0.05500000
18	143	2	-1255.96719978	0.05500000
18	144	2	-1233.59831873	0.05500000
18	145	2	-1257.16112878	0.05500000
18	146	2	-1234.22846990	0.05500000
18	147	2	-1257.27072761	0.05500000
18	148	2	-1234.30780814	0.05500000
18	149	2	-1257.86464653	0.05500000
18	150	2	-1237.15182429	0.05500000
18	151	2	-1259.34849561	0.05500000
18	152	2	-1236.39639156	0.05500000
18	153	2	-1261.67935111	0.05500000
18	154	2	-1235.50811073	0.05500000
18	155	2	-1265.73297896	0.05500000
18	156	2	-1234.74931715	0.05500000
18	157	2	-1267.43219190	0.05500000
18	158	2	-1239.53484407	0.05500000
18	159	2	-1271.51142328	0.05500000
18	160	2	-1243.19134188	0.05500000
18	161	2	-1267.20242034	0.05500000
18	162	2	-1242.51617015	0.05500000
18	163	2	-1268.32962975	0.05500000
18	164	2	-1242.22057289	0.05500000
18	165	2	-1271.74290821	0.05500000
18	166	2	-1243.14775777	0.05500000
18	167	2	-1274.07968303	0.05500000
18	168	2	-1246.55366500	0.05500000
18	169	2	-1277.93353883	0.05500000
18	170	2	-1246.48114697	0.05500000
18	171	2	-1279.45971633	0.05500000
18	172	2	-1248.62548745	0.05500000
18	173	2	-1277.59323883	0.05500000
18	174	2	-1250.18348146	0.05500000
18	175	2	-1276.14965162	0.05500000
18	176	2	-1249.39685043	0.05500000
18	177	2	-1273.51142377	0.05500000
18	178	2	-1249.54937303	0.05500000
18	179	2	-1275.64376646	0.05500000
18	180	2	-1247.88057525	0.05500000
18	181	2	-1270.85499834	0.05500000
18	182	2	-1251.70223282	0.05500000
18	183	2	-1273.98614766	0.05500000
18	184	2	-1248.19039841	0.05500000
18	185	2	-1273.74227373	0.05500000
18	186	2	-1247.49000427	0.05500000
18	187	2	-1277.20773014	0.05500000
18	188	2	-1244.39077140	0.05500000
18	189	2	-1273.74992292	0.05500000
18	190	2	-1242.67439075	0.05500000
18	191	2	-1271.20397757	0.05500000
18	192	2	-1241.99326006	0.05500000
18	193	2	-1267.15076346	0.05500000
18	194	2	-1243.63473939	0.05500000
18	195	2	-1260.96185992	0.05500000
18	196	2	-1245.88589814	0.05500000
18	197	2	-1255.00437696	0.05500000
18	198	2	-1238.30700287	0.05500000
18	199	2	-1260.26973609	0.05500000
18	200	2	-1236.07743308	0.05500000
18	201	2	-1250.60163079	0.05500000
18	202	2	-1230.16237280	0.05500000
18	203	2	-1255.53297606	0.05500000
18	204	2	-1225.15165546	0.05500000
18	205	2	-1253.88335048	0.05500000
18	206	2	-1230.57817378	0.05500000
18	207	2	-1254.27406966	0.05500000
18	208	2	-1232.03211777	0.05500000
18	209	2	-1253.15528357	0.05500000
18	210	2	-1228.67512853	0.05500000
18	211	2	-1248.92283649	0.05500000
18	212	2	-1231.97393211	0.05500000
18	213	2	-1253.04719980	0.05500000
18	214	2	-1224.83679188	0.05500000
18	215	2	-1251.98779224	0.05500000
18	216	2	-1232.96794454	0.05500000
18	217	2	-1237.82409219	0.05500000
18	218	2	-1239.21386600	0.05500000
18	219	2	-1226.27826640	0.05500000
18	220	2	-1241.05514436	0.05500000
18	221	2	-1232.15430729	0.05500000
18	222	2	-1213.31640582	0.05500000
18	223	2	-1230.09816782	0.05500000
18	224	2	-1204.29524592	0.05500000
18	225	2	-1209.87331331	0.05500000
18	226	2	-1180.22908438	0.05500000
18	227	2	-1186.81771384	0.05500000
18	228	2	-1156.59797933	0.05500000
18	229	2	-1132.04226034	0.05500000
18	230	2	-1080.09376275	0.05500000
18	231	2	-1048.37517664	0.05500000
19	0	2	-1187.26365382	0.05500000
19	1	2	-1162.10712225	0.05500000
19	2	2	-1216.60317391	0.05500000
19	3	2	-1227.78707853	0.05500000
19	4	2	-1218.82181263	0.05500000
19	5	2	-1242.44526414	0.05500000
19	6	2	-1225.80261445	0.05500000
19	7	2	-1241.90179417	0.05500000
19	8	2	-1253.28522165	0.05500000
19	9	2	-1255.12148964	0.05500000
19	10	2	-1234.03091833	0.05500000
19	11	2	-1260.42140502	0.05500000
19	12	2	-1249.38643265	0.05500000
19	13	2	-1255.10950461	0.05500000
19	14	2	-1256.48237003	0.05500000
19	15	2	-1249.33740204	0.05500000
19	16	2	-1260.74131654	0.05500000
19	17	2	-1251.11680761	0.05500000
19	18	2	-1274.35623493	0.05500000
19	19	2	-1241.92111497	0.05500000
19	20	2	-1271.86046778	0.05500000
19	21	2	-1244.03344936	0.05500000
19	22	2	-1283.20888490	0.05500000
19	23	2	-1247.79229812	0.05500000
19	24	2	-1267.95597360	0.05500000
19	25	2	-1267.96475074	0.05500000
19	26	2	-1268.02946558	0.05500000
19	27	2	-1255.43723561	0.05500000
19	28	2	-1273.58297915	0.05500000
19	29	2	-1268.81950252	0.05500000
19	30	2	-1280.49295761	0.05500000
19	31	2	-1268.46322443	0.05500000
19	32	2	-1283.29266609	0.05500000
19	33	2	-1268.58642111	0.05500000
19	34	2	-1282.62058092	0.05500000
19	35	2	-1263.29221200	0.05500000
19	36	2	-1275.75401735	0.05500000
19	37	2	-1284.06349045	0.05500000
19	38	2	-1269.14325929	0.05500000
19	39	2	-1284.93509892	0.05500000
19	40	2	-1272.64118539	0.05500000
19	41	2	-1279.06399320	0.05500000
19	42	2	-1285.50582053	0.05500000
19	43	2	-1272.76198651	0.05500000
19	44	2	-1287.46173994	0.05500000
19	45	2	-1273.93459006	0.05500000
19	46	2	-1286.03686751	0.05500000
19	47	2	-1277.08578127	0.05500000
19	48	2	-1279.12155502	0.05500000
19	49	2	-1286.06082059	0.05500000
19	50	2	-1269.36092034	0.05500000
19	51	2	-1284.18309910	0.05500000
19	52	2	-1275.25151523	0.05500000
19	53	2	-1287.70390202	0.05500000
19	54	2	-1270.10488281	0.05500000
19	55	2	-1287.67361964	0.05500000
19	56	2	-1280.94442882	0.05500000
19	57	2	-1286.31052787	0.05500000
19	58	2	-1243.34946695	0.05500000
19	59	2	-1290.79800322	0.05500000
19	60	2	-1290.74625593	0.05500000
19	61	2	-1292.82520418	0.05500000
19	62	2	-1294.21464358	0.05500000
19	63	2	-1287.98212121	0.05500000
19	64	2	-1292.54275915	0.05500000
19	65	2	-1296.16352582	0.05500000
19	66	2	-1288.27719405	0.05500000
19	67	2	-1295.08245852	0.05500000
19	68	2	-1286.51289346	0.05500000
19	69	2	-1294.67654866	0.05500000
19	70	2	-1286.36510863	0.05500000
19	71	2	-1293.39605121	0.05500000
19	72	2	-1290.53812991	0.05500000
19	73	2	-1291.63308962	0.05500000
19	74	2	-1294.55883107	0.05500000
19	75	2	-1284.87132725	0.05500000
19	76	2	-1289.57891734	0.05500000
19	77	2	-1280.65154356	0.05500000
19	78	2	-1284.28591845	0.05500000
19	79	2	-1282.54830653	0.05500000
19	80	2	-1277.36038118	0.05500000
19	81	2	-1270.24836552	0.05500000
19	82	2	-1279.11684327	0.05500000
19	83	2	-1271.06494534	0.05500000
19	84	2	-1270.98457114	0.05500000
19	85	2	-1265.85632740	0.05500000
19	86	2	-1265.89176818	0.05500000
19	87	2	-1265.66716591	0.05500000
19	88	2	0.00000000	0.05500000
19	89	2	0.00000000	0.05500000
19	90	2	0.00000000	0.05500000
19	91	2	0.00000000	0.05500000
19	92	2	0.00000000	0.05500000
19	93	2	0.00000000	0.05500000
19	94	2	0.00000000	0.05500000
19	95	2	0.00000000	0.05500000
19	96	2	0.00000000	0.05500000
19	97	2	-1254.39023139	0.05500000
19	98	2	-1249.95220635	0.05500000
19	99	2	-1252.53511514	0.05500000
19	100	2	-1248.56462762	0.05500000
19	101	2	-1248.21963110	0.05500000
19	102	2	-1246.92738546	0.05500000
19	103	2	-1249.64088381	0.05500000
19	104	2	-1243.11646071	0.05500000
19	105	2	-1247.47046824	0.05500000
19	106	2	-1243.09789507	0.05500000
19	107	2	-1247.13398160	0.05500000
19	108	2	-1239.57146071	0.05500000
19	109	2	-1246.40892991	0.05500000
19	110	2	-1244.30758034	0.05500000
19	111	2	-1250.80531681	0.05500000
19	112	2	-1240.38454623	0.05500000
19	113	2	-1244.84207228	0.05500000
19	114	2	-1242.54757962	0.05500000
19	115	2	-1247.07575924	0.05500000
19	116	2	-1238.73621982	0.05500000
19	117	2	-1261.88553251	0.05500000
19	118	2	-1261.87674999	0.05500000
19	119	2	-1250.22056944	0.05500000
19	120	2	-1250.19386503	0.05500000
19	121	2	-1250.20431364	0.05500000
19	122	2	-1250.23009312	0.05500000
19	123	2	-1250.17404567	0.05500000
19	124	2	-1250.20162244	0.05500000
19	125	2	-1250.19859827	0.05500000
19	126	2	-1250.21354471	0.05500000
19	127	2	-1250.20126456	0.05500000
19	128	2	-1250.21261781	0.05500000
19	129	2	-1250.22799155	0.05500000
19	130	2	-1250.21001991	0.05500000
19	131	2	-1250.21001991	0.05500000
19	132	2	-1250.21001991	0.05500000
19	133	2	-1245.39251177	0.05500000
19	134	2	-1237.16222083	0.05500000
19	135	2	-1250.21001991	0.05500000
19	136	2	-1239.94524271	0.05500000
19	137	2	-1250.21001991	0.05500000
19	138	2	-1242.32903234	0.05500000
19	139	2	-1250.21001991	0.05500000
19	140	2	-1243.83567247	0.05500000
19	141	2	0.00000000	0.05500000
19	142	2	0.00000000	0.05500000
19	143	2	0.00000000	0.05500000
19	144	2	0.00000000	0.05500000
19	145	2	0.00000000	0.05500000
19	146	2	0.00000000	0.05500000
19	147	2	0.00000000	0.05500000
19	148	2	0.00000000	0.05500000
19	149	2	0.00000000	0.05500000
19	150	2	-1250.90617726	0.05500000
19	151	2	-1257.16625418	0.05500000
19	152	2	-1252.56687091	0.05500000
19	153	2	-1260.68204718	0.05500000
19	154	2	-1253.92090584	0.05500000
19	155	2	-1261.96956870	0.05500000
19	156	2	-1260.17705697	0.05500000
19	157	2	-1268.94264425	0.05500000
19	158	2	-1261.78769956	0.05500000
19	159	2	-1272.41883522	0.05500000
19	160	2	-1261.67642671	0.05500000
19	161	2	-1272.51104101	0.05500000
19	162	2	-1264.73669038	0.05500000
19	163	2	-1274.64548411	0.05500000
19	164	2	-1264.15753847	0.05500000
19	165	2	-1277.63512880	0.05500000
19	166	2	-1267.28031104	0.05500000
19	167	2	-1275.88193181	0.05500000
19	168	2	-1268.55059831	0.05500000
19	169	2	-1277.70520349	0.05500000
19	170	2	-1270.55673324	0.05500000
19	171	2	-1281.58798110	0.05500000
19	172	2	-1272.81019321	0.05500000
19	173	2	-1282.21993688	0.05500000
19	174	2	-1273.51976119	0.05500000
19	175	2	-1284.34578030	0.05500000
19	176	2	-1272.11911469	0.05500000
19	177	2	-1285.41714534	0.05500000
19	178	2	-1275.78288233	0.05500000
19	179	2	-1282.86445386	0.05500000
19	180	2	-1278.46380549	0.05500000
19	181	2	-1288.75543299	0.05500000
19	182	2	-1279.61885313	0.05500000
19	183	2	-1285.16925608	0.05500000
19	184	2	-1281.48623280	0.05500000
19	185	2	-1282.68992099	0.05500000
19	186	2	-1283.32105347	0.05500000
19	187	2	-1284.08245157	0.05500000
19	188	2	-1282.79584854	0.05500000
19	189	2	-1285.42763644	0.05500000
19	190	2	-1282.96796632	0.05500000
19	191	2	-1281.17864911	0.05500000
19	192	2	-1285.27569679	0.05500000
19	193	2	-1279.80236485	0.05500000
19	194	2	-1283.92882737	0.05500000
19	195	2	-1276.99682389	0.05500000
19	196	2	-1280.45859678	0.05500000
19	197	2	-1276.37995254	0.05500000
19	198	2	-1274.51758619	0.05500000
19	199	2	-1275.40487809	0.05500000
19	200	2	-1269.88198276	0.05500000
19	201	2	-1272.65942201	0.05500000
19	202	2	-1266.72269472	0.05500000
19	203	2	-1266.39656518	0.05500000
19	204	2	-1262.98436688	0.05500000
19	205	2	-1264.36207064	0.05500000
19	206	2	-1258.24517413	0.05500000
19	207	2	-1258.04652435	0.05500000
19	208	2	-1257.13421049	0.05500000
19	209	2	-1246.28990085	0.05500000
19	210	2	-1250.25755547	0.05500000
19	211	2	-1245.91335543	0.05500000
19	212	2	-1250.86500147	0.05500000
19	213	2	-1245.34355163	0.05500000
19	214	2	-1259.18320148	0.05500000
19	215	2	-1242.88175458	0.05500000
19	216	2	-1255.77404015	0.05500000
19	217	2	-1238.81836820	0.05500000
19	218	2	-1253.46394863	0.05500000
19	219	2	-1240.09645160	0.05500000
19	220	2	-1251.55106363	0.05500000
19	221	2	-1238.14532891	0.05500000
19	222	2	-1249.11579906	0.05500000
19	223	2	-1246.05357910	0.05500000
19	224	2	-1238.21014425	0.05500000
19	225	2	-1242.86394347	0.05500000
19	226	2	-1243.66002890	0.05500000
19	227	2	-1231.44161173	0.05500000
19	228	2	-1249.70055667	0.05500000
19	229	2	-1238.39259835	0.05500000
19	230	2	-1227.64645539	0.05500000
19	231	2	-1226.30517990	0.05500000
19	232	2	-1237.23903794	0.05500000
19	233	2	-1199.71967019	0.05500000
19	234	2	-1206.49633280	0.05500000
19	235	2	-1197.34507971	0.05500000
19	236	2	-1156.26901791	0.05500000
19	237	2	-1137.45755747	0.05500000
20	0	2	-1234.98180167	0.05500000
20	1	2	-1231.01231959	0.05500000
20	2	2	-1248.06211129	0.05500000
20	3	2	-1253.89223950	0.05500000
20	4	2	-1249.00745363	0.05500000
20	5	2	-1264.27312026	0.05500000
20	6	2	-1274.87744296	0.05500000
20	7	2	-1243.21128007	0.05500000
20	8	2	-1285.97947821	0.05500000
20	9	2	-1255.12975998	0.05500000
20	10	2	-1270.74471944	0.05500000
20	11	2	-1270.30131047	0.05500000
20	12	2	-1282.16924084	0.05500000
20	13	2	-1266.38785908	0.05500000
20	14	2	-1283.46885810	0.05500000
20	15	2	-1270.93261370	0.05500000
20	16	2	-1275.58821102	0.05500000
20	17	2	-1286.99698897	0.05500000
20	18	2	-1282.38729132	0.05500000
20	19	2	-1266.55780817	0.05500000
20	20	2	-1300.05669494	0.05500000
20	21	2	-1265.85863050	0.05500000
20	22	2	-1295.11506343	0.05500000
20	23	2	-1270.87593712	0.05500000
20	24	2	-1296.31563363	0.05500000
20	25	2	-1279.71870006	0.05500000
20	26	2	-1284.12882788	0.05500000
20	27	2	-1285.12664197	0.05500000
20	28	2	-1295.01833806	0.05500000
20	29	2	-1285.72663962	0.05500000
20	30	2	-1298.98044015	0.05500000
20	31	2	-1285.34152670	0.05500000
20	32	2	-1299.99308143	0.05500000
20	33	2	-1289.52560620	0.05500000
20	34	2	-1304.74165444	0.05500000
20	35	2	-1284.04543496	0.05500000
20	36	2	-1306.86667136	0.05500000
20	37	2	-1282.82205016	0.05500000
20	38	2	-1309.53899994	0.05500000
20	39	2	-1280.32271987	0.05500000
20	40	2	-1303.09816080	0.05500000
20	41	2	-1292.28651034	0.05500000
20	42	2	-1296.15616948	0.05500000
20	43	2	-1287.23831055	0.05500000
20	44	2	-1297.41022275	0.05500000
20	45	2	-1287.77370304	0.05500000
20	46	2	-1301.32761041	0.05500000
20	47	2	-1288.97069246	0.05500000
20	48	2	-1308.83777484	0.05500000
20	49	2	-1285.22495662	0.05500000
20	50	2	-1309.00022213	0.05500000
20	51	2	-1289.92402010	0.05500000
20	52	2	-1310.79305233	0.05500000
20	53	2	-1285.80971443	0.05500000
20	54	2	-1312.57931371	0.05500000
20	55	2	-1290.39412774	0.05500000
20	56	2	-1314.84086262	0.05500000
20	57	2	-1322.00942059	0.05500000
20	58	2	-1302.00711233	0.05500000
20	59	2	-1305.93269706	0.05500000
20	60	2	-1310.63033621	0.05500000
20	61	2	-1305.75964559	0.05500000
20	62	2	-1319.97842496	0.05500000
20	63	2	-1303.51286190	0.05500000
20	64	2	-1310.15277144	0.05500000
20	65	2	-1303.93230775	0.05500000
20	66	2	-1322.01461129	0.05500000
20	67	2	-1285.72194134	0.05500000
20	68	2	-1329.19282790	0.05500000
20	69	2	-1285.60634447	0.05500000
20	70	2	-1330.29366089	0.05500000
20	71	2	-1292.57426745	0.05500000
20	72	2	-1314.06114150	0.05500000
20	73	2	-1303.14067711	0.05500000
20	74	2	-1329.04063610	0.05500000
20	75	2	-1292.39067575	0.05500000
20	76	2	-1319.88679989	0.05500000
20	77	2	-1293.64681575	0.05500000
20	78	2	-1313.45287360	0.05500000
20	79	2	-1292.65713832	0.05500000
20	80	2	-1295.21892410	0.05500000
20	81	2	-1295.59507416	0.05500000
20	82	2	-1306.82645178	0.05500000
20	83	2	-1274.48864536	0.05500000
20	84	2	-1302.03237470	0.05500000
20	85	2	-1268.54624114	0.05500000
20	86	2	-1296.28930696	0.05500000
20	87	2	0.00000000	0.05500000
20	88	2	0.00000000	0.05500000
20	89	2	0.00000000	0.05500000
20	90	2	0.00000000	0.05500000
20	91	2	0.00000000	0.05500000
20	92	2	0.00000000	0.05500000
20	93	2	0.00000000	0.05500000
20	94	2	0.00000000	0.05500000
20	95	2	0.00000000	0.05500000
20	96	2	-1280.54074832	0.05500000
20	97	2	-1250.60661444	0.05500000
20	98	2	-1278.39115590	0.05500000
20	99	2	-1253.08429906	0.05500000
20	100	2	-1274.30646957	0.05500000
20	101	2	-1252.44481463	0.05500000
20	102	2	-1271.78167962	0.05500000
20	103	2	-1249.81178709	0.05500000
20	104	2	-1268.93795981	0.05500000
20	105	2	-1245.62372208	0.05500000
20	106	2	-1267.63465077	0.05500000
20	107	2	-1244.76512634	0.05500000
20	108	2	-1267.33734941	0.05500000
20	109	2	-1237.06168939	0.05500000
20	110	2	-1266.65200003	0.05500000
20	111	2	-1239.18464470	0.05500000
20	112	2	-1263.68261460	0.05500000
20	113	2	-1239.15626543	0.05500000
20	114	2	-1264.56451581	0.05500000
20	115	2	-1239.16129458	0.05500000
20	116	2	-1261.66795014	0.05500000
20	117	2	-1239.00218874	0.05500000
20	118	2	-1263.95487607	0.05500000
20	119	2	-1240.57918476	0.05500000
20	120	2	-1261.92631999	0.05500000
20	121	2	-1236.73789500	0.05500000
20	122	2	-1274.83077822	0.05500000
20	123	2	-1274.81182607	0.05500000
20	124	2	-1274.83440648	0.05500000
20	125	2	-1274.82294066	0.05500000
20	126	2	-1274.82697904	0.05500000
20	127	2	-1274.81673158	0.05500000
20	128	2	-1274.83991904	0.05500000
20	129	2	-1274.83953349	0.05500000
20	130	2	-1274.84520470	0.05500000
20	131	2	-1274.83439180	0.05500000
20	132	2	-1274.81351846	0.05500000
20	133	2	-1274.82996274	0.05500000
20	134	2	-1274.82996274	0.05500000
20	135	2	-1274.82996274	0.05500000
20	136	2	-1274.82996274	0.05500000
20	137	2	-1274.82996274	0.05500000
20	138	2	-1274.82996274	0.05500000
20	139	2	-1274.82996274	0.05500000
20	140	2	-1280.33944144	0.05500000
20	141	2	-1274.82996274	0.05500000
20	142	2	-1274.82996274	0.05500000
20	143	2	-1274.82996274	0.05500000
20	144	2	-1274.82996274	0.05500000
20	145	2	-1274.82996274	0.05500000
20	146	2	-1274.82996274	0.05500000
20	147	2	-1274.82996274	0.05500000
20	148	2	0.00000000	0.05500000
20	149	2	0.00000000	0.05500000
20	150	2	0.00000000	0.05500000
20	151	2	0.00000000	0.05500000
20	152	2	0.00000000	0.05500000
20	153	2	0.00000000	0.05500000
20	154	2	0.00000000	0.05500000
20	155	2	0.00000000	0.05500000
20	156	2	0.00000000	0.05500000
20	157	2	-1287.90056955	0.05500000
20	158	2	-1291.00104633	0.05500000
20	159	2	-1293.15567013	0.05500000
20	160	2	-1293.41120856	0.05500000
20	161	2	-1295.94451781	0.05500000
20	162	2	-1296.86569616	0.05500000
20	163	2	-1295.49328973	0.05500000
20	164	2	-1296.82099395	0.05500000
20	165	2	-1293.05711322	0.05500000
20	166	2	-1296.42128245	0.05500000
20	167	2	-1295.57927792	0.05500000
20	168	2	-1300.57672323	0.05500000
20	169	2	-1297.82630097	0.05500000
20	170	2	-1304.78111057	0.05500000
20	171	2	-1292.88340378	0.05500000
20	172	2	-1301.60280617	0.05500000
20	173	2	-1296.72336396	0.05500000
20	174	2	-1298.25804270	0.05500000
20	175	2	-1299.81603585	0.05500000
20	176	2	-1301.96033307	0.05500000
20	177	2	-1302.95042088	0.05500000
20	178	2	-1301.91594287	0.05500000
20	179	2	-1306.17509641	0.05500000
20	180	2	-1303.83152256	0.05500000
20	181	2	-1308.15664717	0.05500000
20	182	2	-1312.18612478	0.05500000
20	183	2	-1310.67603772	0.05500000
20	184	2	-1308.53668073	0.05500000
20	185	2	-1311.08294689	0.05500000
20	186	2	-1305.88271289	0.05500000
20	187	2	-1311.14391607	0.05500000
20	188	2	-1308.41069911	0.05500000
20	189	2	-1307.77297179	0.05500000
20	190	2	-1308.97431612	0.05500000
20	191	2	-1307.74974197	0.05500000
20	192	2	-1312.50045758	0.05500000
20	193	2	-1309.05368016	0.05500000
20	194	2	-1304.64234968	0.05500000
20	195	2	-1311.62953271	0.05500000
20	196	2	-1305.74657354	0.05500000
20	197	2	-1307.36062046	0.05500000
20	198	2	-1298.98269935	0.05500000
20	199	2	-1299.37631416	0.05500000
20	200	2	-1303.19741979	0.05500000
20	201	2	-1297.99286370	0.05500000
20	202	2	-1299.22048703	0.05500000
20	203	2	-1297.05773295	0.05500000
20	204	2	-1296.64992274	0.05500000
20	205	2	-1291.03763406	0.05500000
20	206	2	-1294.49087489	0.05500000
20	207	2	-1286.93332832	0.05500000
20	208	2	-1285.89440963	0.05500000
20	209	2	-1286.55644174	0.05500000
20	210	2	-1282.67296989	0.05500000
20	211	2	-1279.11364186	0.05500000
20	212	2	-1282.03072955	0.05500000
20	213	2	-1271.02583884	0.05500000
20	214	2	-1279.61617749	0.05500000
20	215	2	-1265.99609291	0.05500000
20	216	2	-1270.89316014	0.05500000
20	217	2	-1259.31782554	0.05500000
20	218	2	-1263.01947131	0.05500000
20	219	2	-1258.76533313	0.05500000
20	220	2	-1250.31425042	0.05500000
20	221	2	-1245.98575585	0.05500000
20	222	2	-1259.31258714	0.05500000
20	223	2	-1227.43338776	0.05500000
20	224	2	-1256.09719279	0.05500000
20	225	2	-1224.84499271	0.05500000
20	226	2	-1225.16908839	0.05500000
20	227	2	-1231.67298725	0.05500000
20	228	2	-1231.74413167	0.05500000
20	229	2	-1235.00788634	0.05500000
20	230	2	-1222.50867893	0.05500000
20	231	2	-1252.25039514	0.05500000
20	232	2	-1239.52378526	0.05500000
20	233	2	-1239.63437970	0.05500000
20	234	2	-1211.86039199	0.05500000
20	235	2	-1235.05132588	0.05500000
20	236	2	-1218.94113331	0.05500000
20	237	2	-1234.18685026	0.05500000
20	238	2	-1211.23317336	0.05500000
20	239	2	-1202.17683996	0.05500000
20	240	2	-1208.33258890	0.05500000
20	241	2	-1166.02332927	0.05500000
20	242	2	-1145.69711115	0.05500000
20	243	2	-1157.18636121	0.05500000
21	0	2	-1266.00312430	0.05500000
21	1	2	-1292.80347050	0.05500000
21	2	2	-1270.15831700	0.05500000
21	3	2	-1297.48294364	0.05500000
21	4	2	-1279.14792893	0.05500000
21	5	2	-1293.01216664	0.05500000
21	6	2	-1283.60961405	0.05500000
21	7	2	-1292.34211479	0.05500000
21	8	2	-1292.51381042	0.05500000
21	9	2	-1295.29894744	0.05500000
21	10	2	-1288.71326444	0.05500000
21	11	2	-1293.66546419	0.05500000
21	12	2	-1295.71259191	0.05500000
21	13	2	-1291.10376746	0.05500000
21	14	2	-1292.58670378	0.05500000
21	15	2	-1303.16775962	0.05500000
21	16	2	-1294.61342877	0.05500000
21	17	2	-1292.77983431	0.05500000
21	18	2	-1305.38368969	0.05500000
21	19	2	-1301.32807329	0.05500000
21	20	2	-1301.05608133	0.05500000
21	21	2	-1308.53447537	0.05500000
21	22	2	-1300.99742905	0.05500000
21	23	2	-1311.64850073	0.05500000
21	24	2	-1307.06314565	0.05500000
21	25	2	-1301.25601278	0.05500000
21	26	2	-1315.78944544	0.05500000
21	27	2	-1300.55094783	0.05500000
21	28	2	-1314.99439574	0.05500000
21	29	2	-1309.11285088	0.05500000
21	30	2	-1309.61945696	0.05500000
21	31	2	-1308.59807682	0.05500000
21	32	2	-1301.30592540	0.05500000
21	33	2	-1310.99240559	0.05500000
21	34	2	-1306.92820264	0.05500000
21	35	2	-1307.11474452	0.05500000
21	36	2	-1314.40595965	0.05500000
21	37	2	-1301.59016604	0.05500000
21	38	2	-1307.80969363	0.05500000
21	39	2	-1296.51032908	0.05500000
21	40	2	-1308.69126742	0.05500000
21	41	2	-1304.55924227	0.05500000
21	42	2	-1306.42353145	0.05500000
21	43	2	-1302.62671463	0.05500000
21	44	2	-1309.21493116	0.05500000
21	45	2	-1304.59159424	0.05500000
21	46	2	-1316.90202825	0.05500000
21	47	2	-1310.32119261	0.05500000
21	48	2	-1275.97888538	0.05500000
21	49	2	-1327.50329848	0.05500000
21	50	2	-1305.96516142	0.05500000
21	51	2	-1321.61307472	0.05500000
21	52	2	-1322.72800653	0.05500000
21	53	2	-1319.39005905	0.05500000
21	54	2	-1320.72399509	0.05500000
21	55	2	-1314.93653520	0.05500000
21	56	2	-1326.73336953	0.05500000
21	57	2	-1312.31077455	0.05500000
21	58	2	-1329.37835221	0.05500000
21	59	2	-1318.91939073	0.05500000
21	60	2	-1319.95023731	0.05500000
21	61	2	-1325.50756122	0.05500000
21	62	2	-1310.22140144	0.05500000
21	63	2	-1328.89761107	0.05500000
21	64	2	-1324.82377559	0.05500000
21	65	2	-1323.21507820	0.05500000
21	66	2	-1326.45062005	0.05500000
21	67	2	-1317.68014723	0.05500000
21	68	2	-1319.15128838	0.05500000
21	69	2	-1322.42201672	0.05500000
21	70	2	-1305.95444659	0.05500000
21	71	2	-1320.09437742	0.05500000
21	72	2	-1318.34242405	0.05500000
21	73	2	-1309.40447311	0.05500000
21	74	2	-1311.24795010	0.05500000
21	75	2	-1306.27193020	0.05500000
21	76	2	-1295.46013261	0.05500000
21	77	2	-1300.21887186	0.05500000
21	78	2	0.00000000	0.05500000
21	79	2	0.00000000	0.05500000
21	80	2	0.00000000	0.05500000
21	81	2	0.00000000	0.05500000
21	82	2	0.00000000	0.05500000
21	83	2	0.00000000	0.05500000
21	84	2	0.00000000	0.05500000
21	85	2	0.00000000	0.05500000
21	86	2	-1282.04286154	0.05500000
21	87	2	-1283.47344303	0.05500000
21	88	2	-1281.30284881	0.05500000
21	89	2	-1285.21963219	0.05500000
21	90	2	-1279.73038309	0.05500000
21	91	2	-1284.36483333	0.05500000
21	92	2	-1280.95456937	0.05500000
21	93	2	-1277.39252707	0.05500000
21	94	2	-1276.32462311	0.05500000
21	95	2	-1278.54368738	0.05500000
21	96	2	-1270.89571698	0.05500000
21	97	2	-1278.07744510	0.05500000
21	98	2	-1269.11617716	0.05500000
21	99	2	-1274.39385926	0.05500000
21	100	2	-1269.46381831	0.05500000
21	101	2	-1270.19528473	0.05500000
21	102	2	-1268.27604343	0.05500000
21	103	2	-1269.58332409	0.05500000
21	104	2	-1265.99542754	0.05500000
21	105	2	-1266.58651087	0.05500000
21	106	2	-1269.86228509	0.05500000
21	107	2	-1266.73717934	0.05500000
21	108	2	-1274.55709336	0.05500000
21	109	2	-1263.73465631	0.05500000
21	110	2	-1265.45587701	0.05500000
21	111	2	-1268.40162959	0.05500000
21	112	2	-1266.43539740	0.05500000
21	113	2	-1265.37289109	0.05500000
21	114	2	-1289.91999872	0.05500000
21	115	2	-1289.93972125	0.05500000
21	116	2	-1274.81933889	0.05500000
21	117	2	-1274.80308337	0.05500000
21	118	2	-1274.82343333	0.05500000
21	119	2	-1274.85385967	0.05500000
21	120	2	-1274.81513503	0.05500000
21	121	2	-1274.84463709	0.05500000
21	122	2	-1274.83184484	0.05500000
21	123	2	-1274.84356574	0.05500000
21	124	2	-1274.81851602	0.05500000
21	125	2	-1274.83522113	0.05500000
21	126	2	-1274.82954270	0.05500000
21	127	2	-1274.82996274	0.05500000
21	128	2	-1274.82996274	0.05500000
21	129	2	-1274.82996274	0.05500000
21	130	2	-1274.82996274	0.05500000
21	131	2	-1274.82996274	0.05500000
21	132	2	-1274.82996274	0.05500000
21	133	2	-1274.82996274	0.05500000
21	134	2	-1274.82996274	0.05500000
21	135	2	-1274.82996274	0.05500000
21	136	2	-1274.82996274	0.05500000
21	137	2	-1276.20057226	0.05500000
21	138	2	-1283.94785546	0.05500000
21	139	2	-1271.92522864	0.05500000
21	140	2	-1274.82996274	0.05500000
21	141	2	-1275.63702435	0.05500000
21	142	2	-1285.03489908	0.05500000
21	143	2	-1276.59209875	0.05500000
21	144	2	-1286.15175357	0.05500000
21	145	2	-1280.55061179	0.05500000
21	146	2	0.00000000	0.05500000
21	147	2	0.00000000	0.05500000
21	148	2	0.00000000	0.05500000
21	149	2	0.00000000	0.05500000
21	150	2	0.00000000	0.05500000
21	151	2	0.00000000	0.05500000
21	152	2	0.00000000	0.05500000
21	153	2	0.00000000	0.05500000
21	154	2	-1294.87492216	0.05500000
21	155	2	-1288.44887664	0.05500000
21	156	2	-1299.92870630	0.05500000
21	157	2	-1294.29995625	0.05500000
21	158	2	-1304.45744299	0.05500000
21	159	2	-1294.73092846	0.05500000
21	160	2	-1305.11181807	0.05500000
21	161	2	-1297.38695085	0.05500000
21	162	2	-1307.54778158	0.05500000
21	163	2	-1297.82397285	0.05500000
21	164	2	-1309.80598423	0.05500000
21	165	2	-1302.78733519	0.05500000
21	166	2	-1315.12931545	0.05500000
21	167	2	-1301.43292368	0.05500000
21	168	2	-1313.06164707	0.05500000
21	169	2	-1303.02886962	0.05500000
21	170	2	-1310.93110998	0.05500000
21	171	2	-1303.00897657	0.05500000
21	172	2	-1312.54641307	0.05500000
21	173	2	-1305.84152956	0.05500000
21	174	2	-1314.14110340	0.05500000
21	175	2	-1307.93986578	0.05500000
21	176	2	-1315.97719458	0.05500000
21	177	2	-1309.65847733	0.05500000
21	178	2	-1319.06385663	0.05500000
21	179	2	-1318.02108900	0.05500000
21	180	2	-1317.01443442	0.05500000
21	181	2	-1312.33204068	0.05500000
21	182	2	-1316.98890312	0.05500000
21	183	2	-1311.28394401	0.05500000
21	184	2	-1316.00419370	0.05500000
21	185	2	-1314.66998621	0.05500000
21	186	2	-1315.63381492	0.05500000
21	187	2	-1314.69800828	0.05500000
21	188	2	-1316.79909990	0.05500000
21	189	2	-1315.81335405	0.05500000
21	190	2	-1316.75499266	0.05500000
21	191	2	-1313.86488537	0.05500000
21	192	2	-1319.81990240	0.05500000
21	193	2	-1303.89075711	0.05500000
21	194	2	-1321.30069155	0.05500000
21	195	2	-1308.40685294	0.05500000
21	196	2	-1314.75515174	0.05500000
21	197	2	-1307.18757705	0.05500000
21	198	2	-1310.42493891	0.05500000
21	199	2	-1299.67774256	0.05500000
21	200	2	-1304.13996535	0.05500000
21	201	2	-1292.05487164	0.05500000
21	202	2	-1299.95469416	0.05500000
21	203	2	-1286.20677810	0.05500000
21	204	2	-1291.88313384	0.05500000
21	205	2	-1278.91881311	0.05500000
21	206	2	-1291.84391048	0.05500000
21	207	2	-1268.03112826	0.05500000
21	208	2	-1280.98085866	0.05500000
21	209	2	-1257.56385468	0.05500000
21	210	2	-1264.86567164	0.05500000
21	211	2	-1255.07416363	0.05500000
21	212	2	-1247.45276318	0.05500000
21	213	2	-1237.78128985	0.05500000
21	214	2	-1228.12663081	0.05500000
21	215	2	-1219.23041008	0.05500000
21	216	2	-1205.58484251	0.05500000
21	217	2	-1185.45186081	0.05500000
21	218	2	-1188.48132396	0.05500000
21	219	2	-1172.70801410	0.05500000
21	220	2	-1160.23503896	0.05500000
21	221	2	-1162.30139186	0.05500000
21	222	2	-1147.43365729	0.05500000
21	223	2	-1165.00690209	0.05500000
21	224	2	-1143.07820161	0.05500000
21	225	2	-1120.73277053	0.05500000
21	226	2	-1101.65211448	0.05500000
21	227	2	-1274.82996274	0.05500000
21	228	2	-1274.82996274	0.05500000
21	229	2	-1274.82996274	0.05500000
21	230	2	-1119.31619857	0.05500000
21	231	2	-1110.65681906	0.05500000
22	0	2	-1248.88044411	0.05500000
22	1	2	-1256.20344130	0.05500000
22	2	2	-1263.48754419	0.05500000
22	3	2	-1245.43140258	0.05500000
22	4	2	-1263.79600614	0.05500000
22	5	2	-1231.49306344	0.05500000
22	6	2	-1247.46521097	0.05500000
22	7	2	-1263.09596054	0.05500000
22	8	2	-1253.20609883	0.05500000
22	9	2	-1262.64544107	0.05500000
22	10	2	-1263.10394206	0.05500000
22	11	2	-1265.42033341	0.05500000
22	12	2	-1268.04894856	0.05500000
22	13	2	-1262.63070019	0.05500000
22	14	2	-1266.82233940	0.05500000
22	15	2	-1272.82287043	0.05500000
22	16	2	-1266.92498893	0.05500000
22	17	2	-1273.63443004	0.05500000
22	18	2	-1266.11895728	0.05500000
22	19	2	-1269.06065825	0.05500000
22	20	2	-1270.51321787	0.05500000
22	21	2	-1275.03934211	0.05500000
22	22	2	-1274.51567101	0.05500000
22	23	2	-1255.40208664	0.05500000
22	24	2	-1281.62199617	0.05500000
22	25	2	-1264.82687517	0.05500000
22	26	2	-1274.50022960	0.05500000
22	27	2	-1270.85652296	0.05500000
22	28	2	-1267.50391323	0.05500000
22	29	2	-1264.78688675	0.05500000
22	30	2	-1273.27169442	0.05500000
22	31	2	-1267.54333708	0.05500000
22	32	2	-1272.22241909	0.05500000
22	33	2	-1265.86685102	0.05500000
22	34	2	-1270.89743269	0.05500000
22	35	2	-1271.40615112	0.05500000
22	36	2	-1270.49506763	0.05500000
22	37	2	-1214.39902046	0.05500000
22	38	2	-1272.80006808	0.05500000
22	39	2	-1269.91883598	0.05500000
22	40	2	-1280.98951398	0.05500000
22	41	2	-1277.35971365	0.05500000
22	42	2	-1282.59301924	0.05500000
22	43	2	-1275.68534685	0.05500000
22	44	2	-1288.21785233	0.05500000
22	45	2	-1280.68445837	0.05500000
22	46	2	-1281.23403862	0.05500000
22	47	2	-1278.96334590	0.05500000
22	48	2	-1287.08050710	0.05500000
22	49	2	-1274.42969356	0.05500000
22	50	2	-1284.60227153	0.05500000
22	51	2	-1272.03768462	0.05500000
22	52	2	-1291.99674805	0.05500000
22	53	2	-1284.36773922	0.05500000
22	54	2	-1280.27749909	0.05500000
22	55	2	-1283.48720719	0.05500000
22	56	2	-1279.45846384	0.05500000
22	57	2	-1286.96155496	0.05500000
22	58	2	-1276.70511607	0.05500000
22	59	2	-1282.85139444	0.05500000
22	60	2	-1269.21636351	0.05500000
22	61	2	-1285.72646910	0.05500000
22	62	2	-1269.62404234	0.05500000
22	63	2	-1277.56654067	0.05500000
22	64	2	-1261.89129444	0.05500000
22	65	2	-1269.58915393	0.05500000
22	66	2	-1257.86006755	0.05500000
22	67	2	0.00000000	0.05500000
22	68	2	0.00000000	0.05500000
22	69	2	0.00000000	0.05500000
22	70	2	0.00000000	0.05500000
22	71	2	0.00000000	0.05500000
22	72	2	0.00000000	0.05500000
22	73	2	0.00000000	0.05500000
22	74	2	0.00000000	0.05500000
22	75	2	-1259.00246833	0.05500000
22	76	2	-1244.71456633	0.05500000
22	77	2	-1246.14866028	0.05500000
22	78	2	-1246.59067582	0.05500000
22	79	2	-1242.16894273	0.05500000
22	80	2	-1241.15910674	0.05500000
22	81	2	-1240.81493483	0.05500000
22	82	2	-1233.63688761	0.05500000
22	83	2	-1240.22199204	0.05500000
22	84	2	-1232.55024668	0.05500000
22	85	2	-1232.45117539	0.05500000
22	86	2	-1232.29884254	0.05500000
22	87	2	-1233.23101458	0.05500000
22	88	2	-1228.98816420	0.05500000
22	89	2	-1230.64141045	0.05500000
22	90	2	-1225.06072822	0.05500000
22	91	2	-1231.02374801	0.05500000
22	92	2	-1224.68254027	0.05500000
22	93	2	-1223.72633958	0.05500000
22	94	2	-1218.17225021	0.05500000
22	95	2	-1222.16710112	0.05500000
22	96	2	-1218.35487274	0.05500000
22	97	2	-1220.50205295	0.05500000
22	98	2	-1219.86627323	0.05500000
22	99	2	-1223.51461545	0.05500000
22	100	2	-1218.07482383	0.05500000
22	101	2	-1222.44341926	0.05500000
22	102	2	-1217.10879020	0.05500000
22	103	2	-1221.10669482	0.05500000
22	104	2	-1210.35256116	0.05500000
22	105	2	-1219.11201616	0.05500000
22	106	2	-1213.87510806	0.05500000
22	107	2	-1220.17455516	0.05500000
22	108	2	-1215.25809036	0.05500000
22	109	2	-1237.34523354	0.05500000
22	110	2	-1242.19478352	0.05500000
22	111	2	-1242.19962450	0.05500000
22	112	2	-1242.23120807	0.05500000
22	113	2	-1242.20171323	0.05500000
22	114	2	-1242.18891320	0.05500000
22	115	2	-1242.19422755	0.05500000
22	116	2	-1242.18861661	0.05500000
22	117	2	-1242.20851763	0.05500000
22	118	2	-1242.18815541	0.05500000
22	119	2	-1242.19092518	0.05500000
22	120	2	-1242.20185433	0.05500000
22	121	2	-1242.20185433	0.05500000
22	122	2	-1242.20185433	0.05500000
22	123	2	-1242.20185433	0.05500000
22	124	2	-1242.20185433	0.05500000
22	125	2	-1244.17971020	0.05500000
22	126	2	-1235.39251074	0.05500000
22	127	2	-1248.50267828	0.05500000
22	128	2	-1242.20185433	0.05500000
22	129	2	-1242.20185433	0.05500000
22	130	2	-1243.07942608	0.05500000
22	131	2	-1250.56446813	0.05500000
22	132	2	-1244.49313077	0.05500000
22	133	2	-1253.24256980	0.05500000
22	134	2	-1247.77993801	0.05500000
22	135	2	-1254.12200156	0.05500000
22	136	2	-1244.75135255	0.05500000
22	137	2	-1252.35900737	0.05500000
22	138	2	-1244.56706826	0.05500000
22	139	2	-1253.00566202	0.05500000
22	140	2	-1245.27759105	0.05500000
22	141	2	-1245.49621187	0.05500000
22	142	2	-1244.35091206	0.05500000
22	143	2	0.00000000	0.05500000
22	144	2	0.00000000	0.05500000
22	145	2	0.00000000	0.05500000
22	146	2	0.00000000	0.05500000
22	147	2	0.00000000	0.05500000
22	148	2	0.00000000	0.05500000
22	149	2	0.00000000	0.05500000
22	150	2	0.00000000	0.05500000
22	151	2	-1253.67896271	0.05500000
22	152	2	-1251.68970418	0.05500000
22	153	2	-1257.09175155	0.05500000
22	154	2	-1252.49576211	0.05500000
22	155	2	-1260.33350490	0.05500000
22	156	2	-1257.68498374	0.05500000
22	157	2	-1263.08412788	0.05500000
22	158	2	-1260.54760645	0.05500000
22	159	2	-1266.35469324	0.05500000
22	160	2	-1262.42505183	0.05500000
22	161	2	-1266.36565643	0.05500000
22	162	2	-1258.64456718	0.05500000
22	163	2	-1268.14150006	0.05500000
22	164	2	-1262.70415218	0.05500000
22	165	2	-1266.28093178	0.05500000
22	166	2	-1262.12808033	0.05500000
22	167	2	-1267.16167934	0.05500000
22	168	2	-1266.29540310	0.05500000
22	169	2	-1271.00214641	0.05500000
22	170	2	-1267.32508448	0.05500000
22	171	2	-1273.10261749	0.05500000
22	172	2	-1270.12991429	0.05500000
22	173	2	-1276.54082254	0.05500000
22	174	2	-1271.00498946	0.05500000
22	175	2	-1279.99195418	0.05500000
22	176	2	-1272.76959465	0.05500000
22	177	2	-1278.03956376	0.05500000
22	178	2	-1269.55087668	0.05500000
22	179	2	-1280.27149699	0.05500000
22	180	2	-1273.42604709	0.05500000
22	181	2	-1278.48424200	0.05500000
22	182	2	-1272.20743487	0.05500000
22	183	2	-1277.86771678	0.05500000
22	184	2	-1274.22634677	0.05500000
22	185	2	-1277.78549661	0.05500000
22	186	2	-1269.92172414	0.05500000
22	187	2	-1278.32126221	0.05500000
22	188	2	-1266.15023635	0.05500000
22	189	2	-1278.00192531	0.05500000
22	190	2	-1262.11662640	0.05500000
22	191	2	-1275.28757282	0.05500000
22	192	2	-1261.05740391	0.05500000
22	193	2	-1274.16121336	0.05500000
22	194	2	-1252.62108862	0.05500000
22	195	2	-1268.58733949	0.05500000
22	196	2	-1252.17593679	0.05500000
22	197	2	-1260.67094861	0.05500000
22	198	2	-1240.43738207	0.05500000
22	199	2	-1249.79908370	0.05500000
22	200	2	-1238.70400587	0.05500000
22	201	2	-1242.75134571	0.05500000
22	202	2	-1222.65897689	0.05500000
22	203	2	-1234.20758328	0.05500000
22	204	2	-1200.47119104	0.05500000
22	205	2	-1214.48602886	0.05500000
22	206	2	-1184.49333112	0.05500000
22	207	2	-1190.13524437	0.05500000
22	208	2	-1168.58056299	0.05500000
22	209	2	-1161.11389116	0.05500000
22	210	2	-1140.75918031	0.05500000
22	211	2	-1127.89404981	0.05500000
22	212	2	-1097.75593789	0.05500000
22	213	2	-1084.52111931	0.05500000
22	214	2	-1024.39724613	0.05500000
22	215	2	-1005.86754517	0.05500000
22	216	2	-1008.71019793	0.05500000
22	217	2	-1242.20185433	0.05500000
23	0	2	-1226.49725281	0.05500000
23	1	2	-1255.62879778	0.05500000
23	2	2	-1241.35432506	0.05500000
23	3	2	-1256.76273116	0.05500000
23	4	2	-1235.08706295	0.05500000
23	5	2	-1262.30758466	0.05500000
23	6	2	-1230.29371679	0.05500000
23	7	2	-1259.77269208	0.05500000
23	8	2	-1255.10234448	0.05500000
23	9	2	-1267.76639353	0.05500000
23	10	2	-1254.26067673	0.05500000
23	11	2	-1266.04939468	0.05500000
23	12	2	-1259.41504577	0.05500000
23	13	2	-1276.17769856	0.05500000
23	14	2	-1249.44220845	0.05500000
23	15	2	-1277.72155262	0.05500000
23	16	2	-1249.88948362	0.05500000
23	17	2	-1279.87902287	0.05500000
23	18	2	-1241.35934916	0.05500000
23	19	2	-1277.54885873	0.05500000
23	20	2	-1248.87448034	0.05500000
23	21	2	-1274.70452845	0.05500000
23	22	2	-1256.18753184	0.05500000
23	23	2	-1250.92791914	0.05500000
23	24	2	-1265.91973866	0.05500000
23	25	2	-1247.32554826	0.05500000
23	26	2	-1264.63641808	0.05500000
23	27	2	-1257.61942461	0.05500000
23	28	2	-1257.73806387	0.05500000
23	29	2	-1263.95206438	0.05500000
23	30	2	-1256.06847068	0.05500000
23	31	2	-1272.77388401	0.05500000
23	32	2	-1245.87195067	0.05500000
23	33	2	-1279.52818492	0.05500000
23	34	2	-1254.53917575	0.05500000
23	35	2	-1273.22339586	0.05500000
23	36	2	-1261.26703717	0.05500000
23	37	2	-1274.06878006	0.05500000
23	38	2	-1270.12900865	0.05500000
23	39	2	-1262.97887401	0.05500000
23	40	2	-1271.68266819	0.05500000
23	41	2	-1276.70908920	0.05500000
23	42	2	-1270.44745374	0.05500000
23	43	2	-1275.25500480	0.05500000
23	44	2	-1255.95740683	0.05500000
23	45	2	-1283.97143304	0.05500000
23	46	2	-1263.46645196	0.05500000
23	47	2	-1280.89058966	0.05500000
23	48	2	-1270.52408874	0.05500000
23	49	2	-1280.15065547	0.05500000
23	50	2	-1264.97870032	0.05500000
23	51	2	-1283.69495563	0.05500000
23	52	2	-1260.63412457	0.05500000
23	53	2	-1288.87986777	0.05500000
23	54	2	-1265.54458487	0.05500000
23	55	2	-1275.71116122	0.05500000
23	56	2	-1263.46979904	0.05500000
23	57	2	-1271.86817975	0.05500000
23	58	2	-1253.54423751	0.05500000
23	59	2	0.00000000	0.05500000
23	60	2	0.00000000	0.05500000
23	61	2	0.00000000	0.05500000
23	62	2	0.00000000	0.05500000
23	63	2	0.00000000	0.05500000
23	64	2	0.00000000	0.05500000
23	65	2	0.00000000	0.05500000
23	66	2	0.00000000	0.05500000
23	67	2	0.00000000	0.05500000
23	68	2	-1232.68918658	0.05500000
23	69	2	-1249.84691903	0.05500000
23	70	2	-1239.14092374	0.05500000
23	71	2	-1255.11946621	0.05500000
23	72	2	-1237.59225748	0.05500000
23	73	2	-1251.52623645	0.05500000
23	74	2	-1234.90979646	0.05500000
23	75	2	-1249.21401825	0.05500000
23	76	2	-1230.91381773	0.05500000
23	77	2	-1244.99140773	0.05500000
23	78	2	-1231.41923296	0.05500000
23	79	2	-1249.74584747	0.05500000
23	80	2	-1229.35371849	0.05500000
23	81	2	-1244.71474390	0.05500000
23	82	2	-1225.38710604	0.05500000
23	83	2	-1242.54209960	0.05500000
23	84	2	-1221.97131182	0.05500000
23	85	2	-1238.53073258	0.05500000
23	86	2	-1221.56696139	0.05500000
23	87	2	-1238.86545222	0.05500000
23	88	2	-1217.02262521	0.05500000
23	89	2	-1235.85870683	0.05500000
23	90	2	-1214.67947784	0.05500000
23	91	2	-1237.41414254	0.05500000
23	92	2	-1215.66019611	0.05500000
23	93	2	-1235.32715988	0.05500000
23	94	2	-1214.88869530	0.05500000
23	95	2	-1232.66662453	0.05500000
23	96	2	-1213.23671717	0.05500000
23	97	2	-1232.89151370	0.05500000
23	98	2	-1212.97423061	0.05500000
23	99	2	-1229.98873390	0.05500000
23	100	2	-1210.41876193	0.05500000
23	101	2	-1228.01636155	0.05500000
23	102	2	-1210.68577681	0.05500000
23	103	2	-1253.79410005	0.05500000
23	104	2	-1253.78962407	0.05500000
23	105	2	-1242.17878916	0.05500000
23	106	2	-1220.77414975	0.05500000
23	107	2	-1213.86746200	0.05500000
23	108	2	-1220.70171532	0.05500000
23	109	2	-1242.19707268	0.05500000
23	110	2	-1242.18773046	0.05500000
23	111	2	-1242.19142092	0.05500000
23	112	2	-1293.45262989	0.05500000
23	113	2	-1242.20863207	0.05500000
23	114	2	-1242.19586132	0.05500000
23	115	2	-1242.20736492	0.05500000
23	116	2	-1242.19094749	0.05500000
23	117	2	-1242.20185433	0.05500000
23	118	2	-1242.20185433	0.05500000
23	119	2	-1242.20185433	0.05500000
23	120	2	-1242.20185433	0.05500000
23	121	2	-1242.20185433	0.05500000
23	122	2	-1242.20185433	0.05500000
23	123	2	-1242.20185433	0.05500000
23	124	2	-1235.32873379	0.05500000
23	125	2	-1231.57526143	0.05500000
23	126	2	-1234.45449091	0.05500000
23	127	2	-1233.77918771	0.05500000
23	128	2	-1241.52398615	0.05500000
23	129	2	-1237.97840802	0.05500000
23	130	2	-1244.89147163	0.05500000
23	131	2	-1242.89017202	0.05500000
23	132	2	-1248.96463409	0.05500000
23	133	2	-1243.13657999	0.05500000
23	134	2	-1248.57877538	0.05500000
23	135	2	-1245.23853251	0.05500000
23	136	2	-1245.55320314	0.05500000
23	137	2	-1239.43585812	0.05500000
23	138	2	-1245.14513044	0.05500000
23	139	2	-1238.25608034	0.05500000
23	140	2	-1241.33848432	0.05500000
23	141	2	-1239.13393520	0.05500000
23	142	2	0.00000000	0.05500000
23	143	2	0.00000000	0.05500000
23	144	2	0.00000000	0.05500000
23	145	2	0.00000000	0.05500000
23	146	2	0.00000000	0.05500000
23	147	2	0.00000000	0.05500000
23	148	2	0.00000000	0.05500000
23	149	2	0.00000000	0.05500000
23	150	2	0.00000000	0.05500000
23	151	2	-1251.33568519	0.05500000
23	152	2	-1257.83364755	0.05500000
23	153	2	-1256.92871981	0.05500000
23	154	2	-1260.01620923	0.05500000
23	155	2	-1259.83971317	0.05500000
23	156	2	-1264.90305227	0.05500000
23	157	2	-1260.23656698	0.05500000
23	158	2	-1262.60411909	0.05500000
23	159	2	-1261.24415637	0.05500000
23	160	2	-1263.18034254	0.05500000
23	161	2	-1260.19982057	0.05500000
23	162	2	-1267.18827726	0.05500000
23	163	2	-1259.06165555	0.05500000
23	164	2	-1268.42973408	0.05500000
23	165	2	-1263.31548411	0.05500000
23	166	2	-1265.91113402	0.05500000
23	167	2	-1269.05269252	0.05500000
23	168	2	-1273.16271046	0.05500000
23	169	2	-1265.47060412	0.05500000
23	170	2	-1272.38984211	0.05500000
23	171	2	-1265.21515335	0.05500000
23	172	2	-1276.07536584	0.05500000
23	173	2	-1265.64751435	0.05500000
23	174	2	-1279.44678455	0.05500000
23	175	2	-1265.37957102	0.05500000
23	176	2	-1275.87844011	0.05500000
23	177	2	-1269.11734564	0.05500000
23	178	2	-1279.51238647	0.05500000
23	179	2	-1271.40251430	0.05500000
23	180	2	-1278.43679649	0.05500000
23	181	2	-1266.79921265	0.05500000
23	182	2	-1279.66192957	0.05500000
23	183	2	-1264.23704152	0.05500000
23	184	2	-1279.20889148	0.05500000
23	185	2	-1265.38206891	0.05500000
23	186	2	-1272.31837139	0.05500000
23	187	2	-1262.91172110	0.05500000
23	188	2	-1273.84687678	0.05500000
23	189	2	-1254.52220184	0.05500000
23	190	2	-1269.64448767	0.05500000
23	191	2	-1256.10240596	0.05500000
23	192	2	-1267.02592659	0.05500000
23	193	2	-1248.67049686	0.05500000
23	194	2	-1261.77707617	0.05500000
23	195	2	-1244.94836141	0.05500000
23	196	2	-1260.54678064	0.05500000
23	197	2	-1241.37848796	0.05500000
23	198	2	-1248.53825733	0.05500000
23	199	2	-1229.77297784	0.05500000
23	200	2	-1233.76974355	0.05500000
23	201	2	-1218.11921131	0.05500000
23	202	2	-1217.79078080	0.05500000
23	203	2	-1203.52143933	0.05500000
23	204	2	-1198.41203604	0.05500000
23	205	2	-1143.54501746	0.05500000
23	206	2	-1166.24062625	0.05500000
23	207	2	-1138.52518621	0.05500000
23	208	2	-1109.60061052	0.05500000
23	209	2	-1078.71763257	0.05500000
24	0	2	-1271.35304229	0.05500000
24	1	2	-1276.46374009	0.05500000
24	2	2	-1291.16545372	0.05500000
24	3	2	-1293.20896152	0.05500000
24	4	2	-1288.32054668	0.05500000
24	5	2	-1298.42089639	0.05500000
24	6	2	-1290.19181602	0.05500000
24	7	2	-1296.78989012	0.05500000
24	8	2	-1285.08456135	0.05500000
24	9	2	-1300.52673773	0.05500000
24	10	2	-1292.73432104	0.05500000
24	11	2	-1311.84807293	0.05500000
24	12	2	-1276.50874368	0.05500000
24	13	2	-1307.51231438	0.05500000
24	14	2	-1294.41962624	0.05500000
24	15	2	-1293.34305155	0.05500000
24	16	2	-1287.90112591	0.05500000
24	17	2	-1301.73309733	0.05500000
24	18	2	-1293.21554859	0.05500000
24	19	2	-1295.90528887	0.05500000
24	20	2	-1293.57578376	0.05500000
24	21	2	-1296.05423952	0.05500000
24	22	2	-1286.96016097	0.05500000
24	23	2	-1304.46375050	0.05500000
24	24	2	-1271.71184283	0.05500000
24	25	2	-1306.22340250	0.05500000
24	26	2	-1289.41892322	0.05500000
24	27	2	-1302.40862768	0.05500000
24	28	2	-1289.02429212	0.05500000
24	29	2	-1308.08755658	0.05500000
24	30	2	-1289.72191982	0.05500000
24	31	2	-1310.07303898	0.05500000
24	32	2	-1297.10962106	0.05500000
24	33	2	-1304.08412793	0.05500000
24	34	2	-1301.59501740	0.05500000
24	35	2	-1307.30353260	0.05500000
24	36	2	-1302.00049969	0.05500000
24	37	2	-1308.70563148	0.05500000
24	38	2	-1301.03469727	0.05500000
24	39	2	-1309.23689058	0.05500000
24	40	2	-1305.67004349	0.05500000
24	41	2	-1307.86885616	0.05500000
24	42	2	-1302.91002721	0.05500000
24	43	2	-1310.33908702	0.05500000
24	44	2	-1301.20111104	0.05500000
24	45	2	-1307.30219419	0.05500000
24	46	2	-1288.43527178	0.05500000
24	47	2	-1317.81749436	0.05500000
24	48	2	-1297.82852935	0.05500000
24	49	2	-1309.79732713	0.05500000
24	50	2	-1283.33005451	0.05500000
24	51	2	-1303.31784921	0.05500000
24	52	2	-1281.93322335	0.05500000
24	53	2	0.00000000	0.05500000
24	54	2	0.00000000	0.05500000
24	55	2	0.00000000	0.05500000
24	56	2	0.00000000	0.05500000
24	57	2	0.00000000	0.05500000
24	58	2	0.00000000	0.05500000
24	59	2	0.00000000	0.05500000
24	60	2	0.00000000	0.05500000
24	61	2	0.00000000	0.05500000
24	62	2	-1277.53975052	0.05500000
24	63	2	-1272.51362306	0.05500000
24	64	2	-1272.43708013	0.05500000
24	65	2	-1270.97258359	0.05500000
24	66	2	-1268.69045116	0.05500000
24	67	2	-1279.83340549	0.05500000
24	68	2	-1267.46280386	0.05500000
24	69	2	-1272.14986074	0.05500000
24	70	2	-1266.23377817	0.05500000
24	71	2	-1270.98233870	0.05500000
24	72	2	-1262.74203486	0.05500000
24	73	2	-1268.98273270	0.05500000
24	74	2	-1262.24396124	0.05500000
24	75	2	-1267.12761422	0.05500000
24	76	2	-1261.68534084	0.05500000
24	77	2	-1270.39715069	0.05500000
24	78	2	-1264.09621369	0.05500000
24	79	2	-1266.29707594	0.05500000
24	80	2	-1260.68763689	0.05500000
24	81	2	-1266.13802178	0.05500000
24	82	2	-1258.01162970	0.05500000
24	83	2	-1266.62389929	0.05500000
24	84	2	-1258.49663059	0.05500000
24	85	2	-1259.39315282	0.05500000
24	86	2	-1252.56801325	0.05500000
24	87	2	-1261.45195815	0.05500000
24	88	2	-1250.77028698	0.05500000
24	89	2	-1258.84406487	0.05500000
24	90	2	-1250.69519331	0.05500000
24	91	2	-1257.61636983	0.05500000
24	92	2	-1247.94661447	0.05500000
24	93	2	-1253.31747499	0.05500000
24	94	2	-1246.90711870	0.05500000
24	95	2	-1254.12732057	0.05500000
24	96	2	-1246.45341945	0.05500000
24	97	2	-1247.65008306	0.05500000
24	98	2	-1243.24654396	0.05500000
24	99	2	-1248.94724515	0.05500000
24	100	2	-1242.11926191	0.05500000
24	101	2	-1271.38671390	0.05500000
24	102	2	-1241.05471787	0.05500000
24	103	2	-1287.03284215	0.05500000
24	104	2	-1287.04254383	0.05500000
24	105	2	-1287.03931522	0.05500000
24	106	2	-1287.04793218	0.05500000
24	107	2	-1287.03838324	0.05500000
24	108	2	-1287.06543749	0.05500000
24	109	2	-1262.12802193	0.05500000
24	110	2	-1287.05130884	0.05500000
24	111	2	-1287.03866750	0.05500000
24	112	2	-1287.02880538	0.05500000
24	113	2	-1287.04254383	0.05500000
24	114	2	-1287.02201157	0.05500000
24	115	2	-1287.04254383	0.05500000
24	116	2	-1287.04254383	0.05500000
24	117	2	-1287.04254383	0.05500000
24	118	2	-1287.04254383	0.05500000
24	119	2	-1287.04254383	0.05500000
24	120	2	-1265.40560285	0.05500000
24	121	2	-1287.04254383	0.05500000
24	122	2	-1271.37992693	0.05500000
24	123	2	-1272.72945480	0.05500000
24	124	2	-1274.53336605	0.05500000
24	125	2	-1274.45548966	0.05500000
24	126	2	-1275.85494235	0.05500000
24	127	2	-1281.90797272	0.05500000
24	128	2	-1283.00389698	0.05500000
24	129	2	-1281.05392152	0.05500000
24	130	2	-1284.50460388	0.05500000
24	131	2	-1282.19340525	0.05500000
24	132	2	-1286.79099771	0.05500000
24	133	2	-1285.31641437	0.05500000
24	134	2	-1288.23746592	0.05500000
24	135	2	-1285.90379508	0.05500000
24	136	2	-1289.49624825	0.05500000
24	137	2	-1287.04190923	0.05500000
24	138	2	-1287.39868324	0.05500000
24	139	2	-1283.57106367	0.05500000
24	140	2	-1272.96861318	0.05500000
24	141	2	-1269.47781099	0.05500000
24	142	2	-1273.66626851	0.05500000
24	143	2	-1273.90619352	0.05500000
24	144	2	0.00000000	0.05500000
24	145	2	0.00000000	0.05500000
24	146	2	0.00000000	0.05500000
24	147	2	0.00000000	0.05500000
24	148	2	0.00000000	0.05500000
24	149	2	0.00000000	0.05500000
24	150	2	0.00000000	0.05500000
24	151	2	0.00000000	0.05500000
24	152	2	0.00000000	0.05500000
24	153	2	-1278.67023411	0.05500000
24	154	2	-1286.55942384	0.05500000
24	155	2	-1283.38520820	0.05500000
24	156	2	-1285.94083098	0.05500000
24	157	2	-1287.10845768	0.05500000
24	158	2	-1287.89268457	0.05500000
24	159	2	-1294.58333590	0.05500000
24	160	2	-1290.03857339	0.05500000
24	161	2	-1293.09789764	0.05500000
24	162	2	-1296.94490337	0.05500000
24	163	2	-1293.19350218	0.05500000
24	164	2	-1297.29750896	0.05500000
24	165	2	-1299.23457913	0.05500000
24	166	2	-1303.32489778	0.05500000
24	167	2	-1296.19384738	0.05500000
24	168	2	-1302.07253606	0.05500000
24	169	2	-1299.81248776	0.05500000
24	170	2	-1302.03550086	0.05500000
24	171	2	-1301.02643922	0.05500000
24	172	2	-1305.96364956	0.05500000
24	173	2	-1299.47325683	0.05500000
24	174	2	-1306.03961774	0.05500000
24	175	2	-1303.59258896	0.05500000
24	176	2	-1303.84473301	0.05500000
24	177	2	-1303.00609252	0.05500000
24	178	2	-1304.29909197	0.05500000
24	179	2	-1301.62954727	0.05500000
24	180	2	-1305.28907754	0.05500000
24	181	2	-1298.62363074	0.05500000
24	182	2	-1303.57344995	0.05500000
24	183	2	-1296.74249259	0.05500000
24	184	2	-1302.18153686	0.05500000
24	185	2	-1297.95819424	0.05500000
24	186	2	-1301.03323824	0.05500000
24	187	2	-1294.64613380	0.05500000
24	188	2	-1299.73802655	0.05500000
24	189	2	-1298.06155808	0.05500000
24	190	2	-1297.92221178	0.05500000
24	191	2	-1297.51056806	0.05500000
24	192	2	-1298.92476869	0.05500000
24	193	2	-1296.25427434	0.05500000
24	194	2	-1295.86890928	0.05500000
24	195	2	-1293.60096611	0.05500000
24	196	2	-1300.55897161	0.05500000
24	197	2	-1282.44838114	0.05500000
24	198	2	-1294.98848446	0.05500000
24	199	2	-1287.45212089	0.05500000
24	200	2	-1285.73236795	0.05500000
24	201	2	-1263.12481602	0.05500000
24	202	2	-1281.05515131	0.05500000
24	203	2	-1253.69594990	0.05500000
24	204	2	-1243.54406264	0.05500000
24	205	2	-1226.05794329	0.05500000
25	0	2	-1271.35304229	0.05500000
25	1	2	-1245.45126083	0.05500000
25	2	2	-1255.85241270	0.05500000
25	3	2	-1254.54159805	0.05500000
25	4	2	-1266.18662892	0.05500000
25	5	2	-1261.50327302	0.05500000
25	6	2	-1264.36832531	0.05500000
25	7	2	-1259.95070151	0.05500000
25	8	2	-1270.18225165	0.05500000
25	9	2	-1256.74995131	0.05500000
25	10	2	-1262.78453593	0.05500000
25	11	2	-1256.63956219	0.05500000
25	12	2	-1270.04967071	0.05500000
25	13	2	-1263.59530326	0.05500000
25	14	2	-1264.60071176	0.05500000
25	15	2	-1263.28400655	0.05500000
25	16	2	-1263.78412941	0.05500000
25	17	2	-1266.10726950	0.05500000
25	18	2	-1256.75686591	0.05500000
25	19	2	-1254.11968357	0.05500000
25	20	2	-1272.17067514	0.05500000
25	21	2	-1261.36997440	0.05500000
25	22	2	-1268.90923659	0.05500000
25	23	2	-1261.71031346	0.05500000
25	24	2	-1267.04559283	0.05500000
25	25	2	-1277.01235736	0.05500000
25	26	2	-1270.56296811	0.05500000
25	27	2	-1264.55667165	0.05500000
25	28	2	-1274.92260176	0.05500000
25	29	2	-1261.31618299	0.05500000
25	30	2	-1280.48457228	0.05500000
25	31	2	-1259.51709163	0.05500000
25	32	2	-1270.78618664	0.05500000
25	33	2	-1258.24173289	0.05500000
25	34	2	-1284.35684290	0.05500000
25	35	2	-1270.88038647	0.05500000
25	36	2	-1291.63362181	0.05500000
25	37	2	-1272.32319258	0.05500000
25	38	2	-1292.26122233	0.05500000
25	39	2	-1273.97530917	0.05500000
25	40	2	-1280.27178330	0.05500000
25	41	2	-1285.65152515	0.05500000
25	42	2	-1288.45524618	0.05500000
25	43	2	-1280.53129242	0.05500000
25	44	2	-1284.95029397	0.05500000
25	45	2	-1270.46351047	0.05500000
25	46	2	-1287.16187495	0.05500000
25	47	2	-1261.79116345	0.05500000
25	48	2	0.00000000	0.05500000
25	49	2	0.00000000	0.05500000
25	50	2	0.00000000	0.05500000
25	51	2	0.00000000	0.05500000
25	52	2	0.00000000	0.05500000
25	53	2	0.00000000	0.05500000
25	54	2	0.00000000	0.05500000
25	55	2	0.00000000	0.05500000
25	56	2	-1265.80332177	0.05500000
25	57	2	-1248.39818570	0.05500000
25	58	2	-1270.01204678	0.05500000
25	59	2	-1248.86159617	0.05500000
25	60	2	-1257.33841629	0.05500000
25	61	2	-1242.90877322	0.05500000
25	62	2	-1267.66321933	0.05500000
25	63	2	-1260.14494885	0.05500000
25	64	2	-1264.45472676	0.05500000
25	65	2	-1258.82083220	0.05500000
25	66	2	-1265.35016164	0.05500000
25	67	2	-1255.62837538	0.05500000
25	68	2	-1268.75473012	0.05500000
25	69	2	-1255.14862783	0.05500000
25	70	2	-1265.40112780	0.05500000
25	71	2	-1258.33658066	0.05500000
25	72	2	-1261.15356560	0.05500000
25	73	2	-1255.91487975	0.05500000
25	74	2	-1267.01495194	0.05500000
25	75	2	-1256.86027341	0.05500000
25	76	2	-1266.43313884	0.05500000
25	77	2	-1254.17956664	0.05500000
25	78	2	-1264.15574519	0.05500000
25	79	2	-1251.26269447	0.05500000
25	80	2	-1261.71273833	0.05500000
25	81	2	-1253.09833918	0.05500000
25	82	2	-1259.33168252	0.05500000
25	83	2	-1248.75351470	0.05500000
25	84	2	-1257.93914268	0.05500000
25	85	2	-1246.09731272	0.05500000
25	86	2	-1255.82202919	0.05500000
25	87	2	-1247.50654610	0.05500000
25	88	2	-1249.18151602	0.05500000
25	89	2	-1243.43771715	0.05500000
25	90	2	-1248.42815811	0.05500000
25	91	2	-1240.51194145	0.05500000
25	92	2	-1243.90988424	0.05500000
25	93	2	-1240.94361006	0.05500000
25	94	2	-1247.20525937	0.05500000
25	95	2	-1238.33226655	0.05500000
25	96	2	-1241.06124355	0.05500000
25	97	2	-1237.79935047	0.05500000
25	98	2	-1243.92383528	0.05500000
25	99	2	-1237.22320148	0.05500000
25	100	2	-1238.27169186	0.05500000
25	101	2	-1247.68881027	0.05500000
25	102	2	-1287.05068547	0.05500000
25	103	2	-1287.05461581	0.05500000
25	104	2	-1287.02822338	0.05500000
25	105	2	-1287.06006413	0.05500000
25	106	2	-1287.06177527	0.05500000
25	107	2	-1287.04292572	0.05500000
25	108	2	-1287.04192398	0.05500000
25	109	2	-1287.05156115	0.05500000
25	110	2	-1287.04254383	0.05500000
25	111	2	-1248.94232908	0.05500000
25	112	2	-1242.79617040	0.05500000
25	113	2	-1246.63386155	0.05500000
25	114	2	-1247.33498561	0.05500000
25	115	2	-1287.04254383	0.05500000
25	116	2	-1287.04254383	0.05500000
25	117	2	-1287.04254383	0.05500000
25	118	2	-1251.50161115	0.05500000
25	119	2	-1259.70269937	0.05500000
25	120	2	-1257.56802275	0.05500000
25	121	2	-1261.03197741	0.05500000
25	122	2	-1256.55731031	0.05500000
25	123	2	-1262.95019351	0.05500000
25	124	2	-1261.27017204	0.05500000
25	125	2	-1267.78222662	0.05500000
25	126	2	-1267.79759529	0.05500000
25	127	2	-1266.52236761	0.05500000
25	128	2	-1267.06178368	0.05500000
25	129	2	-1270.58333249	0.05500000
25	130	2	-1265.92877114	0.05500000
25	131	2	-1270.79545328	0.05500000
25	132	2	-1270.59139451	0.05500000
25	133	2	-1273.24206532	0.05500000
25	134	2	-1271.62119691	0.05500000
25	135	2	-1273.97246507	0.05500000
25	136	2	-1272.77521945	0.05500000
25	137	2	-1272.99378147	0.05500000
25	138	2	-1275.95445953	0.05500000
25	139	2	-1272.49463348	0.05500000
25	140	2	-1270.44720935	0.05500000
25	141	2	-1271.18071748	0.05500000
25	142	2	-1274.54295810	0.05500000
25	143	2	-1271.54056242	0.05500000
25	144	2	-1275.73312689	0.05500000
25	145	2	-1271.10015151	0.05500000
25	146	2	0.00000000	0.05500000
25	147	2	0.00000000	0.05500000
25	148	2	0.00000000	0.05500000
25	149	2	0.00000000	0.05500000
25	150	2	0.00000000	0.05500000
25	151	2	0.00000000	0.05500000
25	152	2	0.00000000	0.05500000
25	153	2	0.00000000	0.05500000
25	154	2	-1279.14264531	0.05500000
25	155	2	-1287.96799029	0.05500000
25	156	2	-1282.08339206	0.05500000
25	157	2	-1287.78244031	0.05500000
25	158	2	-1285.78130650	0.05500000
25	159	2	-1285.98050195	0.05500000
25	160	2	-1289.36096180	0.05500000
25	161	2	-1288.41438876	0.05500000
25	162	2	-1288.02182934	0.05500000
25	163	2	-1290.24431035	0.05500000
25	164	2	-1293.82797969	0.05500000
25	165	2	-1288.98412163	0.05500000
25	166	2	-1295.86654364	0.05500000
25	167	2	-1291.81026856	0.05500000
25	168	2	-1291.88883241	0.05500000
25	169	2	-1287.41444365	0.05500000
25	170	2	-1292.58144159	0.05500000
25	171	2	-1291.87573830	0.05500000
25	172	2	-1296.30751169	0.05500000
25	173	2	-1292.39590560	0.05500000
25	174	2	-1300.25719660	0.05500000
25	175	2	-1293.11066296	0.05500000
25	176	2	-1302.08529177	0.05500000
25	177	2	-1296.95977509	0.05500000
25	178	2	-1304.82468012	0.05500000
25	179	2	-1297.14126884	0.05500000
25	180	2	-1304.96067910	0.05500000
25	181	2	-1296.74119315	0.05500000
25	182	2	-1308.65494100	0.05500000
25	183	2	-1304.54069340	0.05500000
25	184	2	-1301.90376626	0.05500000
25	185	2	-1317.34232124	0.05500000
25	186	2	-1304.55479511	0.05500000
25	187	2	-1309.19578509	0.05500000
25	188	2	-1309.85566218	0.05500000
25	189	2	-1308.82709695	0.05500000
25	190	2	-1317.71212557	0.05500000
25	191	2	-1312.11788799	0.05500000
25	192	2	-1315.70389395	0.05500000
25	193	2	-1315.20237292	0.05500000
25	194	2	-1323.40115249	0.05500000
25	195	2	-1312.12232915	0.05500000
25	196	2	-1318.36036368	0.05500000
25	197	2	-1319.46938145	0.05500000
25	198	2	-1318.50394116	0.05500000
25	199	2	-1308.34345530	0.05500000
25	200	2	-1307.64091827	0.05500000
25	201	2	-1302.02946147	0.05500000
26	0	2	-1188.74567353	0.05500000
26	1	2	-1207.79997696	0.05500000
26	2	2	-1201.13841784	0.05500000
26	3	2	-1202.89867674	0.05500000
26	4	2	-1203.46622305	0.05500000
26	5	2	-1181.66968311	0.05500000
26	6	2	-1185.60483208	0.05500000
26	7	2	-1206.94828936	0.05500000
26	8	2	-1203.48902262	0.05500000
26	9	2	-1196.52661043	0.05500000
26	10	2	-1206.13259794	0.05500000
26	11	2	-1199.01462952	0.05500000
26	12	2	-1207.90739906	0.05500000
26	13	2	-1184.26355513	0.05500000
26	14	2	-1187.49168422	0.05500000
26	15	2	-1215.71603244	0.05500000
26	16	2	-1198.91035845	0.05500000
26	17	2	-1210.72134667	0.05500000
26	18	2	-1210.35569438	0.05500000
26	19	2	-1205.94912624	0.05500000
26	20	2	-1207.45840224	0.05500000
26	21	2	-1203.52994464	0.05500000
26	22	2	-1202.73796296	0.05500000
26	23	2	-1226.97160498	0.05500000
26	24	2	-1192.75904128	0.05500000
26	25	2	-1234.98111437	0.05500000
26	26	2	-1205.36042507	0.05500000
26	27	2	-1209.71784671	0.05500000
26	28	2	-1164.31874664	0.05500000
26	29	2	-1215.07992773	0.05500000
26	30	2	-1232.75410112	0.05500000
26	31	2	-1228.84127766	0.05500000
26	32	2	-1227.92519891	0.05500000
26	33	2	-1236.17633445	0.05500000
26	34	2	-1239.72096761	0.05500000
26	35	2	-1223.42153236	0.05500000
26	36	2	-1241.12151680	0.05500000
26	37	2	-1233.02898154	0.05500000
26	38	2	-1244.87381258	0.05500000
26	39	2	-1240.66082545	0.05500000
26	40	2	-1240.23385116	0.05500000
26	41	2	-1238.85272273	0.05500000
26	42	2	-1224.21271452	0.05500000
26	43	2	0.00000000	0.05500000
26	44	2	0.00000000	0.05500000
26	45	2	0.00000000	0.05500000
26	46	2	0.00000000	0.05500000
26	47	2	0.00000000	0.05500000
26	48	2	0.00000000	0.05500000
26	49	2	0.00000000	0.05500000
26	50	2	0.00000000	0.05500000
26	51	2	-1239.04654637	0.05500000
26	52	2	-1235.21777033	0.05500000
26	53	2	-1244.77813168	0.05500000
26	54	2	-1236.14647696	0.05500000
26	55	2	-1243.09856216	0.05500000
26	56	2	-1236.23958955	0.05500000
26	57	2	-1238.81053713	0.05500000
26	58	2	-1244.16656926	0.05500000
26	59	2	-1237.11395998	0.05500000
26	60	2	-1238.64034655	0.05500000
26	61	2	-1241.85114110	0.05500000
26	62	2	-1233.44900166	0.05500000
26	63	2	-1244.07164935	0.05500000
26	64	2	-1232.78931621	0.05500000
26	65	2	-1238.59820898	0.05500000
26	66	2	-1232.50145772	0.05500000
26	67	2	-1237.18126316	0.05500000
26	68	2	-1230.31415260	0.05500000
26	69	2	-1234.60226663	0.05500000
26	70	2	-1231.42192758	0.05500000
26	71	2	-1234.07780493	0.05500000
26	72	2	-1230.03911180	0.05500000
26	73	2	-1234.90378393	0.05500000
26	74	2	-1236.45270394	0.05500000
26	75	2	-1281.56627866	0.05500000
26	76	2	-1234.11989843	0.05500000
26	77	2	-1236.13565083	0.05500000
26	78	2	-1236.74671802	0.05500000
26	79	2	-1215.09378365	0.05500000
26	80	2	-1227.65600865	0.05500000
26	81	2	-1229.93159752	0.05500000
26	82	2	-1228.85881954	0.05500000
26	83	2	-1222.93934339	0.05500000
26	84	2	-1225.11941419	0.05500000
26	85	2	-1222.99301704	0.05500000
26	86	2	-1223.29608812	0.05500000
26	87	2	-1224.66431749	0.05500000
26	88	2	-1222.69257626	0.05500000
26	89	2	-1220.05383345	0.05500000
26	90	2	-1223.77430125	0.05500000
26	91	2	-1220.20899380	0.05500000
26	92	2	-1224.35320147	0.05500000
26	93	2	-1215.38241964	0.05500000
26	94	2	-1219.08470212	0.05500000
26	95	2	-1217.04975726	0.05500000
26	96	2	-1217.67777242	0.05500000
26	97	2	-1212.01592816	0.05500000
26	98	2	-1217.48113348	0.05500000
26	99	2	-1204.44191930	0.05500000
26	100	2	-1231.06147538	0.05500000
26	101	2	-1231.05273774	0.05500000
26	102	2	-1231.07272382	0.05500000
26	103	2	-1231.03956940	0.05500000
26	104	2	-1231.02548249	0.05500000
26	105	2	-1231.06416215	0.05500000
26	106	2	-1231.05831951	0.05500000
26	107	2	-1231.05981116	0.05500000
26	108	2	-1231.02830575	0.05500000
26	109	2	-1231.05315329	0.05500000
26	110	2	-1231.04196690	0.05500000
26	111	2	-1231.04568446	0.05500000
26	112	2	-1231.05273774	0.05500000
26	113	2	-1231.05273774	0.05500000
26	114	2	-1225.47109198	0.05500000
26	115	2	-1225.69404786	0.05500000
26	116	2	-1223.13597128	0.05500000
26	117	2	-1223.56095370	0.05500000
26	118	2	-1224.57434425	0.05500000
26	119	2	-1225.57849822	0.05500000
26	120	2	-1228.60460768	0.05500000
26	121	2	-1225.61496772	0.05500000
26	122	2	-1225.96291262	0.05500000
26	123	2	-1225.95862006	0.05500000
26	124	2	-1230.63982751	0.05500000
26	125	2	-1228.85551366	0.05500000
26	126	2	-1227.50904385	0.05500000
26	127	2	-1223.04552025	0.05500000
26	128	2	-1223.12940583	0.05500000
26	129	2	-1224.01845969	0.05500000
26	130	2	-1226.33903170	0.05500000
26	131	2	-1227.77173874	0.05500000
26	132	2	-1230.50413298	0.05500000
26	133	2	-1225.93952155	0.05500000
26	134	2	-1230.97220305	0.05500000
26	135	2	-1234.10731712	0.05500000
26	136	2	-1232.12348051	0.05500000
26	137	2	-1235.54112787	0.05500000
26	138	2	-1233.72463687	0.05500000
26	139	2	-1235.85369640	0.05500000
26	140	2	-1238.44125541	0.05500000
26	141	2	-1242.60365841	0.05500000
26	142	2	-1237.03871944	0.05500000
26	143	2	-1239.51006194	0.05500000
26	144	2	-1238.70995560	0.05500000
26	145	2	-1239.31210844	0.05500000
26	146	2	-1234.62344773	0.05500000
26	147	2	-1234.75756947	0.05500000
26	148	2	-1229.82469621	0.05500000
26	149	2	0.00000000	0.05500000
26	150	2	0.00000000	0.05500000
26	151	2	0.00000000	0.05500000
26	152	2	0.00000000	0.05500000
26	153	2	0.00000000	0.05500000
26	154	2	0.00000000	0.05500000
26	155	2	0.00000000	0.05500000
26	156	2	0.00000000	0.05500000
26	157	2	-1229.01127376	0.05500000
26	158	2	-1232.31769873	0.05500000
26	159	2	-1232.54765566	0.05500000
26	160	2	-1228.15239255	0.05500000
26	161	2	-1231.87840421	0.05500000
26	162	2	-1234.36049820	0.05500000
26	163	2	-1231.47717744	0.05500000
26	164	2	-1229.75020746	0.05500000
26	165	2	-1231.57593517	0.05500000
26	166	2	-1234.02421233	0.05500000
26	167	2	-1229.84458181	0.05500000
26	168	2	-1234.03988493	0.05500000
26	169	2	-1231.39188625	0.05500000
26	170	2	-1232.06071717	0.05500000
26	171	2	-1237.69485387	0.05500000
26	172	2	-1223.16980339	0.05500000
26	173	2	-1237.48357116	0.05500000
26	174	2	-1230.25390008	0.05500000
26	175	2	-1239.04131652	0.05500000
26	176	2	-1235.47627497	0.05500000
26	177	2	-1240.99758085	0.05500000
26	178	2	-1243.81125919	0.05500000
26	179	2	-1248.53771420	0.05500000
26	180	2	-1248.63013517	0.05500000
26	181	2	-1247.93658679	0.05500000
26	182	2	-1249.03493706	0.05500000
26	183	2	-1256.87613802	0.05500000
26	184	2	-1257.68541988	0.05500000
26	185	2	-1259.95298782	0.05500000
26	186	2	-1263.14074971	0.05500000
26	187	2	-1263.28074727	0.05500000
26	188	2	-1272.96022853	0.05500000
26	189	2	-1270.51491379	0.05500000
26	190	2	-1274.37493873	0.05500000
26	191	2	-1282.41545313	0.05500000
26	192	2	-1279.52446669	0.05500000
26	193	2	-1287.64712207	0.05500000
26	194	2	-1278.98904218	0.05500000
26	195	2	-1292.62676561	0.05500000
26	196	2	-1283.98231972	0.05500000
26	197	2	-1286.56009474	0.05500000
26	198	2	-1282.90222761	0.05500000
26	199	2	-1275.07819009	0.05500000
27	0	2	-1070.45313897	0.05500000
27	1	2	-1131.33600319	0.05500000
27	2	2	-1077.24836653	0.05500000
27	3	2	-1115.32283063	0.05500000
27	4	2	-1091.93107548	0.05500000
27	5	2	-1125.42509830	0.05500000
27	6	2	-1086.04212663	0.05500000
27	7	2	-1204.42385654	0.05500000
27	8	2	-1066.40832645	0.05500000
27	9	2	-1125.61265214	0.05500000
27	10	2	-1123.43766900	0.05500000
27	11	2	-1108.71471453	0.05500000
27	12	2	-1145.09319341	0.05500000
27	13	2	-1125.70901206	0.05500000
27	14	2	-1101.57769110	0.05500000
27	15	2	-1125.63852316	0.05500000
27	16	2	-1112.12135107	0.05500000
27	17	2	-1151.34175231	0.05500000
27	18	2	-1126.77533002	0.05500000
27	19	2	-1148.62859483	0.05500000
27	20	2	-1127.61254270	0.05500000
27	21	2	-1143.63092059	0.05500000
27	22	2	-1204.42385654	0.05500000
27	23	2	-1122.50760925	0.05500000
27	24	2	-1127.08862087	0.05500000
27	25	2	-1159.07655176	0.05500000
27	26	2	-1164.88861017	0.05500000
27	27	2	-1152.63927417	0.05500000
27	28	2	-1183.41507420	0.05500000
27	29	2	-1150.04841039	0.05500000
27	30	2	-1187.71687190	0.05500000
27	31	2	-1158.65660672	0.05500000
27	32	2	-1182.08700901	0.05500000
27	33	2	-1200.38059726	0.05500000
27	34	2	-1175.09422795	0.05500000
27	35	2	-1194.58033241	0.05500000
27	36	2	-1165.85321929	0.05500000
27	37	2	0.00000000	0.05500000
27	38	2	0.00000000	0.05500000
27	39	2	0.00000000	0.05500000
27	40	2	0.00000000	0.05500000
27	41	2	0.00000000	0.05500000
27	42	2	0.00000000	0.05500000
27	43	2	0.00000000	0.05500000
27	44	2	0.00000000	0.05500000
27	45	2	0.00000000	0.05500000
27	46	2	-1210.42672788	0.05500000
27	47	2	-1219.06419965	0.05500000
27	48	2	-1216.81607977	0.05500000
27	49	2	-1215.53473353	0.05500000
27	50	2	-1220.78466189	0.05500000
27	51	2	-1214.00149201	0.05500000
27	52	2	-1223.83127182	0.05500000
27	53	2	-1220.03777361	0.05500000
27	54	2	-1224.02587471	0.05500000
27	55	2	-1230.90204149	0.05500000
27	56	2	-1220.75849540	0.05500000
27	57	2	-1231.40125651	0.05500000
27	58	2	-1224.07957444	0.05500000
27	59	2	-1229.91999866	0.05500000
27	60	2	-1228.47927146	0.05500000
27	61	2	-1229.83944202	0.05500000
27	62	2	-1233.65295104	0.05500000
27	63	2	-1229.77206344	0.05500000
27	64	2	-1227.80400858	0.05500000
27	65	2	-1226.40899259	0.05500000
27	66	2	-1227.70883430	0.05500000
27	67	2	-1229.56241185	0.05500000
27	68	2	-1228.00955103	0.05500000
27	69	2	-1229.32144509	0.05500000
27	70	2	-1223.01069466	0.05500000
27	71	2	-1228.82859800	0.05500000
27	72	2	-1223.05491355	0.05500000
27	73	2	-1227.70641334	0.05500000
27	74	2	-1218.75399901	0.05500000
27	75	2	-1226.79523874	0.05500000
27	76	2	-1219.67356439	0.05500000
27	77	2	-1220.40096886	0.05500000
27	78	2	-1213.72040885	0.05500000
27	79	2	-1221.16013479	0.05500000
27	80	2	-1212.42500326	0.05500000
27	81	2	-1218.59399216	0.05500000
27	82	2	-1211.43373053	0.05500000
27	83	2	-1218.11681440	0.05500000
27	84	2	-1205.66521665	0.05500000
27	85	2	-1213.15851961	0.05500000
27	86	2	-1207.56453842	0.05500000
27	87	2	-1213.03228664	0.05500000
27	88	2	-1210.60354079	0.05500000
27	89	2	-1210.54185398	0.05500000
27	90	2	-1207.11880021	0.05500000
27	91	2	-1214.46445673	0.05500000
27	92	2	-1205.54563174	0.05500000
27	93	2	-1210.83323986	0.05500000
27	94	2	-1207.21963199	0.05500000
27	95	2	-1210.99504326	0.05500000
27	96	2	-1203.03663313	0.05500000
27	97	2	-1208.71503817	0.05500000
27	98	2	-1231.05535246	0.05500000
27	99	2	-1231.02682867	0.05500000
27	100	2	-1231.05370952	0.05500000
27	101	2	-1231.04149492	0.05500000
27	102	2	-1231.05329962	0.05500000
27	103	2	-1231.05750246	0.05500000
27	104	2	-1231.05456328	0.05500000
27	105	2	-1231.03765066	0.05500000
27	106	2	-1231.03770565	0.05500000
27	107	2	-1231.04548619	0.05500000
27	108	2	-1231.02715002	0.05500000
27	109	2	-1231.06282789	0.05500000
27	110	2	-1231.05273774	0.05500000
27	111	2	-1231.05273774	0.05500000
27	112	2	-1231.05273774	0.05500000
27	113	2	-1231.05273774	0.05500000
27	114	2	-1231.05273774	0.05500000
27	115	2	-1214.18248374	0.05500000
27	116	2	-1221.62121173	0.05500000
27	117	2	-1223.15472640	0.05500000
27	118	2	-1219.65571716	0.05500000
27	119	2	-1220.24418385	0.05500000
27	120	2	-1225.44976933	0.05500000
27	121	2	-1221.03211760	0.05500000
27	122	2	-1227.70562621	0.05500000
27	123	2	-1224.05879847	0.05500000
27	124	2	-1227.81331098	0.05500000
27	125	2	-1225.21393151	0.05500000
27	126	2	-1225.25250305	0.05500000
27	127	2	-1220.02644285	0.05500000
27	128	2	-1221.93617000	0.05500000
27	129	2	-1217.62168792	0.05500000
27	130	2	-1220.32340021	0.05500000
27	131	2	-1216.13807316	0.05500000
27	132	2	-1220.14382652	0.05500000
27	133	2	-1217.33564671	0.05500000
27	134	2	-1224.34173243	0.05500000
27	135	2	-1212.89399080	0.05500000
27	136	2	-1222.05367473	0.05500000
27	137	2	-1219.27145063	0.05500000
27	138	2	-1224.37643889	0.05500000
27	139	2	-1219.07392480	0.05500000
27	140	2	-1224.52459376	0.05500000
27	141	2	-1220.73615016	0.05500000
27	142	2	-1225.81369744	0.05500000
27	143	2	-1218.53768304	0.05500000
27	144	2	-1220.82265073	0.05500000
27	145	2	-1216.96790619	0.05500000
27	146	2	-1222.81375735	0.05500000
27	147	2	-1215.22922197	0.05500000
27	148	2	-1217.33865819	0.05500000
27	149	2	-1206.35439956	0.05500000
27	150	2	0.00000000	0.05500000
27	151	2	0.00000000	0.05500000
27	152	2	0.00000000	0.05500000
27	153	2	0.00000000	0.05500000
27	154	2	0.00000000	0.05500000
27	155	2	0.00000000	0.05500000
27	156	2	0.00000000	0.05500000
27	157	2	0.00000000	0.05500000
27	158	2	0.00000000	0.05500000
27	159	2	-1178.54162476	0.05500000
27	160	2	-1206.31744186	0.05500000
27	161	2	-1176.79944354	0.05500000
27	162	2	-1192.29367921	0.05500000
27	163	2	-1182.66572451	0.05500000
27	164	2	-1184.66045909	0.05500000
27	165	2	-1179.51837717	0.05500000
27	166	2	-1184.31438321	0.05500000
27	167	2	-1171.64217516	0.05500000
27	168	2	-1184.33108417	0.05500000
27	169	2	-1174.83243409	0.05500000
27	170	2	-1181.08359758	0.05500000
27	171	2	-1167.03175893	0.05500000
27	172	2	-1177.80616316	0.05500000
27	173	2	-1175.10939450	0.05500000
27	174	2	-1188.67988193	0.05500000
27	175	2	-1187.01056603	0.05500000
27	176	2	-1199.54040781	0.05500000
27	177	2	-1198.32500648	0.05500000
27	178	2	-1210.94257168	0.05500000
27	179	2	-1214.24927380	0.05500000
27	180	2	-1224.90939867	0.05500000
27	181	2	-1221.55594625	0.05500000
27	182	2	-1233.30635457	0.05500000
27	183	2	-1237.78333699	0.05500000
27	184	2	-1250.55299242	0.05500000
27	185	2	-1248.63925148	0.05500000
27	186	2	-1256.86263439	0.05500000
27	187	2	-1260.25414155	0.05500000
27	188	2	-1272.78044740	0.05500000
27	189	2	-1268.13561504	0.05500000
27	190	2	-1271.44007615	0.05500000
27	191	2	-1287.37738621	0.05500000
27	192	2	-1285.14137137	0.05500000
27	193	2	-1285.66654787	0.05500000
27	194	2	-1287.12767160	0.05500000
27	195	2	-1278.55807291	0.05500000
28	0	2	-1228.43460224	0.05500000
28	1	2	-1228.43460224	0.05500000
28	2	2	-1228.43460224	0.05500000
28	3	2	-1228.43460224	0.05500000
28	4	2	-1228.43460224	0.05500000
28	5	2	-949.06801544	0.05500000
28	6	2	-1228.43460224	0.05500000
28	7	2	-1228.43460224	0.05500000
28	8	2	-1228.43460224	0.05500000
28	9	2	-1228.43460224	0.05500000
28	10	2	-1228.43460224	0.05500000
28	11	2	-1228.43460224	0.05500000
28	12	2	-1228.43460224	0.05500000
28	13	2	-1228.43460224	0.05500000
28	14	2	-1228.43460224	0.05500000
28	15	2	-1228.43460224	0.05500000
28	16	2	-1228.43460224	0.05500000
28	17	2	-1026.55114452	0.05500000
28	18	2	-1228.43460224	0.05500000
28	19	2	-1036.79544810	0.05500000
28	20	2	-1228.43460224	0.05500000
28	21	2	-1228.43460224	0.05500000
28	22	2	-1087.68086711	0.05500000
28	23	2	-1228.43460224	0.05500000
28	24	2	0.00000000	0.05500000
28	25	2	0.00000000	0.05500000
28	26	2	0.00000000	0.05500000
28	27	2	0.00000000	0.05500000
28	28	2	0.00000000	0.05500000
28	29	2	0.00000000	0.05500000
28	30	2	0.00000000	0.05500000
28	31	2	0.00000000	0.05500000
28	32	2	0.00000000	0.05500000
28	33	2	-1181.03077788	0.05500000
28	34	2	-1209.62324151	0.05500000
28	35	2	-1186.44194061	0.05500000
28	36	2	-1209.24044611	0.05500000
28	37	2	-1223.77540232	0.05500000
28	38	2	-1218.15358820	0.05500000
28	39	2	-1231.36237046	0.05500000
28	40	2	-1223.39164697	0.05500000
28	41	2	-1239.22575675	0.05500000
28	42	2	-1241.29903785	0.05500000
28	43	2	-1245.77930772	0.05500000
28	44	2	-1250.91802310	0.05500000
28	45	2	-1250.69660007	0.05500000
28	46	2	-1255.02361009	0.05500000
28	47	2	-1257.92598962	0.05500000
28	48	2	-1261.47171119	0.05500000
28	49	2	-1264.15793273	0.05500000
28	50	2	-1260.63944285	0.05500000
28	51	2	-1266.13811604	0.05500000
28	52	2	-1261.72304849	0.05500000
28	53	2	-1265.36919371	0.05500000
28	54	2	-1257.41595247	0.05500000
28	55	2	-1264.67594457	0.05500000
28	56	2	-1259.24932721	0.05500000
28	57	2	-1265.75671861	0.05500000
28	58	2	-1263.51945659	0.05500000
28	59	2	-1262.63166511	0.05500000
28	60	2	-1258.55167290	0.05500000
28	61	2	-1262.26319442	0.05500000
28	62	2	-1256.27315790	0.05500000
28	63	2	-1255.91012875	0.05500000
28	64	2	-1254.16122920	0.05500000
28	65	2	-1257.18036543	0.05500000
28	66	2	-1255.34095484	0.05500000
28	67	2	-1253.20578464	0.05500000
28	68	2	-1248.68212554	0.05500000
28	69	2	-1250.55867261	0.05500000
28	70	2	-1247.50282201	0.05500000
28	71	2	-1249.43305859	0.05500000
28	72	2	-1241.36220283	0.05500000
28	73	2	-1251.88716739	0.05500000
28	74	2	-1239.16653315	0.05500000
28	75	2	-1252.62190668	0.05500000
28	76	2	-1237.53797287	0.05500000
28	77	2	-1250.17415877	0.05500000
28	78	2	-1233.36818077	0.05500000
28	79	2	-1251.12016990	0.05500000
28	80	2	-1234.20123698	0.05500000
28	81	2	-1246.27432856	0.05500000
28	82	2	-1230.29077586	0.05500000
28	83	2	-1244.48854760	0.05500000
28	84	2	-1225.97755672	0.05500000
28	85	2	-1242.30474249	0.05500000
28	86	2	-1228.84846753	0.05500000
28	87	2	-1243.15090649	0.05500000
28	88	2	-1228.45903751	0.05500000
28	89	2	-1212.70527207	0.05500000
28	90	2	-1212.71192780	0.05500000
28	91	2	-1212.65061257	0.05500000
28	92	2	-1212.71828736	0.05500000
28	93	2	-1212.71375475	0.05500000
28	94	2	-1212.70893627	0.05500000
28	95	2	-1212.73093543	0.05500000
28	96	2	-1212.72357459	0.05500000
28	97	2	-1212.71647353	0.05500000
28	98	2	-1212.71952454	0.05500000
28	99	2	-1212.70746933	0.05500000
28	100	2	-1212.74827134	0.05500000
28	101	2	-1212.73082152	0.05500000
28	102	2	-1212.73082152	0.05500000
28	103	2	-1245.19272412	0.05500000
28	104	2	-1212.73082152	0.05500000
28	105	2	-1245.84868866	0.05500000
28	106	2	-1256.66080686	0.05500000
28	107	2	-1246.52722524	0.05500000
28	108	2	-1258.08032380	0.05500000
28	109	2	-1247.61131302	0.05500000
28	110	2	-1260.39813305	0.05500000
28	111	2	-1250.15699547	0.05500000
28	112	2	-1265.28683682	0.05500000
28	113	2	-1248.34371967	0.05500000
28	114	2	-1265.43193568	0.05500000
28	115	2	-1255.04795895	0.05500000
28	116	2	-1266.60352912	0.05500000
28	117	2	-1256.97648762	0.05500000
28	118	2	-1266.06619321	0.05500000
28	119	2	-1254.46967948	0.05500000
28	120	2	-1265.51804101	0.05500000
28	121	2	-1253.55615928	0.05500000
28	122	2	-1257.79504601	0.05500000
28	123	2	-1249.59066520	0.05500000
28	124	2	-1256.19715108	0.05500000
28	125	2	-1246.02221182	0.05500000
28	126	2	-1255.41622101	0.05500000
28	127	2	-1242.10419490	0.05500000
28	128	2	-1255.03649078	0.05500000
28	129	2	-1237.83726462	0.05500000
28	130	2	-1245.69113290	0.05500000
28	131	2	-1237.06702143	0.05500000
28	132	2	-1246.54981327	0.05500000
28	133	2	-1233.51083036	0.05500000
28	134	2	-1239.37143337	0.05500000
28	135	2	-1232.40769902	0.05500000
28	136	2	-1235.24483031	0.05500000
28	137	2	-1223.30727381	0.05500000
28	138	2	-1231.89046206	0.05500000
28	139	2	-1211.34729076	0.05500000
28	140	2	-1228.53429669	0.05500000
28	141	2	-1199.50132881	0.05500000
28	142	2	-1217.90552806	0.05500000
28	143	2	-1205.29031388	0.05500000
28	144	2	-1203.30659141	0.05500000
28	145	2	0.00000000	0.05500000
28	146	2	0.00000000	0.05500000
28	147	2	0.00000000	0.05500000
28	148	2	0.00000000	0.05500000
28	149	2	0.00000000	0.05500000
28	150	2	0.00000000	0.05500000
28	151	2	0.00000000	0.05500000
28	152	2	0.00000000	0.05500000
28	153	2	0.00000000	0.05500000
28	154	2	-1117.89191294	0.05500000
28	155	2	-1126.28669109	0.05500000
28	156	2	-1118.16713860	0.05500000
28	157	2	-1112.26268919	0.05500000
28	158	2	-1127.82651720	0.05500000
28	159	2	-1104.43764610	0.05500000
28	160	2	-1212.73082152	0.05500000
28	161	2	-1092.13201735	0.05500000
28	162	2	-1212.73082152	0.05500000
28	163	2	-1105.37890705	0.05500000
28	164	2	-1110.94779104	0.05500000
28	165	2	-1119.90730110	0.05500000
28	166	2	-1116.52802537	0.05500000
28	167	2	-1117.47585074	0.05500000
28	168	2	-1157.90935440	0.05500000
28	169	2	-1150.74252302	0.05500000
28	170	2	-1164.92108000	0.05500000
28	171	2	-1165.17035771	0.05500000
28	172	2	-1202.59182097	0.05500000
28	173	2	-1180.66276105	0.05500000
28	174	2	-1216.31434410	0.05500000
28	175	2	-1205.22089899	0.05500000
28	176	2	-1236.24338796	0.05500000
28	177	2	-1225.33395074	0.05500000
29	0	2	0.00000000	0.05500000
29	1	2	0.00000000	0.05500000
29	2	2	0.00000000	0.05500000
29	3	2	0.00000000	0.05500000
29	4	2	0.00000000	0.05500000
29	5	2	-952.67274097	0.05500000
29	6	2	-1079.55244520	0.05500000
29	7	2	-1037.56954802	0.05500000
29	8	2	-1083.79877848	0.05500000
29	9	2	-1116.59961060	0.05500000
29	10	2	-1113.52445705	0.05500000
29	11	2	-1139.15665596	0.05500000
29	12	2	-1191.75825474	0.05500000
29	13	2	-1137.66551118	0.05500000
29	14	2	-1186.39983251	0.05500000
29	15	2	-1193.41048840	0.05500000
29	16	2	-1213.62635090	0.05500000
29	17	2	-1205.79176621	0.05500000
29	18	2	-1228.73197918	0.05500000
29	19	2	-1235.87180277	0.05500000
29	20	2	-1236.78005102	0.05500000
29	21	2	-1244.53294024	0.05500000
29	22	2	-1247.41050267	0.05500000
29	23	2	-1253.38369802	0.05500000
29	24	2	-1251.58544122	0.05500000
29	25	2	-1257.47685435	0.05500000
29	26	2	-1264.41788111	0.05500000
29	27	2	-1257.70541844	0.05500000
29	28	2	-1263.10937597	0.05500000
29	29	2	-1262.29119879	0.05500000
29	30	2	-1259.69579008	0.05500000
29	31	2	-1268.04836057	0.05500000
29	32	2	-1259.87984790	0.05500000
29	33	2	-1266.20398499	0.05500000
29	34	2	-1264.71705788	0.05500000
29	35	2	-1266.10445722	0.05500000
29	36	2	-1260.79363204	0.05500000
29	37	2	-1263.98413033	0.05500000
29	38	2	-1259.31732541	0.05500000
29	39	2	-1263.43294335	0.05500000
29	40	2	-1259.57095272	0.05500000
29	41	2	-1263.07334878	0.05500000
29	42	2	-1258.42544684	0.05500000
29	43	2	-1260.69433547	0.05500000
29	44	2	-1256.22709863	0.05500000
29	45	2	-1258.80673724	0.05500000
29	46	2	-1254.23641623	0.05500000
29	47	2	-1260.64338005	0.05500000
29	48	2	-1254.26216290	0.05500000
29	49	2	-1254.46129514	0.05500000
29	50	2	-1258.86463595	0.05500000
29	51	2	-1256.67841663	0.05500000
29	52	2	-1250.87244368	0.05500000
29	53	2	-1256.10256293	0.05500000
29	54	2	-1249.59953256	0.05500000
29	55	2	-1253.23185158	0.05500000
29	56	2	-1246.50977382	0.05500000
29	57	2	-1253.15243202	0.05500000
29	58	2	-1250.03974363	0.05500000
29	59	2	-1246.95308513	0.05500000
29	60	2	-1244.29528472	0.05500000
29	61	2	-1246.51232924	0.05500000
29	62	2	-1241.08491685	0.05500000
29	63	2	-1244.02258837	0.05500000
29	64	2	-1240.09182461	0.05500000
29	65	2	-1212.71122006	0.05500000
29	66	2	-1212.72191469	0.05500000
29	67	2	-1212.73769955	0.05500000
29	68	2	-1212.71652590	0.05500000
29	69	2	-1212.69981423	0.05500000
29	70	2	-1212.73547436	0.05500000
29	71	2	-1212.74324215	0.05500000
29	72	2	-1212.71631024	0.05500000
29	73	2	-1212.73167549	0.05500000
29	74	2	-1212.74325415	0.05500000
29	75	2	-1212.73494784	0.05500000
29	76	2	-1212.70061671	0.05500000
29	77	2	-1212.73082152	0.05500000
29	78	2	-1212.73082152	0.05500000
29	79	2	-1212.73082152	0.05500000
29	80	2	-1212.73082152	0.05500000
29	81	2	-1245.60466133	0.05500000
29	82	2	-1243.49375693	0.05500000
29	83	2	-1246.76742025	0.05500000
29	84	2	-1245.62179248	0.05500000
29	85	2	-1250.53477021	0.05500000
29	86	2	-1252.44273905	0.05500000
29	87	2	-1251.19275199	0.05500000
29	88	2	-1251.96452353	0.05500000
29	89	2	-1255.19209135	0.05500000
29	90	2	-1250.43602762	0.05500000
29	91	2	-1254.56044493	0.05500000
29	92	2	-1259.11682097	0.05500000
29	93	2	-1249.50589671	0.05500000
29	94	2	-1256.04231309	0.05500000
29	95	2	-1257.70789214	0.05500000
29	96	2	-1253.68650243	0.05500000
29	97	2	-1257.15026069	0.05500000
29	98	2	-1251.18771709	0.05500000
29	99	2	-1253.16296814	0.05500000
29	100	2	-1250.34721108	0.05500000
29	101	2	-1249.25326531	0.05500000
29	102	2	-1245.93361059	0.05500000
29	103	2	-1247.78189556	0.05500000
29	104	2	-1240.19327641	0.05500000
29	105	2	-1245.89938193	0.05500000
29	106	2	-1234.49636937	0.05500000
29	107	2	-1237.40326794	0.05500000
29	108	2	-1226.29243438	0.05500000
29	109	2	-1230.98338493	0.05500000
29	110	2	-1220.24461551	0.05500000
29	111	2	-1213.83731222	0.05500000
29	112	2	-1205.20541693	0.05500000
29	113	2	-1203.00760591	0.05500000
29	114	2	-1188.86198485	0.05500000
29	115	2	-1197.60088887	0.05500000
29	116	2	-1172.04498249	0.05500000
29	117	2	-1143.37918914	0.05500000
29	118	2	-1188.50329451	0.05500000
29	119	2	-1140.62531961	0.05500000
29	120	2	-1108.92624371	0.05500000
29	121	2	-1122.23633220	0.05500000
29	122	2	-1053.43938326	0.05500000
29	123	2	-1091.14135727	0.05500000
29	124	2	-1046.13371803	0.05500000
29	125	2	0.00000000	0.05500000
29	126	2	0.00000000	0.05500000
29	127	2	0.00000000	0.05500000
29	128	2	0.00000000	0.05500000
29	129	2	0.00000000	0.05500000
30	0	2	-1177.72640085	0.05500000
30	1	2	-1041.01833373	0.05500000
30	2	2	-1201.34579632	0.05500000
30	3	2	-1069.32032366	0.05500000
30	4	2	-1113.09101726	0.05500000
30	5	2	-1122.89296455	0.05500000
30	6	2	-1125.10499569	0.05500000
30	7	2	-1138.16132779	0.05500000
30	8	2	-1157.35448082	0.05500000
30	9	2	-1159.57879334	0.05500000
30	10	2	-1180.40194332	0.05500000
30	11	2	-1180.88364176	0.05500000
30	12	2	-1187.42808235	0.05500000
30	13	2	-1194.17590696	0.05500000
30	14	2	-1197.93147459	0.05500000
30	15	2	-1201.38369051	0.05500000
30	16	2	-1206.98266920	0.05500000
30	17	2	-1206.03544311	0.05500000
30	18	2	-1214.45667689	0.05500000
30	19	2	-1211.99493941	0.05500000
30	20	2	-1224.57294851	0.05500000
30	21	2	-1211.60429569	0.05500000
30	22	2	-1222.29616692	0.05500000
30	23	2	-1221.08889480	0.05500000
30	24	2	-1221.05705528	0.05500000
30	25	2	-1222.47299543	0.05500000
30	26	2	-1218.90900879	0.05500000
30	27	2	-1223.10191018	0.05500000
30	28	2	-1224.90271531	0.05500000
30	29	2	-1222.76246094	0.05500000
30	30	2	-1222.71182405	0.05500000
30	31	2	-1220.61799445	0.05500000
30	32	2	-1223.70550366	0.05500000
30	33	2	-1212.01104985	0.05500000
30	34	2	-1223.61018631	0.05500000
30	35	2	-1216.12051270	0.05500000
30	36	2	-1217.98579610	0.05500000
30	37	2	-1213.92433293	0.05500000
30	38	2	-1215.67895388	0.05500000
30	39	2	-1208.85960794	0.05500000
30	40	2	-1217.99203408	0.05500000
30	41	2	-1207.11475781	0.05500000
30	42	2	-1216.72430123	0.05500000
30	43	2	-1202.95657794	0.05500000
30	44	2	-1209.62206686	0.05500000
30	45	2	-1200.82610729	0.05500000
30	46	2	-1208.95426731	0.05500000
30	47	2	-1198.99555021	0.05500000
30	48	2	-1205.02896282	0.05500000
30	49	2	-1192.78162870	0.05500000
30	50	2	-1202.56695439	0.05500000
30	51	2	-1192.19956150	0.05500000
30	52	2	-1198.35885117	0.05500000
30	53	2	-1187.79140113	0.05500000
30	54	2	-1197.76550415	0.05500000
30	55	2	-1187.82025438	0.05500000
30	56	2	-1177.72874225	0.05500000
30	57	2	-1177.74021855	0.05500000
30	58	2	-1177.70344222	0.05500000
30	59	2	-1177.71049844	0.05500000
30	60	2	-1177.72075442	0.05500000
30	61	2	-1177.73217355	0.05500000
30	62	2	-1177.72027462	0.05500000
30	63	2	-1177.73588788	0.05500000
30	64	2	-1177.71708392	0.05500000
30	65	2	-1177.72640085	0.05500000
30	66	2	-1186.61536861	0.05500000
30	67	2	-1184.78474004	0.05500000
30	68	2	-1177.72640085	0.05500000
30	69	2	-1181.06047038	0.05500000
30	70	2	-1192.24636980	0.05500000
30	71	2	-1183.70224486	0.05500000
30	72	2	-1193.64684565	0.05500000
30	73	2	-1186.95864604	0.05500000
30	74	2	-1196.44317614	0.05500000
30	75	2	-1188.16780599	0.05500000
30	76	2	-1198.00448623	0.05500000
30	77	2	-1189.79546275	0.05500000
30	78	2	-1197.00889571	0.05500000
30	79	2	-1187.64962160	0.05500000
30	80	2	-1195.46878278	0.05500000
30	81	2	-1187.90811791	0.05500000
30	82	2	-1194.88206932	0.05500000
30	83	2	-1184.94319485	0.05500000
30	84	2	-1188.57300233	0.05500000
30	85	2	-1185.35903996	0.05500000
30	86	2	-1187.14253293	0.05500000
30	87	2	-1176.58668955	0.05500000
30	88	2	-1186.84779113	0.05500000
30	89	2	-1178.36170948	0.05500000
30	90	2	-1181.89231715	0.05500000
30	91	2	-1171.97233162	0.05500000
30	92	2	-1177.35402877	0.05500000
30	93	2	-1160.63901091	0.05500000
30	94	2	-1169.01048360	0.05500000
30	95	2	-1157.76509341	0.05500000
30	96	2	-1161.70072387	0.05500000
30	97	2	-1146.71150609	0.05500000
30	98	2	-1148.73320039	0.05500000
30	99	2	-1122.33361758	0.05500000
30	100	2	-1140.66712173	0.05500000
30	101	2	-1094.81970999	0.05500000
30	102	2	-1105.68600120	0.05500000
30	103	2	-1084.55601959	0.05500000
30	104	2	-1054.91276619	0.05500000
30	105	2	-1038.31048514	0.05500000
30	106	2	-1057.29159162	0.05500000
30	107	2	-1021.51696372	0.05500000
31	0	2	-1103.76043331	0.05500000
31	1	2	-1149.63240591	0.05500000
31	2	2	-1145.74723488	0.05500000
31	3	2	-1157.38524462	0.05500000
31	4	2	-1167.69479025	0.05500000
31	5	2	-1165.67150528	0.05500000
31	6	2	-1178.71960437	0.05500000
31	7	2	-1182.95085466	0.05500000
31	8	2	-1195.30848246	0.05500000
31	9	2	-1194.24204724	0.05500000
31	10	2	-1204.79365035	0.05500000
31	11	2	-1203.22116825	0.05500000
31	12	2	-1213.64011265	0.05500000
31	13	2	-1208.86234560	0.05500000
31	14	2	-1214.72778452	0.05500000
31	15	2	-1212.69603783	0.05500000
31	16	2	-1213.14762051	0.05500000
31	17	2	-1218.83019377	0.05500000
31	18	2	-1212.81321507	0.05500000
31	19	2	-1215.92475093	0.05500000
31	20	2	-1215.12375685	0.05500000
31	21	2	-1217.22927388	0.05500000
31	22	2	-1217.21694888	0.05500000
31	23	2	-1215.91584732	0.05500000
31	24	2	-1212.96542742	0.05500000
31	25	2	-1216.50429224	0.05500000
31	26	2	-1211.07382507	0.05500000
31	27	2	-1211.24041956	0.05500000
31	28	2	-1203.54661429	0.05500000
31	29	2	-1205.57412486	0.05500000
31	30	2	-1212.16637181	0.05500000
31	31	2	-1202.63087687	0.05500000
31	32	2	-1201.47484614	0.05500000
31	33	2	-1198.81650176	0.05500000
31	34	2	-1196.71567982	0.05500000
31	35	2	-1193.49710749	0.05500000
31	36	2	-1192.72226773	0.05500000
31	37	2	-1192.76000027	0.05500000
31	38	2	-1184.66860154	0.05500000
31	39	2	-1171.70131871	0.05500000
31	40	2	-1182.35315588	0.05500000
31	41	2	-1171.81712825	0.05500000
31	42	2	-1172.02328742	0.05500000
31	43	2	-1162.84204013	0.05500000
31	44	2	-1163.90899937	0.05500000
31	45	2	-1178.38462766	0.05500000
31	46	2	-1177.74533676	0.05500000
31	47	2	-1177.71093962	0.05500000
31	48	2	-1177.71249788	0.05500000
31	49	2	-1154.17333190	0.05500000
31	50	2	-1155.85646281	0.05500000
31	51	2	-1159.71919396	0.05500000
31	52	2	-1178.17478616	0.05500000
31	53	2	-1177.71349662	0.05500000
31	54	2	-1177.71177938	0.05500000
31	55	2	-1177.75509162	0.05500000
31	56	2	-1177.72640085	0.05500000
31	57	2	-1177.72640085	0.05500000
31	58	2	-1177.72640085	0.05500000
31	59	2	-1165.02581690	0.05500000
31	60	2	-1168.54542986	0.05500000
31	61	2	-1170.69233740	0.05500000
31	62	2	-1176.76041801	0.05500000
31	63	2	-1174.97768100	0.05500000
31	64	2	-1170.22283295	0.05500000
31	65	2	-1180.78497913	0.05500000
31	66	2	-1173.60880049	0.05500000
31	67	2	-1176.37407944	0.05500000
31	68	2	-1171.59503800	0.05500000
31	69	2	-1175.79525167	0.05500000
31	70	2	-1168.15067305	0.05500000
31	71	2	-1175.67319643	0.05500000
31	72	2	-1168.41410029	0.05500000
31	73	2	-1171.62613837	0.05500000
31	74	2	-1165.12875454	0.05500000
31	75	2	-1166.83347484	0.05500000
31	76	2	-1159.47163325	0.05500000
31	77	2	-1158.23468609	0.05500000
31	78	2	-1149.22584548	0.05500000
31	79	2	-1146.81961441	0.05500000
31	80	2	-1134.94510905	0.05500000
31	81	2	-1146.94441250	0.05500000
31	82	2	-1130.26288937	0.05500000
31	83	2	-1128.45837372	0.05500000
31	84	2	-1122.02657158	0.05500000
31	85	2	-1117.03816948	0.05500000
31	86	2	-1100.03675167	0.05500000
31	87	2	-1096.42223205	0.05500000
31	88	2	-1100.40725903	0.05500000
31	89	2	-1093.29958883	0.05500000
########################################
# Coboparameter                        #
# no parameter corresponds to be 50.   #
########################################
#Cobo 	dummy	ATY	p0	p1     p2
0	0	3	0.00000000	0.00000000	1.00000000
1	0	3	0.00000000	0.00000000	1.00000000
2	0	3	0.00000000	0.00000000	1.00000000
3	0	3	0.00000000	0.00000000	1.00000000
4	0	3	0.00000000	0.00000000	1.00000000
5	0	3	0.00000000	0.00000000	1.00000000
6	0	3	0.00000000	0.00000000	1.00000000
7	0	3	0.00000000	0.00000000	1.00000000
#####################################################################
# TPC Resolution Parameter (L : p0)			            #
# res_xz^2 = p0^2 + p2^2/(exp(-p1*y)/p3*y + p4^2/12*tan(alpha)^2/p5 #
# res_y^2 = p6^2 + p7^2/(exp(-p1*y)/p8*y                            #
#####################################################################
#B    INorOUt  ATY	p0	p1	p2	p3	p4	p5	p6	p7	p8
#
0	0	4	0.75030000	0.00000000	0.35560000	100.00000000	9.00000000	1.69080000	1.00000000	0.00000000	1.00000000
0	1	4	0.38710000	0.00000000	0.35560000	100.00000000	12.50000000	3.65020000	1.00000000	0.00000000	1.00000000
1	0	4	0.75030000	0.00000000	0.09530000	100.00000000	9.00000000	1.69080000	1.00000000	0.00000000	1.00000000
1	1	4	0.38710000	0.00000000	0.09530000	100.00000000	12.50000000	3.65020000	1.00000000	0.00000000	1.00000000
